{"Bias Type": "mean shift", "Data Type": "scatter", "Algorithm method": "Isolation Forest", "Base Rate A": 0.1, "Base Rate B": 0.1, "Group A": "Type: Gaussian, Xc mean: 0 variance: 1", "Group B": "Type: Gaussian, Xc mean: 0 variance: 1", "Group A_anomaly": "Type: Gaussian, Xc mean: 3 variance: 1", "Group B_anomaly": "Type: Gaussian, Xc mean: 3 variance: 1", "parameter_0": {"parameter": 0, "Flag_rate_A": {"e0": 0.108, "e1": 0.086, "e2": 0.094, "e3": 0.122, "e4": 0.104, "e5": 0.084, "e6": 0.082, "e7": 0.093, "e8": 0.11, "e9": 0.095}, "Recall_A": {"e0": 0.55, "e1": 0.45, "e2": 0.5, "e3": 0.64, "e4": 0.47, "e5": 0.49, "e6": 0.44, "e7": 0.47, "e8": 0.54, "e9": 0.59}, "FPR_A": {"e0": 0.058888888888888886, "e1": 0.04555555555555556, "e2": 0.04888888888888889, "e3": 0.06444444444444444, "e4": 0.06333333333333334, "e5": 0.03888888888888889, "e6": 0.042222222222222223, "e7": 0.051111111111111114, "e8": 0.06222222222222222, "e9": 0.04}, "Precision_A": {"e0": 0.5092592592592593, "e1": 0.5232558139534884, "e2": 0.5319148936170213, "e3": 0.5245901639344263, "e4": 0.4519230769230769, "e5": 0.5833333333333334, "e6": 0.5365853658536586, "e7": 0.5053763440860215, "e8": 0.4909090909090909, "e9": 0.6210526315789474}, "Flag_rate_B": {"e0": 0.092, "e1": 0.114, "e2": 0.106, "e3": 0.078, "e4": 0.096, "e5": 0.116, "e6": 0.118, "e7": 0.107, "e8": 0.09, "e9": 0.105}, "Recall_B": {"e0": 0.46, "e1": 0.53, "e2": 0.56, "e3": 0.53, "e4": 0.46, "e5": 0.55, "e6": 0.52, "e7": 0.57, "e8": 0.48, "e9": 0.54}, "FPR_B": {"e0": 0.051111111111111114, "e1": 0.06777777777777778, "e2": 0.05555555555555555, "e3": 0.027777777777777776, "e4": 0.05555555555555555, "e5": 0.06777777777777778, "e6": 0.07333333333333333, "e7": 0.05555555555555555, "e8": 0.04666666666666667, "e9": 0.056666666666666664}, "Precision_B": {"e0": 0.5, "e1": 0.4649122807017544, "e2": 0.5283018867924528, "e3": 0.6794871794871795, "e4": 0.4791666666666667, "e5": 0.47413793103448276, "e6": 0.4406779661016949, "e7": 0.5327102803738317, "e8": 0.5333333333333333, "e9": 0.5142857142857142}, "Flag_rate_overall": {"e0": 0.1, "e1": 0.1, "e2": 0.1, "e3": 0.1, "e4": 0.1, "e5": 0.1, "e6": 0.1, "e7": 0.1, "e8": 0.1, "e9": 0.1}, "Recall_overall": {"e0": 0.505, "e1": 0.49, "e2": 0.53, "e3": 0.585, "e4": 0.465, "e5": 0.52, "e6": 0.48, "e7": 0.52, "e8": 0.51, "e9": 0.565}, "FPR_ovrall": {"e0": 0.055, "e1": 0.056666666666666664, "e2": 0.052222222222222225, "e3": 0.04611111111111111, "e4": 0.059444444444444446, "e5": 0.05333333333333334, "e6": 0.057777777777777775, "e7": 0.05333333333333334, "e8": 0.05444444444444444, "e9": 0.04833333333333333}, "Precision_overall": {"e0": 0.505, "e1": 0.49, "e2": 0.53, "e3": 0.585, "e4": 0.465, "e5": 0.52, "e6": 0.48, "e7": 0.52, "e8": 0.51, "e9": 0.565}, "auroc": {"e0": 0.8728416666666667, "e1": 0.8660527777777778, "e2": 0.8933666666666666, "e3": 0.8895833333333333, "e4": 0.8529361111111111, "e5": 0.8659694444444446, "e6": 0.8731333333333333, "e7": 0.8815944444444445, "e8": 0.863986111111111, "e9": 0.89715}}, "parameter_2": {"parameter": 2, "Flag_rate_A": {"e0": 0.109, "e1": 0.107, "e2": 0.116, "e3": 0.102, "e4": 0.1, "e5": 0.096, "e6": 0.092, "e7": 0.091, "e8": 0.105, "e9": 0.098}, "Recall_A": {"e0": 0.55, "e1": 0.51, "e2": 0.55, "e3": 0.52, "e4": 0.47, "e5": 0.51, "e6": 0.49, "e7": 0.49, "e8": 0.54, "e9": 0.6}, "FPR_A": {"e0": 0.06, "e1": 0.06222222222222222, "e2": 0.06777777777777778, "e3": 0.05555555555555555, "e4": 0.058888888888888886, "e5": 0.05, "e6": 0.04777777777777778, "e7": 0.04666666666666667, "e8": 0.056666666666666664, "e9": 0.042222222222222223}, "Precision_A": {"e0": 0.5045871559633027, "e1": 0.4766355140186916, "e2": 0.47413793103448276, "e3": 0.5098039215686274, "e4": 0.47, "e5": 0.53125, "e6": 0.532608695652174, "e7": 0.5384615384615384, "e8": 0.5142857142857142, "e9": 0.6122448979591837}, "Flag_rate_B": {"e0": 0.091, "e1": 0.093, "e2": 0.084, "e3": 0.098, "e4": 0.1, "e5": 0.104, "e6": 0.108, "e7": 0.109, "e8": 0.095, "e9": 0.102}, "Recall_B": {"e0": 0.48, "e1": 0.5, "e2": 0.44, "e3": 0.51, "e4": 0.56, "e5": 0.51, "e6": 0.51, "e7": 0.61, "e8": 0.53, "e9": 0.53}, "FPR_B": {"e0": 0.04777777777777778, "e1": 0.04777777777777778, "e2": 0.044444444444444446, "e3": 0.052222222222222225, "e4": 0.04888888888888889, "e5": 0.058888888888888886, "e6": 0.06333333333333334, "e7": 0.05333333333333334, "e8": 0.04666666666666667, "e9": 0.05444444444444444}, "Precision_B": {"e0": 0.5274725274725275, "e1": 0.5376344086021505, "e2": 0.5238095238095238, "e3": 0.5204081632653061, "e4": 0.56, "e5": 0.49038461538461536, "e6": 0.4722222222222222, "e7": 0.5596330275229358, "e8": 0.5578947368421052, "e9": 0.5196078431372549}, "Flag_rate_overall": {"e0": 0.1, "e1": 0.1, "e2": 0.1, "e3": 0.1, "e4": 0.1, "e5": 0.1, "e6": 0.1, "e7": 0.1, "e8": 0.1, "e9": 0.1}, "Recall_overall": {"e0": 0.515, "e1": 0.505, "e2": 0.495, "e3": 0.515, "e4": 0.515, "e5": 0.51, "e6": 0.5, "e7": 0.55, "e8": 0.535, "e9": 0.565}, "FPR_ovrall": {"e0": 0.05388888888888889, "e1": 0.055, "e2": 0.05611111111111111, "e3": 0.05388888888888889, "e4": 0.05388888888888889, "e5": 0.05444444444444444, "e6": 0.05555555555555555, "e7": 0.05, "e8": 0.051666666666666666, "e9": 0.04833333333333333}, "Precision_overall": {"e0": 0.515, "e1": 0.505, "e2": 0.495, "e3": 0.515, "e4": 0.515, "e5": 0.51, "e6": 0.5, "e7": 0.55, "e8": 0.535, "e9": 0.565}, "auroc": {"e0": 0.8770111111111111, "e1": 0.8743444444444445, "e2": 0.8798722222222223, "e3": 0.8826944444444444, "e4": 0.8649, "e5": 0.8692888888888888, "e6": 0.8717277777777779, "e7": 0.8900055555555556, "e8": 0.8789166666666667, "e9": 0.8912666666666667}}, "parameter_4": {"parameter": 4, "Flag_rate_A": {"e0": 0.108, "e1": 0.106, "e2": 0.1, "e3": 0.114, "e4": 0.112, "e5": 0.09, "e6": 0.101, "e7": 0.095, "e8": 0.114, "e9": 0.107}, "Recall_A": {"e0": 0.5, "e1": 0.51, "e2": 0.57, "e3": 0.54, "e4": 0.48, "e5": 0.5, "e6": 0.53, "e7": 0.44, "e8": 0.52, "e9": 0.51}, "FPR_A": {"e0": 0.06444444444444444, "e1": 0.06111111111111111, "e2": 0.04777777777777778, "e3": 0.06666666666666667, "e4": 0.07111111111111111, "e5": 0.044444444444444446, "e6": 0.05333333333333334, "e7": 0.056666666666666664, "e8": 0.06888888888888889, "e9": 0.06222222222222222}, "Precision_A": {"e0": 0.46296296296296297, "e1": 0.4811320754716981, "e2": 0.57, "e3": 0.47368421052631576, "e4": 0.42857142857142855, "e5": 0.5555555555555556, "e6": 0.5247524752475248, "e7": 0.4631578947368421, "e8": 0.45614035087719296, "e9": 0.4766355140186916}, "Flag_rate_B": {"e0": 0.092, "e1": 0.094, "e2": 0.1, "e3": 0.086, "e4": 0.088, "e5": 0.11, "e6": 0.099, "e7": 0.105, "e8": 0.086, "e9": 0.093}, "Recall_B": {"e0": 0.52, "e1": 0.45, "e2": 0.53, "e3": 0.52, "e4": 0.46, "e5": 0.48, "e6": 0.55, "e7": 0.55, "e8": 0.5, "e9": 0.49}, "FPR_B": {"e0": 0.044444444444444446, "e1": 0.05444444444444444, "e2": 0.052222222222222225, "e3": 0.03777777777777778, "e4": 0.04666666666666667, "e5": 0.06888888888888889, "e6": 0.04888888888888889, "e7": 0.05555555555555555, "e8": 0.04, "e9": 0.04888888888888889}, "Precision_B": {"e0": 0.5652173913043478, "e1": 0.4787234042553192, "e2": 0.53, "e3": 0.6046511627906976, "e4": 0.5227272727272727, "e5": 0.43636363636363634, "e6": 0.5555555555555556, "e7": 0.5238095238095238, "e8": 0.5813953488372093, "e9": 0.5268817204301075}, "Flag_rate_overall": {"e0": 0.1, "e1": 0.1, "e2": 0.1, "e3": 0.1, "e4": 0.1, "e5": 0.1, "e6": 0.1, "e7": 0.1, "e8": 0.1, "e9": 0.1}, "Recall_overall": {"e0": 0.51, "e1": 0.48, "e2": 0.55, "e3": 0.53, "e4": 0.47, "e5": 0.49, "e6": 0.54, "e7": 0.495, "e8": 0.51, "e9": 0.5}, "FPR_ovrall": {"e0": 0.05444444444444444, "e1": 0.057777777777777775, "e2": 0.05, "e3": 0.052222222222222225, "e4": 0.058888888888888886, "e5": 0.056666666666666664, "e6": 0.051111111111111114, "e7": 0.05611111111111111, "e8": 0.05444444444444444, "e9": 0.05555555555555555}, "Precision_overall": {"e0": 0.51, "e1": 0.48, "e2": 0.55, "e3": 0.53, "e4": 0.47, "e5": 0.49, "e6": 0.54, "e7": 0.495, "e8": 0.51, "e9": 0.5}, "auroc": {"e0": 0.855225,