{"Bias Type": "mean shift", "Data Type": "scatter", "Algorithm method": "LOF", "Base Rate A": 0.1, "Base Rate B": 0.1, "Group A": "Type: Gaussian, Xc mean: 0 variance: 1", "Group B": "Type: Gaussian, Xc mean: 0 variance: 1", "Group A_anomaly": "Type: Gaussian, Xc mean: 3 variance: 1", "Group B_anomaly": "Type: Gaussian, Xc mean: 3 variance: 1", "parameter_0": {"parameter": 0, "Flag_rate_A": {"e0": 0.099, "e1": 0.09, "e2": 0.095, "e3": 0.102, "e4": 0.096, "e5": 0.104, "e6": 0.099, "e7": 0.097, "e8": 0.111, "e9": 0.094}, "Recall_A": {"e0": 0.82, "e1": 0.8, "e2": 0.84, "e3": 0.86, "e4": 0.78, "e5": 0.82, "e6": 0.84, "e7": 0.8, "e8": 0.82, "e9": 0.82}, "FPR_A": {"e0": 0.01888888888888889, "e1": 0.011111111111111112, "e2": 0.012222222222222223, "e3": 0.017777777777777778, "e4": 0.02, "e5": 0.024444444444444446, "e6": 0.016666666666666666, "e7": 0.01888888888888889, "e8": 0.03222222222222222, "e9": 0.013333333333333334}, "Precision_A": {"e0": 0.8282828282828283, "e1": 0.8888888888888888, "e2": 0.8842105263157894, "e3": 0.8431372549019608, "e4": 0.8125, "e5": 0.7884615384615384, "e6": 0.8484848484848485, "e7": 0.8247422680412371, "e8": 0.7387387387387387, "e9": 0.8723404255319149}, "Flag_rate_B": {"e0": 0.101, "e1": 0.11, "e2": 0.105, "e3": 0.098, "e4": 0.104, "e5": 0.096, "e6": 0.101, "e7": 0.103, "e8": 0.089, "e9": 0.106}, "Recall_B": {"e0": 0.84, "e1": 0.89, "e2": 0.81, "e3": 0.83, "e4": 0.86, "e5": 0.77, "e6": 0.8, "e7": 0.82, "e8": 0.79, "e9": 0.86}, "FPR_B": {"e0": 0.01888888888888889, "e1": 0.023333333333333334, "e2": 0.02666666666666667, "e3": 0.016666666666666666, "e4": 0.02, "e5": 0.021111111111111112, "e6": 0.023333333333333334, "e7": 0.023333333333333334, "e8": 0.011111111111111112, "e9": 0.022222222222222223}, "Precision_B": {"e0": 0.8316831683168316, "e1": 0.8090909090909091, "e2": 0.7714285714285715, "e3": 0.8469387755102041, "e4": 0.8269230769230769, "e5": 0.8020833333333334, "e6": 0.7920792079207921, "e7": 0.7961165048543689, "e8": 0.8876404494382022, "e9": 0.8113207547169812}, "Flag_rate_overall": {"e0": 0.1, "e1": 0.1, "e2": 0.1, "e3": 0.1, "e4": 0.1, "e5": 0.1, "e6": 0.1, "e7": 0.1, "e8": 0.1, "e9": 0.1}, "Recall_overall": {"e0": 0.83, "e1": 0.845, "e2": 0.825, "e3": 0.845, "e4": 0.82, "e5": 0.795, "e6": 0.82, "e7": 0.81, "e8": 0.805, "e9": 0.84}, "FPR_ovrall": {"e0": 0.01888888888888889, "e1": 0.017222222222222222, "e2": 0.019444444444444445, "e3": 0.017222222222222222, "e4": 0.02, "e5": 0.02277777777777778, "e6": 0.02, "e7": 0.021111111111111112, "e8": 0.021666666666666667, "e9": 0.017777777777777778}, "Precision_overall": {"e0": 0.83, "e1": 0.845, "e2": 0.825, "e3": 0.845, "e4": 0.82, "e5": 0.795, "e6": 0.82, "e7": 0.81, "e8": 0.805, "e9": 0.84}, "auroc": {"e0": 0.9055555555555556, "e1": 0.9138888888888889, "e2": 0.9027777777777778, "e3": 0.9138888888888889, "e4": 0.8999999999999999, "e5": 0.8861111111111111, "e6": 0.8999999999999999, "e7": 0.8944444444444445, "e8": 0.8916666666666666, "e9": 0.911111111111111}}, "parameter_2": {"parameter": 2, "Flag_rate_A": {"e0": 0.098, "e1": 0.091, "e2": 0.094, "e3": 0.102, "e4": 0.098, "e5": 0.106, "e6": 0.094, "e7": 0.098, "e8": 0.109, "e9": 0.096}, "Recall_A": {"e0": 0.81, "e1": 0.8, "e2": 0.83, "e3": 0.85, "e4": 0.81, "e5": 0.89, "e6": 0.78, "e7": 0.82, "e8": 0.8, "e9": 0.88}, "FPR_A": {"e0": 0.01888888888888889, "e1": 0.012222222222222223, "e2": 0.012222222222222223, "e3": 0.01888888888888889, "e4": 0.01888888888888889, "e5": 0.01888888888888889, "e6": 0.017777777777777778, "e7": 0.017777777777777778, "e8": 0.03222222222222222, "e9": 0.008888888888888889}, "Precision_A": {"e0": 0.826530612244898, "e1": 0.8791208791208791, "e2": 0.8829787234042553, "e3": 0.8333333333333334, "e4": 0.826530612244898, "e5": 0.839622641509434, "e6": 0.8297872340425532, "e7": 0.8367346938775511, "e8": 0.7339449541284404, "e9": 0.9166666666666666}, "Flag_rate_B": {"e0": 0.102, "e1": 0.109, "e2": 0.106, "e3": 0.098, "e4": 0.102, "e5": 0.094, "e6": 0.106, "e7": 0.102, "e8": 0.091, "e9": 0.104}, "Recall_B": {"e0": 0.82, "e1": 0.86, "e2": 0.84, "e3": 0.82, "e4": 0.84, "e5": 0.81, "e6": 0.83, "e7": 0.85, "e8": 0.8, "e9": 0.85}, "FPR_B": {"e0": 0.022222222222222223, "e1": 0.025555555555555557, "e2": 0.024444444444444446, "e3": 0.017777777777777778, "e4": 0.02, "e5": 0.014444444444444444, "e6": 0.025555555555555557, "e7": 0.01888888888888889, "e8": 0.012222222222222223, "e9": 0.021111111111111112}, "Precision_B": {"e0": 0.803921568627451, "e1": 0.7889908256880734, "e2": 0.7924528301886793, "e3": 0.8367346938775511, "e4": 0.8235294117647058, "e5": 0.8617021276595744, "e6": 0.7830188679245284, "e7": 0.8333333333333334, "e8": 0.8791208791208791, "e9": 0.8173076923076923}, "Flag_rate_overall": {"e0": 0.1, "e1": 0.1, "e2": 0.1, "e3": 0.1, "e4": 0.1, "e5": 0.1, "e6": 0.1, "e7": 0.1, "e8": 0.1, "e9": 0.1}, "Recall_overall": {"e0": 0.815, "e1": 0.83, "e2": 0.835, "e3": 0.835, "e4": 0.825, "e5": 0.85, "e6": 0.805, "e7": 0.835, "e8": 0.8, "e9": 0.865}, "FPR_ovrall": {"e0": 0.020555555555555556, "e1": 0.01888888888888889, "e2": 0.018333333333333333, "e3": 0.018333333333333333, "e4": 0.019444444444444445, "e5": 0.016666666666666666, "e6": 0.021666666666666667, "e7": 0.018333333333333333, "e8": 0.022222222222222223, "e9": 0.015}, "Precision_overall": {"e0": 0.815, "e1": 0.83, "e2": 0.835, "e3": 0.835, "e4": 0.825, "e5": 0.85, "e6": 0.805, "e7": 0.835, "e8": 0.8, "e9": 0.865}, "auroc": {"e0": 0.8972222222222223, "e1": 0.9055555555555556, "e2": 0.9083333333333333, "e3": 0.9083333333333333, "e4": 0.9027777777777778, "e5": 0.9166666666666666, "e6": 0.8916666666666666, "e7": 0.9083333333333333, "e8": 0.8888888888888888, "e9": 0.9249999999999999}}, "parameter_4": {"parameter": 4, "Flag_rate_A": {"e0": 0.096, "e1": 0.089, "e2": 0.093, "e3": 0.102, "e4": 0.097, "e5": 0.103, "e6": 0.095, "e7": 0.1, "e8": 0.11, "e9": 0.099}, "Recall_A": {"e0": 0.78, "e1": 0.8, "e2": 0.83, "e3": 0.85, "e4": 0.8, "e5": 0.86, "e6": 0.8, "e7": 0.83, "e8": 0.82, "e9": 0.84}, "FPR_A": {"e0": 0.02, "e1": 0.01, "e2": 0.011111111111111112, "e3": 0.01888888888888889, "e4": 0.01888888888888889, "e5": 0.01888888888888889, "e6": 0.016666666666666666, "e7": 0.01888888888888889, "e8": 0.03111111111111111, "e9": 0.016666666666666666}, "Precision_A": {"e0": 0.8125, "e1": 0.898876404494382, "e2": 0.8924731182795699, "e3": 0.8333333333333334, "e4": 0.8247422680412371, "e5": 0.8349514563106796, "e6": 0.8421052631578947, "e7": 0.83, "e8": 0.7454545454545455, "e9": 0.8484848484848485}, "Flag_rate_B": {"e0": 0.104, "e1": 0.111, "e2": 0.107, "e3": 0.098, "e4": 0.103, "e5": 0.097, "e6": 0.105, "e7": 0.1, "e8": 0.09, "e9": 0.101}, "Recall_B": {"e0": 0.83, "e1": 0.92, "e2": 0.86, "e3": 0.84, "e4": 0.85, "e5": 0.85, "e6": 0.84, "e7": 0.81, "e8": 0.81, "e9": 0.8}, "FPR_B": {"e0": 0.023333333333333334, "e1": 0.021111111111111112, "e2": 0.023333333333333334, "e3": 0.015555555555555555, "e4": 0.02, "e5": 0.013333333333333334, "e6": 0.023333333333333334, "e7": 0.021111111111111112, "e8": 0.01, "e9": 0.023333333333333334}, "Precision_B": {"e0": 0.7980769230769231, "e1": 0.8288288288288288, "e2": 0.8037383177570093, "e3": 0.8571428571428571, "e4": 0.8252427184466019, "e5": 0.8762886597938144, "e6": 0.8, "e7": 0.81, "e8": 0.9, "e9": 0.7920792079207921}, "Flag_rate_overall": {"e0": 0.1, "e1": 0.1, "e2": 0.1, "e3": 0.1, "e4": 0.1, "e5": 0.1, "e6": 0.1, "e7": 0.1, "e8": 0.1, "e9": 0.1}, "Recall_overall": {"e0": 0.805, "e1": 0.86, "e2": 0.845, "e3": 0.845, "e4": 0.825, "e5": 0.855, "e6": 0.82, "e7": 0.82, "e8": 0.815, "e9": 0.82}, "FPR_ovrall": {"e0": 0.021666666666666667, "e1": 0.015555555555555555, "e2": 0.017222222222222222, "e3": 0.017222222222222222, "e4": 0.019444444444444445, "e5": 0.01611111111111111, "e6": 0.02, "e7": 0.02, "e8": 0.020555555555555556, "e9": 0.02}, "Precision_overall": {"e0": 0.805, "e1": 0.86, "e2": 0.845, "e3": 0.845, "e4": 0.825, "e5": 0.855, "e6": 0.82, "e7": 0.82, "e8": 0.815, "e9": 0.82}, "auroc": {"e0": 0.8916666666666666, "e1": 0.9222222222222222,