{"0.01-0.01": {"roc": 0.9847962962962963, "flag_rate": [0.094, 0.08775510204081632], "flag_rate_ratio": 1.0711627906976744, "TPR": [0.8, 0.8125], "TPR whole": 0.8055555555555556, "TPR ratio": 0.9846153846153847, "FPR": [0.015555555555555555, 0.023333333333333334], "FPR whole": 0.019444444444444445, "FPR ratio": 0.6666666666666666, "PPR": [0.851063829787234, 0.7558139534883721], "PPR whole": 0.8055555555555556, "PPR ratio": 1.1260229132569557}, "0.01-0.2": {"roc": 0.9762962962962962, "flag_rate": [0.096, 0.08571428571428572], "flag_rate_ratio": 1.12, "TPR": [0.78, 0.775], "TPR whole": 0.7777777777777778, "TPR ratio": 1.0064516129032257, "FPR": [0.02, 0.024444444444444446], "FPR whole": 0.022222222222222223, "FPR ratio": 0.8181818181818181, "PPR": [0.8125, 0.7380952380952381], "PPR whole": 0.7777777777777778, "PPR ratio": 1.1008064516129032}, "0.01-0.5": {"roc": 0.9776265432098765, "flag_rate": [0.096, 0.08571428571428572], "flag_rate_ratio": 1.12, "TPR": [0.78, 0.775], "TPR whole": 0.7777777777777778, "TPR ratio": 1.0064516129032257, "FPR": [0.02, 0.024444444444444446], "FPR whole": 0.022222222222222223, "FPR ratio": 0.8181818181818181, "PPR": [0.8125, 0.7380952380952381], "PPR whole": 0.7777777777777778, "PPR ratio": 1.1008064516129032}, "0.01-0.8": {"roc": 0.9797222222222222, "flag_rate": [0.093, 0.08877551020408163], "flag_rate_ratio": 1.0475862068965518, "TPR": [0.78, 0.8], "TPR whole": 0.7888888888888889, "TPR ratio": 0.975, "FPR": [0.016666666666666666, 0.025555555555555557], "FPR whole": 0.021111111111111112, "FPR ratio": 0.6521739130434782, "PPR": [0.8387096774193549, 0.735632183908046], "PPR whole": 0.7888888888888889, "PPR ratio": 1.1401209677419355}, "0.05-0.01": {"roc": 0.9796203703703703, "flag_rate": [0.095, 0.08673469387755102], "flag_rate_ratio": 1.0952941176470588, "TPR": [0.78, 0.7875], "TPR whole": 0.7833333333333333, "TPR ratio": 0.9904761904761905, "FPR": [0.01888888888888889, 0.024444444444444446], "FPR whole": 0.021666666666666667, "FPR ratio": 0.7727272727272727, "PPR": [0.8210526315789474, 0.7411764705882353], "PPR whole": 0.7833333333333333, "PPR ratio": 1.1077694235588973}, "0.05-0.2": {"roc": 0.9786481481481482, "flag_rate": [0.095, 0.08673469387755102], "flag_rate_ratio": 1.0952941176470588, "TPR": [0.78, 0.775], "TPR whole": 0.7777777777777778, "TPR ratio": 1.0064516129032257, "FPR": [0.01888888888888889, 0.025555555555555557], "FPR whole": 0.022222222222222223, "FPR ratio": 0.7391304347826086, "PPR": [0.8210526315789474, 0.7294117647058823], "PPR whole": 0.7777777777777778, "PPR ratio": 1.1256366723259763}, "0.05-0.5": {"roc": 0.9758734567901235, "flag_rate": [0.097, 0.08469387755102041], "flag_rate_ratio": 1.1453012048192772, "TPR": [0.78, 0.7625], "TPR whole": 0.7722222222222223, "TPR ratio": 1.0229508196721313, "FPR": [0.021111111111111112, 0.024444444444444446], "FPR whole": 0.02277777777777778, "FPR ratio": 0.8636363636363636, "PPR": [0.8041237113402062, 0.7349397590361446], "PPR whole": 0.7722222222222223, "PPR ratio": 1.0941355416596248}, "0.05-0.8": {"roc": 0.9729783950617283, "flag_rate": [0.098, 0.0836734693877551], "flag_rate_ratio": 1.1712195121951219, "TPR": [0.78, 0.725], "TPR whole": 0.7555555555555555, "TPR ratio": 1.0758620689655174, "FPR": [0.022222222222222223, 0.02666666666666667], "FPR whole": 0.024444444444444446, "FPR ratio": 0.8333333333333333, "PPR": [0.7959183673469388, 0.7073170731707317], "PPR whole": 0.7555555555555555, "PPR ratio": 1.1252638986629135}, "0.2-0.01": {"roc": 0.976216049382716, "flag_rate": [0.095, 0.08673469387755102], "flag_rate_ratio": 1.0952941176470588, "TPR": [0.78, 0.775], "TPR whole": 0.7777777777777778, "TPR ratio": 1.0064516129032257, "FPR": [0.01888888888888889, 0.025555555555555557], "FPR whole": 0.022222222222222223, "FPR ratio": 0.7391304347826086, "PPR": [0.8210526315789474, 0.7294117647058823], "PPR whole": 0.7777777777777778, "PPR ratio": 1.1256366723259763}, "0.2-0.2": {"roc": 0.9816296296296296, "flag_rate": [0.095, 0.08673469387755102], "flag_rate_ratio": 1.0952941176470588, "TPR": [0.79, 0.7875], "TPR whole": 0.7888888888888889, "TPR ratio": 1.0031746031746032, "FPR": [0.017777777777777778, 0.024444444444444446], "FPR whole": 0.021111111111111112, "FPR ratio": 0.7272727272727272, "PPR": [0.8315789473684211, 0.7411764705882353], "PPR whole": 0.7888888888888889, "PPR ratio": 1.1219715956558063}, "0.2-0.5": {"roc": 0.9789351851851852, "flag_rate": [0.097, 0.08469387755102041], "flag_rate_ratio": 1.1453012048192772, "TPR": [0.79, 0.775], "TPR whole": 0.7833333333333333, "TPR ratio": 1.0193548387096774, "FPR": [0.02, 0.023333333333333334], "FPR whole": 0.021666666666666667, "FPR ratio": 0.8571428571428571, "PPR": [0.8144329896907216, 0.7469879518072289], "PPR whole": 0.7833333333333333, "PPR ratio": 1.0902893249085468}, "0.2-0.8": {"roc": 0.9729722222222222, "flag_rate": [0.096, 0.08571428571428572], "flag_rate_ratio": 1.12, "TPR": [0.77, 0.75], "TPR whole": 0.7611111111111111, "TPR ratio": 1.0266666666666666, "FPR": [0.021111111111111112, 0.02666666666666667], "FPR whole": 0.02388888888888889, "FPR ratio": 0.7916666666666666, "PPR": [0.8020833333333334, 0.7142857142857143], "PPR whole": 0.7611111111111111, "PPR ratio": 1.1229166666666668}, "0.5-0.01": {"roc": 0.9759598765432098, "flag_rate": [0.095, 0.08673469387755102], "flag_rate_ratio": 1.0952941176470588, "TPR": [0.78, 0.7875], "TPR whole": 0.7833333333333333, "TPR ratio": 0.9904761904761905, "FPR": [0.01888888888888889, 0.024444444444444446], "FPR whole": 0.021666666666666667, "FPR ratio": 0.7727272727272727, "PPR": [0.8210526315789474, 0.7411764705882353], "PPR whole": 0.7833333333333333, "PPR ratio": 1.1077694235588973}, "0.5-0.2": {"roc": 0.9798888888888888, "flag_rate": [0.096, 0.08571428571428572], "flag_rate_ratio": 1.12, "TPR": [0.79, 0.7875], "TPR whole": 0.7888888888888889, "TPR ratio": 1.0031746031746032, "FPR": [0.01888888888888889, 0.023333333333333334], "FPR whole": 0.021111111111111112, "FPR ratio": 0.8095238095238095, "PPR": [0.8229166666666666, 0.75], "PPR whole": 0.7888888888888889, "PPR ratio": 1.097222222222222}, "0.5-0.5": {"roc": 0.9808240740740741, "flag_rate": [0.096, 0.08571428571428572], "flag_rate_ratio": 1.12, "TPR": [0.79, 0.7875], "TPR whole": 0.7888888888888889, "TPR ratio": 1.0031746031746032, "FPR": [0.01888888888888889, 0.023333333333333334], "FPR whole": 0.021111111111111112, "FPR ratio": 0.8095238095238095, "PPR": [0.8229166666666666, 0.75], "PPR whole": 0.7888888888888889, "PPR ratio": 1.097222222222222}, "0.5-0.8": {"roc": 0.9759938271604938, "flag_rate": [0.096, 0.08571428571428572], "flag_rate_ratio": 1.12, "TPR": [0.77, 0.775], "TPR whole": 0.7722222222222223, "TPR ratio": 0.9935483870967742, "FPR": [0.021111111111111112, 0.024444444444444446], "FPR whole": 0.02277777777777778, "FPR ratio": 0.8636363636363636, "PPR": [0.8020833333333334, 0.7380952380952381], "PPR whole": 0.7722222222222223, "PPR ratio": 1.0866935483870968}, "0.8-0.01": {"roc": 0.9755771604938271, "flag_rate": [0.095, 0.08673469387755102], "flag_rate_ratio": 1.0952941176470588, "TPR": [0.77, 0.775], "TPR whole": 0.7722222222222223, "TPR ratio": 0.9935483870967742, "FPR": [0.02, 0.025555555555555557], "FPR whole": 0.02277777777777778, "FPR ratio": 0.7826086956521738, "PPR": [0.8105263157894737, 0.7294117647058823], "PPR whole": 0.7722222222222223, "PPR ratio": 1.1112054329371817}, "0.8-0.2": {"roc": 0.9779506172839506, "flag_rate": [0.095, 0.08673469387755102], "flag_rate_ratio": 1.0952941176470588, "TPR": [0.78, 0.775], "TPR whole": 0.7777777777777778, "TPR ratio": 1.0064516129032257, "FPR": [0.01888888888888889, 0.025555555555555557], "FPR whole": 0.022222222222222223, "FPR ratio": 0.7391304347826086, "PPR": [0.8210526315789474, 0.7294117647058823], "PPR whole": 0.7777777777777778, "PPR ratio": 1.1256366723259763}, "0.8-0.5": {"roc": 0.974966049382716, "flag_rate": [0.095, 0.08673469387755102], "flag_rate_ratio": 1.0952941176470588, "TPR": [0.77, 0.775], "TPR whole": 0.7722222222222223,