{"0.01-0.01": {"roc": 0.9881215277777778, "flag_rate": [0.088, 0.075], "flag_rate_ratio": 1.1733333333333333, "TPR": [0.73, 0.8333333333333334], "TPR whole": 0.76875, "TPR ratio": 0.8759999999999999, "FPR": [0.016666666666666666, 0.024444444444444446], "FPR whole": 0.020555555555555556, "FPR ratio": 0.6818181818181818, "PPR": [0.8295454545454546, 0.6944444444444444], "PPR whole": 0.76875, "PPR ratio": 1.1945454545454546}, "0.01-0.2": {"roc": 0.9875381944444445, "flag_rate": [0.083, 0.08020833333333334], "flag_rate_ratio": 1.0348051948051948, "TPR": [0.66, 0.9333333333333333], "TPR whole": 0.7625, "TPR ratio": 0.7071428571428572, "FPR": [0.01888888888888889, 0.023333333333333334], "FPR whole": 0.021111111111111112, "FPR ratio": 0.8095238095238095, "PPR": [0.7951807228915663, 0.7272727272727273], "PPR whole": 0.7625, "PPR ratio": 1.0933734939759037}, "0.01-0.5": {"roc": 0.9859895833333333, "flag_rate": [0.082, 0.08125], "flag_rate_ratio": 1.0092307692307692, "TPR": [0.66, 0.9333333333333333], "TPR whole": 0.7625, "TPR ratio": 0.7071428571428572, "FPR": [0.017777777777777778, 0.024444444444444446], "FPR whole": 0.021111111111111112, "FPR ratio": 0.7272727272727272, "PPR": [0.8048780487804879, 0.717948717948718], "PPR whole": 0.7625, "PPR ratio": 1.1210801393728225}, "0.01-0.8": {"roc": 0.9872777777777778, "flag_rate": [0.084, 0.07916666666666666], "flag_rate_ratio": 1.0610526315789475, "TPR": [0.68, 0.9166666666666666], "TPR whole": 0.76875, "TPR ratio": 0.7418181818181819, "FPR": [0.017777777777777778, 0.023333333333333334], "FPR whole": 0.020555555555555556, "FPR ratio": 0.7619047619047619, "PPR": [0.8095238095238095, 0.7236842105263158], "PPR whole": 0.76875, "PPR ratio": 1.1186147186147186}, "0.05-0.01": {"roc": 0.9863055555555555, "flag_rate": [0.084, 0.07916666666666666], "flag_rate_ratio": 1.0610526315789475, "TPR": [0.68, 0.8833333333333333], "TPR whole": 0.75625, "TPR ratio": 0.769811320754717, "FPR": [0.017777777777777778, 0.025555555555555557], "FPR whole": 0.021666666666666667, "FPR ratio": 0.6956521739130435, "PPR": [0.8095238095238095, 0.6973684210526315], "PPR whole": 0.75625, "PPR ratio": 1.160826594788859}, "0.05-0.2": {"roc": 0.9878576388888889, "flag_rate": [0.083, 0.08020833333333334], "flag_rate_ratio": 1.0348051948051948, "TPR": [0.66, 0.9333333333333333], "TPR whole": 0.7625, "TPR ratio": 0.7071428571428572, "FPR": [0.01888888888888889, 0.023333333333333334], "FPR whole": 0.021111111111111112, "FPR ratio": 0.8095238095238095, "PPR": [0.7951807228915663, 0.7272727272727273], "PPR whole": 0.7625, "PPR ratio": 1.0933734939759037}, "0.05-0.5": {"roc": 0.9874027777777777, "flag_rate": [0.082, 0.08125], "flag_rate_ratio": 1.0092307692307692, "TPR": [0.65, 0.9333333333333333], "TPR whole": 0.75625, "TPR ratio": 0.6964285714285714, "FPR": [0.01888888888888889, 0.024444444444444446], "FPR whole": 0.021666666666666667, "FPR ratio": 0.7727272727272727, "PPR": [0.7926829268292683, 0.717948717948718], "PPR whole": 0.75625, "PPR ratio": 1.1040940766550522}, "0.05-0.8": {"roc": 0.9878506944444445, "flag_rate": [0.084, 0.07916666666666666], "flag_rate_ratio": 1.0610526315789475, "TPR": [0.67, 0.9333333333333333], "TPR whole": 0.76875, "TPR ratio": 0.7178571428571429, "FPR": [0.01888888888888889, 0.022222222222222223], "FPR whole": 0.020555555555555556, "FPR ratio": 0.85, "PPR": [0.7976190476190477, 0.7368421052631579], "PPR whole": 0.76875, "PPR ratio": 1.082482993197279}, "0.2-0.01": {"roc": 0.9871944444444445, "flag_rate": [0.083, 0.08020833333333334], "flag_rate_ratio": 1.0348051948051948, "TPR": [0.68, 0.9], "TPR whole": 0.7625, "TPR ratio": 0.7555555555555555, "FPR": [0.016666666666666666, 0.025555555555555557], "FPR whole": 0.021111111111111112, "FPR ratio": 0.6521739130434782, "PPR": [0.8192771084337349, 0.7012987012987013], "PPR whole": 0.7625, "PPR ratio": 1.1682284694332887}, "0.2-0.2": {"roc": 0.9872916666666667, "flag_rate": [0.084, 0.07916666666666666], "flag_rate_ratio": 1.0610526315789475, "TPR": [0.66, 0.9333333333333333], "TPR whole": 0.7625, "TPR ratio": 0.7071428571428572, "FPR": [0.02, 0.022222222222222223], "FPR whole": 0.021111111111111112, "FPR ratio": 0.9, "PPR": [0.7857142857142857, 0.7368421052631579], "PPR whole": 0.7625, "PPR ratio": 1.066326530612245}, "0.2-0.5": {"roc": 0.9871006944444445, "flag_rate": [0.084, 0.07916666666666666], "flag_rate_ratio": 1.0610526315789475, "TPR": [0.66, 0.9333333333333333], "TPR whole": 0.7625, "TPR ratio": 0.7071428571428572, "FPR": [0.02, 0.022222222222222223], "FPR whole": 0.021111111111111112, "FPR ratio": 0.9, "PPR": [0.7857142857142857, 0.7368421052631579], "PPR whole": 0.7625, "PPR ratio": 1.066326530612245}, "0.2-0.8": {"roc": 0.9869826388888889, "flag_rate": [0.083, 0.08020833333333334], "flag_rate_ratio": 1.0348051948051948, "TPR": [0.65, 0.9333333333333333], "TPR whole": 0.75625, "TPR ratio": 0.6964285714285714, "FPR": [0.02, 0.023333333333333334], "FPR whole": 0.021666666666666667, "FPR ratio": 0.8571428571428571, "PPR": [0.7831325301204819, 0.7272727272727273], "PPR whole": 0.75625, "PPR ratio": 1.0768072289156625}, "0.5-0.01": {"roc": 0.9866423611111111, "flag_rate": [0.081, 0.08229166666666667], "flag_rate_ratio": 0.9843037974683545, "TPR": [0.65, 0.9333333333333333], "TPR whole": 0.75625, "TPR ratio": 0.6964285714285714, "FPR": [0.017777777777777778, 0.025555555555555557], "FPR whole": 0.021666666666666667, "FPR ratio": 0.6956521739130435, "PPR": [0.8024691358024691, 0.7088607594936709], "PPR whole": 0.75625, "PPR ratio": 1.1320546737213404}, "0.5-0.2": {"roc": 0.9864062499999999, "flag_rate": [0.083, 0.08020833333333334], "flag_rate_ratio": 1.0348051948051948, "TPR": [0.65, 0.9333333333333333], "TPR whole": 0.75625, "TPR ratio": 0.6964285714285714, "FPR": [0.02, 0.023333333333333334], "FPR whole": 0.021666666666666667, "FPR ratio": 0.8571428571428571, "PPR": [0.7831325301204819, 0.7272727272727273], "PPR whole": 0.75625, "PPR ratio": 1.0768072289156625}, "0.5-0.5": {"roc": 0.9881701388888888, "flag_rate": [0.084, 0.07916666666666666], "flag_rate_ratio": 1.0610526315789475, "TPR": [0.68, 0.9333333333333333], "TPR whole": 0.775, "TPR ratio": 0.7285714285714286, "FPR": [0.017777777777777778, 0.022222222222222223], "FPR whole": 0.02, "FPR ratio": 0.7999999999999999, "PPR": [0.8095238095238095, 0.7368421052631579], "PPR whole": 0.775, "PPR ratio": 1.098639455782313}, "0.5-0.8": {"roc": 0.9866284722222222, "flag_rate": [0.083, 0.08020833333333334], "flag_rate_ratio": 1.0348051948051948, "TPR": [0.66, 0.9333333333333333], "TPR whole": 0.7625, "TPR ratio": 0.7071428571428572, "FPR": [0.01888888888888889, 0.023333333333333334], "FPR whole": 0.021111111111111112, "FPR ratio": 0.8095238095238095, "PPR": [0.7951807228915663, 0.7272727272727273], "PPR whole": 0.7625, "PPR ratio": 1.0933734939759037}, "0.8-0.01": {"roc": 0.9856076388888889, "flag_rate": [0.082, 0.08125], "flag_rate_ratio": 1.0092307692307692, "TPR": [0.65, 0.9333333333333333], "TPR whole": 0.75625, "TPR ratio": 0.6964285714285714, "FPR": [0.01888888888888889, 0.024444444444444446], "FPR whole": 0.021666666666666667, "FPR ratio": 0.7727272727272727, "PPR": [0.7926829268292683, 0.717948717948718], "PPR whole": 0.75625, "PPR ratio": 1.1040940766550522}, "0.8-0.2": {"roc": 0.9889895833333333, "flag_rate": [0.084, 0.07916666666666666], "flag_rate_ratio": 1.0610526315789475, "TPR": [0.7, 0.9333333333333333], "TPR whole": 0.7875, "TPR ratio": 0.7499999999999999, "FPR": [0.015555555555555555, 0.022222222222222223], "FPR whole": 0.01888888888888889, "FPR ratio": 0.7, "PPR": [0.8333333333333334, 0.7368421052631579], "PPR whole": 0.7875, "PPR ratio": 1.1309523809523812}, "0.8-0.5": {"roc": 0.9862986111111112, "flag_rate": [0.083, 0.08020833333333334], "flag_rate_ratio": 1.0348051948051948, "TPR": [0.66, 0.9333333333333333], "TPR whole": 0.7625, "TPR ratio": 0.7071428571428572, "FPR": [0.01888888888888889, 0.023333333333333334], "FPR whole": 0.021111111111111112, "FPR ratio": 0.8095238095238095,