{"0.01-0.01": {"roc": 0.991905982905983, "flag_rate": [0.102, 0.09346733668341708], "flag_rate_ratio": 1.0912903225806452, "TPR": [0.87, 0.8210526315789474], "TPR whole": 0.8461538461538461, "TPR ratio": 1.0596153846153846, "FPR": [0.016666666666666666, 0.016666666666666666], "FPR whole": 0.016666666666666666, "FPR ratio": 1.0, "PPR": [0.8529411764705882, 0.8387096774193549], "PPR whole": 0.8461538461538461, "PPR ratio": 1.0169683257918551}, "0.01-0.2": {"roc": 0.9881396011396012, "flag_rate": [0.091, 0.10452261306532663], "flag_rate_ratio": 0.870625, "TPR": [0.73, 0.8736842105263158], "TPR whole": 0.8, "TPR ratio": 0.8355421686746988, "FPR": [0.02, 0.023333333333333334], "FPR whole": 0.021666666666666667, "FPR ratio": 0.8571428571428571, "PPR": [0.8021978021978022, 0.7980769230769231], "PPR whole": 0.8, "PPR ratio": 1.0051635111876076}, "0.01-0.5": {"roc": 0.9892393162393162, "flag_rate": [0.094, 0.10150753768844221], "flag_rate_ratio": 0.926039603960396, "TPR": [0.76, 0.8526315789473684], "TPR whole": 0.8051282051282052, "TPR ratio": 0.891358024691358, "FPR": [0.02, 0.022222222222222223], "FPR whole": 0.021111111111111112, "FPR ratio": 0.9, "PPR": [0.8085106382978723, 0.801980198019802], "PPR whole": 0.8051282051282052, "PPR ratio": 1.0081428946677173}, "0.01-0.8": {"roc": 0.9885099715099716, "flag_rate": [0.1, 0.09547738693467336], "flag_rate_ratio": 1.0473684210526317, "TPR": [0.8, 0.8], "TPR whole": 0.8, "TPR ratio": 1.0, "FPR": [0.022222222222222223, 0.021111111111111112], "FPR whole": 0.021666666666666667, "FPR ratio": 1.0526315789473684, "PPR": [0.8, 0.8], "PPR whole": 0.8, "PPR ratio": 1.0}, "0.05-0.01": {"roc": 0.988005698005698, "flag_rate": [0.098, 0.09748743718592964], "flag_rate_ratio": 1.005257731958763, "TPR": [0.79, 0.8], "TPR whole": 0.7948717948717948, "TPR ratio": 0.9875, "FPR": [0.021111111111111112, 0.023333333333333334], "FPR whole": 0.022222222222222223, "FPR ratio": 0.9047619047619048, "PPR": [0.8061224489795918, 0.7835051546391752], "PPR whole": 0.7948717948717948, "PPR ratio": 1.0288668098818474}, "0.05-0.2": {"roc": 0.9859230769230769, "flag_rate": [0.092, 0.1035175879396985], "flag_rate_ratio": 0.8887378640776699, "TPR": [0.71, 0.8526315789473684], "TPR whole": 0.7794871794871795, "TPR ratio": 0.832716049382716, "FPR": [0.023333333333333334, 0.024444444444444446], "FPR whole": 0.02388888888888889, "FPR ratio": 0.9545454545454546, "PPR": [0.7717391304347826, 0.7864077669902912], "PPR whole": 0.7794871794871795, "PPR ratio": 0.9813472893183038}, "0.05-0.5": {"roc": 0.98802849002849, "flag_rate": [0.095, 0.10050251256281408], "flag_rate_ratio": 0.9452499999999999, "TPR": [0.77, 0.8421052631578947], "TPR whole": 0.8051282051282052, "TPR ratio": 0.914375, "FPR": [0.02, 0.022222222222222223], "FPR whole": 0.021111111111111112, "FPR ratio": 0.9, "PPR": [0.8105263157894737, 0.8], "PPR whole": 0.8051282051282052, "PPR ratio": 1.013157894736842}, "0.05-0.8": {"roc": 0.9896837606837607, "flag_rate": [0.096, 0.09949748743718594], "flag_rate_ratio": 0.9648484848484848, "TPR": [0.79, 0.8421052631578947], "TPR whole": 0.8153846153846154, "TPR ratio": 0.9381250000000001, "FPR": [0.01888888888888889, 0.021111111111111112], "FPR whole": 0.02, "FPR ratio": 0.8947368421052632, "PPR": [0.8229166666666666, 0.8080808080808081], "PPR whole": 0.8153846153846154, "PPR ratio": 1.018359375}, "0.2-0.01": {"roc": 0.9904985754985755, "flag_rate": [0.099, 0.0964824120603015], "flag_rate_ratio": 1.02609375, "TPR": [0.83, 0.8105263157894737], "TPR whole": 0.8205128205128205, "TPR ratio": 1.024025974025974, "FPR": [0.017777777777777778, 0.021111111111111112], "FPR whole": 0.019444444444444445, "FPR ratio": 0.8421052631578947, "PPR": [0.8383838383838383, 0.8020833333333334], "PPR whole": 0.8205128205128205, "PPR ratio": 1.0452577725304997}, "0.2-0.2": {"roc": 0.9883418803418803, "flag_rate": [0.094, 0.10150753768844221], "flag_rate_ratio": 0.926039603960396, "TPR": [0.76, 0.8315789473684211], "TPR whole": 0.7948717948717948, "TPR ratio": 0.9139240506329114, "FPR": [0.02, 0.024444444444444446], "FPR whole": 0.022222222222222223, "FPR ratio": 0.8181818181818181, "PPR": [0.8085106382978723, 0.7821782178217822], "PPR whole": 0.7948717948717948, "PPR ratio": 1.033665499596014}, "0.2-0.5": {"roc": 0.9898717948717949, "flag_rate": [0.097, 0.09849246231155778], "flag_rate_ratio": 0.9848469387755103, "TPR": [0.79, 0.8105263157894737], "TPR whole": 0.8, "TPR ratio": 0.9746753246753248, "FPR": [0.02, 0.023333333333333334], "FPR whole": 0.021666666666666667, "FPR ratio": 0.8571428571428571, "PPR": [0.8144329896907216, 0.7857142857142857], "PPR whole": 0.8, "PPR ratio": 1.0365510777881912}, "0.2-0.8": {"roc": 0.9884700854700855, "flag_rate": [0.097, 0.09849246231155778], "flag_rate_ratio": 0.9848469387755103, "TPR": [0.78, 0.8105263157894737], "TPR whole": 0.7948717948717948, "TPR ratio": 0.9623376623376624, "FPR": [0.021111111111111112, 0.023333333333333334], "FPR whole": 0.022222222222222223, "FPR ratio": 0.9047619047619048, "PPR": [0.8041237113402062, 0.7857142857142857], "PPR whole": 0.7948717948717948, "PPR ratio": 1.0234301780693533}, "0.5-0.01": {"roc": 0.9853076923076923, "flag_rate": [0.096, 0.09949748743718594], "flag_rate_ratio": 0.9648484848484848, "TPR": [0.79, 0.7684210526315789], "TPR whole": 0.7794871794871795, "TPR ratio": 1.028082191780822, "FPR": [0.01888888888888889, 0.028888888888888888], "FPR whole": 0.02388888888888889, "FPR ratio": 0.6538461538461539, "PPR": [0.8229166666666666, 0.7373737373737373], "PPR whole": 0.7794871794871795, "PPR ratio": 1.1160102739726028}, "0.5-0.2": {"roc": 0.9896609686609686, "flag_rate": [0.093, 0.10251256281407035], "flag_rate_ratio": 0.9072058823529412, "TPR": [0.75, 0.8631578947368421], "TPR whole": 0.8051282051282052, "TPR ratio": 0.8689024390243902, "FPR": [0.02, 0.022222222222222223], "FPR whole": 0.021111111111111112, "FPR ratio": 0.9, "PPR": [0.8064516129032258, 0.803921568627451], "PPR whole": 0.8051282051282052, "PPR ratio": 1.0031471282454758}, "0.5-0.5": {"roc": 0.9888461538461538, "flag_rate": [0.097, 0.09849246231155778], "flag_rate_ratio": 0.9848469387755103, "TPR": [0.8, 0.8210526315789474], "TPR whole": 0.8102564102564103, "TPR ratio": 0.9743589743589745, "FPR": [0.01888888888888889, 0.022222222222222223], "FPR whole": 0.020555555555555556, "FPR ratio": 0.85, "PPR": [0.8247422680412371, 0.7959183673469388], "PPR whole": 0.8102564102564103, "PPR ratio": 1.036214644462067}, "0.5-0.8": {"roc": 0.9861481481481481, "flag_rate": [0.091, 0.10452261306532663], "flag_rate_ratio": 0.870625, "TPR": [0.73, 0.8421052631578947], "TPR whole": 0.7846153846153846, "TPR ratio": 0.8668750000000001, "FPR": [0.02, 0.02666666666666667], "FPR whole": 0.023333333333333334, "FPR ratio": 0.75, "PPR": [0.8021978021978022, 0.7692307692307693], "PPR whole": 0.7846153846153846, "PPR ratio": 1.042857142857143}, "0.8-0.01": {"roc": 0.9856096866096866, "flag_rate": [0.089, 0.10653266331658291], "flag_rate_ratio": 0.8354245283018867, "TPR": [0.72, 0.8631578947368421], "TPR whole": 0.7897435897435897, "TPR ratio": 0.8341463414634146, "FPR": [0.01888888888888889, 0.02666666666666667], "FPR whole": 0.02277777777777778, "FPR ratio": 0.7083333333333333, "PPR": [0.8089887640449438, 0.7735849056603774], "PPR whole": 0.7897435897435897, "PPR ratio": 1.0457659632776102}, "0.8-0.2": {"roc": 0.9879515669515669, "flag_rate": [0.092, 0.1035175879396985], "flag_rate_ratio": 0.8887378640776699, "TPR": [0.74, 0.8631578947368421], "TPR whole": 0.8, "TPR ratio": 0.8573170731707317, "FPR": [0.02, 0.023333333333333334], "FPR whole": 0.021666666666666667, "FPR ratio": 0.8571428571428571, "PPR": [0.8043478260869565, 0.7961165048543689], "PPR whole": 0.8, "PPR ratio": 1.01033934252386}, "0.8-0.5": {"roc": 0.9877094017094017, "flag_rate": [0.094, 0.10150753768844221], "flag_rate_ratio": 0.926039603960396, "TPR": [0.76, 0.8421052631578947], "TPR whole": 0.8, "TPR ratio": 0.9025000000000001, "FPR": [0.02, 0.023333333333333334],