{"0.01-0.01": {"roc": 0.993654761904762, "flag_rate": [0.091, 0.052127659574468084], "flag_rate_ratio": 1.7457142857142858, "TPR": [0.81, 0.875], "TPR whole": 0.8285714285714286, "TPR ratio": 0.9257142857142858, "FPR": [0.011111111111111112, 0.015555555555555555], "FPR whole": 0.013333333333333334, "FPR ratio": 0.7142857142857143, "PPR": [0.8901098901098901, 0.7142857142857143], "PPR whole": 0.8285714285714286, "PPR ratio": 1.246153846153846}, "0.01-0.2": {"roc": 0.9826984126984127, "flag_rate": [0.082, 0.06170212765957447], "flag_rate_ratio": 1.3289655172413795, "TPR": [0.67, 0.825], "TPR whole": 0.7142857142857143, "TPR ratio": 0.8121212121212122, "FPR": [0.016666666666666666, 0.027777777777777776], "FPR whole": 0.022222222222222223, "FPR ratio": 0.6, "PPR": [0.8170731707317073, 0.5689655172413793], "PPR whole": 0.7142857142857143, "PPR ratio": 1.4360679970436065}, "0.01-0.5": {"roc": 0.9826944444444445, "flag_rate": [0.08, 0.06382978723404255], "flag_rate_ratio": 1.2533333333333334, "TPR": [0.65, 0.875], "TPR whole": 0.7142857142857143, "TPR ratio": 0.7428571428571429, "FPR": [0.016666666666666666, 0.027777777777777776], "FPR whole": 0.022222222222222223, "FPR ratio": 0.6, "PPR": [0.8125, 0.5833333333333334], "PPR whole": 0.7142857142857143, "PPR ratio": 1.3928571428571428}, "0.01-0.8": {"roc": 0.9926349206349206, "flag_rate": [0.086, 0.0574468085106383], "flag_rate_ratio": 1.497037037037037, "TPR": [0.76, 0.975], "TPR whole": 0.8214285714285714, "TPR ratio": 0.7794871794871795, "FPR": [0.011111111111111112, 0.016666666666666666], "FPR whole": 0.013888888888888888, "FPR ratio": 0.6666666666666667, "PPR": [0.8837209302325582, 0.7222222222222222], "PPR whole": 0.8214285714285714, "PPR ratio": 1.223613595706619}, "0.05-0.01": {"roc": 0.9916031746031746, "flag_rate": [0.088, 0.05531914893617021], "flag_rate_ratio": 1.5907692307692307, "TPR": [0.74, 0.9], "TPR whole": 0.7857142857142857, "TPR ratio": 0.8222222222222222, "FPR": [0.015555555555555555, 0.017777777777777778], "FPR whole": 0.016666666666666666, "FPR ratio": 0.875, "PPR": [0.8409090909090909, 0.6923076923076923], "PPR whole": 0.7857142857142857, "PPR ratio": 1.2146464646464648}, "0.05-0.2": {"roc": 0.9834801587301587, "flag_rate": [0.083, 0.06063829787234042], "flag_rate_ratio": 1.3687719298245615, "TPR": [0.67, 0.825], "TPR whole": 0.7142857142857143, "TPR ratio": 0.8121212121212122, "FPR": [0.017777777777777778, 0.02666666666666667], "FPR whole": 0.022222222222222223, "FPR ratio": 0.6666666666666666, "PPR": [0.8072289156626506, 0.5789473684210527], "PPR whole": 0.7142857142857143, "PPR ratio": 1.3943044906900328}, "0.05-0.5": {"roc": 0.9903452380952381, "flag_rate": [0.086, 0.0574468085106383], "flag_rate_ratio": 1.497037037037037, "TPR": [0.71, 0.975], "TPR whole": 0.7857142857142857, "TPR ratio": 0.7282051282051282, "FPR": [0.016666666666666666, 0.016666666666666666], "FPR whole": 0.016666666666666666, "FPR ratio": 1.0, "PPR": [0.8255813953488372, 0.7222222222222222], "PPR whole": 0.7857142857142857, "PPR ratio": 1.1431127012522362}, "0.05-0.8": {"roc": 0.9861349206349207, "flag_rate": [0.082, 0.06170212765957447], "flag_rate_ratio": 1.3289655172413795, "TPR": [0.69, 0.9], "TPR whole": 0.75, "TPR ratio": 0.7666666666666666, "FPR": [0.014444444444444444, 0.024444444444444446], "FPR whole": 0.019444444444444445, "FPR ratio": 0.5909090909090908, "PPR": [0.8414634146341463, 0.6206896551724138], "PPR whole": 0.75, "PPR ratio": 1.3556910569105691}, "0.2-0.01": {"roc": 0.9903928571428571, "flag_rate": [0.087, 0.05638297872340425], "flag_rate_ratio": 1.5430188679245282, "TPR": [0.73, 0.95], "TPR whole": 0.7928571428571428, "TPR ratio": 0.768421052631579, "FPR": [0.015555555555555555, 0.016666666666666666], "FPR whole": 0.01611111111111111, "FPR ratio": 0.9333333333333333, "PPR": [0.8390804597701149, 0.7169811320754716], "PPR whole": 0.7928571428571428, "PPR ratio": 1.1702964307320025}, "0.2-0.2": {"roc": 0.9893373015873016, "flag_rate": [0.087, 0.05638297872340425], "flag_rate_ratio": 1.5430188679245282, "TPR": [0.71, 0.875], "TPR whole": 0.7571428571428571, "TPR ratio": 0.8114285714285714, "FPR": [0.017777777777777778, 0.02], "FPR whole": 0.01888888888888889, "FPR ratio": 0.8888888888888888, "PPR": [0.8160919540229885, 0.660377358490566], "PPR whole": 0.7571428571428571, "PPR ratio": 1.2357963875205256}, "0.2-0.5": {"roc": 0.9895595238095238, "flag_rate": [0.083, 0.06063829787234042], "flag_rate_ratio": 1.3687719298245615, "TPR": [0.7, 0.875], "TPR whole": 0.75, "TPR ratio": 0.7999999999999999, "FPR": [0.014444444444444444, 0.024444444444444446], "FPR whole": 0.019444444444444445, "FPR ratio": 0.5909090909090908, "PPR": [0.8433734939759037, 0.6140350877192983], "PPR whole": 0.75, "PPR ratio": 1.3734939759036144}, "0.2-0.8": {"roc": 0.9897698412698412, "flag_rate": [0.083, 0.06063829787234042], "flag_rate_ratio": 1.3687719298245615, "TPR": [0.7, 0.975], "TPR whole": 0.7785714285714286, "TPR ratio": 0.717948717948718, "FPR": [0.014444444444444444, 0.02], "FPR whole": 0.017222222222222222, "FPR ratio": 0.7222222222222222, "PPR": [0.8433734939759037, 0.6842105263157895], "PPR whole": 0.7785714285714286, "PPR ratio": 1.232622798887859}, "0.5-0.01": {"roc": 0.9843333333333333, "flag_rate": [0.079, 0.06489361702127659], "flag_rate_ratio": 1.217377049180328, "TPR": [0.65, 0.95], "TPR whole": 0.7357142857142858, "TPR ratio": 0.6842105263157895, "FPR": [0.015555555555555555, 0.025555555555555557], "FPR whole": 0.020555555555555556, "FPR ratio": 0.608695652173913, "PPR": [0.8227848101265823, 0.6229508196721312], "PPR whole": 0.7357142857142858, "PPR ratio": 1.320786142571619}, "0.5-0.2": {"roc": 0.9899325396825397, "flag_rate": [0.084, 0.059574468085106386], "flag_rate_ratio": 1.41, "TPR": [0.7, 0.975], "TPR whole": 0.7785714285714286, "TPR ratio": 0.717948717948718, "FPR": [0.015555555555555555, 0.01888888888888889], "FPR whole": 0.017222222222222222, "FPR ratio": 0.8235294117647058, "PPR": [0.8333333333333334, 0.6964285714285714], "PPR whole": 0.7785714285714286, "PPR ratio": 1.1965811965811968}, "0.5-0.5": {"roc": 0.9870277777777777, "flag_rate": [0.086, 0.0574468085106383], "flag_rate_ratio": 1.497037037037037, "TPR": [0.71, 0.825], "TPR whole": 0.7428571428571429, "TPR ratio": 0.8606060606060606, "FPR": [0.016666666666666666, 0.023333333333333334], "FPR whole": 0.02, "FPR ratio": 0.7142857142857142, "PPR": [0.8255813953488372, 0.6111111111111112], "PPR whole": 0.7428571428571429, "PPR ratio": 1.3509513742071881}, "0.5-0.8": {"roc": 0.9874285714285714, "flag_rate": [0.083, 0.06063829787234042], "flag_rate_ratio": 1.3687719298245615, "TPR": [0.68, 0.925], "TPR whole": 0.75, "TPR ratio": 0.7351351351351352, "FPR": [0.016666666666666666, 0.022222222222222223], "FPR whole": 0.019444444444444445, "FPR ratio": 0.75, "PPR": [0.8192771084337349, 0.6491228070175439], "PPR whole": 0.75, "PPR ratio": 1.262129599478997}, "0.8-0.01": {"roc": 0.9898928571428571, "flag_rate": [0.083, 0.06063829787234042], "flag_rate_ratio": 1.3687719298245615, "TPR": [0.69, 1.0], "TPR whole": 0.7785714285714286, "TPR ratio": 0.69, "FPR": [0.015555555555555555, 0.01888888888888889], "FPR whole": 0.017222222222222222, "FPR ratio": 0.8235294117647058, "PPR": [0.8313253012048193, 0.7017543859649122], "PPR whole": 0.7785714285714286, "PPR ratio": 1.1846385542168676}, "0.8-0.2": {"roc": 0.9929761904761905, "flag_rate": [0.087, 0.05638297872340425], "flag_rate_ratio": 1.5430188679245282, "TPR": [0.74, 0.975], "TPR whole": 0.8071428571428572, "TPR ratio": 0.7589743589743589, "FPR": [0.014444444444444444, 0.015555555555555555], "FPR whole": 0.015, "FPR ratio": 0.9285714285714286, "PPR": [0.8505747126436781, 0.7358490566037735], "PPR whole": 0.8071428571428572, "PPR ratio": 1.1559092248747422}, "0.8-0.5": {"roc": 0.9887777777777778, "flag_rate": [0.087, 0.05638297872340425], "flag_rate_ratio": 1.5430188679245282, "TPR": [0.72, 0.85], "TPR whole": 0.7571428571428571, "TPR ratio": 0.8470588235294118,