{"0.01-0.01": {"roc": 0.9929122807017544, "flag_rate": [0.097, 0.09393939393939393], "flag_rate_ratio": 1.0325806451612904, "TPR": [0.85, 0.8666666666666667], "TPR whole": 0.8578947368421053, "TPR ratio": 0.9807692307692307, "FPR": [0.013333333333333334, 0.016666666666666666], "FPR whole": 0.015, "FPR ratio": 0.8, "PPR": [0.8762886597938144, 0.8387096774193549], "PPR whole": 0.8578947368421053, "PPR ratio": 1.0448057097541634}, "0.01-0.2": {"roc": 0.9854941520467837, "flag_rate": [0.089, 0.10202020202020202], "flag_rate_ratio": 0.8723762376237623, "TPR": [0.7, 0.8555555555555555], "TPR whole": 0.7736842105263158, "TPR ratio": 0.8181818181818181, "FPR": [0.021111111111111112, 0.02666666666666667], "FPR whole": 0.02388888888888889, "FPR ratio": 0.7916666666666666, "PPR": [0.7865168539325843, 0.7623762376237624], "PPR whole": 0.7736842105263158, "PPR ratio": 1.031664964249234}, "0.01-0.5": {"roc": 0.986546783625731, "flag_rate": [0.089, 0.10202020202020202], "flag_rate_ratio": 0.8723762376237623, "TPR": [0.71, 0.8555555555555555], "TPR whole": 0.7789473684210526, "TPR ratio": 0.8298701298701299, "FPR": [0.02, 0.02666666666666667], "FPR whole": 0.023333333333333334, "FPR ratio": 0.75, "PPR": [0.797752808988764, 0.7623762376237624], "PPR whole": 0.7789473684210526, "PPR ratio": 1.04640303516708}, "0.01-0.8": {"roc": 0.9819502923976609, "flag_rate": [0.087, 0.10404040404040404], "flag_rate_ratio": 0.8362135922330096, "TPR": [0.67, 0.8555555555555555], "TPR whole": 0.7578947368421053, "TPR ratio": 0.7831168831168832, "FPR": [0.022222222222222223, 0.028888888888888888], "FPR whole": 0.025555555555555557, "FPR ratio": 0.7692307692307693, "PPR": [0.7701149425287356, 0.7475728155339806], "PPR whole": 0.7578947368421053, "PPR ratio": 1.0301537542916852}, "0.05-0.01": {"roc": 0.9893654970760233, "flag_rate": [0.094, 0.09696969696969697], "flag_rate_ratio": 0.969375, "TPR": [0.79, 0.8444444444444444], "TPR whole": 0.8157894736842105, "TPR ratio": 0.9355263157894738, "FPR": [0.016666666666666666, 0.022222222222222223], "FPR whole": 0.019444444444444445, "FPR ratio": 0.75, "PPR": [0.8404255319148937, 0.7916666666666666], "PPR whole": 0.8157894736842105, "PPR ratio": 1.0615901455767078}, "0.05-0.2": {"roc": 0.9859561403508772, "flag_rate": [0.089, 0.10202020202020202], "flag_rate_ratio": 0.8723762376237623, "TPR": [0.71, 0.8555555555555555], "TPR whole": 0.7789473684210526, "TPR ratio": 0.8298701298701299, "FPR": [0.02, 0.02666666666666667], "FPR whole": 0.023333333333333334, "FPR ratio": 0.75, "PPR": [0.797752808988764, 0.7623762376237624], "PPR whole": 0.7789473684210526, "PPR ratio": 1.04640303516708}, "0.05-0.5": {"roc": 0.9854970760233919, "flag_rate": [0.089, 0.10202020202020202], "flag_rate_ratio": 0.8723762376237623, "TPR": [0.7, 0.8666666666666667], "TPR whole": 0.7789473684210526, "TPR ratio": 0.8076923076923076, "FPR": [0.021111111111111112, 0.025555555555555557], "FPR whole": 0.023333333333333334, "FPR ratio": 0.8260869565217391, "PPR": [0.7865168539325843, 0.7722772277227723], "PPR whole": 0.7789473684210526, "PPR ratio": 1.0184384903486028}, "0.05-0.8": {"roc": 0.9870292397660818, "flag_rate": [0.089, 0.10202020202020202], "flag_rate_ratio": 0.8723762376237623, "TPR": [0.7, 0.8555555555555555], "TPR whole": 0.7736842105263158, "TPR ratio": 0.8181818181818181, "FPR": [0.021111111111111112, 0.02666666666666667], "FPR whole": 0.02388888888888889, "FPR ratio": 0.7916666666666666, "PPR": [0.7865168539325843, 0.7623762376237624], "PPR whole": 0.7736842105263158, "PPR ratio": 1.031664964249234}, "0.2-0.01": {"roc": 0.9902046783625731, "flag_rate": [0.099, 0.09191919191919191], "flag_rate_ratio": 1.0770329670329672, "TPR": [0.84, 0.7888888888888889], "TPR whole": 0.8157894736842105, "TPR ratio": 1.064788732394366, "FPR": [0.016666666666666666, 0.022222222222222223], "FPR whole": 0.019444444444444445, "FPR ratio": 0.75, "PPR": [0.8484848484848485, 0.7802197802197802], "PPR whole": 0.8157894736842105, "PPR ratio": 1.0874946649594537}, "0.2-0.2": {"roc": 0.9868421052631579, "flag_rate": [0.09, 0.10101010101010101], "flag_rate_ratio": 0.891, "TPR": [0.74, 0.8555555555555555], "TPR whole": 0.7947368421052632, "TPR ratio": 0.864935064935065, "FPR": [0.017777777777777778, 0.025555555555555557], "FPR whole": 0.021666666666666667, "FPR ratio": 0.6956521739130435, "PPR": [0.8222222222222222, 0.77], "PPR whole": 0.7947368421052632, "PPR ratio": 1.0678210678210678}, "0.2-0.5": {"roc": 0.9826549707602339, "flag_rate": [0.091, 0.1], "flag_rate_ratio": 0.9099999999999999, "TPR": [0.7, 0.8333333333333334], "TPR whole": 0.7631578947368421, "TPR ratio": 0.8399999999999999, "FPR": [0.023333333333333334, 0.02666666666666667], "FPR whole": 0.025, "FPR ratio": 0.875, "PPR": [0.7692307692307693, 0.7575757575757576], "PPR whole": 0.7631578947368421, "PPR ratio": 1.0153846153846156}, "0.2-0.8": {"roc": 0.9857719298245613, "flag_rate": [0.087, 0.10404040404040404], "flag_rate_ratio": 0.8362135922330096, "TPR": [0.68, 0.8666666666666667], "TPR whole": 0.7684210526315789, "TPR ratio": 0.7846153846153846, "FPR": [0.021111111111111112, 0.027777777777777776], "FPR whole": 0.024444444444444446, "FPR ratio": 0.7600000000000001, "PPR": [0.7816091954022989, 0.7572815533980582], "PPR whole": 0.7684210526315789, "PPR ratio": 1.032124963159446}, "0.5-0.01": {"roc": 0.9850497076023391, "flag_rate": [0.093, 0.09797979797979799], "flag_rate_ratio": 0.9491752577319587, "TPR": [0.73, 0.8111111111111111], "TPR whole": 0.7684210526315789, "TPR ratio": 0.9, "FPR": [0.022222222222222223, 0.02666666666666667], "FPR whole": 0.024444444444444446, "FPR ratio": 0.8333333333333333, "PPR": [0.7849462365591398, 0.7525773195876289], "PPR whole": 0.7684210526315789, "PPR ratio": 1.043010752688172}, "0.5-0.2": {"roc": 0.9861959064327486, "flag_rate": [0.087, 0.10404040404040404], "flag_rate_ratio": 0.8362135922330096, "TPR": [0.69, 0.8666666666666667], "TPR whole": 0.7736842105263158, "TPR ratio": 0.7961538461538461, "FPR": [0.02, 0.027777777777777776], "FPR whole": 0.02388888888888889, "FPR ratio": 0.7200000000000001, "PPR": [0.7931034482758621, 0.7572815533980582], "PPR whole": 0.7736842105263158, "PPR ratio": 1.0473032714412025}, "0.5-0.5": {"roc": 0.9838011695906433, "flag_rate": [0.088, 0.10303030303030303], "flag_rate_ratio": 0.8541176470588235, "TPR": [0.68, 0.8555555555555555], "TPR whole": 0.7631578947368421, "TPR ratio": 0.7948051948051948, "FPR": [0.022222222222222223, 0.027777777777777776], "FPR whole": 0.025, "FPR ratio": 0.8, "PPR": [0.7727272727272727, 0.7549019607843137], "PPR whole": 0.7631578947368421, "PPR ratio": 1.0236127508854782}, "0.5-0.8": {"roc": 0.9849766081871345, "flag_rate": [0.089, 0.10202020202020202], "flag_rate_ratio": 0.8723762376237623, "TPR": [0.73, 0.8444444444444444], "TPR whole": 0.7842105263157895, "TPR ratio": 0.8644736842105263, "FPR": [0.017777777777777778, 0.027777777777777776], "FPR whole": 0.02277777777777778, "FPR ratio": 0.64, "PPR": [0.8202247191011236, 0.7524752475247525], "PPR whole": 0.7842105263157895, "PPR ratio": 1.0900354819633353}, "0.8-0.01": {"roc": 0.985187134502924, "flag_rate": [0.091, 0.1], "flag_rate_ratio": 0.9099999999999999, "TPR": [0.71, 0.8444444444444444], "TPR whole": 0.7736842105263158, "TPR ratio": 0.8407894736842105, "FPR": [0.022222222222222223, 0.025555555555555557], "FPR whole": 0.02388888888888889, "FPR ratio": 0.8695652173913043, "PPR": [0.7802197802197802, 0.7676767676767676], "PPR whole": 0.7736842105263158, "PPR ratio": 1.0163389242336611}, "0.8-0.2": {"roc": 0.9800497076023392, "flag_rate": [0.082, 0.10909090909090909], "flag_rate_ratio": 0.7516666666666667, "TPR": [0.58, 0.8888888888888888], "TPR whole": 0.7263157894736842, "TPR ratio": 0.6525, "FPR": [0.02666666666666667, 0.03111111111111111], "FPR whole": 0.028888888888888888, "FPR ratio": 0.8571428571428572, "PPR": [0.7073170731707317, 0.7407407407407407], "PPR whole": 0.7263157894736842, "PPR ratio": 0.9548780487804878}, "0.8-0.5": {"roc": 0.9768625730994152,