{"0.01-0.01": {"roc": 0.9913902847571189, "flag_rate": [0.092, 0.10710710710710711], "flag_rate_ratio": 0.8589532710280373, "TPR": [0.76, 0.8888888888888888], "TPR whole": 0.8241206030150754, "TPR ratio": 0.8550000000000001, "FPR": [0.017777777777777778, 0.021111111111111112], "FPR whole": 0.019444444444444445, "FPR ratio": 0.8421052631578947, "PPR": [0.8260869565217391, 0.822429906542056], "PPR whole": 0.8241206030150754, "PPR ratio": 1.0044466403162056}, "0.01-0.2": {"roc": 0.9878726968174204, "flag_rate": [0.095, 0.1041041041041041], "flag_rate_ratio": 0.9125480769230769, "TPR": [0.78, 0.8282828282828283], "TPR whole": 0.8040201005025126, "TPR ratio": 0.9417073170731708, "FPR": [0.01888888888888889, 0.024444444444444446], "FPR whole": 0.021666666666666667, "FPR ratio": 0.7727272727272727, "PPR": [0.8210526315789474, 0.7884615384615384], "PPR whole": 0.8040201005025126, "PPR ratio": 1.0413350449293968}, "0.01-0.5": {"roc": 0.9782691233947516, "flag_rate": [0.104, 0.09509509509509509], "flag_rate_ratio": 1.093642105263158, "TPR": [0.82, 0.6666666666666666], "TPR whole": 0.7437185929648241, "TPR ratio": 1.23, "FPR": [0.024444444444444446, 0.03222222222222222], "FPR whole": 0.028333333333333332, "FPR ratio": 0.7586206896551725, "PPR": [0.7884615384615384, 0.6947368421052632], "PPR whole": 0.7437185929648241, "PPR ratio": 1.1349067599067597}, "0.01-0.8": {"roc": 0.9805025125628142, "flag_rate": [0.102, 0.0970970970970971], "flag_rate_ratio": 1.0504948453608247, "TPR": [0.81, 0.7070707070707071], "TPR whole": 0.7587939698492462, "TPR ratio": 1.1455714285714287, "FPR": [0.023333333333333334, 0.03], "FPR whole": 0.02666666666666667, "FPR ratio": 0.7777777777777778, "PPR": [0.7941176470588235, 0.7216494845360825], "PPR whole": 0.7587939698492462, "PPR ratio": 1.1004201680672268}, "0.05-0.01": {"roc": 0.9913484087102178, "flag_rate": [0.089, 0.11011011011011011], "flag_rate_ratio": 0.8082818181818181, "TPR": [0.73, 0.9393939393939394], "TPR whole": 0.8341708542713567, "TPR ratio": 0.7770967741935483, "FPR": [0.017777777777777778, 0.01888888888888889], "FPR whole": 0.018333333333333333, "FPR ratio": 0.9411764705882353, "PPR": [0.8202247191011236, 0.8454545454545455], "PPR whole": 0.8341708542713567, "PPR ratio": 0.9701582699045548}, "0.05-0.2": {"roc": 0.9880262423227247, "flag_rate": [0.099, 0.1001001001001001], "flag_rate_ratio": 0.98901, "TPR": [0.79, 0.7777777777777778], "TPR whole": 0.7839195979899497, "TPR ratio": 1.0157142857142858, "FPR": [0.022222222222222223, 0.025555555555555557], "FPR whole": 0.02388888888888889, "FPR ratio": 0.8695652173913043, "PPR": [0.797979797979798, 0.77], "PPR whole": 0.7839195979899497, "PPR ratio": 1.0363373999737637}, "0.05-0.5": {"roc": 0.9848269123394751, "flag_rate": [0.102, 0.0970970970970971], "flag_rate_ratio": 1.0504948453608247, "TPR": [0.83, 0.7575757575757576], "TPR whole": 0.7939698492462312, "TPR ratio": 1.0956, "FPR": [0.021111111111111112, 0.024444444444444446], "FPR whole": 0.02277777777777778, "FPR ratio": 0.8636363636363636, "PPR": [0.8137254901960784, 0.7731958762886598], "PPR whole": 0.7939698492462312, "PPR ratio": 1.0524183006535948}, "0.05-0.8": {"roc": 0.9827442769402568, "flag_rate": [0.099, 0.1001001001001001], "flag_rate_ratio": 0.98901, "TPR": [0.79, 0.7777777777777778], "TPR whole": 0.7839195979899497, "TPR ratio": 1.0157142857142858, "FPR": [0.022222222222222223, 0.025555555555555557], "FPR whole": 0.02388888888888889, "FPR ratio": 0.8695652173913043, "PPR": [0.797979797979798, 0.77], "PPR whole": 0.7839195979899497, "PPR ratio": 1.0363373999737637}, "0.2-0.01": {"roc": 0.9857230597431602, "flag_rate": [0.1, 0.0990990990990991], "flag_rate_ratio": 1.009090909090909, "TPR": [0.81, 0.7676767676767676], "TPR whole": 0.7889447236180904, "TPR ratio": 1.0551315789473685, "FPR": [0.021111111111111112, 0.025555555555555557], "FPR whole": 0.023333333333333334, "FPR ratio": 0.8260869565217391, "PPR": [0.81, 0.7676767676767676], "PPR whole": 0.7889447236180904, "PPR ratio": 1.0551315789473685}, "0.2-0.2": {"roc": 0.9891345616973758, "flag_rate": [0.098, 0.1011011011011011], "flag_rate_ratio": 0.9693267326732674, "TPR": [0.81, 0.8383838383838383], "TPR whole": 0.8241206030150754, "TPR ratio": 0.9661445783132532, "FPR": [0.01888888888888889, 0.02], "FPR whole": 0.019444444444444445, "FPR ratio": 0.9444444444444444, "PPR": [0.826530612244898, 0.8217821782178217], "PPR whole": 0.8241206030150754, "PPR ratio": 1.0057782149004182}, "0.2-0.5": {"roc": 0.9847264098269124, "flag_rate": [0.099, 0.1001001001001001], "flag_rate_ratio": 0.98901, "TPR": [0.82, 0.7373737373737373], "TPR whole": 0.7788944723618091, "TPR ratio": 1.112054794520548, "FPR": [0.01888888888888889, 0.03], "FPR whole": 0.024444444444444446, "FPR ratio": 0.6296296296296297, "PPR": [0.8282828282828283, 0.73], "PPR whole": 0.7788944723618091, "PPR ratio": 1.1346340113463402}, "0.2-0.8": {"roc": 0.9845784477945282, "flag_rate": [0.098, 0.1011011011011011], "flag_rate_ratio": 0.9693267326732674, "TPR": [0.78, 0.797979797979798], "TPR whole": 0.7889447236180904, "TPR ratio": 0.9774683544303797, "FPR": [0.022222222222222223, 0.024444444444444446], "FPR whole": 0.023333333333333334, "FPR ratio": 0.9090909090909091, "PPR": [0.7959183673469388, 0.7821782178217822], "PPR whole": 0.7889447236180904, "PPR ratio": 1.0175665202789976}, "0.5-0.01": {"roc": 0.9882719151312116, "flag_rate": [0.098, 0.1011011011011011], "flag_rate_ratio": 0.9693267326732674, "TPR": [0.77, 0.8181818181818182], "TPR whole": 0.7939698492462312, "TPR ratio": 0.9411111111111111, "FPR": [0.023333333333333334, 0.022222222222222223], "FPR whole": 0.02277777777777778, "FPR ratio": 1.05, "PPR": [0.7857142857142857, 0.801980198019802], "PPR whole": 0.7939698492462312, "PPR ratio": 0.9797178130511464}, "0.5-0.2": {"roc": 0.986856504745952, "flag_rate": [0.098, 0.1011011011011011], "flag_rate_ratio": 0.9693267326732674, "TPR": [0.77, 0.8080808080808081], "TPR whole": 0.7889447236180904, "TPR ratio": 0.952875, "FPR": [0.023333333333333334, 0.023333333333333334], "FPR whole": 0.023333333333333334, "FPR ratio": 1.0, "PPR": [0.7857142857142857, 0.7920792079207921], "PPR whole": 0.7889447236180904, "PPR ratio": 0.9919642857142856}, "0.5-0.5": {"roc": 0.9910273590173088, "flag_rate": [0.095, 0.1041041041041041], "flag_rate_ratio": 0.9125480769230769, "TPR": [0.79, 0.8787878787878788], "TPR whole": 0.8341708542713567, "TPR ratio": 0.8989655172413794, "FPR": [0.017777777777777778, 0.01888888888888889], "FPR whole": 0.018333333333333333, "FPR ratio": 0.9411764705882353, "PPR": [0.8315789473684211, 0.8365384615384616], "PPR whole": 0.8341708542713567, "PPR ratio": 0.9940713853599517}, "0.5-0.8": {"roc": 0.9839223897264098, "flag_rate": [0.094, 0.10510510510510511], "flag_rate_ratio": 0.8943428571428571, "TPR": [0.75, 0.7777777777777778], "TPR whole": 0.7638190954773869, "TPR ratio": 0.9642857142857143, "FPR": [0.021111111111111112, 0.03111111111111111], "FPR whole": 0.026111111111111113, "FPR ratio": 0.6785714285714286, "PPR": [0.7978723404255319, 0.7333333333333333], "PPR whole": 0.7638190954773869, "PPR ratio": 1.0880077369439072}, "0.8-0.01": {"roc": 0.9919793411501954, "flag_rate": [0.093, 0.1061061061061061], "flag_rate_ratio": 0.8764811320754717, "TPR": [0.76, 0.9090909090909091], "TPR whole": 0.8341708542713567, "TPR ratio": 0.8360000000000001, "FPR": [0.01888888888888889, 0.017777777777777778], "FPR whole": 0.018333333333333333, "FPR ratio": 1.0625, "PPR": [0.8172043010752689, 0.8490566037735849], "PPR whole": 0.8341708542713567, "PPR ratio": 0.9624850657108722}, "0.8-0.2": {"roc": 0.985178671133445, "flag_rate": [0.1, 0.0990990990990991], "flag_rate_ratio": 1.009090909090909, "TPR": [0.81, 0.7676767676767676], "TPR whole": 0.7889447236180904, "TPR ratio": 1.0551315789473685, "FPR": [0.021111111111111112, 0.025555555555555557], "FPR whole": 0.023333333333333334, "FPR ratio": 0.8260869565217391, "PPR": [0.81, 0.7676767676767676], "PPR whole": 0.7889447236180904,