{"flag_ratio": [0.9964634907426672, 0.9964634907426672, 0.9596938775510203, 0.9964634907426672, 0.9223057644110274, 0.9365927419354839, 0.9833677685950414, 0.9994791666666668, 0.9764136368318054, 0.9177644710578842, 0.9714579055441478, 0.9519308943089432, 0.9724506578947368, 0.9994791666666668, 0.9635991820040899, 0.9954261954261955, 0.9964634907426668, 0.9964634907426668, 0.9714579055441475, 0.9954261954261955], "tpr_ratio": [0.9017628626784991, 0.9295656258498355, 0.9367565424266453, 0.9322744537069008, 0.8169182621502206, 0.9847668872134177, 0.9516256938937351, 0.9185518151170176, 0.8870774394629586, 0.99, 0.9446061263749816, 0.9776039815143974, 0.8870774394629585, 0.9349703515980614, 0.9531692878822087, 0.9158242418176357, 0.9295656258498357, 0.9054449720739117, 0.9367565424266454, 0.9158361290006611], "auroc": [0.9881126191213901, 0.9860972198493663, 0.9867806023611445, 0.9868755809475273, 0.9870313689947038, 0.9861371803521737, 0.9874083876516254, 0.9859605433470107, 0.9865825372602732, 0.986083320544042, 0.98649682487744, 0.9861985689506894, 0.987398542310354, 0.9875097367529484, 0.9861742451663718, 0.9836497838368453, 0.9862692237527545, 0.985519819540686, 0.9861933567111928, 0.9865402602065785], "key": ["0.01-0.01", "0.01-0.2", "0.01-0.5", "0.01-0.8", "0.05-0.01", "0.05-0.2", "0.05-0.5", "0.05-0.8", "0.2-0.01", "0.2-0.2", "0.2-0.5", "0.2-0.8", "0.5-0.01", "0.5-0.2", "0.5-0.5", "0.5-0.8", "0.8-0.01", "0.8-0.2", "0.8-0.5", "0.8-0.8"]}