{"flag_ratio": [0.9339457567804026, 0.9666666666666665, 0.9460946094609459, 0.9339457567804025, 0.9501763668430335, 0.9379793995178611, 0.9666666666666665, 0.9299279633267845, 0.9299279633267846, 0.9583886675520142, 0.9542743538767396, 0.9666666666666665, 0.9583886675520142, 0.9583886675520142, 0.9666666666666668, 0.9919028340080971, 0.9583886675520142, 0.9583886675520142, 0.9460946094609463, 0.9666666666666668], "tpr_ratio": [0.94236946192031, 0.9250796288602687, 0.9282769541595, 0.9052752859846925, 0.9391978595025526, 0.9146258224806838, 0.9421971706454465, 0.9339080459770114, 0.9190105408125432, 0.9384196790493641, 0.9444675252735077, 0.9444675252735079, 0.9389671361502349, 0.9509633672372447, 0.916248319754204, 0.953659423329698, 0.9462581058139209, 0.9419280858383161, 0.9446583121740793, 0.9500069242487189], "auroc": [0.9892729707708587, 0.9826173551732428, 0.9841957225494878, 0.9816227589587021, 0.9865695171556922, 0.9839041491457273, 0.9840696030043924, 0.9832904089832079, 0.9885356084799785, 0.9811654195191849, 0.983930996375624, 0.9836612753682911, 0.9865688928015086, 0.9854575423546269, 0.9820023663023558, 0.9827053891131362, 0.982839625262619, 0.9846246538736494, 0.985636732005332, 0.9844473372854953], "key": ["0.01-0.01", "0.01-0.2", "0.01-0.5", "0.01-0.8", "0.05-0.01", "0.05-0.2", "0.05-0.5", "0.05-0.8", "0.2-0.01", "0.2-0.2", "0.2-0.5", "0.2-0.8", "0.5-0.01", "0.5-0.2", "0.5-0.5", "0.5-0.8", "0.8-0.01", "0.8-0.2", "0.8-0.5", "0.8-0.8"]}