{"flag_ratio": [0.9302325581395349, 0.9690417690417692, 0.973399014778325, 0.9603911980440097, 0.8928571428571428, 0.9433414043583533, 0.9647058823529411, 0.9349397590361446, 0.938715953307393, 0.9475728155339804, 0.9349397590361448, 0.9391304347826087, 0.9558823529411764, 0.9307692307692307, 0.9224880382775119, 0.9433414043583536, 0.9955089820359281, 0.9266187050359712, 0.8783216783216783, 0.9349397590361448], "tpr_ratio": [0.8597285067873305, 0.9878048780487805, 0.9945913461538459, 0.9868263473053893, 0.8086622807017545, 0.9764350453172206, 0.9987878787878789, 0.9714285714285714, 0.8830275229357801, 0.9897897897897897, 0.9599999999999999, 0.9681681681681683, 0.8989726027397261, 0.9681681681681683, 0.9443786982248519, 0.9623880597014925, 0.9652278177458034, 0.9439528023598821, 0.9099415204678366, 0.9547619047619048], "auroc": [0.9888319615912209, 0.9879869684499315, 0.989818244170096, 0.9892616598079561, 0.9885603566529493, 0.9879170096021946, 0.9889595336076817, 0.9886947873799725, 0.9886200274348422, 0.988661865569273, 0.9876934156378601, 0.9880493827160495, 0.9895740740740739, 0.9878600823045268, 0.9879972565157751, 0.988150891632373, 0.9882002743484225, 0.9880507544581618, 0.9874766803840878, 0.9884917695473252], "key": ["0.01-0.01", "0.01-0.2", "0.01-0.5", "0.01-0.8", "0.05-0.01", "0.05-0.2", "0.05-0.5", "0.05-0.8", "0.2-0.01", "0.2-0.2", "0.2-0.5", "0.2-0.8", "0.5-0.01", "0.5-0.2", "0.5-0.5", "0.5-0.8", "0.8-0.01", "0.8-0.2", "0.8-0.5", "0.8-0.8"]}