{"flag_ratio": [0.9323300970873787, 0.9360700389105058, 0.9665217391304348, 0.9703960396039603, 0.9549901768172885, 0.9511764705882354, 0.9511764705882354, 0.9323300970873787, 0.8779245283018868, 0.9549901768172885, 0.9065517241379311, 0.9473776908023483, 0.9473776908023483, 0.9398245614035088, 0.8993129770992366, 0.9286046511627907, 0.9742857142857143, 0.9211969111969112, 0.9549901768172885, 0.9029690847872668], "tpr_ratio": [0.9207459207459208, 0.9407582938388626, 0.9495192307692307, 0.985, 0.9550827423167851, 0.9265402843601896, 0.9616306954436451, 0.9306220095693779, 0.8985849056603774, 0.9451073985680191, 0.8928571428571428, 0.9924999999999998, 0.9344262295081966, 0.9047619047619047, 0.890214797136038, 0.9399038461538461, 0.9598108747044916, 0.9239904988123515, 0.9533169533169533, 0.9280575539568346], "auroc": [0.9874407821229051, 0.9851039106145251, 0.982917877094972, 0.9812670391061452, 0.986204469273743, 0.9846458100558658, 0.9838111731843575, 0.9835318435754189, 0.9827128491620112, 0.9838430167597766, 0.9827765363128492, 0.9817312849162011, 0.9864223463687152, 0.9829877094972067, 0.981077094972067, 0.9828016759776537, 0.985318994413408, 0.9834916201117319, 0.9816128491620111, 0.9831008379888267], "key": ["0.01-0.01", "0.01-0.2", "0.01-0.5", "0.01-0.8", "0.05-0.01", "0.05-0.2", "0.05-0.5", "0.05-0.8", "0.2-0.01", "0.2-0.2", "0.2-0.5", "0.2-0.8", "0.5-0.01", "0.5-0.2", "0.5-0.5", "0.5-0.8", "0.8-0.01", "0.8-0.2", "0.8-0.5", "0.8-0.8"]}