{"flag_ratio": [0.6606463878326997, 0.7726377952755904, 0.8859470468431772, 0.6431372549019608, 0.6367924528301887, 0.7855731225296442, 0.9491701244813278, 0.8314814814814813, 0.6486742424242424, 0.7470703125, 0.7981981981981983, 0.4837209302325582, 0.6727099236641222, 0.8450704225352111, 0.5140893470790378, 0.384660766961652, 0.7218992248062014, 0.4636363636363635, 0.3578347578347578, 0.35354107648725214], "tpr_ratio": [0.6238859180035651, 0.6883651328095773, 0.7634789452971271, 0.886695652173913, 0.5965697240865027, 0.6946034653843218, 0.841297067712162, 0.9013649240278134, 0.61143586642478, 0.6845100753730196, 0.9989189189189189, 0.7472727272727273, 0.6339254615116685, 0.7713498622589533, 0.7709016393442621, 0.6207142857142858, 0.6514419557897818, 0.7276229508196719, 0.5956097560975611, 0.5934677419354838], "auroc": [0.984509023149824, 0.9769771706298105, 0.9731934413777141, 0.9540587854798798, 0.9845671795906498, 0.9732504109524008, 0.9692269347401652, 0.9660176486994914, 0.9856650307695046, 0.974856240838877, 0.9614992493071668, 0.9407362130662094, 0.9839191506785909, 0.9728896036460529, 0.944898552616743, 0.9203019387458384, 0.9787052477286349, 0.939345205950947, 0.9100462284361257, 0.9140602097192468], "key": ["0.01-0.01", "0.01-0.2", "0.01-0.5", "0.01-0.8", "0.05-0.01", "0.05-0.2", "0.05-0.5", "0.05-0.8", "0.2-0.01", "0.2-0.2", "0.2-0.5", "0.2-0.8", "0.5-0.01", "0.5-0.2", "0.5-0.5", "0.5-0.8", "0.8-0.01", "0.8-0.2", "0.8-0.5", "0.8-0.8"]}