{"flag_ratio": [0.8490566037735848, 0.8712121212121212, 0.9047619047619047, 0.9809523809523812, 0.6880733944954129, 0.8601134215500944, 0.8712121212121212, 0.958878504672897, 0.5956678700361011, 0.8490566037735848, 0.9272727272727275, 0.7999999999999999, 0.7943925233644858, 0.9961315280464217, 0.8247933884297521, 0.6322147651006711, 0.916030534351145, 0.8508474576271187, 0.6, 0.5209302325581394], "tpr_ratio": [0.6930184804928133, 0.7415254237288134, 0.8184523809523809, 0.8826879271070618, 0.5940082644628099, 0.7379409647228222, 0.7852919438285292, 0.8296047725577929, 0.5229419703103914, 0.7550946142649199, 0.8821321321321323, 0.9637850467289718, 0.6449422946367956, 0.8646063281824871, 0.9357762017336487, 0.950857142857143, 0.733264320220842, 0.8786848072562359, 0.9039252336448599, 0.8335714285714285], "auroc": [0.9959122796498381, 0.9938346924091619, 0.9902476316105048, 0.9882614821921093, 0.9948060318983092, 0.9911155414318262, 0.99128492625015, 0.9898144261901907, 0.9942064396210577, 0.9916641683655115, 0.9897634608466245, 0.9878837390574409, 0.9953126873725866, 0.9910855618179637, 0.9872901427029619, 0.9894531718431466, 0.9961101451013311, 0.9909101810768679, 0.9864911859935246, 0.9841677659191749], "key": ["0.01-0.01", "0.01-0.2", "0.01-0.5", "0.01-0.8", "0.05-0.01", "0.05-0.2", "0.05-0.5", "0.05-0.8", "0.2-0.01", "0.2-0.2", "0.2-0.5", "0.2-0.8", "0.5-0.01", "0.5-0.2", "0.5-0.5", "0.5-0.8", "0.8-0.01", "0.8-0.2", "0.8-0.5", "0.8-0.8"]}