{"0.01-0.01": {"roc": 0.9456215277777777, "flag_rate": [0.089, 0.07395833333333333], "flag_rate_ratio": 1.2033802816901407, "TPR": [0.71, 0.7666666666666667], "TPR whole": 0.73125, "TPR ratio": 0.926086956521739, "FPR": [0.02, 0.027777777777777776], "FPR whole": 0.02388888888888889, "FPR ratio": 0.7200000000000001, "PPR": [0.797752808988764, 0.647887323943662], "PPR whole": 0.73125, "PPR ratio": 1.231314118221788}, "0.01-0.2": {"roc": 0.9395, "flag_rate": [0.094, 0.06875], "flag_rate_ratio": 1.3672727272727272, "TPR": [0.69, 0.7], "TPR whole": 0.69375, "TPR ratio": 0.9857142857142857, "FPR": [0.027777777777777776, 0.02666666666666667], "FPR whole": 0.02722222222222222, "FPR ratio": 1.0416666666666665, "PPR": [0.7340425531914894, 0.6363636363636364], "PPR whole": 0.69375, "PPR ratio": 1.1534954407294833}, "0.01-0.5": {"roc": 0.9270312500000001, "flag_rate": [0.089, 0.07395833333333333], "flag_rate_ratio": 1.2033802816901407, "TPR": [0.66, 0.7], "TPR whole": 0.675, "TPR ratio": 0.942857142857143, "FPR": [0.025555555555555557, 0.03222222222222222], "FPR whole": 0.028888888888888888, "FPR ratio": 0.7931034482758621, "PPR": [0.7415730337078652, 0.5915492957746479], "PPR whole": 0.675, "PPR ratio": 1.2536115569823436}, "0.01-0.8": {"roc": 0.9337847222222222, "flag_rate": [0.09, 0.07291666666666667], "flag_rate_ratio": 1.2342857142857142, "TPR": [0.66, 0.7], "TPR whole": 0.675, "TPR ratio": 0.942857142857143, "FPR": [0.02666666666666667, 0.03111111111111111], "FPR whole": 0.028888888888888888, "FPR ratio": 0.8571428571428572, "PPR": [0.7333333333333333, 0.6], "PPR whole": 0.675, "PPR ratio": 1.222222222222222}, "0.05-0.01": {"roc": 0.9415729166666666, "flag_rate": [0.092, 0.07083333333333333], "flag_rate_ratio": 1.2988235294117647, "TPR": [0.72, 0.75], "TPR whole": 0.73125, "TPR ratio": 0.96, "FPR": [0.022222222222222223, 0.025555555555555557], "FPR whole": 0.02388888888888889, "FPR ratio": 0.8695652173913043, "PPR": [0.782608695652174, 0.6617647058823529], "PPR whole": 0.73125, "PPR ratio": 1.182608695652174}, "0.05-0.2": {"roc": 0.9377743055555554, "flag_rate": [0.09, 0.07291666666666667], "flag_rate_ratio": 1.2342857142857142, "TPR": [0.68, 0.7], "TPR whole": 0.6875, "TPR ratio": 0.9714285714285715, "FPR": [0.024444444444444446, 0.03111111111111111], "FPR whole": 0.027777777777777776, "FPR ratio": 0.7857142857142858, "PPR": [0.7555555555555555, 0.6], "PPR whole": 0.6875, "PPR ratio": 1.2592592592592593}, "0.05-0.5": {"roc": 0.9299097222222223, "flag_rate": [0.093, 0.06979166666666667], "flag_rate_ratio": 1.3325373134328358, "TPR": [0.67, 0.6833333333333333], "TPR whole": 0.675, "TPR ratio": 0.9804878048780488, "FPR": [0.028888888888888888, 0.028888888888888888], "FPR whole": 0.028888888888888888, "FPR ratio": 1.0, "PPR": [0.7204301075268817, 0.6119402985074627], "PPR whole": 0.675, "PPR ratio": 1.1772882244951481}, "0.05-0.8": {"roc": 0.9370868055555556, "flag_rate": [0.09, 0.07291666666666667], "flag_rate_ratio": 1.2342857142857142, "TPR": [0.66, 0.6666666666666666], "TPR whole": 0.6625, "TPR ratio": 0.9900000000000001, "FPR": [0.02666666666666667, 0.03333333333333333], "FPR whole": 0.03, "FPR ratio": 0.8, "PPR": [0.7333333333333333, 0.5714285714285714], "PPR whole": 0.6625, "PPR ratio": 1.2833333333333332}, "0.2-0.01": {"roc": 0.9448750000000001, "flag_rate": [0.09, 0.07291666666666667], "flag_rate_ratio": 1.2342857142857142, "TPR": [0.73, 0.7666666666666667], "TPR whole": 0.74375, "TPR ratio": 0.9521739130434782, "FPR": [0.01888888888888889, 0.02666666666666667], "FPR whole": 0.02277777777777778, "FPR ratio": 0.7083333333333333, "PPR": [0.8111111111111111, 0.6571428571428571], "PPR whole": 0.74375, "PPR ratio": 1.2342995169082125}, "0.2-0.2": {"roc": 0.9401250000000001, "flag_rate": [0.091, 0.071875], "flag_rate_ratio": 1.2660869565217392, "TPR": [0.67, 0.6833333333333333], "TPR whole": 0.675, "TPR ratio": 0.9804878048780488, "FPR": [0.02666666666666667, 0.03111111111111111], "FPR whole": 0.028888888888888888, "FPR ratio": 0.8571428571428572, "PPR": [0.7362637362637363, 0.5942028985507246], "PPR whole": 0.675, "PPR ratio": 1.2390779951755564}, "0.2-0.5": {"roc": 0.9207083333333334, "flag_rate": [0.092, 0.07083333333333333], "flag_rate_ratio": 1.2988235294117647, "TPR": [0.68, 0.6833333333333333], "TPR whole": 0.68125, "TPR ratio": 0.9951219512195122, "FPR": [0.02666666666666667, 0.03], "FPR whole": 0.028333333333333332, "FPR ratio": 0.888888888888889, "PPR": [0.7391304347826086, 0.6029411764705882], "PPR whole": 0.68125, "PPR ratio": 1.2258748674443265}, "0.2-0.8": {"roc": 0.9228263888888889, "flag_rate": [0.091, 0.071875], "flag_rate_ratio": 1.2660869565217392, "TPR": [0.67, 0.6666666666666666], "TPR whole": 0.66875, "TPR ratio": 1.0050000000000001, "FPR": [0.02666666666666667, 0.03222222222222222], "FPR whole": 0.029444444444444443, "FPR ratio": 0.8275862068965518, "PPR": [0.7362637362637363, 0.5797101449275363], "PPR whole": 0.66875, "PPR ratio": 1.270054945054945}, "0.5-0.01": {"roc": 0.9455729166666667, "flag_rate": [0.089, 0.07395833333333333], "flag_rate_ratio": 1.2033802816901407, "TPR": [0.73, 0.7833333333333333], "TPR whole": 0.75, "TPR ratio": 0.9319148936170213, "FPR": [0.017777777777777778, 0.02666666666666667], "FPR whole": 0.022222222222222223, "FPR ratio": 0.6666666666666666, "PPR": [0.8202247191011236, 0.6619718309859155], "PPR whole": 0.75, "PPR ratio": 1.2390628735357399}, "0.5-0.2": {"roc": 0.9273263888888889, "flag_rate": [0.093, 0.06979166666666667], "flag_rate_ratio": 1.3325373134328358, "TPR": [0.69, 0.6833333333333333], "TPR whole": 0.6875, "TPR ratio": 1.0097560975609756, "FPR": [0.02666666666666667, 0.028888888888888888], "FPR whole": 0.027777777777777776, "FPR ratio": 0.9230769230769231, "PPR": [0.7419354838709677, 0.6119402985074627], "PPR whole": 0.6875, "PPR ratio": 1.2124311565696302}, "0.5-0.5": {"roc": 0.931517361111111, "flag_rate": [0.087, 0.07604166666666666], "flag_rate_ratio": 1.144109589041096, "TPR": [0.61, 0.7], "TPR whole": 0.64375, "TPR ratio": 0.8714285714285714, "FPR": [0.028888888888888888, 0.034444444444444444], "FPR whole": 0.03166666666666667, "FPR ratio": 0.8387096774193548, "PPR": [0.7011494252873564, 0.5753424657534246], "PPR whole": 0.64375, "PPR ratio": 1.2186644772851671}, "0.5-0.8": {"roc": 0.9269479166666665, "flag_rate": [0.089, 0.07395833333333333], "flag_rate_ratio": 1.2033802816901407, "TPR": [0.66, 0.6833333333333333], "TPR whole": 0.66875, "TPR ratio": 0.9658536585365853, "FPR": [0.025555555555555557, 0.03333333333333333], "FPR whole": 0.029444444444444443, "FPR ratio": 0.7666666666666667, "PPR": [0.7415730337078652, 0.5774647887323944], "PPR whole": 0.66875, "PPR ratio": 1.2841874486160592}, "0.8-0.01": {"roc": 0.9384131944444446, "flag_rate": [0.089, 0.07395833333333333], "flag_rate_ratio": 1.2033802816901407, "TPR": [0.71, 0.7666666666666667], "TPR whole": 0.73125, "TPR ratio": 0.926086956521739, "FPR": [0.02, 0.027777777777777776], "FPR whole": 0.02388888888888889, "FPR ratio": 0.7200000000000001, "PPR": [0.797752808988764, 0.647887323943662], "PPR whole": 0.73125, "PPR ratio": 1.231314118221788}, "0.8-0.2": {"roc": 0.9245763888888888, "flag_rate": [0.094, 0.06875], "flag_rate_ratio": 1.3672727272727272, "TPR": [0.65, 0.6833333333333333], "TPR whole": 0.6625, "TPR ratio": 0.9512195121951219, "FPR": [0.03222222222222222, 0.027777777777777776], "FPR whole": 0.03, "FPR ratio": 1.1600000000000001, "PPR": [0.6914893617021277, 0.6212121212121212], "PPR whole": 0.6625, "PPR ratio": 1.1131292163985471}, "0.8-0.5": {"roc": 0.9312777777777778, "flag_rate": [0.089, 0.07395833333333333], "flag_rate_ratio": 1.2033802816901407, "TPR": [0.67, 0.6833333333333333], "TPR whole": 0.675, "TPR ratio": 0.9804878048780488, "FPR": [0.024444444444444446, 0.03333333333333333], "FPR whole": 0.028888888888888888, "FPR ratio": 0.7333333333333334, "PPR": [0.7528089887640449, 0.5774647887323944], "PPR whole": 0.675, "PPR ratio": 1.3036448342011508}, "0.8-0.8": {"roc": 0.9183368055555555,