{"0.01-0.01": {"roc": 0.956531746031746, "flag_rate": [0.085, 0.05851063829787234], "flag_rate_ratio": 1.4527272727272729, "TPR": [0.77, 0.775], "TPR whole": 0.7714285714285715, "TPR ratio": 0.9935483870967742, "FPR": [0.008888888888888889, 0.02666666666666667], "FPR whole": 0.017777777777777778, "FPR ratio": 0.3333333333333333, "PPR": [0.9058823529411765, 0.5636363636363636], "PPR whole": 0.7714285714285715, "PPR ratio": 1.6072106261859584}, "0.01-0.2": {"roc": 0.9595952380952382, "flag_rate": [0.088, 0.05531914893617021], "flag_rate_ratio": 1.5907692307692307, "TPR": [0.78, 0.825], "TPR whole": 0.7928571428571428, "TPR ratio": 0.9454545454545455, "FPR": [0.011111111111111112, 0.021111111111111112], "FPR whole": 0.01611111111111111, "FPR ratio": 0.5263157894736842, "PPR": [0.8863636363636364, 0.6346153846153846], "PPR whole": 0.7928571428571428, "PPR ratio": 1.396694214876033}, "0.01-0.5": {"roc": 0.9518293650793652, "flag_rate": [0.088, 0.05531914893617021], "flag_rate_ratio": 1.5907692307692307, "TPR": [0.74, 0.725], "TPR whole": 0.7357142857142858, "TPR ratio": 1.0206896551724138, "FPR": [0.015555555555555555, 0.025555555555555557], "FPR whole": 0.020555555555555556, "FPR ratio": 0.608695652173913, "PPR": [0.8409090909090909, 0.5576923076923077], "PPR whole": 0.7357142857142858, "PPR ratio": 1.5078369905956113}, "0.01-0.8": {"roc": 0.9535238095238096, "flag_rate": [0.086, 0.0574468085106383], "flag_rate_ratio": 1.497037037037037, "TPR": [0.72, 0.725], "TPR whole": 0.7214285714285714, "TPR ratio": 0.993103448275862, "FPR": [0.015555555555555555, 0.027777777777777776], "FPR whole": 0.021666666666666667, "FPR ratio": 0.56, "PPR": [0.8372093023255814, 0.5370370370370371], "PPR whole": 0.7214285714285714, "PPR ratio": 1.5589414595028066}, "0.05-0.01": {"roc": 0.9593373015873016, "flag_rate": [0.09, 0.05319148936170213], "flag_rate_ratio": 1.692, "TPR": [0.8, 0.8], "TPR whole": 0.8, "TPR ratio": 1.0, "FPR": [0.011111111111111112, 0.02], "FPR whole": 0.015555555555555555, "FPR ratio": 0.5555555555555556, "PPR": [0.8888888888888888, 0.64], "PPR whole": 0.8, "PPR ratio": 1.3888888888888888}, "0.05-0.2": {"roc": 0.9563531746031746, "flag_rate": [0.087, 0.05638297872340425], "flag_rate_ratio": 1.5430188679245282, "TPR": [0.76, 0.8], "TPR whole": 0.7714285714285715, "TPR ratio": 0.95, "FPR": [0.012222222222222223, 0.023333333333333334], "FPR whole": 0.017777777777777778, "FPR ratio": 0.5238095238095238, "PPR": [0.8735632183908046, 0.6037735849056604], "PPR whole": 0.7714285714285715, "PPR ratio": 1.4468390804597702}, "0.05-0.5": {"roc": 0.9477698412698413, "flag_rate": [0.086, 0.0574468085106383], "flag_rate_ratio": 1.497037037037037, "TPR": [0.73, 0.75], "TPR whole": 0.7357142857142858, "TPR ratio": 0.9733333333333333, "FPR": [0.014444444444444444, 0.02666666666666667], "FPR whole": 0.020555555555555556, "FPR ratio": 0.5416666666666666, "PPR": [0.8488372093023255, 0.5555555555555556], "PPR whole": 0.7357142857142858, "PPR ratio": 1.527906976744186}, "0.05-0.8": {"roc": 0.9559126984126984, "flag_rate": [0.089, 0.05425531914893617], "flag_rate_ratio": 1.6403921568627449, "TPR": [0.75, 0.725], "TPR whole": 0.7428571428571429, "TPR ratio": 1.0344827586206897, "FPR": [0.015555555555555555, 0.024444444444444446], "FPR whole": 0.02, "FPR ratio": 0.6363636363636364, "PPR": [0.8426966292134831, 0.5686274509803921], "PPR whole": 0.7428571428571429, "PPR ratio": 1.4819837272375047}, "0.2-0.01": {"roc": 0.957547619047619, "flag_rate": [0.085, 0.05851063829787234], "flag_rate_ratio": 1.4527272727272729, "TPR": [0.78, 0.775], "TPR whole": 0.7785714285714286, "TPR ratio": 1.0064516129032257, "FPR": [0.0077777777777777776, 0.02666666666666667], "FPR whole": 0.017222222222222222, "FPR ratio": 0.29166666666666663, "PPR": [0.9176470588235294, 0.5636363636363636], "PPR whole": 0.7785714285714286, "PPR ratio": 1.6280834914611007}, "0.2-0.2": {"roc": 0.9662380952380953, "flag_rate": [0.092, 0.05106382978723404], "flag_rate_ratio": 1.8016666666666667, "TPR": [0.78, 0.825], "TPR whole": 0.7928571428571428, "TPR ratio": 0.9454545454545455, "FPR": [0.015555555555555555, 0.016666666666666666], "FPR whole": 0.01611111111111111, "FPR ratio": 0.9333333333333333, "PPR": [0.8478260869565217, 0.6875], "PPR whole": 0.7928571428571428, "PPR ratio": 1.233201581027668}, "0.2-0.5": {"roc": 0.9577341269841271, "flag_rate": [0.088, 0.05531914893617021], "flag_rate_ratio": 1.5907692307692307, "TPR": [0.75, 0.775], "TPR whole": 0.7571428571428571, "TPR ratio": 0.9677419354838709, "FPR": [0.014444444444444444, 0.023333333333333334], "FPR whole": 0.01888888888888889, "FPR ratio": 0.619047619047619, "PPR": [0.8522727272727273, 0.5961538461538461], "PPR whole": 0.7571428571428571, "PPR ratio": 1.4296187683284458}, "0.2-0.8": {"roc": 0.949670634920635, "flag_rate": [0.088, 0.05531914893617021], "flag_rate_ratio": 1.5907692307692307, "TPR": [0.72, 0.725], "TPR whole": 0.7214285714285714, "TPR ratio": 0.993103448275862, "FPR": [0.017777777777777778, 0.025555555555555557], "FPR whole": 0.021666666666666667, "FPR ratio": 0.6956521739130435, "PPR": [0.8181818181818182, 0.5576923076923077], "PPR whole": 0.7214285714285714, "PPR ratio": 1.4670846394984327}, "0.5-0.01": {"roc": 0.9451031746031746, "flag_rate": [0.086, 0.0574468085106383], "flag_rate_ratio": 1.497037037037037, "TPR": [0.75, 0.675], "TPR whole": 0.7285714285714285, "TPR ratio": 1.111111111111111, "FPR": [0.012222222222222223, 0.03], "FPR whole": 0.021111111111111112, "FPR ratio": 0.40740740740740744, "PPR": [0.872093023255814, 0.5], "PPR whole": 0.7285714285714285, "PPR ratio": 1.744186046511628}, "0.5-0.2": {"roc": 0.9593412698412699, "flag_rate": [0.092, 0.05106382978723404], "flag_rate_ratio": 1.8016666666666667, "TPR": [0.8, 0.825], "TPR whole": 0.8071428571428572, "TPR ratio": 0.9696969696969698, "FPR": [0.013333333333333334, 0.016666666666666666], "FPR whole": 0.015, "FPR ratio": 0.8, "PPR": [0.8695652173913043, 0.6875], "PPR whole": 0.8071428571428572, "PPR ratio": 1.2648221343873518}, "0.5-0.5": {"roc": 0.9533928571428572, "flag_rate": [0.092, 0.05106382978723404], "flag_rate_ratio": 1.8016666666666667, "TPR": [0.77, 0.8], "TPR whole": 0.7785714285714286, "TPR ratio": 0.9625, "FPR": [0.016666666666666666, 0.017777777777777778], "FPR whole": 0.017222222222222222, "FPR ratio": 0.9375, "PPR": [0.8369565217391305, 0.6666666666666666], "PPR whole": 0.7785714285714286, "PPR ratio": 1.2554347826086958}, "0.5-0.8": {"roc": 0.9520039682539683, "flag_rate": [0.084, 0.059574468085106386], "flag_rate_ratio": 1.41, "TPR": [0.72, 0.75], "TPR whole": 0.7285714285714285, "TPR ratio": 0.96, "FPR": [0.013333333333333334, 0.028888888888888888], "FPR whole": 0.021111111111111112, "FPR ratio": 0.46153846153846156, "PPR": [0.8571428571428571, 0.5357142857142857], "PPR whole": 0.7285714285714285, "PPR ratio": 1.5999999999999999}, "0.8-0.01": {"roc": 0.9576904761904761, "flag_rate": [0.091, 0.052127659574468084], "flag_rate_ratio": 1.7457142857142858, "TPR": [0.83, 0.8], "TPR whole": 0.8214285714285714, "TPR ratio": 1.0374999999999999, "FPR": [0.008888888888888889, 0.01888888888888889], "FPR whole": 0.013888888888888888, "FPR ratio": 0.47058823529411764, "PPR": [0.9120879120879121, 0.6530612244897959], "PPR whole": 0.8214285714285714, "PPR ratio": 1.3966346153846154}, "0.8-0.2": {"roc": 0.951563492063492, "flag_rate": [0.085, 0.05851063829787234], "flag_rate_ratio": 1.4527272727272729, "TPR": [0.73, 0.725], "TPR whole": 0.7285714285714285, "TPR ratio": 1.006896551724138, "FPR": [0.013333333333333334, 0.028888888888888888], "FPR whole": 0.021111111111111112, "FPR ratio": 0.46153846153846156, "PPR": [0.8588235294117647, 0.5272727272727272], "PPR whole": 0.7285714285714285, "PPR ratio": 1.6288032454361054}, "0.8-0.5": {"roc": 0.9558849206349207, "flag_rate": [0.085, 0.05851063829787234], "flag_rate_ratio": 1.4527272727272729, "TPR": [0.71, 0.725], "TPR whole": 0.7142857142857143, "TPR ratio": 0.9793103448275862,