{"0.01-0.01": {"roc": 0.9707037037037037, "flag_rate": [0.095, 0.08673469387755102], "flag_rate_ratio": 1.0952941176470588, "TPR": [0.76, 0.8875], "TPR whole": 0.8166666666666667, "TPR ratio": 0.8563380281690142, "FPR": [0.021111111111111112, 0.015555555555555555], "FPR whole": 0.018333333333333333, "FPR ratio": 1.3571428571428572, "PPR": [0.8, 0.8352941176470589], "PPR whole": 0.8166666666666667, "PPR ratio": 0.9577464788732395}, "0.01-0.2": {"roc": 0.954570987654321, "flag_rate": [0.087, 0.09489795918367347], "flag_rate_ratio": 0.9167741935483871, "TPR": [0.75, 0.875], "TPR whole": 0.8055555555555556, "TPR ratio": 0.8571428571428571, "FPR": [0.013333333333333334, 0.025555555555555557], "FPR whole": 0.019444444444444445, "FPR ratio": 0.5217391304347826, "PPR": [0.8620689655172413, 0.7526881720430108], "PPR whole": 0.8055555555555556, "PPR ratio": 1.145320197044335}, "0.01-0.5": {"roc": 0.9554382716049383, "flag_rate": [0.091, 0.09081632653061225], "flag_rate_ratio": 1.0020224719101123, "TPR": [0.74, 0.875], "TPR whole": 0.8, "TPR ratio": 0.8457142857142858, "FPR": [0.01888888888888889, 0.021111111111111112], "FPR whole": 0.02, "FPR ratio": 0.8947368421052632, "PPR": [0.8131868131868132, 0.7865168539325843], "PPR whole": 0.8, "PPR ratio": 1.0339089481946624}, "0.01-0.8": {"roc": 0.950787037037037, "flag_rate": [0.086, 0.09591836734693877], "flag_rate_ratio": 0.896595744680851, "TPR": [0.72, 0.8625], "TPR whole": 0.7833333333333333, "TPR ratio": 0.8347826086956521, "FPR": [0.015555555555555555, 0.027777777777777776], "FPR whole": 0.021666666666666667, "FPR ratio": 0.56, "PPR": [0.8372093023255814, 0.7340425531914894], "PPR whole": 0.7833333333333333, "PPR ratio": 1.140546006066734}, "0.05-0.01": {"roc": 0.9589320987654321, "flag_rate": [0.09, 0.09183673469387756], "flag_rate_ratio": 0.9799999999999999, "TPR": [0.75, 0.8375], "TPR whole": 0.7888888888888889, "TPR ratio": 0.8955223880597015, "FPR": [0.016666666666666666, 0.025555555555555557], "FPR whole": 0.021111111111111112, "FPR ratio": 0.6521739130434782, "PPR": [0.8333333333333334, 0.7444444444444445], "PPR whole": 0.7888888888888889, "PPR ratio": 1.119402985074627}, "0.05-0.2": {"roc": 0.9552222222222223, "flag_rate": [0.086, 0.09591836734693877], "flag_rate_ratio": 0.896595744680851, "TPR": [0.74, 0.8625], "TPR whole": 0.7944444444444444, "TPR ratio": 0.8579710144927536, "FPR": [0.013333333333333334, 0.027777777777777776], "FPR whole": 0.020555555555555556, "FPR ratio": 0.48000000000000004, "PPR": [0.8604651162790697, 0.7340425531914894], "PPR whole": 0.7944444444444444, "PPR ratio": 1.1722278395685877}, "0.05-0.5": {"roc": 0.9570925925925926, "flag_rate": [0.09, 0.09183673469387756], "flag_rate_ratio": 0.9799999999999999, "TPR": [0.69, 0.85], "TPR whole": 0.7611111111111111, "TPR ratio": 0.8117647058823529, "FPR": [0.023333333333333334, 0.024444444444444446], "FPR whole": 0.02388888888888889, "FPR ratio": 0.9545454545454546, "PPR": [0.7666666666666667, 0.7555555555555555], "PPR whole": 0.7611111111111111, "PPR ratio": 1.0147058823529413}, "0.05-0.8": {"roc": 0.949719135802469, "flag_rate": [0.086, 0.09591836734693877], "flag_rate_ratio": 0.896595744680851, "TPR": [0.7, 0.85], "TPR whole": 0.7666666666666667, "TPR ratio": 0.8235294117647058, "FPR": [0.017777777777777778, 0.028888888888888888], "FPR whole": 0.023333333333333334, "FPR ratio": 0.6153846153846154, "PPR": [0.813953488372093, 0.723404255319149], "PPR whole": 0.7666666666666667, "PPR ratio": 1.1251709986320109}, "0.2-0.01": {"roc": 0.9633518518518519, "flag_rate": [0.089, 0.09285714285714286], "flag_rate_ratio": 0.9584615384615384, "TPR": [0.79, 0.8625], "TPR whole": 0.8222222222222222, "TPR ratio": 0.9159420289855073, "FPR": [0.011111111111111112, 0.024444444444444446], "FPR whole": 0.017777777777777778, "FPR ratio": 0.45454545454545453, "PPR": [0.8876404494382022, 0.7582417582417582], "PPR whole": 0.8222222222222222, "PPR ratio": 1.1706562449112523}, "0.2-0.2": {"roc": 0.9574506172839505, "flag_rate": [0.093, 0.08877551020408163], "flag_rate_ratio": 1.0475862068965518, "TPR": [0.77, 0.8625], "TPR whole": 0.8111111111111111, "TPR ratio": 0.8927536231884058, "FPR": [0.017777777777777778, 0.02], "FPR whole": 0.01888888888888889, "FPR ratio": 0.8888888888888888, "PPR": [0.8279569892473119, 0.7931034482758621], "PPR whole": 0.8111111111111111, "PPR ratio": 1.0439457690509584}, "0.2-0.5": {"roc": 0.9515123456790123, "flag_rate": [0.086, 0.09591836734693877], "flag_rate_ratio": 0.896595744680851, "TPR": [0.73, 0.85], "TPR whole": 0.7833333333333333, "TPR ratio": 0.8588235294117647, "FPR": [0.014444444444444444, 0.028888888888888888], "FPR whole": 0.021666666666666667, "FPR ratio": 0.5, "PPR": [0.8488372093023255, 0.723404255319149], "PPR whole": 0.7833333333333333, "PPR ratio": 1.173392612859097}, "0.2-0.8": {"roc": 0.9380925925925925, "flag_rate": [0.086, 0.09591836734693877], "flag_rate_ratio": 0.896595744680851, "TPR": [0.71, 0.8], "TPR whole": 0.75, "TPR ratio": 0.8875, "FPR": [0.016666666666666666, 0.03333333333333333], "FPR whole": 0.025, "FPR ratio": 0.5, "PPR": [0.8255813953488372, 0.6808510638297872], "PPR whole": 0.75, "PPR ratio": 1.2125726744186047}, "0.5-0.01": {"roc": 0.965253086419753, "flag_rate": [0.086, 0.09591836734693877], "flag_rate_ratio": 0.896595744680851, "TPR": [0.77, 0.8625], "TPR whole": 0.8111111111111111, "TPR ratio": 0.8927536231884058, "FPR": [0.01, 0.027777777777777776], "FPR whole": 0.01888888888888889, "FPR ratio": 0.36000000000000004, "PPR": [0.8953488372093024, 0.7340425531914894], "PPR whole": 0.8111111111111111, "PPR ratio": 1.2197505898213685}, "0.5-0.2": {"roc": 0.9589938271604939, "flag_rate": [0.09, 0.09183673469387756], "flag_rate_ratio": 0.9799999999999999, "TPR": [0.73, 0.8625], "TPR whole": 0.7888888888888889, "TPR ratio": 0.8463768115942029, "FPR": [0.01888888888888889, 0.023333333333333334], "FPR whole": 0.021111111111111112, "FPR ratio": 0.8095238095238095, "PPR": [0.8111111111111111, 0.7666666666666667], "PPR whole": 0.7888888888888889, "PPR ratio": 1.0579710144927537}, "0.5-0.5": {"roc": 0.9520617283950618, "flag_rate": [0.092, 0.08979591836734693], "flag_rate_ratio": 1.0245454545454546, "TPR": [0.73, 0.85], "TPR whole": 0.7833333333333333, "TPR ratio": 0.8588235294117647, "FPR": [0.021111111111111112, 0.022222222222222223], "FPR whole": 0.021666666666666667, "FPR ratio": 0.95, "PPR": [0.7934782608695652, 0.7727272727272727], "PPR whole": 0.7833333333333333, "PPR ratio": 1.026854219948849}, "0.5-0.8": {"roc": 0.9509104938271604, "flag_rate": [0.086, 0.09591836734693877], "flag_rate_ratio": 0.896595744680851, "TPR": [0.72, 0.8375], "TPR whole": 0.7722222222222223, "TPR ratio": 0.8597014925373134, "FPR": [0.015555555555555555, 0.03], "FPR whole": 0.02277777777777778, "FPR ratio": 0.5185185185185185, "PPR": [0.8372093023255814, 0.7127659574468085], "PPR whole": 0.7722222222222223, "PPR ratio": 1.1745921555015622}, "0.8-0.01": {"roc": 0.9675030864197531, "flag_rate": [0.09, 0.09183673469387756], "flag_rate_ratio": 0.9799999999999999, "TPR": [0.77, 0.8875], "TPR whole": 0.8222222222222222, "TPR ratio": 0.867605633802817, "FPR": [0.014444444444444444, 0.021111111111111112], "FPR whole": 0.017777777777777778, "FPR ratio": 0.6842105263157894, "PPR": [0.8555555555555555, 0.7888888888888889], "PPR whole": 0.8222222222222222, "PPR ratio": 1.084507042253521}, "0.8-0.2": {"roc": 0.9483333333333334, "flag_rate": [0.089, 0.09285714285714286], "flag_rate_ratio": 0.9584615384615384, "TPR": [0.73, 0.8375], "TPR whole": 0.7777777777777778, "TPR ratio": 0.8716417910447761, "FPR": [0.017777777777777778, 0.02666666666666667], "FPR whole": 0.022222222222222223, "FPR ratio": 0.6666666666666666, "PPR": [0.8202247191011236, 0.7362637362637363], "PPR whole": 0.7777777777777778, "PPR ratio": 1.1140365587791379}, "0.8-0.5": {"roc": 0.9392469135802468, "flag_rate": [0.087, 0.09489795918367347], "flag_rate_ratio": 0.9167741935483871, "TPR": [0.7, 0.8], "TPR whole": 0.7444444444444445, "TPR ratio": 0.8749999999999999,