{"0.01-0.01": {"roc": 0.9766228070175438, "flag_rate": [0.101, 0.0898989898989899], "flag_rate_ratio": 1.123483146067416, "TPR": [0.83, 0.8777777777777778], "TPR whole": 0.8526315789473684, "TPR ratio": 0.9455696202531645, "FPR": [0.02, 0.011111111111111112], "FPR whole": 0.015555555555555555, "FPR ratio": 1.8, "PPR": [0.8217821782178217, 0.8876404494382022], "PPR whole": 0.8526315789473684, "PPR ratio": 0.9258052387517233}, "0.01-0.2": {"roc": 0.9710701754385964, "flag_rate": [0.099, 0.09191919191919191], "flag_rate_ratio": 1.0770329670329672, "TPR": [0.8, 0.8777777777777778], "TPR whole": 0.8368421052631579, "TPR ratio": 0.9113924050632912, "FPR": [0.021111111111111112, 0.013333333333333334], "FPR whole": 0.017222222222222222, "FPR ratio": 1.5833333333333333, "PPR": [0.8080808080808081, 0.8681318681318682], "PPR whole": 0.8368421052631579, "PPR ratio": 0.930827259941184}, "0.01-0.5": {"roc": 0.9687163742690059, "flag_rate": [0.098, 0.09292929292929293], "flag_rate_ratio": 1.0545652173913043, "TPR": [0.76, 0.8333333333333334], "TPR whole": 0.7947368421052632, "TPR ratio": 0.9119999999999999, "FPR": [0.024444444444444446, 0.01888888888888889], "FPR whole": 0.021666666666666667, "FPR ratio": 1.2941176470588236, "PPR": [0.7755102040816326, 0.8152173913043478], "PPR whole": 0.7947368421052632, "PPR ratio": 0.9512925170068027}, "0.01-0.8": {"roc": 0.9616461988304094, "flag_rate": [0.095, 0.09595959595959595], "flag_rate_ratio": 0.9900000000000001, "TPR": [0.77, 0.8444444444444444], "TPR whole": 0.8052631578947368, "TPR ratio": 0.9118421052631579, "FPR": [0.02, 0.021111111111111112], "FPR whole": 0.020555555555555556, "FPR ratio": 0.9473684210526315, "PPR": [0.8105263157894737, 0.8], "PPR whole": 0.8052631578947368, "PPR ratio": 1.013157894736842}, "0.05-0.01": {"roc": 0.9768538011695906, "flag_rate": [0.101, 0.0898989898989899], "flag_rate_ratio": 1.123483146067416, "TPR": [0.83, 0.8777777777777778], "TPR whole": 0.8526315789473684, "TPR ratio": 0.9455696202531645, "FPR": [0.02, 0.011111111111111112], "FPR whole": 0.015555555555555555, "FPR ratio": 1.8, "PPR": [0.8217821782178217, 0.8876404494382022], "PPR whole": 0.8526315789473684, "PPR ratio": 0.9258052387517233}, "0.05-0.2": {"roc": 0.9733742690058479, "flag_rate": [0.096, 0.09494949494949495], "flag_rate_ratio": 1.011063829787234, "TPR": [0.8, 0.8777777777777778], "TPR whole": 0.8368421052631579, "TPR ratio": 0.9113924050632912, "FPR": [0.017777777777777778, 0.016666666666666666], "FPR whole": 0.017222222222222222, "FPR ratio": 1.0666666666666667, "PPR": [0.8333333333333334, 0.8404255319148937], "PPR whole": 0.8368421052631579, "PPR ratio": 0.9915611814345991}, "0.05-0.5": {"roc": 0.9635438596491228, "flag_rate": [0.098, 0.09292929292929293], "flag_rate_ratio": 1.0545652173913043, "TPR": [0.77, 0.8444444444444444], "TPR whole": 0.8052631578947368, "TPR ratio": 0.9118421052631579, "FPR": [0.023333333333333334, 0.017777777777777778], "FPR whole": 0.020555555555555556, "FPR ratio": 1.3125, "PPR": [0.7857142857142857, 0.8260869565217391], "PPR whole": 0.8052631578947368, "PPR ratio": 0.9511278195488722}, "0.05-0.8": {"roc": 0.957701754385965, "flag_rate": [0.094, 0.09696969696969697], "flag_rate_ratio": 0.969375, "TPR": [0.75, 0.8444444444444444], "TPR whole": 0.7947368421052632, "TPR ratio": 0.8881578947368421, "FPR": [0.021111111111111112, 0.022222222222222223], "FPR whole": 0.021666666666666667, "FPR ratio": 0.95, "PPR": [0.7978723404255319, 0.7916666666666666], "PPR whole": 0.7947368421052632, "PPR ratio": 1.007838745800672}, "0.2-0.01": {"roc": 0.9727280701754386, "flag_rate": [0.1, 0.09090909090909091], "flag_rate_ratio": 1.1, "TPR": [0.81, 0.8777777777777778], "TPR whole": 0.8421052631578947, "TPR ratio": 0.9227848101265823, "FPR": [0.021111111111111112, 0.012222222222222223], "FPR whole": 0.016666666666666666, "FPR ratio": 1.7272727272727273, "PPR": [0.81, 0.8777777777777778], "PPR whole": 0.8421052631578947, "PPR ratio": 0.9227848101265823}, "0.2-0.2": {"roc": 0.9679619883040936, "flag_rate": [0.096, 0.09494949494949495], "flag_rate_ratio": 1.011063829787234, "TPR": [0.79, 0.8666666666666667], "TPR whole": 0.8263157894736842, "TPR ratio": 0.9115384615384615, "FPR": [0.01888888888888889, 0.017777777777777778], "FPR whole": 0.018333333333333333, "FPR ratio": 1.0625, "PPR": [0.8229166666666666, 0.8297872340425532], "PPR whole": 0.8263157894736842, "PPR ratio": 0.9917200854700855}, "0.2-0.5": {"roc": 0.970921052631579, "flag_rate": [0.099, 0.09191919191919191], "flag_rate_ratio": 1.0770329670329672, "TPR": [0.76, 0.8666666666666667], "TPR whole": 0.8105263157894737, "TPR ratio": 0.8769230769230769, "FPR": [0.025555555555555557, 0.014444444444444444], "FPR whole": 0.02, "FPR ratio": 1.7692307692307694, "PPR": [0.7676767676767676, 0.8571428571428571], "PPR whole": 0.8105263157894737, "PPR ratio": 0.8956228956228957}, "0.2-0.8": {"roc": 0.966906432748538, "flag_rate": [0.096, 0.09494949494949495], "flag_rate_ratio": 1.011063829787234, "TPR": [0.76, 0.8555555555555555], "TPR whole": 0.8052631578947368, "TPR ratio": 0.8883116883116884, "FPR": [0.022222222222222223, 0.01888888888888889], "FPR whole": 0.020555555555555556, "FPR ratio": 1.1764705882352942, "PPR": [0.7916666666666666, 0.8191489361702128], "PPR whole": 0.8052631578947368, "PPR ratio": 0.9664502164502163}, "0.5-0.01": {"roc": 0.9806491228070175, "flag_rate": [0.098, 0.09292929292929293], "flag_rate_ratio": 1.0545652173913043, "TPR": [0.82, 0.9], "TPR whole": 0.8578947368421053, "TPR ratio": 0.911111111111111, "FPR": [0.017777777777777778, 0.012222222222222223], "FPR whole": 0.015, "FPR ratio": 1.4545454545454544, "PPR": [0.8367346938775511, 0.8804347826086957], "PPR whole": 0.8578947368421053, "PPR ratio": 0.9503653313177123}, "0.5-0.2": {"roc": 0.9630380116959065, "flag_rate": [0.094, 0.09696969696969697], "flag_rate_ratio": 0.969375, "TPR": [0.75, 0.8444444444444444], "TPR whole": 0.7947368421052632, "TPR ratio": 0.8881578947368421, "FPR": [0.021111111111111112, 0.022222222222222223], "FPR whole": 0.021666666666666667, "FPR ratio": 0.95, "PPR": [0.7978723404255319, 0.7916666666666666], "PPR whole": 0.7947368421052632, "PPR ratio": 1.007838745800672}, "0.5-0.5": {"roc": 0.9634152046783626, "flag_rate": [0.093, 0.09797979797979799], "flag_rate_ratio": 0.9491752577319587, "TPR": [0.76, 0.8666666666666667], "TPR whole": 0.8105263157894737, "TPR ratio": 0.8769230769230769, "FPR": [0.01888888888888889, 0.021111111111111112], "FPR whole": 0.02, "FPR ratio": 0.8947368421052632, "PPR": [0.8172043010752689, 0.8041237113402062], "PPR whole": 0.8105263157894737, "PPR ratio": 1.0162668872346292}, "0.5-0.8": {"roc": 0.9536725146198831, "flag_rate": [0.097, 0.09393939393939393], "flag_rate_ratio": 1.0325806451612904, "TPR": [0.76, 0.8333333333333334], "TPR whole": 0.7947368421052632, "TPR ratio": 0.9119999999999999, "FPR": [0.023333333333333334, 0.02], "FPR whole": 0.021666666666666667, "FPR ratio": 1.1666666666666667, "PPR": [0.7835051546391752, 0.8064516129032258], "PPR whole": 0.7947368421052632, "PPR ratio": 0.9715463917525774}, "0.8-0.01": {"roc": 0.9757163742690058, "flag_rate": [0.1, 0.09090909090909091], "flag_rate_ratio": 1.1, "TPR": [0.8, 0.8777777777777778], "TPR whole": 0.8368421052631579, "TPR ratio": 0.9113924050632912, "FPR": [0.022222222222222223, 0.012222222222222223], "FPR whole": 0.017222222222222222, "FPR ratio": 1.8181818181818181, "PPR": [0.8, 0.8777777777777778], "PPR whole": 0.8368421052631579, "PPR ratio": 0.9113924050632912}, "0.8-0.2": {"roc": 0.9650116959064327, "flag_rate": [0.095, 0.09595959595959595], "flag_rate_ratio": 0.9900000000000001, "TPR": [0.78, 0.8555555555555555], "TPR whole": 0.8157894736842105, "TPR ratio": 0.9116883116883118, "FPR": [0.01888888888888889, 0.02], "FPR whole": 0.019444444444444445, "FPR ratio": 0.9444444444444444, "PPR": [0.8210526315789474, 0.8105263157894737], "PPR whole": 0.8157894736842105, "PPR ratio": 1.012987012987013}, "0.8-0.5": {"roc": 0.9615350877192982,