{"0.01-0.01": {"roc": 0.9761538461538461, "flag_rate": [0.096, 0.09949748743718594], "flag_rate_ratio": 0.9648484848484848, "TPR": [0.78, 0.9157894736842105], "TPR whole": 0.8461538461538461, "TPR ratio": 0.8517241379310345, "FPR": [0.02, 0.013333333333333334], "FPR whole": 0.016666666666666666, "FPR ratio": 1.5, "PPR": [0.8125, 0.8787878787878788], "PPR whole": 0.8461538461538461, "PPR ratio": 0.9245689655172414}, "0.01-0.2": {"roc": 0.9694472934472934, "flag_rate": [0.096, 0.09949748743718594], "flag_rate_ratio": 0.9648484848484848, "TPR": [0.79, 0.8947368421052632], "TPR whole": 0.841025641025641, "TPR ratio": 0.8829411764705882, "FPR": [0.01888888888888889, 0.015555555555555555], "FPR whole": 0.017222222222222222, "FPR ratio": 1.2142857142857144, "PPR": [0.8229166666666666, 0.8585858585858586], "PPR whole": 0.841025641025641, "PPR ratio": 0.9584558823529412}, "0.01-0.5": {"roc": 0.9633646723646725, "flag_rate": [0.091, 0.10452261306532663], "flag_rate_ratio": 0.870625, "TPR": [0.75, 0.8631578947368421], "TPR whole": 0.8051282051282052, "TPR ratio": 0.8689024390243902, "FPR": [0.017777777777777778, 0.024444444444444446], "FPR whole": 0.021111111111111112, "FPR ratio": 0.7272727272727272, "PPR": [0.8241758241758241, 0.7884615384615384], "PPR whole": 0.8051282051282052, "PPR ratio": 1.0452961672473868}, "0.01-0.8": {"roc": 0.9667236467236467, "flag_rate": [0.089, 0.10653266331658291], "flag_rate_ratio": 0.8354245283018867, "TPR": [0.73, 0.8947368421052632], "TPR whole": 0.8102564102564103, "TPR ratio": 0.8158823529411764, "FPR": [0.017777777777777778, 0.023333333333333334], "FPR whole": 0.020555555555555556, "FPR ratio": 0.7619047619047619, "PPR": [0.8202247191011236, 0.8018867924528302], "PPR whole": 0.8102564102564103, "PPR ratio": 1.0228684732319895}, "0.05-0.01": {"roc": 0.9735498575498577, "flag_rate": [0.098, 0.09748743718592964], "flag_rate_ratio": 1.005257731958763, "TPR": [0.81, 0.8947368421052632], "TPR whole": 0.8512820512820513, "TPR ratio": 0.9052941176470589, "FPR": [0.01888888888888889, 0.013333333333333334], "FPR whole": 0.01611111111111111, "FPR ratio": 1.4166666666666665, "PPR": [0.826530612244898, 0.8762886597938144], "PPR whole": 0.8512820512820513, "PPR ratio": 0.9432172869147659}, "0.05-0.2": {"roc": 0.9694273504273504, "flag_rate": [0.095, 0.10050251256281408], "flag_rate_ratio": 0.9452499999999999, "TPR": [0.79, 0.9052631578947369], "TPR whole": 0.8461538461538461, "TPR ratio": 0.8726744186046511, "FPR": [0.017777777777777778, 0.015555555555555555], "FPR whole": 0.016666666666666666, "FPR ratio": 1.1428571428571428, "PPR": [0.8315789473684211, 0.86], "PPR whole": 0.8461538461538461, "PPR ratio": 0.966952264381885}, "0.05-0.5": {"roc": 0.9663988603988604, "flag_rate": [0.091, 0.10452261306532663], "flag_rate_ratio": 0.870625, "TPR": [0.77, 0.8842105263157894], "TPR whole": 0.8256410256410256, "TPR ratio": 0.8708333333333333, "FPR": [0.015555555555555555, 0.022222222222222223], "FPR whole": 0.01888888888888889, "FPR ratio": 0.7, "PPR": [0.8461538461538461, 0.8076923076923077], "PPR whole": 0.8256410256410256, "PPR ratio": 1.0476190476190477}, "0.05-0.8": {"roc": 0.9633333333333334, "flag_rate": [0.089, 0.10653266331658291], "flag_rate_ratio": 0.8354245283018867, "TPR": [0.76, 0.8526315789473684], "TPR whole": 0.8051282051282052, "TPR ratio": 0.891358024691358, "FPR": [0.014444444444444444, 0.027777777777777776], "FPR whole": 0.021111111111111112, "FPR ratio": 0.52, "PPR": [0.8539325842696629, 0.7641509433962265], "PPR whole": 0.8051282051282052, "PPR ratio": 1.1174920238590649}, "0.2-0.01": {"roc": 0.9741025641025641, "flag_rate": [0.096, 0.09949748743718594], "flag_rate_ratio": 0.9648484848484848, "TPR": [0.81, 0.9157894736842105], "TPR whole": 0.8615384615384616, "TPR ratio": 0.8844827586206897, "FPR": [0.016666666666666666, 0.013333333333333334], "FPR whole": 0.015, "FPR ratio": 1.25, "PPR": [0.84375, 0.8787878787878788], "PPR whole": 0.8615384615384616, "PPR ratio": 0.9601293103448276}, "0.2-0.2": {"roc": 0.9691168091168092, "flag_rate": [0.095, 0.10050251256281408], "flag_rate_ratio": 0.9452499999999999, "TPR": [0.76, 0.8842105263157894], "TPR whole": 0.8205128205128205, "TPR ratio": 0.8595238095238096, "FPR": [0.021111111111111112, 0.017777777777777778], "FPR whole": 0.019444444444444445, "FPR ratio": 1.1875, "PPR": [0.8, 0.84], "PPR whole": 0.8205128205128205, "PPR ratio": 0.9523809523809524}, "0.2-0.5": {"roc": 0.9641054131054132, "flag_rate": [0.094, 0.10150753768844221], "flag_rate_ratio": 0.926039603960396, "TPR": [0.78, 0.8842105263157894], "TPR whole": 0.8307692307692308, "TPR ratio": 0.8821428571428572, "FPR": [0.017777777777777778, 0.01888888888888889], "FPR whole": 0.018333333333333333, "FPR ratio": 0.9411764705882353, "PPR": [0.8297872340425532, 0.8316831683168316], "PPR whole": 0.8307692307692308, "PPR ratio": 0.9977203647416414}, "0.2-0.8": {"roc": 0.966017094017094, "flag_rate": [0.092, 0.1035175879396985], "flag_rate_ratio": 0.8887378640776699, "TPR": [0.75, 0.8842105263157894], "TPR whole": 0.8153846153846154, "TPR ratio": 0.8482142857142857, "FPR": [0.01888888888888889, 0.021111111111111112], "FPR whole": 0.02, "FPR ratio": 0.8947368421052632, "PPR": [0.8152173913043478, 0.8155339805825242], "PPR whole": 0.8153846153846154, "PPR ratio": 0.999611801242236}, "0.5-0.01": {"roc": 0.9757720797720798, "flag_rate": [0.1, 0.09547738693467336], "flag_rate_ratio": 1.0473684210526317, "TPR": [0.84, 0.8842105263157894], "TPR whole": 0.8615384615384616, "TPR ratio": 0.95, "FPR": [0.017777777777777778, 0.012222222222222223], "FPR whole": 0.015, "FPR ratio": 1.4545454545454544, "PPR": [0.84, 0.8842105263157894], "PPR whole": 0.8615384615384616, "PPR ratio": 0.95}, "0.5-0.2": {"roc": 0.973054131054131, "flag_rate": [0.094, 0.10150753768844221], "flag_rate_ratio": 0.926039603960396, "TPR": [0.78, 0.8631578947368421], "TPR whole": 0.8205128205128205, "TPR ratio": 0.9036585365853659, "FPR": [0.017777777777777778, 0.021111111111111112], "FPR whole": 0.019444444444444445, "FPR ratio": 0.8421052631578947, "PPR": [0.8297872340425532, 0.8118811881188119], "PPR whole": 0.8205128205128205, "PPR ratio": 1.0220550077841204}, "0.5-0.5": {"roc": 0.9659601139601138, "flag_rate": [0.094, 0.10150753768844221], "flag_rate_ratio": 0.926039603960396, "TPR": [0.75, 0.8526315789473684], "TPR whole": 0.8, "TPR ratio": 0.8796296296296297, "FPR": [0.021111111111111112, 0.022222222222222223], "FPR whole": 0.021666666666666667, "FPR ratio": 0.95, "PPR": [0.7978723404255319, 0.801980198019802], "PPR whole": 0.8, "PPR ratio": 0.9948778565799842}, "0.5-0.8": {"roc": 0.965997150997151, "flag_rate": [0.095, 0.10050251256281408], "flag_rate_ratio": 0.9452499999999999, "TPR": [0.79, 0.8421052631578947], "TPR whole": 0.8153846153846154, "TPR ratio": 0.9381250000000001, "FPR": [0.017777777777777778, 0.022222222222222223], "FPR whole": 0.02, "FPR ratio": 0.7999999999999999, "PPR": [0.8315789473684211, 0.8], "PPR whole": 0.8153846153846154, "PPR ratio": 1.0394736842105263}, "0.8-0.01": {"roc": 0.9717891737891738, "flag_rate": [0.101, 0.09447236180904522], "flag_rate_ratio": 1.0690957446808511, "TPR": [0.83, 0.8631578947368421], "TPR whole": 0.8461538461538461, "TPR ratio": 0.9615853658536585, "FPR": [0.02, 0.013333333333333334], "FPR whole": 0.016666666666666666, "FPR ratio": 1.5, "PPR": [0.8217821782178217, 0.8723404255319149], "PPR whole": 0.8461538461538461, "PPR ratio": 0.9420429847862835}, "0.8-0.2": {"roc": 0.9639743589743591, "flag_rate": [0.095, 0.10050251256281408], "flag_rate_ratio": 0.9452499999999999, "TPR": [0.78, 0.8947368421052632], "TPR whole": 0.8358974358974359, "TPR ratio": 0.871764705882353, "FPR": [0.01888888888888889, 0.016666666666666666], "FPR whole": 0.017777777777777778, "FPR ratio": 1.1333333333333333, "PPR": [0.8210526315789474, 0.85], "PPR whole": 0.8358974358974359, "PPR ratio": 0.9659442724458205}, "0.8-0.5": {"roc": 0.9629401709401709, "flag_rate": [0.093, 0.10251256281407035], "flag_rate_ratio": 0.9072058823529412,