{"0.01-0.01": {"roc": 0.946863157894737, "flag_rate": [0.042, 0.058], "flag_rate_ratio": 0.7241379310344828, "TPR": [0.8484848484848485, 0.7910447761194029], "TPR whole": 0.81, "TPR ratio": 1.0726129216695255, "FPR": [0.014477766287487074, 0.0053590568060021436], "FPR whole": 0.01, "FPR ratio": 2.701551189245088, "PPR": [0.6666666666666666, 0.9137931034482759], "PPR whole": 0.81, "PPR ratio": 0.7295597484276729}, "0.01-0.2": {"roc": 0.9398315789473685, "flag_rate": [0.044, 0.056], "flag_rate_ratio": 0.7857142857142857, "TPR": [0.8484848484848485, 0.7611940298507462], "TPR whole": 0.79, "TPR ratio": 1.114676173499703, "FPR": [0.016546018614270942, 0.0053590568060021436], "FPR whole": 0.011052631578947368, "FPR ratio": 3.087487073422958, "PPR": [0.6363636363636364, 0.9107142857142857], "PPR whole": 0.79, "PPR ratio": 0.6987522281639929}, "0.01-0.5": {"roc": 0.9384526315789473, "flag_rate": [0.045, 0.055], "flag_rate_ratio": 0.8181818181818181, "TPR": [0.8787878787878788, 0.746268656716418], "TPR whole": 0.79, "TPR ratio": 1.1775757575757575, "FPR": [0.016546018614270942, 0.0053590568060021436], "FPR whole": 0.011052631578947368, "FPR ratio": 3.087487073422958, "PPR": [0.6444444444444445, 0.9090909090909091], "PPR whole": 0.79, "PPR ratio": 0.708888888888889}, "0.01-0.8": {"roc": 0.9409684210526316, "flag_rate": [0.044, 0.056], "flag_rate_ratio": 0.7857142857142857, "TPR": [0.8181818181818182, 0.7761194029850746], "TPR whole": 0.79, "TPR ratio": 1.0541958041958042, "FPR": [0.017580144777662874, 0.004287245444801715], "FPR whole": 0.011052631578947368, "FPR ratio": 4.100568769389866, "PPR": [0.6136363636363636, 0.9285714285714286], "PPR whole": 0.79, "PPR ratio": 0.6608391608391608}, "0.05-0.01": {"roc": 0.9450842105263159, "flag_rate": [0.041, 0.059], "flag_rate_ratio": 0.6949152542372882, "TPR": [0.8484848484848485, 0.7611940298507462], "TPR whole": 0.79, "TPR ratio": 1.114676173499703, "FPR": [0.01344364012409514, 0.00857449088960343], "FPR whole": 0.011052631578947368, "FPR ratio": 1.5678645294725957, "PPR": [0.6829268292682927, 0.864406779661017], "PPR whole": 0.79, "PPR ratio": 0.790052606408417}, "0.05-0.2": {"roc": 0.9349789473684209, "flag_rate": [0.043, 0.057], "flag_rate_ratio": 0.7543859649122806, "TPR": [0.8484848484848485, 0.7611940298507462], "TPR whole": 0.79, "TPR ratio": 1.114676173499703, "FPR": [0.015511892450879007, 0.006430868167202572], "FPR whole": 0.011052631578947368, "FPR ratio": 2.4120992761116855, "PPR": [0.6511627906976745, 0.8947368421052632], "PPR whole": 0.79, "PPR ratio": 0.7277701778385773}, "0.05-0.5": {"roc": 0.9336263157894736, "flag_rate": [0.044, 0.056], "flag_rate_ratio": 0.7857142857142857, "TPR": [0.8787878787878788, 0.7313432835820896], "TPR whole": 0.78, "TPR ratio": 1.2016079158936301, "FPR": [0.015511892450879007, 0.007502679528403001], "FPR whole": 0.011578947368421053, "FPR ratio": 2.0675136652385877, "PPR": [0.6590909090909091, 0.875], "PPR whole": 0.78, "PPR ratio": 0.7532467532467532}, "0.05-0.8": {"roc": 0.9418894736842106, "flag_rate": [0.043, 0.057], "flag_rate_ratio": 0.7543859649122806, "TPR": [0.8484848484848485, 0.7611940298507462], "TPR whole": 0.79, "TPR ratio": 1.114676173499703, "FPR": [0.015511892450879007, 0.006430868167202572], "FPR whole": 0.011052631578947368, "FPR ratio": 2.4120992761116855, "PPR": [0.6511627906976745, 0.8947368421052632], "PPR whole": 0.79, "PPR ratio": 0.7277701778385773}, "0.2-0.01": {"roc": 0.9520842105263158, "flag_rate": [0.041, 0.059], "flag_rate_ratio": 0.6949152542372882, "TPR": [0.8181818181818182, 0.7761194029850746], "TPR whole": 0.79, "TPR ratio": 1.0541958041958042, "FPR": [0.014477766287487074, 0.007502679528403001], "FPR whole": 0.011052631578947368, "FPR ratio": 1.9296794208893486, "PPR": [0.6585365853658537, 0.8813559322033898], "PPR whole": 0.79, "PPR ratio": 0.7471857410881801}, "0.2-0.2": {"roc": 0.9413105263157894, "flag_rate": [0.042, 0.058], "flag_rate_ratio": 0.7241379310344828, "TPR": [0.8484848484848485, 0.7910447761194029], "TPR whole": 0.81, "TPR ratio": 1.0726129216695255, "FPR": [0.014477766287487074, 0.0053590568060021436], "FPR whole": 0.01, "FPR ratio": 2.701551189245088, "PPR": [0.6666666666666666, 0.9137931034482759], "PPR whole": 0.81, "PPR ratio": 0.7295597484276729}, "0.2-0.5": {"roc": 0.9390526315789475, "flag_rate": [0.035, 0.065], "flag_rate_ratio": 0.5384615384615385, "TPR": [0.7878787878787878, 0.7313432835820896], "TPR whole": 0.75, "TPR ratio": 1.07730364873222, "FPR": [0.009307135470527405, 0.01714898177920686], "FPR whole": 0.013157894736842105, "FPR ratio": 0.5427223371251293, "PPR": [0.7428571428571429, 0.7538461538461538], "PPR whole": 0.75, "PPR ratio": 0.9854227405247814}, "0.2-0.8": {"roc": 0.9331684210526315, "flag_rate": [0.037, 0.063], "flag_rate_ratio": 0.5873015873015872, "TPR": [0.7878787878787878, 0.7611940298507462], "TPR whole": 0.77, "TPR ratio": 1.0350564468211527, "FPR": [0.011375387797311272, 0.012861736334405145], "FPR whole": 0.012105263157894737, "FPR ratio": 0.8844364012409514, "PPR": [0.7027027027027027, 0.8095238095238095], "PPR whole": 0.77, "PPR ratio": 0.8680445151033387}, "0.5-0.01": {"roc": 0.9416526315789474, "flag_rate": [0.042, 0.058], "flag_rate_ratio": 0.7241379310344828, "TPR": [0.8787878787878788, 0.7611940298507462], "TPR whole": 0.8, "TPR ratio": 1.154486036838978, "FPR": [0.01344364012409514, 0.007502679528403001], "FPR whole": 0.010526315789473684, "FPR ratio": 1.7918451765401093, "PPR": [0.6904761904761905, 0.8793103448275862], "PPR whole": 0.8, "PPR ratio": 0.7852474323062558}, "0.5-0.2": {"roc": 0.9378578947368421, "flag_rate": [0.042, 0.058], "flag_rate_ratio": 0.7241379310344828, "TPR": [0.8181818181818182, 0.746268656716418], "TPR whole": 0.77, "TPR ratio": 1.0963636363636364, "FPR": [0.015511892450879007, 0.00857449088960343], "FPR whole": 0.012105263157894737, "FPR ratio": 1.8090744570837642, "PPR": [0.6428571428571429, 0.8620689655172413], "PPR whole": 0.77, "PPR ratio": 0.7457142857142858}, "0.5-0.5": {"roc": 0.9301894736842106, "flag_rate": [0.046, 0.054], "flag_rate_ratio": 0.8518518518518519, "TPR": [0.8787878787878788, 0.6716417910447762], "TPR whole": 0.74, "TPR ratio": 1.3084175084175083, "FPR": [0.017580144777662874, 0.00964630225080386], "FPR whole": 0.01368421052631579, "FPR ratio": 1.8224750086177177, "PPR": [0.6304347826086957, 0.8333333333333334], "PPR whole": 0.74, "PPR ratio": 0.7565217391304347}, "0.5-0.8": {"roc": 0.9277789473684209, "flag_rate": [0.041, 0.059], "flag_rate_ratio": 0.6949152542372882, "TPR": [0.8181818181818182, 0.7313432835820896], "TPR whole": 0.76, "TPR ratio": 1.1187384044526902, "FPR": [0.014477766287487074, 0.010718113612004287], "FPR whole": 0.01263157894736842, "FPR ratio": 1.350775594622544, "PPR": [0.6585365853658537, 0.8305084745762712], "PPR whole": 0.76, "PPR ratio": 0.7929318068690892}, "0.8-0.01": {"roc": 0.9462631578947368, "flag_rate": [0.042, 0.058], "flag_rate_ratio": 0.7241379310344828, "TPR": [0.8787878787878788, 0.746268656716418], "TPR whole": 0.79, "TPR ratio": 1.1775757575757575, "FPR": [0.01344364012409514, 0.00857449088960343], "FPR whole": 0.011052631578947368, "FPR ratio": 1.5678645294725957, "PPR": [0.6904761904761905, 0.8620689655172413], "PPR whole": 0.79, "PPR ratio": 0.800952380952381}, "0.8-0.2": {"roc": 0.9289894736842106, "flag_rate": [0.041, 0.059], "flag_rate_ratio": 0.6949152542372882, "TPR": [0.8484848484848485, 0.7164179104477612], "TPR whole": 0.76, "TPR ratio": 1.1843434343434345, "FPR": [0.01344364012409514, 0.011789924973204717], "FPR whole": 0.01263157894736842, "FPR ratio": 1.140265112343706, "PPR": [0.6829268292682927, 0.8135593220338984], "PPR whole": 0.76, "PPR ratio": 0.8394308943089431}, "0.8-0.5": {"roc": 0.9238421052631578, "flag_rate": [0.045, 0.055], "flag_rate_ratio": 0.8181818181818181, "TPR": [0.7878787878787878, 0.7164179104477612], "TPR whole": 0.74, "TPR ratio": 1.0997474747474747, "FPR": [0.01964839710444674, 0.007502679528403001], "FPR whole": 0.01368421052631579,