{"0.01-0.01": {"roc": 0.9629210526315789, "flag_rate": [0.049, 0.051], "flag_rate_ratio": 0.9607843137254903, "TPR": [0.82, 0.82], "TPR whole": 0.82, "TPR ratio": 1.0, "FPR": [0.008421052631578947, 0.010526315789473684], "FPR whole": 0.009473684210526316, "FPR ratio": 0.8, "PPR": [0.8367346938775511, 0.803921568627451], "PPR whole": 0.82, "PPR ratio": 1.0408163265306123}, "0.01-0.2": {"roc": 0.9338421052631579, "flag_rate": [0.048, 0.052], "flag_rate_ratio": 0.9230769230769231, "TPR": [0.76, 0.72], "TPR whole": 0.74, "TPR ratio": 1.0555555555555556, "FPR": [0.010526315789473684, 0.016842105263157894], "FPR whole": 0.01368421052631579, "FPR ratio": 0.625, "PPR": [0.7916666666666666, 0.6923076923076923], "PPR whole": 0.74, "PPR ratio": 1.1435185185185186}, "0.01-0.5": {"roc": 0.9448000000000001, "flag_rate": [0.046, 0.054], "flag_rate_ratio": 0.8518518518518519, "TPR": [0.76, 0.78], "TPR whole": 0.77, "TPR ratio": 0.9743589743589743, "FPR": [0.008421052631578947, 0.015789473684210527], "FPR whole": 0.012105263157894737, "FPR ratio": 0.5333333333333333, "PPR": [0.8260869565217391, 0.7222222222222222], "PPR whole": 0.77, "PPR ratio": 1.1438127090301005}, "0.01-0.8": {"roc": 0.9386684210526315, "flag_rate": [0.046, 0.054], "flag_rate_ratio": 0.8518518518518519, "TPR": [0.76, 0.76], "TPR whole": 0.76, "TPR ratio": 1.0, "FPR": [0.008421052631578947, 0.016842105263157894], "FPR whole": 0.01263157894736842, "FPR ratio": 0.5, "PPR": [0.8260869565217391, 0.7037037037037037], "PPR whole": 0.76, "PPR ratio": 1.1739130434782608}, "0.05-0.01": {"roc": 0.9636473684210527, "flag_rate": [0.047, 0.053], "flag_rate_ratio": 0.8867924528301887, "TPR": [0.82, 0.84], "TPR whole": 0.83, "TPR ratio": 0.9761904761904762, "FPR": [0.00631578947368421, 0.011578947368421053], "FPR whole": 0.008947368421052631, "FPR ratio": 0.5454545454545454, "PPR": [0.8723404255319149, 0.7924528301886793], "PPR whole": 0.83, "PPR ratio": 1.1008105369807497}, "0.05-0.2": {"roc": 0.9407736842105263, "flag_rate": [0.047, 0.053], "flag_rate_ratio": 0.8867924528301887, "TPR": [0.76, 0.72], "TPR whole": 0.74, "TPR ratio": 1.0555555555555556, "FPR": [0.009473684210526316, 0.017894736842105262], "FPR whole": 0.01368421052631579, "FPR ratio": 0.5294117647058825, "PPR": [0.8085106382978723, 0.6792452830188679], "PPR whole": 0.74, "PPR ratio": 1.1903073286052008}, "0.05-0.5": {"roc": 0.9336000000000001, "flag_rate": [0.049, 0.051], "flag_rate_ratio": 0.9607843137254903, "TPR": [0.78, 0.7], "TPR whole": 0.74, "TPR ratio": 1.1142857142857143, "FPR": [0.010526315789473684, 0.016842105263157894], "FPR whole": 0.01368421052631579, "FPR ratio": 0.625, "PPR": [0.7959183673469388, 0.6862745098039216], "PPR whole": 0.74, "PPR ratio": 1.1597667638483964}, "0.05-0.8": {"roc": 0.9359684210526316, "flag_rate": [0.049, 0.051], "flag_rate_ratio": 0.9607843137254903, "TPR": [0.76, 0.74], "TPR whole": 0.75, "TPR ratio": 1.027027027027027, "FPR": [0.011578947368421053, 0.014736842105263158], "FPR whole": 0.013157894736842105, "FPR ratio": 0.7857142857142858, "PPR": [0.7755102040816326, 0.7254901960784313], "PPR whole": 0.75, "PPR ratio": 1.0689464975179261}, "0.2-0.01": {"roc": 0.9572684210526317, "flag_rate": [0.046, 0.054], "flag_rate_ratio": 0.8518518518518519, "TPR": [0.82, 0.82], "TPR whole": 0.82, "TPR ratio": 1.0, "FPR": [0.005263157894736842, 0.01368421052631579], "FPR whole": 0.009473684210526316, "FPR ratio": 0.3846153846153846, "PPR": [0.8913043478260869, 0.7592592592592593], "PPR whole": 0.82, "PPR ratio": 1.1739130434782608}, "0.2-0.2": {"roc": 0.9469105263157894, "flag_rate": [0.047, 0.053], "flag_rate_ratio": 0.8867924528301887, "TPR": [0.78, 0.76], "TPR whole": 0.77, "TPR ratio": 1.0263157894736843, "FPR": [0.008421052631578947, 0.015789473684210527], "FPR whole": 0.012105263157894737, "FPR ratio": 0.5333333333333333, "PPR": [0.8297872340425532, 0.7169811320754716], "PPR whole": 0.77, "PPR ratio": 1.1573348264277716}, "0.2-0.5": {"roc": 0.9449105263157895, "flag_rate": [0.052, 0.048], "flag_rate_ratio": 1.0833333333333333, "TPR": [0.8, 0.74], "TPR whole": 0.77, "TPR ratio": 1.0810810810810811, "FPR": [0.01263157894736842, 0.011578947368421053], "FPR whole": 0.012105263157894737, "FPR ratio": 1.0909090909090908, "PPR": [0.7692307692307693, 0.7708333333333334], "PPR whole": 0.77, "PPR ratio": 0.997920997920998}, "0.2-0.8": {"roc": 0.9403105263157894, "flag_rate": [0.048, 0.052], "flag_rate_ratio": 0.9230769230769231, "TPR": [0.78, 0.74], "TPR whole": 0.76, "TPR ratio": 1.0540540540540542, "FPR": [0.009473684210526316, 0.015789473684210527], "FPR whole": 0.01263157894736842, "FPR ratio": 0.6, "PPR": [0.8125, 0.7115384615384616], "PPR whole": 0.76, "PPR ratio": 1.1418918918918919}, "0.5-0.01": {"roc": 0.9569210526315789, "flag_rate": [0.049, 0.051], "flag_rate_ratio": 0.9607843137254903, "TPR": [0.82, 0.8], "TPR whole": 0.81, "TPR ratio": 1.025, "FPR": [0.008421052631578947, 0.011578947368421053], "FPR whole": 0.01, "FPR ratio": 0.7272727272727272, "PPR": [0.8367346938775511, 0.7843137254901961], "PPR whole": 0.81, "PPR ratio": 1.0668367346938776}, "0.5-0.2": {"roc": 0.9442210526315788, "flag_rate": [0.05, 0.05], "flag_rate_ratio": 1.0, "TPR": [0.8, 0.74], "TPR whole": 0.77, "TPR ratio": 1.0810810810810811, "FPR": [0.010526315789473684, 0.01368421052631579], "FPR whole": 0.012105263157894737, "FPR ratio": 0.7692307692307692, "PPR": [0.8, 0.74], "PPR whole": 0.77, "PPR ratio": 1.0810810810810811}, "0.5-0.5": {"roc": 0.934, "flag_rate": [0.05, 0.05], "flag_rate_ratio": 1.0, "TPR": [0.78, 0.7], "TPR whole": 0.74, "TPR ratio": 1.1142857142857143, "FPR": [0.011578947368421053, 0.015789473684210527], "FPR whole": 0.01368421052631579, "FPR ratio": 0.7333333333333334, "PPR": [0.78, 0.7], "PPR whole": 0.74, "PPR ratio": 1.1142857142857143}, "0.5-0.8": {"roc": 0.9325000000000001, "flag_rate": [0.047, 0.053], "flag_rate_ratio": 0.8867924528301887, "TPR": [0.76, 0.74], "TPR whole": 0.75, "TPR ratio": 1.027027027027027, "FPR": [0.009473684210526316, 0.016842105263157894], "FPR whole": 0.013157894736842105, "FPR ratio": 0.5625, "PPR": [0.8085106382978723, 0.6981132075471698], "PPR whole": 0.75, "PPR ratio": 1.15813686026452}, "0.8-0.01": {"roc": 0.9612263157894737, "flag_rate": [0.047, 0.053], "flag_rate_ratio": 0.8867924528301887, "TPR": [0.8, 0.84], "TPR whole": 0.82, "TPR ratio": 0.9523809523809524, "FPR": [0.007368421052631579, 0.011578947368421053], "FPR whole": 0.009473684210526316, "FPR ratio": 0.6363636363636364, "PPR": [0.851063829787234, 0.7924528301886793], "PPR whole": 0.82, "PPR ratio": 1.0739614994934144}, "0.8-0.2": {"roc": 0.9409157894736843, "flag_rate": [0.048, 0.052], "flag_rate_ratio": 0.9230769230769231, "TPR": [0.78, 0.74], "TPR whole": 0.76, "TPR ratio": 1.0540540540540542, "FPR": [0.009473684210526316, 0.015789473684210527], "FPR whole": 0.01263157894736842, "FPR ratio": 0.6, "PPR": [0.8125, 0.7115384615384616], "PPR whole": 0.76, "PPR ratio": 1.1418918918918919}, "0.8-0.5": {"roc": 0.9388868421052632, "flag_rate": [0.05, 0.05], "flag_rate_ratio": 1.0, "TPR": [0.76, 0.74], "TPR whole": 0.75, "TPR ratio": 1.027027027027027, "FPR": [0.01263157894736842, 0.01368421052631579], "FPR whole": 0.013157894736842105, "FPR ratio": 0.923076923076923, "PPR": [0.76, 0.74], "PPR whole": 0.75, "PPR ratio": 1.027027027027027}, "0.8-0.8": {"roc": 0.9371315789473683, "flag_rate": [0.045, 0.055], "flag_rate_ratio": 0.8181818181818181, "TPR": [0.72, 0.78], "TPR whole": 0.75, "TPR ratio": 0.923076923076923, "FPR": [0.009473684210526316, 0.016842105263157894], "FPR whole": 0.013157894736842105, "FPR ratio": 0.5625, "PPR": [0.8, 0.7090909090909091], "PPR whole": 0.75, "PPR ratio": 1.1282051282051282}}