{"0.01-0.01": {"roc": 0.9383578947368421, "flag_rate": [0.039, 0.061], "flag_rate_ratio": 0.639344262295082, "TPR": [0.8, 0.7333333333333333], "TPR whole": 0.75, "TPR ratio": 1.090909090909091, "FPR": [0.019487179487179488, 0.006486486486486486], "FPR whole": 0.013157894736842105, "FPR ratio": 3.0042735042735047, "PPR": [0.5128205128205128, 0.9016393442622951], "PPR whole": 0.75, "PPR ratio": 0.5687645687645687}, "0.01-0.2": {"roc": 0.9345947368421053, "flag_rate": [0.037, 0.063], "flag_rate_ratio": 0.5873015873015872, "TPR": [0.84, 0.7066666666666667], "TPR whole": 0.74, "TPR ratio": 1.1886792452830188, "FPR": [0.01641025641025641, 0.010810810810810811], "FPR whole": 0.01368421052631579, "FPR ratio": 1.5179487179487179, "PPR": [0.5675675675675675, 0.8412698412698413], "PPR whole": 0.74, "PPR ratio": 0.674655787863335}, "0.01-0.5": {"roc": 0.9312684210526316, "flag_rate": [0.038, 0.062], "flag_rate_ratio": 0.6129032258064516, "TPR": [0.84, 0.68], "TPR whole": 0.72, "TPR ratio": 1.2352941176470587, "FPR": [0.017435897435897435, 0.011891891891891892], "FPR whole": 0.014736842105263158, "FPR ratio": 1.4662004662004662, "PPR": [0.5526315789473685, 0.8225806451612904], "PPR whole": 0.72, "PPR ratio": 0.6718266253869969}, "0.01-0.8": {"roc": 0.9239315789473683, "flag_rate": [0.037, 0.063], "flag_rate_ratio": 0.5873015873015872, "TPR": [0.84, 0.68], "TPR whole": 0.72, "TPR ratio": 1.2352941176470587, "FPR": [0.01641025641025641, 0.012972972972972972], "FPR whole": 0.014736842105263158, "FPR ratio": 1.2649572649572651, "PPR": [0.5675675675675675, 0.8095238095238095], "PPR whole": 0.72, "PPR ratio": 0.7011128775834657}, "0.05-0.01": {"roc": 0.9399947368421052, "flag_rate": [0.038, 0.062], "flag_rate_ratio": 0.6129032258064516, "TPR": [0.84, 0.68], "TPR whole": 0.72, "TPR ratio": 1.2352941176470587, "FPR": [0.017435897435897435, 0.011891891891891892], "FPR whole": 0.014736842105263158, "FPR ratio": 1.4662004662004662, "PPR": [0.5526315789473685, 0.8225806451612904], "PPR whole": 0.72, "PPR ratio": 0.6718266253869969}, "0.05-0.2": {"roc": 0.9303947368421054, "flag_rate": [0.04, 0.06], "flag_rate_ratio": 0.6666666666666667, "TPR": [0.88, 0.6933333333333334], "TPR whole": 0.74, "TPR ratio": 1.2692307692307692, "FPR": [0.018461538461538463, 0.008648648648648649], "FPR whole": 0.01368421052631579, "FPR ratio": 2.1346153846153846, "PPR": [0.55, 0.8666666666666667], "PPR whole": 0.74, "PPR ratio": 0.6346153846153847}, "0.05-0.5": {"roc": 0.9366894736842105, "flag_rate": [0.031, 0.069], "flag_rate_ratio": 0.4492753623188405, "TPR": [0.76, 0.72], "TPR whole": 0.73, "TPR ratio": 1.0555555555555556, "FPR": [0.012307692307692308, 0.016216216216216217], "FPR whole": 0.014210526315789474, "FPR ratio": 0.7589743589743589, "PPR": [0.6129032258064516, 0.782608695652174], "PPR whole": 0.73, "PPR ratio": 0.7831541218637993}, "0.05-0.8": {"roc": 0.9214736842105263, "flag_rate": [0.04, 0.06], "flag_rate_ratio": 0.6666666666666667, "TPR": [0.84, 0.6533333333333333], "TPR whole": 0.7, "TPR ratio": 1.2857142857142856, "FPR": [0.019487179487179488, 0.011891891891891892], "FPR whole": 0.015789473684210527, "FPR ratio": 1.6386946386946388, "PPR": [0.525, 0.8166666666666667], "PPR whole": 0.7, "PPR ratio": 0.6428571428571429}, "0.2-0.01": {"roc": 0.9372736842105264, "flag_rate": [0.038, 0.062], "flag_rate_ratio": 0.6129032258064516, "TPR": [0.76, 0.72], "TPR whole": 0.73, "TPR ratio": 1.0555555555555556, "FPR": [0.019487179487179488, 0.008648648648648649], "FPR whole": 0.014210526315789474, "FPR ratio": 2.253205128205128, "PPR": [0.5, 0.8709677419354839], "PPR whole": 0.73, "PPR ratio": 0.5740740740740741}, "0.2-0.2": {"roc": 0.9295736842105263, "flag_rate": [0.037, 0.063], "flag_rate_ratio": 0.5873015873015872, "TPR": [0.8, 0.6933333333333334], "TPR whole": 0.72, "TPR ratio": 1.153846153846154, "FPR": [0.017435897435897435, 0.011891891891891892], "FPR whole": 0.014736842105263158, "FPR ratio": 1.4662004662004662, "PPR": [0.5405405405405406, 0.8253968253968254], "PPR whole": 0.72, "PPR ratio": 0.654885654885655}, "0.2-0.5": {"roc": 0.9213526315789473, "flag_rate": [0.041, 0.059], "flag_rate_ratio": 0.6949152542372882, "TPR": [0.88, 0.68], "TPR whole": 0.73, "TPR ratio": 1.2941176470588234, "FPR": [0.019487179487179488, 0.008648648648648649], "FPR whole": 0.014210526315789474, "FPR ratio": 2.253205128205128, "PPR": [0.5365853658536586, 0.864406779661017], "PPR whole": 0.73, "PPR ratio": 0.6207556193208991}, "0.2-0.8": {"roc": 0.9263263157894737, "flag_rate": [0.039, 0.061], "flag_rate_ratio": 0.639344262295082, "TPR": [0.84, 0.6666666666666666], "TPR whole": 0.71, "TPR ratio": 1.26, "FPR": [0.018461538461538463, 0.011891891891891892], "FPR whole": 0.015263157894736841, "FPR ratio": 1.5524475524475525, "PPR": [0.5384615384615384, 0.819672131147541], "PPR whole": 0.71, "PPR ratio": 0.6569230769230768}, "0.5-0.01": {"roc": 0.929457894736842, "flag_rate": [0.039, 0.061], "flag_rate_ratio": 0.639344262295082, "TPR": [0.92, 0.72], "TPR whole": 0.77, "TPR ratio": 1.277777777777778, "FPR": [0.01641025641025641, 0.0075675675675675675], "FPR whole": 0.012105263157894737, "FPR ratio": 2.1684981684981683, "PPR": [0.5897435897435898, 0.8852459016393442], "PPR whole": 0.77, "PPR ratio": 0.6661918328584996}, "0.5-0.2": {"roc": 0.9238105263157895, "flag_rate": [0.039, 0.061], "flag_rate_ratio": 0.639344262295082, "TPR": [0.8, 0.68], "TPR whole": 0.71, "TPR ratio": 1.1764705882352942, "FPR": [0.019487179487179488, 0.010810810810810811], "FPR whole": 0.015263157894736841, "FPR ratio": 1.8025641025641026, "PPR": [0.5128205128205128, 0.8360655737704918], "PPR whole": 0.71, "PPR ratio": 0.6133735545500251}, "0.5-0.5": {"roc": 0.9265736842105263, "flag_rate": [0.039, 0.061], "flag_rate_ratio": 0.639344262295082, "TPR": [0.8, 0.6533333333333333], "TPR whole": 0.69, "TPR ratio": 1.2244897959183674, "FPR": [0.019487179487179488, 0.012972972972972972], "FPR whole": 0.01631578947368421, "FPR ratio": 1.5021367521367524, "PPR": [0.5128205128205128, 0.8032786885245902], "PPR whole": 0.69, "PPR ratio": 0.6384092098377812}, "0.5-0.8": {"roc": 0.9245947368421052, "flag_rate": [0.037, 0.063], "flag_rate_ratio": 0.5873015873015872, "TPR": [0.84, 0.6533333333333333], "TPR whole": 0.7, "TPR ratio": 1.2857142857142856, "FPR": [0.01641025641025641, 0.015135135135135135], "FPR whole": 0.015789473684210527, "FPR ratio": 1.0842490842490842, "PPR": [0.5675675675675675, 0.7777777777777778], "PPR whole": 0.7, "PPR ratio": 0.7297297297297297}, "0.8-0.01": {"roc": 0.940878947368421, "flag_rate": [0.036, 0.064], "flag_rate_ratio": 0.5625, "TPR": [0.88, 0.7466666666666667], "TPR whole": 0.78, "TPR ratio": 1.1785714285714286, "FPR": [0.014358974358974359, 0.008648648648648649], "FPR whole": 0.011578947368421053, "FPR ratio": 1.6602564102564101, "PPR": [0.6111111111111112, 0.875], "PPR whole": 0.78, "PPR ratio": 0.6984126984126985}, "0.8-0.2": {"roc": 0.9285263157894738, "flag_rate": [0.036, 0.064], "flag_rate_ratio": 0.5625, "TPR": [0.72, 0.6533333333333333], "TPR whole": 0.67, "TPR ratio": 1.1020408163265305, "FPR": [0.018461538461538463, 0.016216216216216217], "FPR whole": 0.017368421052631578, "FPR ratio": 1.1384615384615384, "PPR": [0.5, 0.765625], "PPR whole": 0.67, "PPR ratio": 0.6530612244897959}, "0.8-0.5": {"roc": 0.9202789473684211, "flag_rate": [0.039, 0.061], "flag_rate_ratio": 0.639344262295082, "TPR": [0.8, 0.68], "TPR whole": 0.71, "TPR ratio": 1.1764705882352942, "FPR": [0.019487179487179488, 0.010810810810810811], "FPR whole": 0.015263157894736841, "FPR ratio": 1.8025641025641026, "PPR": [0.5128205128205128, 0.8360655737704918], "PPR whole": 0.71, "PPR ratio": 0.6133735545500251}, "0.8-0.8": {"roc": 0.9262157894736842, "flag_rate": [0.04, 0.06], "flag_rate_ratio": 0.6666666666666667, "TPR": [0.8, 0.64], "TPR whole": 0.68, "TPR ratio": 1.25, "FPR": [0.020512820512820513, 0.012972972972972972], "FPR whole": 0.016842105263157894, "FPR ratio": 1.5811965811965814, "PPR": [0.5, 0.8], "PPR whole": 0.68, "PPR ratio": 0.625}}