{"0.01-0.01": {"roc": 0.943663888888889, "flag_rate": [0.073, 0.127], "flag_rate_ratio": 0.5748031496062992, "TPR": [0.7, 0.61], "TPR whole": 0.655, "TPR ratio": 1.1475409836065573, "FPR": [0.0033333333333333335, 0.07333333333333333], "FPR whole": 0.03833333333333333, "FPR ratio": 0.045454545454545456, "PPR": [0.958904109589041, 0.48031496062992124], "PPR whole": 0.655, "PPR ratio": 1.9964069166853806}, "0.01-0.2": {"roc": 0.9488027777777778, "flag_rate": [0.073, 0.127], "flag_rate_ratio": 0.5748031496062992, "TPR": [0.7, 0.62], "TPR whole": 0.66, "TPR ratio": 1.129032258064516, "FPR": [0.0033333333333333335, 0.07222222222222222], "FPR whole": 0.03777777777777778, "FPR ratio": 0.04615384615384616, "PPR": [0.958904109589041, 0.4881889763779528], "PPR whole": 0.66, "PPR ratio": 1.964206805125939}, "0.01-0.5": {"roc": 0.9482222222222222, "flag_rate": [0.076, 0.124], "flag_rate_ratio": 0.6129032258064516, "TPR": [0.74, 0.64], "TPR whole": 0.69, "TPR ratio": 1.15625, "FPR": [0.0022222222222222222, 0.06666666666666667], "FPR whole": 0.034444444444444444, "FPR ratio": 0.03333333333333333, "PPR": [0.9736842105263158, 0.5161290322580645], "PPR whole": 0.69, "PPR ratio": 1.886513157894737}, "0.01-0.8": {"roc": 0.9509333333333334, "flag_rate": [0.077, 0.123], "flag_rate_ratio": 0.6260162601626016, "TPR": [0.73, 0.64], "TPR whole": 0.685, "TPR ratio": 1.140625, "FPR": [0.0044444444444444444, 0.06555555555555556], "FPR whole": 0.035, "FPR ratio": 0.06779661016949153, "PPR": [0.948051948051948, 0.5203252032520326], "PPR whole": 0.685, "PPR ratio": 1.8220373376623373}, "0.05-0.01": {"roc": 0.9379055555555554, "flag_rate": [0.075, 0.125], "flag_rate_ratio": 0.6, "TPR": [0.72, 0.69], "TPR whole": 0.705, "TPR ratio": 1.0434782608695652, "FPR": [0.0033333333333333335, 0.06222222222222222], "FPR whole": 0.03277777777777778, "FPR ratio": 0.053571428571428575, "PPR": [0.96, 0.552], "PPR whole": 0.705, "PPR ratio": 1.7391304347826084}, "0.05-0.2": {"roc": 0.9547333333333334, "flag_rate": [0.073, 0.127], "flag_rate_ratio": 0.5748031496062992, "TPR": [0.73, 0.68], "TPR whole": 0.705, "TPR ratio": 1.0735294117647058, "FPR": [0.0, 0.06555555555555556], "FPR whole": 0.03277777777777778, "FPR ratio": 0.0, "PPR": [1.0, 0.5354330708661418], "PPR whole": 0.705, "PPR ratio": 1.8676470588235292}, "0.05-0.5": {"roc": 0.9475444444444445, "flag_rate": [0.069, 0.131], "flag_rate_ratio": 0.5267175572519084, "TPR": [0.68, 0.62], "TPR whole": 0.65, "TPR ratio": 1.0967741935483872, "FPR": [0.0011111111111111111, 0.07666666666666666], "FPR whole": 0.03888888888888889, "FPR ratio": 0.014492753623188408, "PPR": [0.9855072463768116, 0.4732824427480916], "PPR whole": 0.65, "PPR ratio": 2.0822814399251985}, "0.05-0.8": {"roc": 0.9413055555555555, "flag_rate": [0.074, 0.126], "flag_rate_ratio": 0.5873015873015872, "TPR": [0.71, 0.64], "TPR whole": 0.675, "TPR ratio": 1.109375, "FPR": [0.0033333333333333335, 0.06888888888888889], "FPR whole": 0.03611111111111111, "FPR ratio": 0.048387096774193554, "PPR": [0.9594594594594594, 0.5079365079365079], "PPR whole": 0.675, "PPR ratio": 1.888935810810811}, "0.2-0.01": {"roc": 0.9408444444444444, "flag_rate": [0.076, 0.124], "flag_rate_ratio": 0.6129032258064516, "TPR": [0.71, 0.67], "TPR whole": 0.69, "TPR ratio": 1.0597014925373134, "FPR": [0.005555555555555556, 0.06333333333333334], "FPR whole": 0.034444444444444444, "FPR ratio": 0.08771929824561403, "PPR": [0.9342105263157895, 0.5403225806451613], "PPR whole": 0.69, "PPR ratio": 1.7289866457187748}, "0.2-0.2": {"roc": 0.949925, "flag_rate": [0.076, 0.124], "flag_rate_ratio": 0.6129032258064516, "TPR": [0.75, 0.64], "TPR whole": 0.695, "TPR ratio": 1.171875, "FPR": [0.0011111111111111111, 0.06666666666666667], "FPR whole": 0.03388888888888889, "FPR ratio": 0.016666666666666666, "PPR": [0.9868421052631579, 0.5161290322580645], "PPR whole": 0.695, "PPR ratio": 1.9120065789473684}, "0.2-0.5": {"roc": 0.9448555555555556, "flag_rate": [0.073, 0.127], "flag_rate_ratio": 0.5748031496062992, "TPR": [0.72, 0.62], "TPR whole": 0.67, "TPR ratio": 1.161290322580645, "FPR": [0.0011111111111111111, 0.07222222222222222], "FPR whole": 0.03666666666666667, "FPR ratio": 0.015384615384615385, "PPR": [0.9863013698630136, 0.4881889763779528], "PPR whole": 0.67, "PPR ratio": 2.0203269995581086}, "0.2-0.8": {"roc": 0.9449527777777778, "flag_rate": [0.079, 0.121], "flag_rate_ratio": 0.6528925619834711, "TPR": [0.72, 0.62], "TPR whole": 0.67, "TPR ratio": 1.161290322580645, "FPR": [0.0077777777777777776, 0.06555555555555556], "FPR whole": 0.03666666666666667, "FPR ratio": 0.11864406779661016, "PPR": [0.9113924050632911, 0.512396694214876], "PPR whole": 0.67, "PPR ratio": 1.77868517762352}, "0.5-0.01": {"roc": 0.9454694444444444, "flag_rate": [0.073, 0.127], "flag_rate_ratio": 0.5748031496062992, "TPR": [0.72, 0.67], "TPR whole": 0.695, "TPR ratio": 1.0746268656716418, "FPR": [0.0011111111111111111, 0.06666666666666667], "FPR whole": 0.03388888888888889, "FPR ratio": 0.016666666666666666, "PPR": [0.9863013698630136, 0.5275590551181102], "PPR whole": 0.695, "PPR ratio": 1.8695563279492946}, "0.5-0.2": {"roc": 0.9422055555555554, "flag_rate": [0.076, 0.124], "flag_rate_ratio": 0.6129032258064516, "TPR": [0.72, 0.63], "TPR whole": 0.675, "TPR ratio": 1.1428571428571428, "FPR": [0.0044444444444444444, 0.06777777777777778], "FPR whole": 0.03611111111111111, "FPR ratio": 0.06557377049180327, "PPR": [0.9473684210526315, 0.5080645161290323], "PPR whole": 0.675, "PPR ratio": 1.8646616541353382}, "0.5-0.5": {"roc": 0.9491611111111111, "flag_rate": [0.076, 0.124], "flag_rate_ratio": 0.6129032258064516, "TPR": [0.73, 0.62], "TPR whole": 0.675, "TPR ratio": 1.1774193548387097, "FPR": [0.0033333333333333335, 0.06888888888888889], "FPR whole": 0.03611111111111111, "FPR ratio": 0.048387096774193554, "PPR": [0.9605263157894737, 0.5], "PPR whole": 0.675, "PPR ratio": 1.9210526315789473}, "0.5-0.8": {"roc": 0.9403722222222223, "flag_rate": [0.082, 0.118], "flag_rate_ratio": 0.6949152542372882, "TPR": [0.76, 0.62], "TPR whole": 0.69, "TPR ratio": 1.2258064516129032, "FPR": [0.006666666666666667, 0.06222222222222222], "FPR whole": 0.034444444444444444, "FPR ratio": 0.10714285714285715, "PPR": [0.926829268292683, 0.5254237288135594], "PPR whole": 0.69, "PPR ratio": 1.7639653815892997}, "0.8-0.01": {"roc": 0.9543444444444444, "flag_rate": [0.076, 0.124], "flag_rate_ratio": 0.6129032258064516, "TPR": [0.72, 0.67], "TPR whole": 0.695, "TPR ratio": 1.0746268656716418, "FPR": [0.0044444444444444444, 0.06333333333333334], "FPR whole": 0.03388888888888889, "FPR ratio": 0.07017543859649122, "PPR": [0.9473684210526315, 0.5403225806451613], "PPR whole": 0.695, "PPR ratio": 1.7533385703063629}, "0.8-0.2": {"roc": 0.9450333333333333, "flag_rate": [0.081, 0.119], "flag_rate_ratio": 0.680672268907563, "TPR": [0.78, 0.62], "TPR whole": 0.7, "TPR ratio": 1.2580645161290323, "FPR": [0.0033333333333333335, 0.06333333333333334], "FPR whole": 0.03333333333333333, "FPR ratio": 0.05263157894736842, "PPR": [0.9629629629629629, 0.5210084033613446], "PPR whole": 0.7, "PPR ratio": 1.8482676224611707}, "0.8-0.5": {"roc": 0.9333999999999999, "flag_rate": [0.074, 0.126], "flag_rate_ratio": 0.5873015873015872, "TPR": [0.71, 0.61], "TPR whole": 0.66, "TPR ratio": 1.1639344262295082, "FPR": [0.0033333333333333335, 0.07222222222222222], "FPR whole": 0.03777777777777778, "FPR ratio": 0.04615384615384616, "PPR": [0.9594594594594594, 0.48412698412698413], "PPR whole": 0.66, "PPR ratio": 1.981834293309703}, "0.8-0.8": {"roc": 0.945211111111111, "flag_rate": [0.074, 0.126], "flag_rate_ratio": 0.5873015873015872, "TPR": [0.72, 0.61], "TPR whole": 0.665, "TPR ratio": 1.180327868852459, "FPR": [0.0022222222222222222, 0.07222222222222222], "FPR whole": 0.03722222222222222, "FPR ratio": 0.03076923076923077, "PPR": [0.972972972972973, 0.48412698412698413], "PPR whole": 0.665, "PPR ratio": 2.0097474523704033}}