{"0.01-0.01": {"roc": 0.8963694444444444, "flag_rate": [0.081, 0.119], "flag_rate_ratio": 0.680672268907563, "TPR": [0.76, 0.49], "TPR whole": 0.625, "TPR ratio": 1.5510204081632653, "FPR": [0.005555555555555556, 0.07777777777777778], "FPR whole": 0.041666666666666664, "FPR ratio": 0.07142857142857142, "PPR": [0.9382716049382716, 0.4117647058823529], "PPR whole": 0.625, "PPR ratio": 2.2786596119929454}, "0.01-0.2": {"roc": 0.8804138888888888, "flag_rate": [0.082, 0.118], "flag_rate_ratio": 0.6949152542372882, "TPR": [0.76, 0.48], "TPR whole": 0.62, "TPR ratio": 1.5833333333333335, "FPR": [0.006666666666666667, 0.07777777777777778], "FPR whole": 0.042222222222222223, "FPR ratio": 0.08571428571428572, "PPR": [0.926829268292683, 0.4067796610169492], "PPR whole": 0.62, "PPR ratio": 2.2784552845528454}, "0.01-0.5": {"roc": 0.8920333333333333, "flag_rate": [0.081, 0.119], "flag_rate_ratio": 0.680672268907563, "TPR": [0.73, 0.49], "TPR whole": 0.61, "TPR ratio": 1.489795918367347, "FPR": [0.008888888888888889, 0.07777777777777778], "FPR whole": 0.043333333333333335, "FPR ratio": 0.11428571428571428, "PPR": [0.9012345679012346, 0.4117647058823529], "PPR whole": 0.61, "PPR ratio": 2.1887125220458556}, "0.01-0.8": {"roc": 0.889875, "flag_rate": [0.081, 0.119], "flag_rate_ratio": 0.680672268907563, "TPR": [0.75, 0.47], "TPR whole": 0.61, "TPR ratio": 1.595744680851064, "FPR": [0.006666666666666667, 0.08], "FPR whole": 0.043333333333333335, "FPR ratio": 0.08333333333333334, "PPR": [0.9259259259259259, 0.3949579831932773], "PPR whole": 0.61, "PPR ratio": 2.3443656422379826}, "0.05-0.01": {"roc": 0.8744416666666667, "flag_rate": [0.083, 0.117], "flag_rate_ratio": 0.7094017094017094, "TPR": [0.74, 0.47], "TPR whole": 0.605, "TPR ratio": 1.574468085106383, "FPR": [0.01, 0.07777777777777778], "FPR whole": 0.04388888888888889, "FPR ratio": 0.12857142857142856, "PPR": [0.891566265060241, 0.4017094017094017], "PPR whole": 0.605, "PPR ratio": 2.2194309151499616}, "0.05-0.2": {"roc": 0.8929166666666666, "flag_rate": [0.081, 0.119], "flag_rate_ratio": 0.680672268907563, "TPR": [0.78, 0.49], "TPR whole": 0.635, "TPR ratio": 1.5918367346938775, "FPR": [0.0033333333333333335, 0.07777777777777778], "FPR whole": 0.04055555555555555, "FPR ratio": 0.04285714285714286, "PPR": [0.9629629629629629, 0.4117647058823529], "PPR whole": 0.635, "PPR ratio": 2.3386243386243386}, "0.05-0.5": {"roc": 0.8960055555555556, "flag_rate": [0.078, 0.122], "flag_rate_ratio": 0.639344262295082, "TPR": [0.75, 0.52], "TPR whole": 0.635, "TPR ratio": 1.4423076923076923, "FPR": [0.0033333333333333335, 0.07777777777777778], "FPR whole": 0.04055555555555555, "FPR ratio": 0.04285714285714286, "PPR": [0.9615384615384616, 0.4262295081967213], "PPR whole": 0.635, "PPR ratio": 2.255917159763314}, "0.05-0.8": {"roc": 0.8887027777777777, "flag_rate": [0.081, 0.119], "flag_rate_ratio": 0.680672268907563, "TPR": [0.78, 0.48], "TPR whole": 0.63, "TPR ratio": 1.6250000000000002, "FPR": [0.0033333333333333335, 0.07888888888888888], "FPR whole": 0.04111111111111111, "FPR ratio": 0.04225352112676057, "PPR": [0.9629629629629629, 0.40336134453781514], "PPR whole": 0.63, "PPR ratio": 2.3873456790123453}, "0.2-0.01": {"roc": 0.8871361111111111, "flag_rate": [0.081, 0.119], "flag_rate_ratio": 0.680672268907563, "TPR": [0.75, 0.49], "TPR whole": 0.62, "TPR ratio": 1.530612244897959, "FPR": [0.006666666666666667, 0.07777777777777778], "FPR whole": 0.042222222222222223, "FPR ratio": 0.08571428571428572, "PPR": [0.9259259259259259, 0.4117647058823529], "PPR whole": 0.62, "PPR ratio": 2.248677248677249}, "0.2-0.2": {"roc": 0.8940805555555557, "flag_rate": [0.08, 0.12], "flag_rate_ratio": 0.6666666666666667, "TPR": [0.77, 0.5], "TPR whole": 0.635, "TPR ratio": 1.54, "FPR": [0.0033333333333333335, 0.07777777777777778], "FPR whole": 0.04055555555555555, "FPR ratio": 0.04285714285714286, "PPR": [0.9625, 0.4166666666666667], "PPR whole": 0.635, "PPR ratio": 2.31}, "0.2-0.5": {"roc": 0.8888166666666666, "flag_rate": [0.079, 0.121], "flag_rate_ratio": 0.6528925619834711, "TPR": [0.76, 0.49], "TPR whole": 0.625, "TPR ratio": 1.5510204081632653, "FPR": [0.0033333333333333335, 0.08], "FPR whole": 0.041666666666666664, "FPR ratio": 0.04166666666666667, "PPR": [0.9620253164556962, 0.4049586776859504], "PPR whole": 0.625, "PPR ratio": 2.375613536553862}, "0.2-0.8": {"roc": 0.8948555555555555, "flag_rate": [0.075, 0.125], "flag_rate_ratio": 0.6, "TPR": [0.74, 0.54], "TPR whole": 0.64, "TPR ratio": 1.3703703703703702, "FPR": [0.0011111111111111111, 0.07888888888888888], "FPR whole": 0.04, "FPR ratio": 0.014084507042253521, "PPR": [0.9866666666666667, 0.432], "PPR whole": 0.64, "PPR ratio": 2.2839506172839505}, "0.5-0.01": {"roc": 0.8994444444444444, "flag_rate": [0.076, 0.124], "flag_rate_ratio": 0.6129032258064516, "TPR": [0.73, 0.54], "TPR whole": 0.635, "TPR ratio": 1.3518518518518516, "FPR": [0.0033333333333333335, 0.07777777777777778], "FPR whole": 0.04055555555555555, "FPR ratio": 0.04285714285714286, "PPR": [0.9605263157894737, 0.43548387096774194], "PPR whole": 0.635, "PPR ratio": 2.205653021442495}, "0.5-0.2": {"roc": 0.8982888888888889, "flag_rate": [0.076, 0.124], "flag_rate_ratio": 0.6129032258064516, "TPR": [0.75, 0.54], "TPR whole": 0.645, "TPR ratio": 1.3888888888888888, "FPR": [0.0011111111111111111, 0.07777777777777778], "FPR whole": 0.03944444444444444, "FPR ratio": 0.014285714285714285, "PPR": [0.9868421052631579, 0.43548387096774194], "PPR whole": 0.645, "PPR ratio": 2.2660818713450293}, "0.5-0.5": {"roc": 0.8937083333333333, "flag_rate": [0.081, 0.119], "flag_rate_ratio": 0.680672268907563, "TPR": [0.76, 0.49], "TPR whole": 0.625, "TPR ratio": 1.5510204081632653, "FPR": [0.005555555555555556, 0.07777777777777778], "FPR whole": 0.041666666666666664, "FPR ratio": 0.07142857142857142, "PPR": [0.9382716049382716, 0.4117647058823529], "PPR whole": 0.625, "PPR ratio": 2.2786596119929454}, "0.5-0.8": {"roc": 0.8973388888888889, "flag_rate": [0.08, 0.12], "flag_rate_ratio": 0.6666666666666667, "TPR": [0.75, 0.5], "TPR whole": 0.625, "TPR ratio": 1.5, "FPR": [0.005555555555555556, 0.07777777777777778], "FPR whole": 0.041666666666666664, "FPR ratio": 0.07142857142857142, "PPR": [0.9375, 0.4166666666666667], "PPR whole": 0.625, "PPR ratio": 2.25}, "0.8-0.01": {"roc": 0.9086749999999999, "flag_rate": [0.078, 0.122], "flag_rate_ratio": 0.639344262295082, "TPR": [0.76, 0.52], "TPR whole": 0.64, "TPR ratio": 1.4615384615384615, "FPR": [0.0022222222222222222, 0.07777777777777778], "FPR whole": 0.04, "FPR ratio": 0.02857142857142857, "PPR": [0.9743589743589743, 0.4262295081967213], "PPR whole": 0.64, "PPR ratio": 2.2859960552268244}, "0.8-0.2": {"roc": 0.8876722222222222, "flag_rate": [0.081, 0.119], "flag_rate_ratio": 0.680672268907563, "TPR": [0.78, 0.49], "TPR whole": 0.635, "TPR ratio": 1.5918367346938775, "FPR": [0.0033333333333333335, 0.07777777777777778], "FPR whole": 0.04055555555555555, "FPR ratio": 0.04285714285714286, "PPR": [0.9629629629629629, 0.4117647058823529], "PPR whole": 0.635, "PPR ratio": 2.3386243386243386}, "0.8-0.5": {"roc": 0.8909861111111111, "flag_rate": [0.078, 0.122], "flag_rate_ratio": 0.639344262295082, "TPR": [0.74, 0.52], "TPR whole": 0.63, "TPR ratio": 1.423076923076923, "FPR": [0.0044444444444444444, 0.07777777777777778], "FPR whole": 0.04111111111111111, "FPR ratio": 0.05714285714285714, "PPR": [0.9487179487179487, 0.4262295081967213], "PPR whole": 0.63, "PPR ratio": 2.225838264299803}, "0.8-0.8": {"roc": 0.894, "flag_rate": [0.081, 0.119], "flag_rate_ratio": 0.680672268907563, "TPR": [0.74, 0.49], "TPR whole": 0.615, "TPR ratio": 1.510204081632653, "FPR": [0.0077777777777777776, 0.07777777777777778], "FPR whole": 0.042777777777777776, "FPR ratio": 0.09999999999999999, "PPR": [0.9135802469135802, 0.4117647058823529], "PPR whole": 0.615, "PPR ratio": 2.218694885361552}}