{"0.01-0.01": {"roc": 0.936813888888889, "flag_rate": [0.094, 0.106], "flag_rate_ratio": 0.8867924528301887, "TPR": [0.84, 0.66], "TPR whole": 0.75, "TPR ratio": 1.2727272727272727, "FPR": [0.011111111111111112, 0.044444444444444446], "FPR whole": 0.027777777777777776, "FPR ratio": 0.25, "PPR": [0.8936170212765957, 0.6226415094339622], "PPR whole": 0.75, "PPR ratio": 1.435203094777563}, "0.01-0.2": {"roc": 0.9332611111111112, "flag_rate": [0.094, 0.106], "flag_rate_ratio": 0.8867924528301887, "TPR": [0.82, 0.66], "TPR whole": 0.74, "TPR ratio": 1.2424242424242422, "FPR": [0.013333333333333334, 0.044444444444444446], "FPR whole": 0.028888888888888888, "FPR ratio": 0.3, "PPR": [0.8723404255319149, 0.6226415094339622], "PPR whole": 0.74, "PPR ratio": 1.4010315925209544}, "0.01-0.5": {"roc": 0.931936111111111, "flag_rate": [0.089, 0.111], "flag_rate_ratio": 0.8018018018018017, "TPR": [0.78, 0.64], "TPR whole": 0.71, "TPR ratio": 1.21875, "FPR": [0.012222222222222223, 0.052222222222222225], "FPR whole": 0.03222222222222222, "FPR ratio": 0.23404255319148937, "PPR": [0.8764044943820225, 0.5765765765765766], "PPR whole": 0.71, "PPR ratio": 1.5200140449438202}, "0.01-0.8": {"roc": 0.9295222222222222, "flag_rate": [0.094, 0.106], "flag_rate_ratio": 0.8867924528301887, "TPR": [0.83, 0.65], "TPR whole": 0.74, "TPR ratio": 1.2769230769230768, "FPR": [0.012222222222222223, 0.04555555555555556], "FPR whole": 0.028888888888888888, "FPR ratio": 0.2682926829268293, "PPR": [0.8829787234042553, 0.6132075471698113], "PPR whole": 0.74, "PPR ratio": 1.439934533551555}, "0.05-0.01": {"roc": 0.9354500000000001, "flag_rate": [0.092, 0.108], "flag_rate_ratio": 0.8518518518518519, "TPR": [0.83, 0.67], "TPR whole": 0.75, "TPR ratio": 1.2388059701492535, "FPR": [0.01, 0.04555555555555556], "FPR whole": 0.027777777777777776, "FPR ratio": 0.21951219512195122, "PPR": [0.9021739130434783, 0.6203703703703703], "PPR whole": 0.75, "PPR ratio": 1.4542504866969501}, "0.05-0.2": {"roc": 0.9380888888888889, "flag_rate": [0.092, 0.108], "flag_rate_ratio": 0.8518518518518519, "TPR": [0.82, 0.67], "TPR whole": 0.745, "TPR ratio": 1.2238805970149251, "FPR": [0.011111111111111112, 0.04555555555555556], "FPR whole": 0.028333333333333332, "FPR ratio": 0.24390243902439024, "PPR": [0.8913043478260869, 0.6203703703703703], "PPR whole": 0.745, "PPR ratio": 1.436729396495782}, "0.05-0.5": {"roc": 0.929836111111111, "flag_rate": [0.095, 0.105], "flag_rate_ratio": 0.9047619047619048, "TPR": [0.81, 0.63], "TPR whole": 0.72, "TPR ratio": 1.2857142857142858, "FPR": [0.015555555555555555, 0.04666666666666667], "FPR whole": 0.03111111111111111, "FPR ratio": 0.3333333333333333, "PPR": [0.8526315789473684, 0.6], "PPR whole": 0.72, "PPR ratio": 1.4210526315789473}, "0.05-0.8": {"roc": 0.9262194444444444, "flag_rate": [0.094, 0.106], "flag_rate_ratio": 0.8867924528301887, "TPR": [0.77, 0.65], "TPR whole": 0.71, "TPR ratio": 1.1846153846153846, "FPR": [0.01888888888888889, 0.04555555555555556], "FPR whole": 0.03222222222222222, "FPR ratio": 0.4146341463414634, "PPR": [0.8191489361702128, 0.6132075471698113], "PPR whole": 0.71, "PPR ratio": 1.3358428805237317}, "0.2-0.01": {"roc": 0.9308805555555555, "flag_rate": [0.099, 0.101], "flag_rate_ratio": 0.9801980198019802, "TPR": [0.86, 0.61], "TPR whole": 0.735, "TPR ratio": 1.4098360655737705, "FPR": [0.014444444444444444, 0.044444444444444446], "FPR whole": 0.029444444444444443, "FPR ratio": 0.32499999999999996, "PPR": [0.8686868686868687, 0.6039603960396039], "PPR whole": 0.735, "PPR ratio": 1.4383176022520285}, "0.2-0.2": {"roc": 0.9313944444444444, "flag_rate": [0.096, 0.104], "flag_rate_ratio": 0.9230769230769231, "TPR": [0.81, 0.64], "TPR whole": 0.725, "TPR ratio": 1.265625, "FPR": [0.016666666666666666, 0.044444444444444446], "FPR whole": 0.030555555555555555, "FPR ratio": 0.375, "PPR": [0.84375, 0.6153846153846154], "PPR whole": 0.725, "PPR ratio": 1.37109375}, "0.2-0.5": {"roc": 0.909175, "flag_rate": [0.093, 0.107], "flag_rate_ratio": 0.8691588785046729, "TPR": [0.77, 0.62], "TPR whole": 0.695, "TPR ratio": 1.2419354838709677, "FPR": [0.017777777777777778, 0.05], "FPR whole": 0.03388888888888889, "FPR ratio": 0.3555555555555555, "PPR": [0.8279569892473119, 0.5794392523364486], "PPR whole": 0.695, "PPR ratio": 1.4288935137010061}, "0.2-0.8": {"roc": 0.9248972222222221, "flag_rate": [0.095, 0.105], "flag_rate_ratio": 0.9047619047619048, "TPR": [0.81, 0.64], "TPR whole": 0.725, "TPR ratio": 1.265625, "FPR": [0.015555555555555555, 0.04555555555555556], "FPR whole": 0.030555555555555555, "FPR ratio": 0.3414634146341463, "PPR": [0.8526315789473684, 0.6095238095238096], "PPR whole": 0.725, "PPR ratio": 1.398848684210526}, "0.5-0.01": {"roc": 0.9268916666666667, "flag_rate": [0.093, 0.107], "flag_rate_ratio": 0.8691588785046729, "TPR": [0.8, 0.67], "TPR whole": 0.735, "TPR ratio": 1.1940298507462686, "FPR": [0.014444444444444444, 0.044444444444444446], "FPR whole": 0.029444444444444443, "FPR ratio": 0.32499999999999996, "PPR": [0.8602150537634409, 0.6261682242990654], "PPR whole": 0.735, "PPR ratio": 1.3737762798908684}, "0.5-0.2": {"roc": 0.9343972222222221, "flag_rate": [0.091, 0.109], "flag_rate_ratio": 0.8348623853211009, "TPR": [0.79, 0.66], "TPR whole": 0.725, "TPR ratio": 1.196969696969697, "FPR": [0.013333333333333334, 0.04777777777777778], "FPR whole": 0.030555555555555555, "FPR ratio": 0.27906976744186046, "PPR": [0.8681318681318682, 0.6055045871559633], "PPR whole": 0.725, "PPR ratio": 1.4337329337329336}, "0.5-0.5": {"roc": 0.9319805555555555, "flag_rate": [0.094, 0.106], "flag_rate_ratio": 0.8867924528301887, "TPR": [0.8, 0.66], "TPR whole": 0.73, "TPR ratio": 1.2121212121212122, "FPR": [0.015555555555555555, 0.044444444444444446], "FPR whole": 0.03, "FPR ratio": 0.35, "PPR": [0.851063829787234, 0.6226415094339622], "PPR whole": 0.73, "PPR ratio": 1.3668600902643457}, "0.5-0.8": {"roc": 0.9292944444444445, "flag_rate": [0.094, 0.106], "flag_rate_ratio": 0.8867924528301887, "TPR": [0.81, 0.65], "TPR whole": 0.73, "TPR ratio": 1.2461538461538462, "FPR": [0.014444444444444444, 0.04555555555555556], "FPR whole": 0.03, "FPR ratio": 0.31707317073170727, "PPR": [0.8617021276595744, 0.6132075471698113], "PPR whole": 0.73, "PPR ratio": 1.4052373158756137}, "0.8-0.01": {"roc": 0.9432916666666665, "flag_rate": [0.092, 0.108], "flag_rate_ratio": 0.8518518518518519, "TPR": [0.85, 0.67], "TPR whole": 0.76, "TPR ratio": 1.2686567164179103, "FPR": [0.0077777777777777776, 0.04555555555555556], "FPR whole": 0.02666666666666667, "FPR ratio": 0.17073170731707316, "PPR": [0.9239130434782609, 0.6203703703703703], "PPR whole": 0.76, "PPR ratio": 1.4892926670992863}, "0.8-0.2": {"roc": 0.925847222222222, "flag_rate": [0.094, 0.106], "flag_rate_ratio": 0.8867924528301887, "TPR": [0.82, 0.64], "TPR whole": 0.73, "TPR ratio": 1.28125, "FPR": [0.013333333333333334, 0.04666666666666667], "FPR whole": 0.03, "FPR ratio": 0.2857142857142857, "PPR": [0.8723404255319149, 0.6037735849056604], "PPR whole": 0.73, "PPR ratio": 1.4448138297872342}, "0.8-0.5": {"roc": 0.9251194444444445, "flag_rate": [0.096, 0.104], "flag_rate_ratio": 0.9230769230769231, "TPR": [0.78, 0.63], "TPR whole": 0.705, "TPR ratio": 1.2380952380952381, "FPR": [0.02, 0.04555555555555556], "FPR whole": 0.03277777777777778, "FPR ratio": 0.43902439024390244, "PPR": [0.8125, 0.6057692307692307], "PPR whole": 0.705, "PPR ratio": 1.3412698412698414}, "0.8-0.8": {"roc": 0.9286583333333334, "flag_rate": [0.093, 0.107], "flag_rate_ratio": 0.8691588785046729, "TPR": [0.8, 0.66], "TPR whole": 0.73, "TPR ratio": 1.2121212121212122, "FPR": [0.014444444444444444, 0.04555555555555556], "FPR whole": 0.03, "FPR ratio": 0.31707317073170727, "PPR": [0.8602150537634409, 0.616822429906542], "PPR whole": 0.73, "PPR ratio": 1.3945910720104269}}