{"0.01-0.01": {"roc": 0.8423333333333334, "flag_rate": [0.061, 0.139], "flag_rate_ratio": 0.4388489208633093, "TPR": [0.58, 0.39], "TPR whole": 0.485, "TPR ratio": 1.487179487179487, "FPR": [0.0033333333333333335, 0.1111111111111111], "FPR whole": 0.05722222222222222, "FPR ratio": 0.030000000000000002, "PPR": [0.9508196721311475, 0.2805755395683453], "PPR whole": 0.485, "PPR ratio": 3.388818831441782}, "0.01-0.2": {"roc": 0.8434861111111112, "flag_rate": [0.063, 0.137], "flag_rate_ratio": 0.45985401459854014, "TPR": [0.61, 0.37], "TPR whole": 0.49, "TPR ratio": 1.6486486486486487, "FPR": [0.0022222222222222222, 0.1111111111111111], "FPR whole": 0.056666666666666664, "FPR ratio": 0.02, "PPR": [0.9682539682539683, 0.27007299270072993], "PPR whole": 0.49, "PPR ratio": 3.585156585156585}, "0.01-0.5": {"roc": 0.8546305555555556, "flag_rate": [0.06, 0.14], "flag_rate_ratio": 0.4285714285714285, "TPR": [0.58, 0.4], "TPR whole": 0.49, "TPR ratio": 1.4499999999999997, "FPR": [0.0022222222222222222, 0.1111111111111111], "FPR whole": 0.056666666666666664, "FPR ratio": 0.02, "PPR": [0.9666666666666667, 0.2857142857142857], "PPR whole": 0.49, "PPR ratio": 3.3833333333333337}, "0.01-0.8": {"roc": 0.8418680555555554, "flag_rate": [0.063, 0.137], "flag_rate_ratio": 0.45985401459854014, "TPR": [0.63, 0.36], "TPR whole": 0.495, "TPR ratio": 1.75, "FPR": [0.0, 0.11222222222222222], "FPR whole": 0.05611111111111111, "FPR ratio": 0.0, "PPR": [1.0, 0.26277372262773724], "PPR whole": 0.495, "PPR ratio": 3.8055555555555554}, "0.05-0.01": {"roc": 0.8365583333333333, "flag_rate": [0.064, 0.136], "flag_rate_ratio": 0.47058823529411764, "TPR": [0.63, 0.37], "TPR whole": 0.5, "TPR ratio": 1.7027027027027026, "FPR": [0.0011111111111111111, 0.11], "FPR whole": 0.05555555555555555, "FPR ratio": 0.0101010101010101, "PPR": [0.984375, 0.27205882352941174], "PPR whole": 0.5, "PPR ratio": 3.6182432432432434}, "0.05-0.2": {"roc": 0.8340333333333334, "flag_rate": [0.06, 0.14], "flag_rate_ratio": 0.4285714285714285, "TPR": [0.59, 0.36], "TPR whole": 0.475, "TPR ratio": 1.6388888888888888, "FPR": [0.0011111111111111111, 0.11555555555555555], "FPR whole": 0.058333333333333334, "FPR ratio": 0.009615384615384616, "PPR": [0.9833333333333333, 0.2571428571428571], "PPR whole": 0.475, "PPR ratio": 3.8240740740740744}, "0.05-0.5": {"roc": 0.8395527777777778, "flag_rate": [0.061, 0.139], "flag_rate_ratio": 0.4388489208633093, "TPR": [0.6, 0.39], "TPR whole": 0.495, "TPR ratio": 1.5384615384615383, "FPR": [0.0011111111111111111, 0.1111111111111111], "FPR whole": 0.05611111111111111, "FPR ratio": 0.01, "PPR": [0.9836065573770492, 0.2805755395683453], "PPR whole": 0.495, "PPR ratio": 3.505674653215637}, "0.05-0.8": {"roc": 0.8376944444444445, "flag_rate": [0.062, 0.138], "flag_rate_ratio": 0.4492753623188405, "TPR": [0.61, 0.38], "TPR whole": 0.495, "TPR ratio": 1.6052631578947367, "FPR": [0.0011111111111111111, 0.1111111111111111], "FPR whole": 0.05611111111111111, "FPR ratio": 0.01, "PPR": [0.9838709677419355, 0.2753623188405797], "PPR whole": 0.495, "PPR ratio": 3.5730050933786077}, "0.2-0.01": {"roc": 0.8355416666666667, "flag_rate": [0.059, 0.141], "flag_rate_ratio": 0.41843971631205673, "TPR": [0.57, 0.37], "TPR whole": 0.47, "TPR ratio": 1.5405405405405403, "FPR": [0.0022222222222222222, 0.11555555555555555], "FPR whole": 0.058888888888888886, "FPR ratio": 0.019230769230769232, "PPR": [0.9661016949152542, 0.2624113475177305], "PPR whole": 0.47, "PPR ratio": 3.6816307833256987}, "0.2-0.2": {"roc": 0.8294333333333334, "flag_rate": [0.061, 0.139], "flag_rate_ratio": 0.4388489208633093, "TPR": [0.58, 0.34], "TPR whole": 0.46, "TPR ratio": 1.7058823529411762, "FPR": [0.0033333333333333335, 0.11666666666666667], "FPR whole": 0.06, "FPR ratio": 0.028571428571428574, "PPR": [0.9508196721311475, 0.2446043165467626], "PPR whole": 0.46, "PPR ratio": 3.8871745419479264}, "0.2-0.5": {"roc": 0.85275, "flag_rate": [0.06, 0.14], "flag_rate_ratio": 0.4285714285714285, "TPR": [0.6, 0.4], "TPR whole": 0.5, "TPR ratio": 1.4999999999999998, "FPR": [0.0, 0.1111111111111111], "FPR whole": 0.05555555555555555, "FPR ratio": 0.0, "PPR": [1.0, 0.2857142857142857], "PPR whole": 0.5, "PPR ratio": 3.5}, "0.2-0.8": {"roc": 0.8382638888888889, "flag_rate": [0.06, 0.14], "flag_rate_ratio": 0.4285714285714285, "TPR": [0.59, 0.38], "TPR whole": 0.485, "TPR ratio": 1.5526315789473684, "FPR": [0.0011111111111111111, 0.11333333333333333], "FPR whole": 0.05722222222222222, "FPR ratio": 0.00980392156862745, "PPR": [0.9833333333333333, 0.2714285714285714], "PPR whole": 0.485, "PPR ratio": 3.6228070175438596}, "0.5-0.01": {"roc": 0.8502777777777778, "flag_rate": [0.06, 0.14], "flag_rate_ratio": 0.4285714285714285, "TPR": [0.59, 0.4], "TPR whole": 0.495, "TPR ratio": 1.4749999999999999, "FPR": [0.0011111111111111111, 0.1111111111111111], "FPR whole": 0.05611111111111111, "FPR ratio": 0.01, "PPR": [0.9833333333333333, 0.2857142857142857], "PPR whole": 0.495, "PPR ratio": 3.441666666666667}, "0.5-0.2": {"roc": 0.8466361111111111, "flag_rate": [0.059, 0.141], "flag_rate_ratio": 0.41843971631205673, "TPR": [0.59, 0.41], "TPR whole": 0.5, "TPR ratio": 1.4390243902439024, "FPR": [0.0, 0.1111111111111111], "FPR whole": 0.05555555555555555, "FPR ratio": 0.0, "PPR": [1.0, 0.2907801418439716], "PPR whole": 0.5, "PPR ratio": 3.439024390243903}, "0.5-0.5": {"roc": 0.8339166666666666, "flag_rate": [0.06, 0.14], "flag_rate_ratio": 0.4285714285714285, "TPR": [0.6, 0.34], "TPR whole": 0.47, "TPR ratio": 1.764705882352941, "FPR": [0.0, 0.11777777777777777], "FPR whole": 0.058888888888888886, "FPR ratio": 0.0, "PPR": [1.0, 0.24285714285714285], "PPR whole": 0.47, "PPR ratio": 4.11764705882353}, "0.5-0.8": {"roc": 0.8318472222222221, "flag_rate": [0.065, 0.135], "flag_rate_ratio": 0.48148148148148145, "TPR": [0.63, 0.36], "TPR whole": 0.495, "TPR ratio": 1.75, "FPR": [0.0022222222222222222, 0.11], "FPR whole": 0.05611111111111111, "FPR ratio": 0.0202020202020202, "PPR": [0.9692307692307692, 0.26666666666666666], "PPR whole": 0.495, "PPR ratio": 3.6346153846153846}, "0.8-0.01": {"roc": 0.8418833333333332, "flag_rate": [0.063, 0.137], "flag_rate_ratio": 0.45985401459854014, "TPR": [0.62, 0.4], "TPR whole": 0.51, "TPR ratio": 1.5499999999999998, "FPR": [0.0011111111111111111, 0.10777777777777778], "FPR whole": 0.05444444444444444, "FPR ratio": 0.010309278350515464, "PPR": [0.9841269841269841, 0.291970802919708], "PPR whole": 0.51, "PPR ratio": 3.3706349206349207}, "0.8-0.2": {"roc": 0.8629236111111112, "flag_rate": [0.061, 0.139], "flag_rate_ratio": 0.4388489208633093, "TPR": [0.61, 0.39], "TPR whole": 0.5, "TPR ratio": 1.564102564102564, "FPR": [0.0, 0.1111111111111111], "FPR whole": 0.05555555555555555, "FPR ratio": 0.0, "PPR": [1.0, 0.2805755395683453], "PPR whole": 0.5, "PPR ratio": 3.5641025641025643}, "0.8-0.5": {"roc": 0.8462472222222222, "flag_rate": [0.061, 0.139], "flag_rate_ratio": 0.4388489208633093, "TPR": [0.6, 0.37], "TPR whole": 0.485, "TPR ratio": 1.6216216216216215, "FPR": [0.0011111111111111111, 0.11333333333333333], "FPR whole": 0.05722222222222222, "FPR ratio": 0.00980392156862745, "PPR": [0.9836065573770492, 0.26618705035971224], "PPR whole": 0.485, "PPR ratio": 3.695170580416482}, "0.8-0.8": {"roc": 0.8282555555555555, "flag_rate": [0.06, 0.14], "flag_rate_ratio": 0.4285714285714285, "TPR": [0.59, 0.38], "TPR whole": 0.485, "TPR ratio": 1.5526315789473684, "FPR": [0.0011111111111111111, 0.11333333333333333], "FPR whole": 0.05722222222222222, "FPR ratio": 0.00980392156862745, "PPR": [0.9833333333333333, 0.2714285714285714], "PPR whole": 0.485, "PPR ratio": 3.6228070175438596}}