{"0.01-0.01": {"roc": 0.8081888888888888, "flag_rate": [0.034, 0.166], "flag_rate_ratio": 0.20481927710843373, "TPR": [0.34, 0.3], "TPR whole": 0.32, "TPR ratio": 1.1333333333333335, "FPR": [0.0, 0.1511111111111111], "FPR whole": 0.07555555555555556, "FPR ratio": 0.0, "PPR": [1.0, 0.18072289156626506], "PPR whole": 0.32, "PPR ratio": 5.533333333333333}, "0.01-0.2": {"roc": 0.8306305555555555, "flag_rate": [0.041, 0.159], "flag_rate_ratio": 0.2578616352201258, "TPR": [0.41, 0.31], "TPR whole": 0.36, "TPR ratio": 1.3225806451612903, "FPR": [0.0, 0.14222222222222222], "FPR whole": 0.07111111111111111, "FPR ratio": 0.0, "PPR": [1.0, 0.1949685534591195], "PPR whole": 0.36, "PPR ratio": 5.129032258064516}, "0.01-0.5": {"roc": 0.8335055555555555, "flag_rate": [0.043, 0.157], "flag_rate_ratio": 0.27388535031847133, "TPR": [0.43, 0.31], "TPR whole": 0.37, "TPR ratio": 1.3870967741935483, "FPR": [0.0, 0.14], "FPR whole": 0.07, "FPR ratio": 0.0, "PPR": [1.0, 0.19745222929936307], "PPR whole": 0.37, "PPR ratio": 5.064516129032258}, "0.01-0.8": {"roc": 0.8351805555555555, "flag_rate": [0.042, 0.158], "flag_rate_ratio": 0.2658227848101266, "TPR": [0.41, 0.3], "TPR whole": 0.355, "TPR ratio": 1.3666666666666667, "FPR": [0.0011111111111111111, 0.14222222222222222], "FPR whole": 0.07166666666666667, "FPR ratio": 0.0078125, "PPR": [0.9761904761904762, 0.189873417721519], "PPR whole": 0.355, "PPR ratio": 5.141269841269841}, "0.05-0.01": {"roc": 0.7906027777777779, "flag_rate": [0.047, 0.153], "flag_rate_ratio": 0.30718954248366015, "TPR": [0.44, 0.29], "TPR whole": 0.365, "TPR ratio": 1.517241379310345, "FPR": [0.0033333333333333335, 0.13777777777777778], "FPR whole": 0.07055555555555555, "FPR ratio": 0.024193548387096777, "PPR": [0.9361702127659575, 0.1895424836601307], "PPR whole": 0.365, "PPR ratio": 4.939104915627293}, "0.05-0.2": {"roc": 0.8205361111111111, "flag_rate": [0.039, 0.161], "flag_rate_ratio": 0.24223602484472048, "TPR": [0.39, 0.3], "TPR whole": 0.345, "TPR ratio": 1.3, "FPR": [0.0, 0.14555555555555555], "FPR whole": 0.07277777777777777, "FPR ratio": 0.0, "PPR": [1.0, 0.18633540372670807], "PPR whole": 0.345, "PPR ratio": 5.366666666666667}, "0.05-0.5": {"roc": 0.8145861111111111, "flag_rate": [0.044, 0.156], "flag_rate_ratio": 0.28205128205128205, "TPR": [0.43, 0.34], "TPR whole": 0.385, "TPR ratio": 1.2647058823529411, "FPR": [0.0011111111111111111, 0.13555555555555557], "FPR whole": 0.06833333333333333, "FPR ratio": 0.008196721311475409, "PPR": [0.9772727272727273, 0.21794871794871795], "PPR whole": 0.385, "PPR ratio": 4.483957219251337}, "0.05-0.8": {"roc": 0.8093638888888889, "flag_rate": [0.044, 0.156], "flag_rate_ratio": 0.28205128205128205, "TPR": [0.44, 0.3], "TPR whole": 0.37, "TPR ratio": 1.4666666666666668, "FPR": [0.0, 0.14], "FPR whole": 0.07, "FPR ratio": 0.0, "PPR": [1.0, 0.19230769230769232], "PPR whole": 0.37, "PPR ratio": 5.199999999999999}, "0.2-0.01": {"roc": 0.8083055555555555, "flag_rate": [0.043, 0.157], "flag_rate_ratio": 0.27388535031847133, "TPR": [0.41, 0.3], "TPR whole": 0.355, "TPR ratio": 1.3666666666666667, "FPR": [0.0022222222222222222, 0.1411111111111111], "FPR whole": 0.07166666666666667, "FPR ratio": 0.015748031496062992, "PPR": [0.9534883720930233, 0.1910828025477707], "PPR whole": 0.355, "PPR ratio": 4.989922480620155}, "0.2-0.2": {"roc": 0.8248527777777778, "flag_rate": [0.039, 0.161], "flag_rate_ratio": 0.24223602484472048, "TPR": [0.39, 0.28], "TPR whole": 0.335, "TPR ratio": 1.3928571428571428, "FPR": [0.0, 0.14777777777777779], "FPR whole": 0.07388888888888889, "FPR ratio": 0.0, "PPR": [1.0, 0.17391304347826086], "PPR whole": 0.335, "PPR ratio": 5.75}, "0.2-0.5": {"roc": 0.8142555555555555, "flag_rate": [0.043, 0.157], "flag_rate_ratio": 0.27388535031847133, "TPR": [0.43, 0.3], "TPR whole": 0.365, "TPR ratio": 1.4333333333333333, "FPR": [0.0, 0.1411111111111111], "FPR whole": 0.07055555555555555, "FPR ratio": 0.0, "PPR": [1.0, 0.1910828025477707], "PPR whole": 0.365, "PPR ratio": 5.233333333333333}, "0.2-0.8": {"roc": 0.8281166666666667, "flag_rate": [0.037, 0.163], "flag_rate_ratio": 0.22699386503067484, "TPR": [0.37, 0.33], "TPR whole": 0.35, "TPR ratio": 1.121212121212121, "FPR": [0.0, 0.14444444444444443], "FPR whole": 0.07222222222222222, "FPR ratio": 0.0, "PPR": [1.0, 0.20245398773006135], "PPR whole": 0.35, "PPR ratio": 4.9393939393939394}, "0.5-0.01": {"roc": 0.8167777777777778, "flag_rate": [0.041, 0.159], "flag_rate_ratio": 0.2578616352201258, "TPR": [0.41, 0.31], "TPR whole": 0.36, "TPR ratio": 1.3225806451612903, "FPR": [0.0, 0.14222222222222222], "FPR whole": 0.07111111111111111, "FPR ratio": 0.0, "PPR": [1.0, 0.1949685534591195], "PPR whole": 0.36, "PPR ratio": 5.129032258064516}, "0.5-0.2": {"roc": 0.822475, "flag_rate": [0.041, 0.159], "flag_rate_ratio": 0.2578616352201258, "TPR": [0.4, 0.3], "TPR whole": 0.35, "TPR ratio": 1.3333333333333335, "FPR": [0.0011111111111111111, 0.14333333333333334], "FPR whole": 0.07222222222222222, "FPR ratio": 0.007751937984496124, "PPR": [0.975609756097561, 0.18867924528301888], "PPR whole": 0.35, "PPR ratio": 5.170731707317072}, "0.5-0.5": {"roc": 0.8126027777777778, "flag_rate": [0.041, 0.159], "flag_rate_ratio": 0.2578616352201258, "TPR": [0.41, 0.29], "TPR whole": 0.35, "TPR ratio": 1.4137931034482758, "FPR": [0.0, 0.14444444444444443], "FPR whole": 0.07222222222222222, "FPR ratio": 0.0, "PPR": [1.0, 0.18238993710691823], "PPR whole": 0.35, "PPR ratio": 5.482758620689656}, "0.5-0.8": {"roc": 0.8128222222222221, "flag_rate": [0.043, 0.157], "flag_rate_ratio": 0.27388535031847133, "TPR": [0.43, 0.3], "TPR whole": 0.365, "TPR ratio": 1.4333333333333333, "FPR": [0.0, 0.1411111111111111], "FPR whole": 0.07055555555555555, "FPR ratio": 0.0, "PPR": [1.0, 0.1910828025477707], "PPR whole": 0.365, "PPR ratio": 5.233333333333333}, "0.8-0.01": {"roc": 0.8282861111111111, "flag_rate": [0.04, 0.16], "flag_rate_ratio": 0.25, "TPR": [0.4, 0.32], "TPR whole": 0.36, "TPR ratio": 1.25, "FPR": [0.0, 0.14222222222222222], "FPR whole": 0.07111111111111111, "FPR ratio": 0.0, "PPR": [1.0, 0.2], "PPR whole": 0.36, "PPR ratio": 5.0}, "0.8-0.2": {"roc": 0.8267305555555556, "flag_rate": [0.043, 0.157], "flag_rate_ratio": 0.27388535031847133, "TPR": [0.43, 0.29], "TPR whole": 0.36, "TPR ratio": 1.4827586206896552, "FPR": [0.0, 0.14222222222222222], "FPR whole": 0.07111111111111111, "FPR ratio": 0.0, "PPR": [1.0, 0.18471337579617833], "PPR whole": 0.36, "PPR ratio": 5.413793103448277}, "0.8-0.5": {"roc": 0.8410249999999999, "flag_rate": [0.04, 0.16], "flag_rate_ratio": 0.25, "TPR": [0.4, 0.34], "TPR whole": 0.37, "TPR ratio": 1.1764705882352942, "FPR": [0.0, 0.14], "FPR whole": 0.07, "FPR ratio": 0.0, "PPR": [1.0, 0.2125], "PPR whole": 0.37, "PPR ratio": 4.705882352941177}, "0.8-0.8": {"roc": 0.8381333333333333, "flag_rate": [0.045, 0.155], "flag_rate_ratio": 0.29032258064516125, "TPR": [0.44, 0.3], "TPR whole": 0.37, "TPR ratio": 1.4666666666666668, "FPR": [0.0011111111111111111, 0.1388888888888889], "FPR whole": 0.07, "FPR ratio": 0.008, "PPR": [0.9777777777777777, 0.1935483870967742], "PPR whole": 0.37, "PPR ratio": 5.051851851851852}}