{"0.01-0.01": {"roc": 0.892475, "flag_rate": [0.048, 0.152], "flag_rate_ratio": 0.31578947368421056, "TPR": [0.48, 0.49], "TPR whole": 0.485, "TPR ratio": 0.9795918367346939, "FPR": [0.0, 0.11444444444444445], "FPR whole": 0.05722222222222222, "FPR ratio": 0.0, "PPR": [1.0, 0.3223684210526316], "PPR whole": 0.485, "PPR ratio": 3.1020408163265305}, "0.01-0.2": {"roc": 0.9049083333333333, "flag_rate": [0.064, 0.136], "flag_rate_ratio": 0.47058823529411764, "TPR": [0.64, 0.54], "TPR whole": 0.59, "TPR ratio": 1.1851851851851851, "FPR": [0.0, 0.09111111111111111], "FPR whole": 0.04555555555555556, "FPR ratio": 0.0, "PPR": [1.0, 0.39705882352941174], "PPR whole": 0.59, "PPR ratio": 2.5185185185185186}, "0.01-0.5": {"roc": 0.905586111111111, "flag_rate": [0.062, 0.138], "flag_rate_ratio": 0.4492753623188405, "TPR": [0.61, 0.52], "TPR whole": 0.565, "TPR ratio": 1.173076923076923, "FPR": [0.0011111111111111111, 0.09555555555555556], "FPR whole": 0.04833333333333333, "FPR ratio": 0.011627906976744186, "PPR": [0.9838709677419355, 0.37681159420289856], "PPR whole": 0.565, "PPR ratio": 2.611042183622829}, "0.01-0.8": {"roc": 0.9114055555555555, "flag_rate": [0.06, 0.14], "flag_rate_ratio": 0.4285714285714285, "TPR": [0.59, 0.52], "TPR whole": 0.555, "TPR ratio": 1.1346153846153846, "FPR": [0.0011111111111111111, 0.09777777777777778], "FPR whole": 0.049444444444444444, "FPR ratio": 0.011363636363636362, "PPR": [0.9833333333333333, 0.37142857142857144], "PPR whole": 0.555, "PPR ratio": 2.6474358974358974}, "0.05-0.01": {"roc": 0.9056388888888889, "flag_rate": [0.057, 0.143], "flag_rate_ratio": 0.39860139860139865, "TPR": [0.57, 0.5], "TPR whole": 0.535, "TPR ratio": 1.14, "FPR": [0.0, 0.10333333333333333], "FPR whole": 0.051666666666666666, "FPR ratio": 0.0, "PPR": [1.0, 0.34965034965034963], "PPR whole": 0.535, "PPR ratio": 2.8600000000000003}, "0.05-0.2": {"roc": 0.9036333333333332, "flag_rate": [0.063, 0.137], "flag_rate_ratio": 0.45985401459854014, "TPR": [0.63, 0.53], "TPR whole": 0.58, "TPR ratio": 1.1886792452830188, "FPR": [0.0, 0.09333333333333334], "FPR whole": 0.04666666666666667, "FPR ratio": 0.0, "PPR": [1.0, 0.38686131386861317], "PPR whole": 0.58, "PPR ratio": 2.584905660377358}, "0.05-0.5": {"roc": 0.9014166666666666, "flag_rate": [0.062, 0.138], "flag_rate_ratio": 0.4492753623188405, "TPR": [0.62, 0.51], "TPR whole": 0.565, "TPR ratio": 1.2156862745098038, "FPR": [0.0, 0.09666666666666666], "FPR whole": 0.04833333333333333, "FPR ratio": 0.0, "PPR": [1.0, 0.3695652173913043], "PPR whole": 0.565, "PPR ratio": 2.7058823529411766}, "0.05-0.8": {"roc": 0.9093222222222223, "flag_rate": [0.062, 0.138], "flag_rate_ratio": 0.4492753623188405, "TPR": [0.62, 0.54], "TPR whole": 0.58, "TPR ratio": 1.1481481481481481, "FPR": [0.0, 0.09333333333333334], "FPR whole": 0.04666666666666667, "FPR ratio": 0.0, "PPR": [1.0, 0.391304347826087], "PPR whole": 0.58, "PPR ratio": 2.5555555555555554}, "0.2-0.01": {"roc": 0.8937361111111111, "flag_rate": [0.054, 0.146], "flag_rate_ratio": 0.36986301369863017, "TPR": [0.53, 0.5], "TPR whole": 0.515, "TPR ratio": 1.06, "FPR": [0.0011111111111111111, 0.10666666666666667], "FPR whole": 0.05388888888888889, "FPR ratio": 0.010416666666666666, "PPR": [0.9814814814814815, 0.3424657534246575], "PPR whole": 0.515, "PPR ratio": 2.865925925925926}, "0.2-0.2": {"roc": 0.9103138888888888, "flag_rate": [0.06, 0.14], "flag_rate_ratio": 0.4285714285714285, "TPR": [0.6, 0.52], "TPR whole": 0.56, "TPR ratio": 1.1538461538461537, "FPR": [0.0, 0.09777777777777778], "FPR whole": 0.04888888888888889, "FPR ratio": 0.0, "PPR": [1.0, 0.37142857142857144], "PPR whole": 0.56, "PPR ratio": 2.692307692307692}, "0.2-0.5": {"roc": 0.9077361111111112, "flag_rate": [0.065, 0.135], "flag_rate_ratio": 0.48148148148148145, "TPR": [0.64, 0.52], "TPR whole": 0.58, "TPR ratio": 1.2307692307692308, "FPR": [0.0011111111111111111, 0.09222222222222222], "FPR whole": 0.04666666666666667, "FPR ratio": 0.012048192771084338, "PPR": [0.9846153846153847, 0.3851851851851852], "PPR whole": 0.58, "PPR ratio": 2.5562130177514795}, "0.2-0.8": {"roc": 0.8978861111111112, "flag_rate": [0.058, 0.142], "flag_rate_ratio": 0.4084507042253522, "TPR": [0.58, 0.48], "TPR whole": 0.53, "TPR ratio": 1.2083333333333333, "FPR": [0.0, 0.10444444444444445], "FPR whole": 0.052222222222222225, "FPR ratio": 0.0, "PPR": [1.0, 0.3380281690140845], "PPR whole": 0.53, "PPR ratio": 2.9583333333333335}, "0.5-0.01": {"roc": 0.9046777777777777, "flag_rate": [0.06, 0.14], "flag_rate_ratio": 0.4285714285714285, "TPR": [0.59, 0.52], "TPR whole": 0.555, "TPR ratio": 1.1346153846153846, "FPR": [0.0011111111111111111, 0.09777777777777778], "FPR whole": 0.049444444444444444, "FPR ratio": 0.011363636363636362, "PPR": [0.9833333333333333, 0.37142857142857144], "PPR whole": 0.555, "PPR ratio": 2.6474358974358974}, "0.5-0.2": {"roc": 0.9118944444444445, "flag_rate": [0.065, 0.135], "flag_rate_ratio": 0.48148148148148145, "TPR": [0.65, 0.52], "TPR whole": 0.585, "TPR ratio": 1.25, "FPR": [0.0, 0.09222222222222222], "FPR whole": 0.04611111111111111, "FPR ratio": 0.0, "PPR": [1.0, 0.3851851851851852], "PPR whole": 0.585, "PPR ratio": 2.5961538461538463}, "0.5-0.5": {"roc": 0.8993194444444444, "flag_rate": [0.066, 0.134], "flag_rate_ratio": 0.4925373134328358, "TPR": [0.64, 0.52], "TPR whole": 0.58, "TPR ratio": 1.2307692307692308, "FPR": [0.0022222222222222222, 0.09111111111111111], "FPR whole": 0.04666666666666667, "FPR ratio": 0.024390243902439022, "PPR": [0.9696969696969697, 0.3880597014925373], "PPR whole": 0.58, "PPR ratio": 2.498834498834499}, "0.5-0.8": {"roc": 0.9082833333333334, "flag_rate": [0.062, 0.138], "flag_rate_ratio": 0.4492753623188405, "TPR": [0.6, 0.53], "TPR whole": 0.565, "TPR ratio": 1.1320754716981132, "FPR": [0.0022222222222222222, 0.09444444444444444], "FPR whole": 0.04833333333333333, "FPR ratio": 0.023529411764705882, "PPR": [0.967741935483871, 0.38405797101449274], "PPR whole": 0.565, "PPR ratio": 2.519780888618381}, "0.8-0.01": {"roc": 0.9087944444444445, "flag_rate": [0.063, 0.137], "flag_rate_ratio": 0.45985401459854014, "TPR": [0.63, 0.52], "TPR whole": 0.575, "TPR ratio": 1.2115384615384615, "FPR": [0.0, 0.09444444444444444], "FPR whole": 0.04722222222222222, "FPR ratio": 0.0, "PPR": [1.0, 0.3795620437956204], "PPR whole": 0.575, "PPR ratio": 2.6346153846153846}, "0.8-0.2": {"roc": 0.9068138888888889, "flag_rate": [0.061, 0.139], "flag_rate_ratio": 0.4388489208633093, "TPR": [0.61, 0.51], "TPR whole": 0.56, "TPR ratio": 1.196078431372549, "FPR": [0.0, 0.09777777777777778], "FPR whole": 0.04888888888888889, "FPR ratio": 0.0, "PPR": [1.0, 0.3669064748201439], "PPR whole": 0.56, "PPR ratio": 2.7254901960784315}, "0.8-0.5": {"roc": 0.9072333333333334, "flag_rate": [0.069, 0.131], "flag_rate_ratio": 0.5267175572519084, "TPR": [0.67, 0.51], "TPR whole": 0.59, "TPR ratio": 1.3137254901960784, "FPR": [0.0022222222222222222, 0.08888888888888889], "FPR whole": 0.04555555555555556, "FPR ratio": 0.024999999999999998, "PPR": [0.9710144927536232, 0.3893129770992366], "PPR whole": 0.59, "PPR ratio": 2.4941744813867577}, "0.8-0.8": {"roc": 0.9036777777777778, "flag_rate": [0.065, 0.135], "flag_rate_ratio": 0.48148148148148145, "TPR": [0.63, 0.52], "TPR whole": 0.575, "TPR ratio": 1.2115384615384615, "FPR": [0.0022222222222222222, 0.09222222222222222], "FPR whole": 0.04722222222222222, "FPR ratio": 0.024096385542168676, "PPR": [0.9692307692307692, 0.3851851851851852], "PPR whole": 0.575, "PPR ratio": 2.5162721893491122}}