{"0.01-0.01": {"roc": 0.9999944444444445, "flag_rate": [0.1, 0.1], "flag_rate_ratio": 1.0, "TPR": [0.99, 1.0], "TPR whole": 0.995, "TPR ratio": 0.99, "FPR": [0.0011111111111111111, 0.0], "FPR whole": 0.0005555555555555556, "FPR ratio": 1.1111111111111112e-08, "PPR": [0.99, 1.0], "PPR whole": 0.995, "PPR ratio": 0.99}, "0.01-0.2": {"roc": 0.9999861111111111, "flag_rate": [0.1, 0.1], "flag_rate_ratio": 1.0, "TPR": [0.99, 1.0], "TPR whole": 0.995, "TPR ratio": 0.99, "FPR": [0.0011111111111111111, 0.0], "FPR whole": 0.0005555555555555556, "FPR ratio": 1.1111111111111112e-08, "PPR": [0.99, 1.0], "PPR whole": 0.995, "PPR ratio": 0.99}, "0.01-0.5": {"roc": 0.9999805555555555, "flag_rate": [0.1, 0.1], "flag_rate_ratio": 1.0, "TPR": [0.99, 1.0], "TPR whole": 0.995, "TPR ratio": 0.99, "FPR": [0.0011111111111111111, 0.0], "FPR whole": 0.0005555555555555556, "FPR ratio": 1.1111111111111112e-08, "PPR": [0.99, 1.0], "PPR whole": 0.995, "PPR ratio": 0.99}, "0.01-0.8": {"roc": 0.9999888888888889, "flag_rate": [0.1, 0.1], "flag_rate_ratio": 1.0, "TPR": [0.99, 1.0], "TPR whole": 0.995, "TPR ratio": 0.99, "FPR": [0.0011111111111111111, 0.0], "FPR whole": 0.0005555555555555556, "FPR ratio": 1.1111111111111112e-08, "PPR": [0.99, 1.0], "PPR whole": 0.995, "PPR ratio": 0.99}, "0.05-0.01": {"roc": 0.9999916666666667, "flag_rate": [0.1, 0.1], "flag_rate_ratio": 1.0, "TPR": [0.99, 1.0], "TPR whole": 0.995, "TPR ratio": 0.99, "FPR": [0.0011111111111111111, 0.0], "FPR whole": 0.0005555555555555556, "FPR ratio": 1.1111111111111112e-08, "PPR": [0.99, 1.0], "PPR whole": 0.995, "PPR ratio": 0.99}, "0.05-0.2": {"roc": 0.9999833333333333, "flag_rate": [0.1, 0.1], "flag_rate_ratio": 1.0, "TPR": [0.99, 1.0], "TPR whole": 0.995, "TPR ratio": 0.99, "FPR": [0.0011111111111111111, 0.0], "FPR whole": 0.0005555555555555556, "FPR ratio": 1.1111111111111112e-08, "PPR": [0.99, 1.0], "PPR whole": 0.995, "PPR ratio": 0.99}, "0.05-0.5": {"roc": 0.9999833333333333, "flag_rate": [0.1, 0.1], "flag_rate_ratio": 1.0, "TPR": [0.99, 1.0], "TPR whole": 0.995, "TPR ratio": 0.99, "FPR": [0.0011111111111111111, 0.0], "FPR whole": 0.0005555555555555556, "FPR ratio": 1.1111111111111112e-08, "PPR": [0.99, 1.0], "PPR whole": 0.995, "PPR ratio": 0.99}, "0.05-0.8": {"roc": 0.9999888888888889, "flag_rate": [0.1, 0.1], "flag_rate_ratio": 1.0, "TPR": [0.99, 1.0], "TPR whole": 0.995, "TPR ratio": 0.99, "FPR": [0.0011111111111111111, 0.0], "FPR whole": 0.0005555555555555556, "FPR ratio": 1.1111111111111112e-08, "PPR": [0.99, 1.0], "PPR whole": 0.995, "PPR ratio": 0.99}, "0.2-0.01": {"roc": 0.9999944444444445, "flag_rate": [0.1, 0.1], "flag_rate_ratio": 1.0, "TPR": [0.99, 1.0], "TPR whole": 0.995, "TPR ratio": 0.99, "FPR": [0.0011111111111111111, 0.0], "FPR whole": 0.0005555555555555556, "FPR ratio": 1.1111111111111112e-08, "PPR": [0.99, 1.0], "PPR whole": 0.995, "PPR ratio": 0.99}, "0.2-0.2": {"roc": 0.9999638888888889, "flag_rate": [0.1, 0.1], "flag_rate_ratio": 1.0, "TPR": [0.99, 1.0], "TPR whole": 0.995, "TPR ratio": 0.99, "FPR": [0.0011111111111111111, 0.0], "FPR whole": 0.0005555555555555556, "FPR ratio": 1.1111111111111112e-08, "PPR": [0.99, 1.0], "PPR whole": 0.995, "PPR ratio": 0.99}, "0.2-0.5": {"roc": 0.9999861111111111, "flag_rate": [0.1, 0.1], "flag_rate_ratio": 1.0, "TPR": [0.99, 1.0], "TPR whole": 0.995, "TPR ratio": 0.99, "FPR": [0.0011111111111111111, 0.0], "FPR whole": 0.0005555555555555556, "FPR ratio": 1.1111111111111112e-08, "PPR": [0.99, 1.0], "PPR whole": 0.995, "PPR ratio": 0.99}, "0.2-0.8": {"roc": 0.9999722222222223, "flag_rate": [0.1, 0.1], "flag_rate_ratio": 1.0, "TPR": [0.98, 1.0], "TPR whole": 0.99, "TPR ratio": 0.98, "FPR": [0.0022222222222222222, 0.0], "FPR whole": 0.0011111111111111111, "FPR ratio": 2.2222222222222224e-08, "PPR": [0.98, 1.0], "PPR whole": 0.99, "PPR ratio": 0.98}, "0.5-0.01": {"roc": 0.9999944444444445, "flag_rate": [0.1, 0.1], "flag_rate_ratio": 1.0, "TPR": [0.99, 1.0], "TPR whole": 0.995, "TPR ratio": 0.99, "FPR": [0.0011111111111111111, 0.0], "FPR whole": 0.0005555555555555556, "FPR ratio": 1.1111111111111112e-08, "PPR": [0.99, 1.0], "PPR whole": 0.995, "PPR ratio": 0.99}, "0.5-0.2": {"roc": 0.9999833333333333, "flag_rate": [0.1, 0.1], "flag_rate_ratio": 1.0, "TPR": [0.99, 1.0], "TPR whole": 0.995, "TPR ratio": 0.99, "FPR": [0.0011111111111111111, 0.0], "FPR whole": 0.0005555555555555556, "FPR ratio": 1.1111111111111112e-08, "PPR": [0.99, 1.0], "PPR whole": 0.995, "PPR ratio": 0.99}, "0.5-0.5": {"roc": 0.9999833333333333, "flag_rate": [0.1, 0.1], "flag_rate_ratio": 1.0, "TPR": [0.99, 1.0], "TPR whole": 0.995, "TPR ratio": 0.99, "FPR": [0.0011111111111111111, 0.0], "FPR whole": 0.0005555555555555556, "FPR ratio": 1.1111111111111112e-08, "PPR": [0.99, 1.0], "PPR whole": 0.995, "PPR ratio": 0.99}, "0.5-0.8": {"roc": 0.9999805555555555, "flag_rate": [0.1, 0.1], "flag_rate_ratio": 1.0, "TPR": [0.99, 1.0], "TPR whole": 0.995, "TPR ratio": 0.99, "FPR": [0.0011111111111111111, 0.0], "FPR whole": 0.0005555555555555556, "FPR ratio": 1.1111111111111112e-08, "PPR": [0.99, 1.0], "PPR whole": 0.995, "PPR ratio": 0.99}, "0.8-0.01": {"roc": 0.9999944444444445, "flag_rate": [0.1, 0.1], "flag_rate_ratio": 1.0, "TPR": [0.99, 1.0], "TPR whole": 0.995, "TPR ratio": 0.99, "FPR": [0.0011111111111111111, 0.0], "FPR whole": 0.0005555555555555556, "FPR ratio": 1.1111111111111112e-08, "PPR": [0.99, 1.0], "PPR whole": 0.995, "PPR ratio": 0.99}, "0.8-0.2": {"roc": 0.9999916666666667, "flag_rate": [0.1, 0.1], "flag_rate_ratio": 1.0, "TPR": [0.99, 1.0], "TPR whole": 0.995, "TPR ratio": 0.99, "FPR": [0.0011111111111111111, 0.0], "FPR whole": 0.0005555555555555556, "FPR ratio": 1.1111111111111112e-08, "PPR": [0.99, 1.0], "PPR whole": 0.995, "PPR ratio": 0.99}, "0.8-0.5": {"roc": 0.9999833333333333, "flag_rate": [0.1, 0.1], "flag_rate_ratio": 1.0, "TPR": [0.99, 1.0], "TPR whole": 0.995, "TPR ratio": 0.99, "FPR": [0.0011111111111111111, 0.0], "FPR whole": 0.0005555555555555556, "FPR ratio": 1.1111111111111112e-08, "PPR": [0.99, 1.0], "PPR whole": 0.995, "PPR ratio": 0.99}, "0.8-0.8": {"roc": 0.9999861111111111, "flag_rate": [0.1, 0.1], "flag_rate_ratio": 1.0, "TPR": [0.99, 1.0], "TPR whole": 0.995, "TPR ratio": 0.99, "FPR": [0.0011111111111111111, 0.0], "FPR whole": 0.0005555555555555556, "FPR ratio": 1.1111111111111112e-08, "PPR": [0.99, 1.0], "PPR whole": 0.995, "PPR ratio": 0.99}}