{"0.01-0.01": {"roc": 1.0, "flag_rate": [0.1, 0.1], "flag_rate_ratio": 1.0, "TPR": [1.0, 1.0], "TPR whole": 1.0, "TPR ratio": 1.0, "FPR": [0.0, 0.0], "FPR whole": 0.0, "FPR ratio": 0.0, "PPR": [1.0, 1.0], "PPR whole": 1.0, "PPR ratio": 1.0}, "0.01-0.2": {"roc": 0.9999972222222222, "flag_rate": [0.1, 0.1], "flag_rate_ratio": 1.0, "TPR": [1.0, 0.99], "TPR whole": 0.995, "TPR ratio": 1.0101010101010102, "FPR": [0.0, 0.0011111111111111111], "FPR whole": 0.0005555555555555556, "FPR ratio": 0.0, "PPR": [1.0, 0.99], "PPR whole": 0.995, "PPR ratio": 1.0101010101010102}, "0.01-0.5": {"roc": 0.9999916666666667, "flag_rate": [0.1, 0.1], "flag_rate_ratio": 1.0, "TPR": [1.0, 0.99], "TPR whole": 0.995, "TPR ratio": 1.0101010101010102, "FPR": [0.0, 0.0011111111111111111], "FPR whole": 0.0005555555555555556, "FPR ratio": 0.0, "PPR": [1.0, 0.99], "PPR whole": 0.995, "PPR ratio": 1.0101010101010102}, "0.01-0.8": {"roc": 1.0, "flag_rate": [0.1, 0.1], "flag_rate_ratio": 1.0, "TPR": [1.0, 1.0], "TPR whole": 1.0, "TPR ratio": 1.0, "FPR": [0.0, 0.0], "FPR whole": 0.0, "FPR ratio": 0.0, "PPR": [1.0, 1.0], "PPR whole": 1.0, "PPR ratio": 1.0}, "0.05-0.01": {"roc": 1.0, "flag_rate": [0.1, 0.1], "flag_rate_ratio": 1.0, "TPR": [1.0, 1.0], "TPR whole": 1.0, "TPR ratio": 1.0, "FPR": [0.0, 0.0], "FPR whole": 0.0, "FPR ratio": 0.0, "PPR": [1.0, 1.0], "PPR whole": 1.0, "PPR ratio": 1.0}, "0.05-0.2": {"roc": 1.0, "flag_rate": [0.1, 0.1], "flag_rate_ratio": 1.0, "TPR": [1.0, 1.0], "TPR whole": 1.0, "TPR ratio": 1.0, "FPR": [0.0, 0.0], "FPR whole": 0.0, "FPR ratio": 0.0, "PPR": [1.0, 1.0], "PPR whole": 1.0, "PPR ratio": 1.0}, "0.05-0.5": {"roc": 0.9999972222222222, "flag_rate": [0.1, 0.1], "flag_rate_ratio": 1.0, "TPR": [1.0, 0.99], "TPR whole": 0.995, "TPR ratio": 1.0101010101010102, "FPR": [0.0, 0.0011111111111111111], "FPR whole": 0.0005555555555555556, "FPR ratio": 0.0, "PPR": [1.0, 0.99], "PPR whole": 0.995, "PPR ratio": 1.0101010101010102}, "0.05-0.8": {"roc": 1.0, "flag_rate": [0.1, 0.1], "flag_rate_ratio": 1.0, "TPR": [1.0, 1.0], "TPR whole": 1.0, "TPR ratio": 1.0, "FPR": [0.0, 0.0], "FPR whole": 0.0, "FPR ratio": 0.0, "PPR": [1.0, 1.0], "PPR whole": 1.0, "PPR ratio": 1.0}, "0.2-0.01": {"roc": 1.0, "flag_rate": [0.1, 0.1], "flag_rate_ratio": 1.0, "TPR": [1.0, 1.0], "TPR whole": 1.0, "TPR ratio": 1.0, "FPR": [0.0, 0.0], "FPR whole": 0.0, "FPR ratio": 0.0, "PPR": [1.0, 1.0], "PPR whole": 1.0, "PPR ratio": 1.0}, "0.2-0.2": {"roc": 1.0, "flag_rate": [0.1, 0.1], "flag_rate_ratio": 1.0, "TPR": [1.0, 1.0], "TPR whole": 1.0, "TPR ratio": 1.0, "FPR": [0.0, 0.0], "FPR whole": 0.0, "FPR ratio": 0.0, "PPR": [1.0, 1.0], "PPR whole": 1.0, "PPR ratio": 1.0}, "0.2-0.5": {"roc": 0.9999833333333333, "flag_rate": [0.1, 0.1], "flag_rate_ratio": 1.0, "TPR": [1.0, 0.98], "TPR whole": 0.99, "TPR ratio": 1.0204081632653061, "FPR": [0.0, 0.0022222222222222222], "FPR whole": 0.0011111111111111111, "FPR ratio": 0.0, "PPR": [1.0, 0.98], "PPR whole": 0.99, "PPR ratio": 1.0204081632653061}, "0.2-0.8": {"roc": 0.9999888888888889, "flag_rate": [0.1, 0.1], "flag_rate_ratio": 1.0, "TPR": [1.0, 0.98], "TPR whole": 0.99, "TPR ratio": 1.0204081632653061, "FPR": [0.0, 0.0022222222222222222], "FPR whole": 0.0011111111111111111, "FPR ratio": 0.0, "PPR": [1.0, 0.98], "PPR whole": 0.99, "PPR ratio": 1.0204081632653061}, "0.5-0.01": {"roc": 0.9999944444444445, "flag_rate": [0.1, 0.1], "flag_rate_ratio": 1.0, "TPR": [1.0, 0.99], "TPR whole": 0.995, "TPR ratio": 1.0101010101010102, "FPR": [0.0, 0.0011111111111111111], "FPR whole": 0.0005555555555555556, "FPR ratio": 0.0, "PPR": [1.0, 0.99], "PPR whole": 0.995, "PPR ratio": 1.0101010101010102}, "0.5-0.2": {"roc": 1.0, "flag_rate": [0.1, 0.1], "flag_rate_ratio": 1.0, "TPR": [1.0, 1.0], "TPR whole": 1.0, "TPR ratio": 1.0, "FPR": [0.0, 0.0], "FPR whole": 0.0, "FPR ratio": 0.0, "PPR": [1.0, 1.0], "PPR whole": 1.0, "PPR ratio": 1.0}, "0.5-0.5": {"roc": 0.9999888888888889, "flag_rate": [0.1, 0.1], "flag_rate_ratio": 1.0, "TPR": [1.0, 0.98], "TPR whole": 0.99, "TPR ratio": 1.0204081632653061, "FPR": [0.0, 0.0022222222222222222], "FPR whole": 0.0011111111111111111, "FPR ratio": 0.0, "PPR": [1.0, 0.98], "PPR whole": 0.99, "PPR ratio": 1.0204081632653061}, "0.5-0.8": {"roc": 0.9999944444444445, "flag_rate": [0.1, 0.1], "flag_rate_ratio": 1.0, "TPR": [1.0, 0.99], "TPR whole": 0.995, "TPR ratio": 1.0101010101010102, "FPR": [0.0, 0.0011111111111111111], "FPR whole": 0.0005555555555555556, "FPR ratio": 0.0, "PPR": [1.0, 0.99], "PPR whole": 0.995, "PPR ratio": 1.0101010101010102}, "0.8-0.01": {"roc": 0.9999972222222222, "flag_rate": [0.1, 0.1], "flag_rate_ratio": 1.0, "TPR": [1.0, 0.99], "TPR whole": 0.995, "TPR ratio": 1.0101010101010102, "FPR": [0.0, 0.0011111111111111111], "FPR whole": 0.0005555555555555556, "FPR ratio": 0.0, "PPR": [1.0, 0.99], "PPR whole": 0.995, "PPR ratio": 1.0101010101010102}, "0.8-0.2": {"roc": 1.0, "flag_rate": [0.1, 0.1], "flag_rate_ratio": 1.0, "TPR": [1.0, 1.0], "TPR whole": 1.0, "TPR ratio": 1.0, "FPR": [0.0, 0.0], "FPR whole": 0.0, "FPR ratio": 0.0, "PPR": [1.0, 1.0], "PPR whole": 1.0, "PPR ratio": 1.0}, "0.8-0.5": {"roc": 0.9999777777777777, "flag_rate": [0.1, 0.1], "flag_rate_ratio": 1.0, "TPR": [1.0, 0.98], "TPR whole": 0.99, "TPR ratio": 1.0204081632653061, "FPR": [0.0, 0.0022222222222222222], "FPR whole": 0.0011111111111111111, "FPR ratio": 0.0, "PPR": [1.0, 0.98], "PPR whole": 0.99, "PPR ratio": 1.0204081632653061}, "0.8-0.8": {"roc": 0.9999833333333333, "flag_rate": [0.1, 0.1], "flag_rate_ratio": 1.0, "TPR": [1.0, 0.98], "TPR whole": 0.99, "TPR ratio": 1.0204081632653061, "FPR": [0.0, 0.0022222222222222222], "FPR whole": 0.0011111111111111111, "FPR ratio": 0.0, "PPR": [1.0, 0.98], "PPR whole": 0.99, "PPR ratio": 1.0204081632653061}}