{"alpha_list": [0.05, 0.8, 0.8, 0.2], "gamma_list": [0.01, 0.5, 0.8, 0.8], "auroc": [0.9604768421052631, 0.9359494736842106, 0.9307484210526316, 0.9301947368421052]}