{"0.01": {"0.001-0.2": 0.14921046626304443, "0.001-0.5": 0.14596348962767278, "0.001-0.8": 0.14248243151803555, "0.01-0.2": 0.08211349751577099, "0.01-0.5": 0.17445463493662952, "0.01-0.8": 0.11220408190108094, "0.05-0.2": 0.08130217966688313, "0.05-0.5": 0.11872523028305443, "0.05-0.8": 0.09406502137799852, "0.2-0.2": 0.1494674052100509, "0.2-0.5": 0.04382664297316295, "0.2-0.8": 0.09108962315678445, "0.5-0.2": 0.08134094278519849, "0.5-0.5": 0.1122688287033296, "0.5-0.8": 0.10099301872129088, "0.8-0.2": 0.10158861499546944, "0.8-0.5": 0.09100829176082072, "0.8-0.8": 0.1297708453470228}, "0.05": {"0.001-0.2": 0.6435749556988958, "0.001-0.5": 0.7278398700646673, "0.001-0.8": 0.5670361389121019, "0.01-0.2": 0.5109406017825785, "0.01-0.5": 0.5448905740173344, "0.01-0.8": 0.501267227168259, "0.05-0.2": 0.5531020981386562, "0.05-0.5": 0.3261180293481818, "0.05-0.8": 0.8696638343755879, "0.2-0.2": 0.5978756018912993, "0.2-0.5": 0.34752621127010686, "0.2-0.8": 0.5894112592158319, "0.5-0.2": 0.5780323113252063, "0.5-0.5": 0.42508343640686996, "0.5-0.8": 0.6377166271966714, "0.8-0.2": 0.519095799017618, "0.8-0.5": 0.638397941242575, "0.8-0.8": 0.8010679239045644}, "0.1": {"0.001-0.2": 0.3472313793501577, "0.001-0.5": 0.46075362339906883, "0.001-0.8": 0.563403964823968, "0.01-0.2": 0.46620146301655724, "0.01-0.5": 0.649021798505649, "0.01-0.8": 0.6295871965674784, "0.05-0.2": 0.405524678386522, "0.05-0.5": 0.2452373228545339, "0.05-0.8": 0.3993272012827055, "0.2-0.2": 0.3261965843516798, "0.2-0.5": 0.3111355729525301, "0.2-0.8": 0.4380832168432675, "0.5-0.2": 0.5510508430835247, "0.5-0.5": 0.7745346367562782, "0.5-0.8": 0.525191807160612, "0.8-0.2": 0.22510234259682002, "0.8-0.5": 0.4708105866155637, "0.8-0.8": 0.433236767207102}, "0.2": {"0.001-0.2": 0.2973338718670091, "0.001-0.5": 0.3307751790281267, "0.001-0.8": 0.3843643159015644, "0.01-0.2": 0.5405200336985954, "0.01-0.5": 0.392244095808132, "0.01-0.8": 0.5719199171969714, "0.05-0.2": 0.5243481452017804, "0.05-0.5": 0.41230997587923846, "0.05-0.8": 0.3150736018608423, "0.2-0.2": 0.3748980982513536, "0.2-0.5": 0.5416880708991201, "0.2-0.8": 0.357654637638423, "0.5-0.2": 0.3327608370228331, "0.5-0.5": 0.39298249933132223, "0.5-0.8": 0.34851579383744175, "0.8-0.2": 0.39268197466786164, "0.8-0.5": 0.5089713976903574, "0.8-0.8": 0.4132474717757367}, "0.4": {"0.001-0.2": 0.1364862192739757, "0.001-0.5": 0.13366621622353134, "0.001-0.8": 0.15165667347716008, "0.01-0.2": 0.13050705036815954, "0.01-0.5": 0.14861801824036425, "0.01-0.8": 0.15689285512411538, "0.05-0.2": 0.14162919242607916, "0.05-0.5": 0.1485818057908523, "0.05-0.8": 0.13280997832425598, "0.2-0.2": 0.1612959493864487, "0.2-0.5": 0.16365617643490232, "0.2-0.8": 0.16492512435937873, "0.5-0.2": 0.13647945667900316, "0.5-0.5": 0.17231199016062998, "0.5-0.8": 0.15692201933413216, "0.8-0.2": 0.14860602795179578, "0.8-0.5": 0.1649183605111081, "0.8-0.8": 0.15082007415526422}, "0.6": {"0.001-0.2": 0.2869560204851687, "0.001-0.5": 0.14738327078445512, "0.001-0.8": 0.3146532103502399, "0.01-0.2": 0.38599525947005336, "0.01-0.5": 0.3947563810963223, "0.01-0.8": 0.27367120289814684, "0.05-0.2": 0.4107393866367266, "0.05-0.5": 0.27362176405500116, "0.05-0.8": 0.3631894077040233, "0.2-0.2": 0.2719571618409611, "0.2-0.5": 0.2546313277339305, "0.2-0.8": 0.41319835607686195, "0.5-0.2": 0.23940493780319588, "0.5-0.5": 0.3484787011888895, "0.5-0.8": 0.4394218294912465, "0.8-0.2": 0.19871455961577203, "0.8-0.5": 0.38561075787451954, "0.8-0.8": 0.26181449966631537}, "0.8": {"0.001-0.2": 0.41667148929690223, "0.001-0.5": 0.40764835638333474, "0.001-0.8": 0.49940171105954423, "0.01-0.2": 0.44607892952164413, "0.01-0.5": 0.5163147567148354, "0.01-0.8": 0.48997315110044326, "0.05-0.2": 0.4899686716766061, "0.05-0.5": 0.49723402297563724, "0.05-0.8": 0.5184493228432354, "0.2-0.2": 0.5064406179917799, "0.2-0.5": 0.5041172006795956, "0.2-0.8": 0.5350090680379856, "0.5-0.2": 0.4993398991368191, "0.5-0.5": 0.47695362435665806, "0.5-0.8": 0.47987039852324587, "0.8-0.2": 0.4815791162052592, "0.8-0.5": 0.45685243769158096, "0.8-0.8": 0.49938252827284607}}