{"0.01": {"0.001-0.2": 0.190953409773132, "0.001-0.5": 0.2096158308103091, "0.001-0.8": 0.1995479944342577, "0.01-0.2": 0.19097129087036363, "0.01-0.5": 0.17984423778697922, "0.01-0.8": 0.17337683558193923, "0.05-0.2": 0.20964427526424353, "0.05-0.5": 0.1995988778220758, "0.05-0.8": 0.2623855001901039, "0.2-0.2": 0.19088956093552123, "0.2-0.5": 0.21094689588600993, "0.2-0.8": 0.22820199927361604, "0.5-0.2": 0.179807124002655, "0.5-0.5": 0.20965523781392464, "0.5-0.8": 0.21801720138469893, "0.8-0.2": 0.1908579476778608, "0.8-0.5": 0.16026664728272047, "0.8-0.8": 0.17111338766237563}, "0.05": {"0.001-0.2": 0.35852801659814776, "0.001-0.5": 0.40778400172349377, "0.001-0.8": 0.28144784225802577, "0.01-0.2": 0.3706315324512398, "0.01-0.5": 0.34626383270146527, "0.01-0.8": 0.3806898827137236, "0.05-0.2": 0.34255724227164713, "0.05-0.5": 0.34701979858208937, "0.05-0.8": 0.5352941236567349, "0.2-0.2": 0.3821522552712172, "0.2-0.5": 0.31603413686013465, "0.2-0.8": 0.2987668273504129, "0.5-0.2": 0.5674366689230096, "0.5-0.5": 0.37553146313302543, "0.5-0.8": 0.5329944379653115, "0.8-0.2": 0.28198797562312655, "0.8-0.5": 0.4437651496229483, "0.8-0.8": 0.31391845988713285}, "0.1": {"0.001-0.2": 0.2892508448067572, "0.001-0.5": 0.3089421495997296, "0.001-0.8": 0.31896113758110295, "0.01-0.2": 0.2639972477133078, "0.01-0.5": 0.2616823858933384, "0.01-0.8": 0.28828421368647966, "0.05-0.2": 0.25588486418170414, "0.05-0.5": 0.2359640018118601, "0.05-0.8": 0.3023279205494276, "0.2-0.2": 0.30311804973416206, "0.2-0.5": 0.28549958273583576, "0.2-0.8": 0.23040319140002813, "0.5-0.2": 0.2782186912421005, "0.5-0.5": 0.3087643511836729, "0.5-0.8": 0.3393697937162269, "0.8-0.2": 0.29030455383323955, "0.8-0.5": 0.26728554415570843, "0.8-0.8": 0.21044711231446048}, "0.2": {"0.001-0.2": 0.13733115731017206, "0.001-0.5": 0.10849236162163645, "0.001-0.8": 0.07576399761335151, "0.01-0.2": 0.20329992975782138, "0.01-0.5": 0.11257053133114632, "0.01-0.8": 0.1150404626937937, "0.05-0.2": 0.14893200377884175, "0.05-0.5": 0.1255734900964609, "0.05-0.8": 0.1901418024499439, "0.2-0.2": 0.14906191252677234, "0.2-0.5": 0.1177826283626519, "0.2-0.8": 0.1599490546357563, "0.5-0.2": 0.2135713569167622, "0.5-0.5": 0.14880286122922637, "0.5-0.8": 0.26476661037000493, "0.8-0.2": 0.11428293305834825, "0.8-0.5": 0.1203217223698801, "0.8-0.8": 0.24427695962138926}, "0.4": {"0.001-0.2": 0.5479026247920531, "0.001-0.5": 0.69512772062523, "0.001-0.8": 0.6971879414529234, "0.01-0.2": 0.7929053478827532, "0.01-0.5": 0.6335944451125823, "0.01-0.8": 0.7081263816196888, "0.05-0.2": 0.5778601901340551, "0.05-0.5": 0.6626876448137815, "0.05-0.8": 0.6777003469693201, "0.2-0.2": 0.6320547043449952, "0.2-0.5": 0.6407956039771424, "0.2-0.8": 0.7645921220767721, "0.5-0.2": 0.6320777424878432, "0.5-0.5": 0.6783902267799083, "0.5-0.8": 0.6785679637716637, "0.8-0.2": 0.6918395698832722, "0.8-0.5": 0.6645546061463601, "0.8-0.8": 0.6684365806662951}, "0.6": {"0.001-0.2": 0.44420346942099986, "0.001-0.5": 0.45116714162543375, "0.001-0.8": 0.45770371587121156, "0.01-0.2": 0.45767044478247154, "0.01-0.5": 0.4378180354395643, "0.01-0.8": 0.45890959059605596, "0.05-0.2": 0.45643968485043507, "0.05-0.5": 0.44849624255689513, "0.05-0.8": 0.48015395725061, "0.2-0.2": 0.4448063556227888, "0.2-0.5": 0.458910285386102, "0.2-0.8": 0.45769194363895005, "0.5-0.2": 0.44285927974230554, "0.5-0.5": 0.4775719624944525, "0.5-0.8": 0.4644013784100457, "0.8-0.2": 0.46917322846942905, "0.8-0.5": 0.4544016333056147, "0.8-0.8": 0.4665065942061473}, "0.8": {"0.001-0.2": 0.4604247924369084, "0.001-0.5": 0.4768741698440539, "0.001-0.8": 0.5241077056967759, "0.01-0.2": 0.4570247123314808, "0.01-0.5": 0.496664331060783, "0.01-0.8": 0.4771665304134037, "0.05-0.2": 0.45803785647667294, "0.05-0.5": 0.41552636463639486, "0.05-0.8": 0.4788591872533519, "0.2-0.2": 0.3983801035338298, "0.2-0.5": 0.4366932620972253, "0.2-0.8": 0.49856091807516173, "0.5-0.2": 0.478999131970536, "0.5-0.5": 0.3743445577207719, "0.5-0.8": 0.4152145675317206, "0.8-0.2": 0.47888886602936676, "0.8-0.5": 0.4152107181676899, "0.8-0.8": 0.44208627914019494}}