{"0.01": {"0.001-0.2": 0.8541577938425877, "0.001-0.5": 0.8951085705833992, "0.001-0.8": 0.9075406459579219, "0.01-0.2": 0.8648324170574968, "0.01-0.5": 0.8962864379311614, "0.01-0.8": 0.9277687931621141, "0.05-0.2": 0.8586716150820801, "0.05-0.5": 0.8777287002076922, "0.05-0.8": 0.8973391184909941, "0.2-0.2": 0.8988124062775004, "0.2-0.5": 0.9252095895442813, "0.2-0.8": 0.9163899024286675, "0.5-0.2": 0.8877996265799414, "0.5-0.5": 0.9354329937428649, "0.5-0.8": 0.9187430683414273, "0.8-0.2": 0.9173170698082167, "0.8-0.5": 0.9221875271545812, "0.8-0.8": 0.9101306178303178}, "0.05": {"0.001-0.2": 0.47148888008512596, "0.001-0.5": 0.32743473661193745, "0.001-0.8": 0.430898082161872, "0.01-0.2": 0.35807721217686733, "0.01-0.5": 0.35157183351443577, "0.01-0.8": 0.34457547070823524, "0.05-0.2": 0.4053577224149485, "0.05-0.5": 0.4984350387092646, "0.05-0.8": 0.410540625308438, "0.2-0.2": 0.4774344725205156, "0.2-0.5": 0.4958122358198174, "0.2-0.8": 0.3440667506079897, "0.5-0.2": 0.37530099569959285, "0.5-0.5": 0.4913569645134839, "0.5-0.8": 0.4614351391367457, "0.8-0.2": 0.38438381330432736, "0.8-0.5": 0.5451617968334316, "0.8-0.8": 0.5004943508880525}, "0.1": {"0.001-0.2": 0.0743569949002699, "0.001-0.5": 0.14094212888012758, "0.001-0.8": 0.15241612579336392, "0.01-0.2": 0.11703946886041232, "0.01-0.5": 0.14015549680950273, "0.01-0.8": 0.12111157358367378, "0.05-0.2": 0.08916653936619164, "0.05-0.5": 0.12650888782154832, "0.05-0.8": 0.08419196580037842, "0.2-0.2": 0.07012691963991528, "0.2-0.5": 0.12354251178161338, "0.2-0.8": 0.041040958505428854, "0.5-0.2": 0.17301904859707873, "0.5-0.5": 0.05419606861926107, "0.5-0.8": 0.07163171464566088, "0.8-0.2": 0.078601527838332, "0.8-0.5": 0.07694569630536661, "0.8-0.8": 0.06634370226949464}, "0.2": {"0.001-0.2": 0.4250019784481458, "0.001-0.5": 0.49457878361021157, "0.001-0.8": 0.32900626176025977, "0.01-0.2": 0.38457461327494197, "0.01-0.5": 0.4825816780154718, "0.01-0.8": 0.5263500717459694, "0.05-0.2": 0.46002296138167653, "0.05-0.5": 0.5182273047531022, "0.05-0.8": 0.5135960732290875, "0.2-0.2": 0.44231213122225355, "0.2-0.5": 0.396015671254877, "0.2-0.8": 0.571352036418783, "0.5-0.2": 0.3986582886125469, "0.5-0.5": 0.47222149399973395, "0.5-0.8": 0.4831090118826067, "0.8-0.2": 0.35120206554306616, "0.8-0.5": 0.5526164512279141, "0.8-0.8": 0.4285066096168873}, "0.4": {"0.001-0.2": 0.2692248091624264, "0.001-0.5": 0.24862926695089754, "0.001-0.8": 0.24424946407984904, "0.01-0.2": 0.2153094818300728, "0.01-0.5": 0.25780080374598024, "0.01-0.8": 0.2623170642530258, "0.05-0.2": 0.256070897373986, "0.05-0.5": 0.26233482735384284, "0.05-0.8": 0.2623052769718531, "0.2-0.2": 0.2623338917666, "0.2-0.5": 0.2623333309641492, "0.2-0.8": 0.26231159990525366, "0.5-0.2": 0.24437587488587903, "0.5-0.5": 0.27832944202073895, "0.5-0.8": 0.26226817837812605, "0.8-0.2": 0.24864818749039116, "0.8-0.5": 0.2691556494860867, "0.8-0.8": 0.22491214207093935}, "0.6": {"0.001-0.2": 0.33115035615148514, "0.001-0.5": 0.4213898983316161, "0.001-0.8": 0.4365781845949253, "0.01-0.2": 0.4041485048763699, "0.01-0.5": 0.43926744272954416, "0.01-0.8": 0.44809284402926475, "0.05-0.2": 0.3586612393966363, "0.05-0.5": 0.4445791766923054, "0.05-0.8": 0.42684021810361483, "0.2-0.2": 0.33112585123229527, "0.2-0.5": 0.38843152450868695, "0.2-0.8": 0.4435754995291465, "0.5-0.2": 0.4290931251512032, "0.5-0.5": 0.4857286679612359, "0.5-0.8": 0.3859159311948423, "0.8-0.2": 0.3922776777914053, "0.8-0.5": 0.42427012464911695, "0.8-0.8": 0.45469990280992495}, "0.8": {"0.001-0.2": 0.49851122924001084, "0.001-0.5": 0.4202574477933416, "0.001-0.8": 0.3999883865414576, "0.01-0.2": 0.5162689013767564, "0.01-0.5": 0.4421746978166068, "0.01-0.8": 0.4000492843083, "0.05-0.2": 0.42983966507205623, "0.05-0.5": 0.4383315053015317, "0.05-0.8": 0.4489993271021416, "0.2-0.2": 0.4363614300927756, "0.2-0.5": 0.4814603492874129, "0.2-0.8": 0.45888799098882666, "0.5-0.2": 0.46369486080545924, "0.5-0.5": 0.4000400993777386, "0.5-0.8": 0.3978152675621862, "0.8-0.2": 0.4362666060199193, "0.8-0.5": 0.46249011045736693, "0.8-0.8": 0.44230105424265764}}