{"0.01-0.01": {"roc": 0.9889181996924779, "flag_rate": [0.096, 0.10631578947368421], "flag_rate_ratio": 0.902970297029703, "TPR": [0.84, 0.7731958762886598], "TPR whole": 0.8071065989847716, "TPR ratio": 1.0863999999999998, "FPR": [0.013333333333333334, 0.03048065650644783], "FPR whole": 0.02167712492869367, "FPR ratio": 0.4374358974358975, "PPR": [0.875, 0.7425742574257426], "PPR whole": 0.8071065989847716, "PPR ratio": 1.1783333333333335}, "0.01-0.2": {"roc": 0.9903805224401389, "flag_rate": [0.102, 0.1], "flag_rate_ratio": 1.0199999999999998, "TPR": [0.91, 0.7628865979381443], "TPR whole": 0.8375634517766497, "TPR ratio": 1.192837837837838, "FPR": [0.012222222222222223, 0.0246189917936694], "FPR whole": 0.01825442099258414, "FPR ratio": 0.4964550264550265, "PPR": [0.8921568627450981, 0.7789473684210526], "PPR whole": 0.8375634517766497, "PPR ratio": 1.145336512983572}, "0.01-0.5": {"roc": 0.989966438969019, "flag_rate": [0.098, 0.10421052631578948], "flag_rate_ratio": 0.9404040404040405, "TPR": [0.89, 0.7628865979381443], "TPR whole": 0.8274111675126904, "TPR ratio": 1.1666216216216216, "FPR": [0.01, 0.029308323563892145], "FPR whole": 0.01939532230462065, "FPR ratio": 0.3412, "PPR": [0.9081632653061225, 0.7474747474747475], "PPR whole": 0.8274111675126904, "PPR ratio": 1.2149751792608936}, "0.01-0.8": {"roc": 0.9898679855563053, "flag_rate": [0.105, 0.0968421052631579], "flag_rate_ratio": 1.0842391304347825, "TPR": [0.89, 0.7525773195876289], "TPR whole": 0.8223350253807107, "TPR ratio": 1.1826027397260275, "FPR": [0.017777777777777778, 0.022274325908558032], "FPR whole": 0.019965772960638905, "FPR ratio": 0.7981286549707601, "PPR": [0.8476190476190476, 0.7934782608695652], "PPR whole": 0.8223350253807107, "PPR ratio": 1.068232224396608}, "0.05-0.01": {"roc": 0.9922019105753443, "flag_rate": [0.103, 0.09894736842105263], "flag_rate_ratio": 1.0409574468085105, "TPR": [0.92, 0.7731958762886598], "TPR whole": 0.8477157360406091, "TPR ratio": 1.1898666666666666, "FPR": [0.012222222222222223, 0.022274325908558032], "FPR whole": 0.017113519680547633, "FPR ratio": 0.5487134502923976, "PPR": [0.8932038834951457, 0.7978723404255319], "PPR whole": 0.8477157360406091, "PPR ratio": 1.1194822006472493}, "0.05-0.2": {"roc": 0.9901112233994805, "flag_rate": [0.101, 0.10105263157894737], "flag_rate_ratio": 0.9994791666666668, "TPR": [0.88, 0.7628865979381443], "TPR whole": 0.8223350253807107, "TPR ratio": 1.1535135135135135, "FPR": [0.014444444444444444, 0.02579132473622509], "FPR whole": 0.019965772960638905, "FPR ratio": 0.560050505050505, "PPR": [0.8712871287128713, 0.7708333333333334], "PPR whole": 0.8223350253807107, "PPR ratio": 1.1303184372491302}, "0.05-0.5": {"roc": 0.9903197129793451, "flag_rate": [0.102, 0.1], "flag_rate_ratio": 1.0199999999999998, "TPR": [0.91, 0.7628865979381443], "TPR whole": 0.8375634517766497, "TPR ratio": 1.192837837837838, "FPR": [0.012222222222222223, 0.0246189917936694], "FPR whole": 0.01825442099258414, "FPR ratio": 0.4964550264550265, "PPR": [0.8921568627450981, 0.7789473684210526], "PPR whole": 0.8375634517766497, "PPR ratio": 1.145336512983572}, "0.05-0.8": {"roc": 0.9894017796902193, "flag_rate": [0.101, 0.10105263157894737], "flag_rate_ratio": 0.9994791666666668, "TPR": [0.9, 0.7628865979381443], "TPR whole": 0.8324873096446701, "TPR ratio": 1.1797297297297298, "FPR": [0.012222222222222223, 0.02579132473622509], "FPR whole": 0.018824871648602397, "FPR ratio": 0.4738888888888889, "PPR": [0.8910891089108911, 0.7708333333333334], "PPR whole": 0.8324873096446701, "PPR ratio": 1.1560074926411559}, "0.2-0.01": {"roc": 0.9896623916650499, "flag_rate": [0.1, 0.10210526315789474], "flag_rate_ratio": 0.9793814432989691, "TPR": [0.89, 0.7835051546391752], "TPR whole": 0.8375634517766497, "TPR ratio": 1.135921052631579, "FPR": [0.012222222222222223, 0.0246189917936694], "FPR whole": 0.01825442099258414, "FPR ratio": 0.4964550264550265, "PPR": [0.89, 0.7835051546391752], "PPR whole": 0.8375634517766497, "PPR ratio": 1.135921052631579}, "0.2-0.2": {"roc": 0.9887502497531426, "flag_rate": [0.097, 0.10526315789473684], "flag_rate_ratio": 0.9215000000000001, "TPR": [0.85, 0.7835051546391752], "TPR whole": 0.817258883248731, "TPR ratio": 1.0848684210526316, "FPR": [0.013333333333333334, 0.02813599062133646], "FPR whole": 0.02053622361665716, "FPR ratio": 0.4738888888888889, "PPR": [0.8762886597938144, 0.76], "PPR whole": 0.817258883248731, "PPR ratio": 1.1530113944655453}, "0.2-0.5": {"roc": 0.989184603044527, "flag_rate": [0.099, 0.1031578947368421], "flag_rate_ratio": 0.9596938775510205, "TPR": [0.89, 0.7731958762886598], "TPR whole": 0.8324873096446701, "TPR ratio": 1.1510666666666667, "FPR": [0.011111111111111112, 0.026963657678780773], "FPR whole": 0.018824871648602397, "FPR ratio": 0.41207729468599036, "PPR": [0.898989898989899, 0.7653061224489796], "PPR whole": 0.8324873096446701, "PPR ratio": 1.1746801346801348}, "0.2-0.8": {"roc": 0.9898245502271668, "flag_rate": [0.101, 0.10105263157894737], "flag_rate_ratio": 0.9994791666666668, "TPR": [0.9, 0.7628865979381443], "TPR whole": 0.8324873096446701, "TPR ratio": 1.1797297297297298, "FPR": [0.012222222222222223, 0.02579132473622509], "FPR whole": 0.018824871648602397, "FPR ratio": 0.4738888888888889, "PPR": [0.8910891089108911, 0.7708333333333334], "PPR whole": 0.8324873096446701, "PPR ratio": 1.1560074926411559}, "0.5-0.01": {"roc": 0.9888429117886379, "flag_rate": [0.101, 0.10105263157894737], "flag_rate_ratio": 0.9994791666666668, "TPR": [0.88, 0.7731958762886598], "TPR whole": 0.8274111675126904, "TPR ratio": 1.1381333333333332, "FPR": [0.014444444444444444, 0.0246189917936694], "FPR whole": 0.01939532230462065, "FPR ratio": 0.5867195767195768, "PPR": [0.8712871287128713, 0.78125], "PPR whole": 0.8274111675126904, "PPR ratio": 1.1152475247524753}, "0.5-0.2": {"roc": 0.9910030954911232, "flag_rate": [0.102, 0.1], "flag_rate_ratio": 1.0199999999999998, "TPR": [0.9, 0.7731958762886598], "TPR whole": 0.8375634517766497, "TPR ratio": 1.164, "FPR": [0.013333333333333334, 0.023446658851113716], "FPR whole": 0.01825442099258414, "FPR ratio": 0.5686666666666667, "PPR": [0.8823529411764706, 0.7894736842105263], "PPR whole": 0.8375634517766497, "PPR ratio": 1.1176470588235294}, "0.5-0.5": {"roc": 0.9881566335882506, "flag_rate": [0.098, 0.10421052631578948], "flag_rate_ratio": 0.9404040404040405, "TPR": [0.84, 0.7731958762886598], "TPR whole": 0.8071065989847716, "TPR ratio": 1.0863999999999998, "FPR": [0.015555555555555555, 0.02813599062133646], "FPR whole": 0.02167712492869367, "FPR ratio": 0.5528703703703703, "PPR": [0.8571428571428571, 0.7575757575757576], "PPR whole": 0.8071065989847716, "PPR ratio": 1.1314285714285715}, "0.5-0.8": {"roc": 0.9899172122626622, "flag_rate": [0.098, 0.10421052631578948], "flag_rate_ratio": 0.9404040404040405, "TPR": [0.88, 0.7731958762886598], "TPR whole": 0.8274111675126904, "TPR ratio": 1.1381333333333332, "FPR": [0.011111111111111112, 0.02813599062133646], "FPR whole": 0.01939532230462065, "FPR ratio": 0.3949074074074074, "PPR": [0.8979591836734694, 0.7575757575757576], "PPR whole": 0.8274111675126904, "PPR ratio": 1.1853061224489796}, "0.8-0.01": {"roc": 0.9883535404136781, "flag_rate": [0.101, 0.10105263157894737], "flag_rate_ratio": 0.9994791666666668, "TPR": [0.85, 0.7628865979381443], "TPR whole": 0.8071065989847716, "TPR ratio": 1.1141891891891893, "FPR": [0.017777777777777778, 0.02579132473622509], "FPR whole": 0.02167712492869367, "FPR ratio": 0.6892929292929293, "PPR": [0.8415841584158416, 0.7708333333333334], "PPR whole": 0.8071065989847716, "PPR ratio": 1.0917848541610917}, "0.8-0.2": {"roc": 0.990797501599868, "flag_rate": [0.101, 0.10105263157894737], "flag_rate_ratio": 0.9994791666666668, "TPR": [0.91, 0.7628865979381443], "TPR whole": 0.8375634517766497, "TPR ratio": 1.192837837837838, "FPR": [0.011111111111111112, 0.02579132473622509], "FPR whole": 0.01825442099258414, "FPR ratio": 0.4308080808080808,