{"0.01-0.01": {"roc": 0.9912849162011172, "flag_rate": [0.096, 0.10505050505050505], "flag_rate_ratio": 0.9138461538461539, "TPR": [0.87, 0.81], "TPR whole": 0.84, "TPR ratio": 1.074074074074074, "FPR": [0.01, 0.025842696629213482], "FPR whole": 0.017877094972067038, "FPR ratio": 0.3869565217391305, "PPR": [0.90625, 0.7788461538461539], "PPR whole": 0.84, "PPR ratio": 1.1635802469135803}, "0.01-0.2": {"roc": 0.9913463687150837, "flag_rate": [0.102, 0.09898989898989899], "flag_rate_ratio": 1.0304081632653062, "TPR": [0.92, 0.77], "TPR whole": 0.845, "TPR ratio": 1.1948051948051948, "FPR": [0.011111111111111112, 0.02359550561797753], "FPR whole": 0.017318435754189943, "FPR ratio": 0.4708994708994709, "PPR": [0.9019607843137255, 0.7857142857142857], "PPR whole": 0.845, "PPR ratio": 1.1479500891265597}, "0.01-0.5": {"roc": 0.9900251396648044, "flag_rate": [0.101, 0.1], "flag_rate_ratio": 1.01, "TPR": [0.89, 0.78], "TPR whole": 0.835, "TPR ratio": 1.141025641025641, "FPR": [0.013333333333333334, 0.02359550561797753], "FPR whole": 0.018435754189944135, "FPR ratio": 0.5650793650793651, "PPR": [0.8811881188118812, 0.7878787878787878], "PPR whole": 0.835, "PPR ratio": 1.1184310738766186}, "0.01-0.8": {"roc": 0.9909078212290503, "flag_rate": [0.098, 0.10303030303030303], "flag_rate_ratio": 0.9511764705882354, "TPR": [0.89, 0.77], "TPR whole": 0.83, "TPR ratio": 1.155844155844156, "FPR": [0.01, 0.028089887640449437], "FPR whole": 0.01899441340782123, "FPR ratio": 0.35600000000000004, "PPR": [0.9081632653061225, 0.7549019607843137], "PPR whole": 0.83, "PPR ratio": 1.2030214683275908}, "0.05-0.01": {"roc": 0.9914776536312849, "flag_rate": [0.101, 0.1], "flag_rate_ratio": 1.01, "TPR": [0.91, 0.78], "TPR whole": 0.845, "TPR ratio": 1.1666666666666667, "FPR": [0.011111111111111112, 0.02359550561797753], "FPR whole": 0.017318435754189943, "FPR ratio": 0.4708994708994709, "PPR": [0.900990099009901, 0.7878787878787878], "PPR whole": 0.845, "PPR ratio": 1.1435643564356437}, "0.05-0.2": {"roc": 0.9914664804469273, "flag_rate": [0.1, 0.10101010101010101], "flag_rate_ratio": 0.9900000000000001, "TPR": [0.9, 0.78], "TPR whole": 0.84, "TPR ratio": 1.1538461538461537, "FPR": [0.011111111111111112, 0.024719101123595506], "FPR whole": 0.017877094972067038, "FPR ratio": 0.4494949494949495, "PPR": [0.9, 0.78], "PPR whole": 0.84, "PPR ratio": 1.1538461538461537}, "0.05-0.5": {"roc": 0.9907430167597765, "flag_rate": [0.101, 0.1], "flag_rate_ratio": 1.01, "TPR": [0.9, 0.77], "TPR whole": 0.835, "TPR ratio": 1.1688311688311688, "FPR": [0.012222222222222223, 0.024719101123595506], "FPR whole": 0.018435754189944135, "FPR ratio": 0.49444444444444446, "PPR": [0.8910891089108911, 0.7777777777777778], "PPR whole": 0.835, "PPR ratio": 1.1456859971711457}, "0.05-0.8": {"roc": 0.9908715083798884, "flag_rate": [0.1, 0.10101010101010101], "flag_rate_ratio": 0.9900000000000001, "TPR": [0.9, 0.78], "TPR whole": 0.84, "TPR ratio": 1.1538461538461537, "FPR": [0.011111111111111112, 0.024719101123595506], "FPR whole": 0.017877094972067038, "FPR ratio": 0.4494949494949495, "PPR": [0.9, 0.78], "PPR whole": 0.84, "PPR ratio": 1.1538461538461537}, "0.2-0.01": {"roc": 0.9887905027932962, "flag_rate": [0.099, 0.10202020202020202], "flag_rate_ratio": 0.9703960396039604, "TPR": [0.89, 0.77], "TPR whole": 0.83, "TPR ratio": 1.155844155844156, "FPR": [0.011111111111111112, 0.02696629213483146], "FPR whole": 0.01899441340782123, "FPR ratio": 0.41203703703703703, "PPR": [0.898989898989899, 0.7623762376237624], "PPR whole": 0.83, "PPR ratio": 1.1791945428309065}, "0.2-0.2": {"roc": 0.9890251396648044, "flag_rate": [0.103, 0.09797979797979799], "flag_rate_ratio": 1.0512371134020617, "TPR": [0.87, 0.77], "TPR whole": 0.82, "TPR ratio": 1.12987012987013, "FPR": [0.017777777777777778, 0.02247191011235955], "FPR whole": 0.02011173184357542, "FPR ratio": 0.7911111111111111, "PPR": [0.8446601941747572, 0.7938144329896907], "PPR whole": 0.82, "PPR ratio": 1.064052452401967}, "0.2-0.5": {"roc": 0.9906675977653631, "flag_rate": [0.1, 0.10101010101010101], "flag_rate_ratio": 0.9900000000000001, "TPR": [0.9, 0.78], "TPR whole": 0.84, "TPR ratio": 1.1538461538461537, "FPR": [0.011111111111111112, 0.024719101123595506], "FPR whole": 0.017877094972067038, "FPR ratio": 0.4494949494949495, "PPR": [0.9, 0.78], "PPR whole": 0.84, "PPR ratio": 1.1538461538461537}, "0.2-0.8": {"roc": 0.9904804469273742, "flag_rate": [0.097, 0.10404040404040404], "flag_rate_ratio": 0.9323300970873787, "TPR": [0.87, 0.78], "TPR whole": 0.825, "TPR ratio": 1.1153846153846154, "FPR": [0.011111111111111112, 0.028089887640449437], "FPR whole": 0.019553072625698324, "FPR ratio": 0.3955555555555556, "PPR": [0.8969072164948454, 0.7572815533980582], "PPR whole": 0.825, "PPR ratio": 1.1843774781919112}, "0.5-0.01": {"roc": 0.9904944134078213, "flag_rate": [0.102, 0.09898989898989899], "flag_rate_ratio": 1.0304081632653062, "TPR": [0.9, 0.77], "TPR whole": 0.835, "TPR ratio": 1.1688311688311688, "FPR": [0.013333333333333334, 0.02359550561797753], "FPR whole": 0.018435754189944135, "FPR ratio": 0.5650793650793651, "PPR": [0.8823529411764706, 0.7857142857142857], "PPR whole": 0.835, "PPR ratio": 1.1229946524064172}, "0.5-0.2": {"roc": 0.9904469273743017, "flag_rate": [0.103, 0.09797979797979799], "flag_rate_ratio": 1.0512371134020617, "TPR": [0.9, 0.77], "TPR whole": 0.835, "TPR ratio": 1.1688311688311688, "FPR": [0.014444444444444444, 0.02247191011235955], "FPR whole": 0.018435754189944135, "FPR ratio": 0.6427777777777778, "PPR": [0.8737864077669902, 0.7938144329896907], "PPR whole": 0.835, "PPR ratio": 1.100743916277897}, "0.5-0.5": {"roc": 0.9896173184357542, "flag_rate": [0.1, 0.10101010101010101], "flag_rate_ratio": 0.9900000000000001, "TPR": [0.89, 0.77], "TPR whole": 0.83, "TPR ratio": 1.155844155844156, "FPR": [0.012222222222222223, 0.025842696629213482], "FPR whole": 0.01899441340782123, "FPR ratio": 0.4729468599033817, "PPR": [0.89, 0.77], "PPR whole": 0.83, "PPR ratio": 1.155844155844156}, "0.5-0.8": {"roc": 0.9897262569832402, "flag_rate": [0.098, 0.10303030303030303], "flag_rate_ratio": 0.9511764705882354, "TPR": [0.86, 0.78], "TPR whole": 0.82, "TPR ratio": 1.1025641025641024, "FPR": [0.013333333333333334, 0.02696629213483146], "FPR whole": 0.02011173184357542, "FPR ratio": 0.49444444444444446, "PPR": [0.8775510204081632, 0.7647058823529411], "PPR whole": 0.82, "PPR ratio": 1.1475667189952905}, "0.8-0.01": {"roc": 0.9896983240223464, "flag_rate": [0.098, 0.10303030303030303], "flag_rate_ratio": 0.9511764705882354, "TPR": [0.87, 0.79], "TPR whole": 0.83, "TPR ratio": 1.10126582278481, "FPR": [0.012222222222222223, 0.025842696629213482], "FPR whole": 0.01899441340782123, "FPR ratio": 0.4729468599033817, "PPR": [0.8877551020408163, 0.7745098039215687], "PPR whole": 0.83, "PPR ratio": 1.1462154482045983}, "0.8-0.2": {"roc": 0.9898798882681563, "flag_rate": [0.102, 0.09898989898989899], "flag_rate_ratio": 1.0304081632653062, "TPR": [0.9, 0.77], "TPR whole": 0.835, "TPR ratio": 1.1688311688311688, "FPR": [0.013333333333333334, 0.02359550561797753], "FPR whole": 0.018435754189944135, "FPR ratio": 0.5650793650793651, "PPR": [0.8823529411764706, 0.7857142857142857], "PPR whole": 0.835, "PPR ratio": 1.1229946524064172}, "0.8-0.5": {"roc": 0.9901117318435754, "flag_rate": [0.101, 0.1], "flag_rate_ratio": 1.01, "TPR": [0.9, 0.77], "TPR whole": 0.835, "TPR ratio": 1.1688311688311688, "FPR": [0.012222222222222223, 0.024719101123595506], "FPR whole": 0.018435754189944135, "FPR ratio": 0.49444444444444446, "PPR": [0.8910891089108911, 0.7777777777777778], "PPR whole": 0.835, "PPR ratio": 1.1456859971711457}, "0.8-0.8": {"roc": 0.9902709497206704, "flag_rate": [0.1, 0.10101010101010101], "flag_rate_ratio": 0.9900000000000001, "TPR": [0.9, 0.77], "TPR whole": 0.835, "TPR ratio": 1.1688311688311688, "FPR": [0.011111111111111112, 0.025842696629213482], "FPR whole": 0.018435754189944135, "FPR ratio": 0.42995169082125606, "PPR": [0.9, 0.77], "PPR whole": 0.835,