{"0.01-0.01": {"roc": 0.9929381464711502, "flag_rate": [0.102, 0.0775], "flag_rate_ratio": 1.3161290322580645, "TPR": [0.94, 0.6060606060606061], "TPR whole": 0.8571428571428571, "TPR ratio": 1.551, "FPR": [0.008888888888888889, 0.02997275204359673], "FPR whole": 0.01499605367008682, "FPR ratio": 0.2965656565656566, "PPR": [0.9215686274509803, 0.6451612903225806], "PPR whole": 0.8571428571428571, "PPR ratio": 1.4284313725490196}, "0.01-0.2": {"roc": 0.9894012853760289, "flag_rate": [0.096, 0.0925], "flag_rate_ratio": 1.037837837837838, "TPR": [0.85, 0.696969696969697], "TPR whole": 0.8120300751879699, "TPR ratio": 1.2195652173913043, "FPR": [0.012222222222222223, 0.03814713896457766], "FPR whole": 0.01973164956590371, "FPR ratio": 0.3203968253968254, "PPR": [0.8854166666666666, 0.6216216216216216], "PPR whole": 0.8120300751879699, "PPR ratio": 1.4243659420289856}, "0.01-0.5": {"roc": 0.9883627775041393, "flag_rate": [0.096, 0.0925], "flag_rate_ratio": 1.037837837837838, "TPR": [0.82, 0.696969696969697], "TPR whole": 0.7894736842105263, "TPR ratio": 1.1765217391304346, "FPR": [0.015555555555555555, 0.03814713896457766], "FPR whole": 0.022099447513812154, "FPR ratio": 0.40777777777777774, "PPR": [0.8541666666666666, 0.6216216216216216], "PPR whole": 0.7894736842105263, "PPR ratio": 1.3740942028985508}, "0.01-0.8": {"roc": 0.9848140477476248, "flag_rate": [0.096, 0.0925], "flag_rate_ratio": 1.037837837837838, "TPR": [0.82, 0.696969696969697], "TPR whole": 0.7894736842105263, "TPR ratio": 1.1765217391304346, "FPR": [0.015555555555555555, 0.03814713896457766], "FPR whole": 0.022099447513812154, "FPR ratio": 0.40777777777777774, "PPR": [0.8541666666666666, 0.6216216216216216], "PPR whole": 0.7894736842105263, "PPR ratio": 1.3740942028985508}, "0.05-0.01": {"roc": 0.990665297814386, "flag_rate": [0.103, 0.075], "flag_rate_ratio": 1.3733333333333333, "TPR": [0.94, 0.5757575757575758], "TPR whole": 0.849624060150376, "TPR ratio": 1.6326315789473682, "FPR": [0.01, 0.02997275204359673], "FPR whole": 0.01578531965272297, "FPR ratio": 0.3336363636363637, "PPR": [0.912621359223301, 0.6333333333333333], "PPR whole": 0.849624060150376, "PPR ratio": 1.4409810935104754}, "0.05-0.2": {"roc": 0.9859237675878726, "flag_rate": [0.097, 0.09], "flag_rate_ratio": 1.077777777777778, "TPR": [0.83, 0.6666666666666666], "TPR whole": 0.7894736842105263, "TPR ratio": 1.245, "FPR": [0.015555555555555555, 0.03814713896457766], "FPR whole": 0.022099447513812154, "FPR ratio": 0.40777777777777774, "PPR": [0.8556701030927835, 0.6111111111111112], "PPR whole": 0.7894736842105263, "PPR ratio": 1.4001874414245545}, "0.05-0.5": {"roc": 0.9870512904202099, "flag_rate": [0.091, 0.105], "flag_rate_ratio": 0.8666666666666667, "TPR": [0.79, 0.8484848484848485], "TPR whole": 0.8045112781954887, "TPR ratio": 0.9310714285714285, "FPR": [0.013333333333333334, 0.03814713896457766], "FPR whole": 0.020520915548539857, "FPR ratio": 0.3495238095238095, "PPR": [0.8681318681318682, 0.6666666666666666], "PPR whole": 0.8045112781954887, "PPR ratio": 1.3021978021978022}, "0.05-0.8": {"roc": 0.9894072197067254, "flag_rate": [0.095, 0.095], "flag_rate_ratio": 1.0, "TPR": [0.83, 0.7575757575757576], "TPR whole": 0.8120300751879699, "TPR ratio": 1.0956, "FPR": [0.013333333333333334, 0.035422343324250684], "FPR whole": 0.01973164956590371, "FPR ratio": 0.3764102564102564, "PPR": [0.8736842105263158, 0.6578947368421053], "PPR whole": 0.8120300751879699, "PPR ratio": 1.328}, "0.2-0.01": {"roc": 0.9920657998587629, "flag_rate": [0.102, 0.0775], "flag_rate_ratio": 1.3161290322580645, "TPR": [0.94, 0.6060606060606061], "TPR whole": 0.8571428571428571, "TPR ratio": 1.551, "FPR": [0.008888888888888889, 0.02997275204359673], "FPR whole": 0.01499605367008682, "FPR ratio": 0.2965656565656566, "PPR": [0.9215686274509803, 0.6451612903225806], "PPR whole": 0.8571428571428571, "PPR ratio": 1.4284313725490196}, "0.2-0.2": {"roc": 0.9870334874281204, "flag_rate": [0.098, 0.0875], "flag_rate_ratio": 1.12, "TPR": [0.81, 0.6666666666666666], "TPR whole": 0.7744360902255639, "TPR ratio": 1.215, "FPR": [0.01888888888888889, 0.035422343324250684], "FPR whole": 0.02367797947908445, "FPR ratio": 0.5332478632478632, "PPR": [0.826530612244898, 0.6285714285714286], "PPR whole": 0.7744360902255639, "PPR ratio": 1.314935064935065}, "0.2-0.5": {"roc": 0.9879711116781693, "flag_rate": [0.094, 0.0975], "flag_rate_ratio": 0.9641025641025641, "TPR": [0.81, 0.7878787878787878], "TPR whole": 0.8045112781954887, "TPR ratio": 1.028076923076923, "FPR": [0.014444444444444444, 0.035422343324250684], "FPR whole": 0.020520915548539857, "FPR ratio": 0.40777777777777774, "PPR": [0.8617021276595744, 0.6666666666666666], "PPR whole": 0.8045112781954887, "PPR ratio": 1.2925531914893618}, "0.2-0.8": {"roc": 0.9823631691699651, "flag_rate": [0.097, 0.09], "flag_rate_ratio": 1.077777777777778, "TPR": [0.79, 0.6363636363636364], "TPR whole": 0.7518796992481203, "TPR ratio": 1.2414285714285715, "FPR": [0.02, 0.04087193460490463], "FPR whole": 0.026045777426992895, "FPR ratio": 0.48933333333333334, "PPR": [0.8144329896907216, 0.5833333333333334], "PPR whole": 0.7518796992481203, "PPR ratio": 1.3961708394698085}, "0.5-0.01": {"roc": 0.9902380260042372, "flag_rate": [0.101, 0.08], "flag_rate_ratio": 1.2625, "TPR": [0.9, 0.5757575757575758], "TPR whole": 0.8195488721804511, "TPR ratio": 1.563157894736842, "FPR": [0.012222222222222223, 0.035422343324250684], "FPR whole": 0.018942383583267563, "FPR ratio": 0.345042735042735, "PPR": [0.8910891089108911, 0.59375], "PPR whole": 0.8195488721804511, "PPR ratio": 1.5007816571130796}, "0.5-0.2": {"roc": 0.9875438398680205, "flag_rate": [0.095, 0.095], "flag_rate_ratio": 1.0, "TPR": [0.82, 0.7575757575757576], "TPR whole": 0.8045112781954887, "TPR ratio": 1.0824, "FPR": [0.014444444444444444, 0.035422343324250684], "FPR whole": 0.020520915548539857, "FPR ratio": 0.40777777777777774, "PPR": [0.8631578947368421, 0.6578947368421053], "PPR whole": 0.8045112781954887, "PPR ratio": 1.3119999999999998}, "0.5-0.5": {"roc": 0.9873005323094635, "flag_rate": [0.096, 0.0925], "flag_rate_ratio": 1.037837837837838, "TPR": [0.81, 0.7272727272727273], "TPR whole": 0.7894736842105263, "TPR ratio": 1.11375, "FPR": [0.016666666666666666, 0.035422343324250684], "FPR whole": 0.022099447513812154, "FPR ratio": 0.47051282051282045, "PPR": [0.84375, 0.6486486486486487], "PPR whole": 0.7894736842105263, "PPR ratio": 1.30078125}, "0.5-0.8": {"roc": 0.9804641833470812, "flag_rate": [0.095, 0.095], "flag_rate_ratio": 1.0, "TPR": [0.75, 0.696969696969697], "TPR whole": 0.7368421052631579, "TPR ratio": 1.076086956521739, "FPR": [0.022222222222222223, 0.04087193460490463], "FPR whole": 0.027624309392265192, "FPR ratio": 0.5437037037037037, "PPR": [0.7894736842105263, 0.6052631578947368], "PPR whole": 0.7368421052631579, "PPR ratio": 1.3043478260869565}, "0.8-0.01": {"roc": 0.9891283061639893, "flag_rate": [0.097, 0.09], "flag_rate_ratio": 1.077777777777778, "TPR": [0.85, 0.696969696969697], "TPR whole": 0.8120300751879699, "TPR ratio": 1.2195652173913043, "FPR": [0.013333333333333334, 0.035422343324250684], "FPR whole": 0.01973164956590371, "FPR ratio": 0.3764102564102564, "PPR": [0.8762886597938144, 0.6388888888888888], "PPR whole": 0.8120300751879699, "PPR ratio": 1.3715822501120574}, "0.8-0.2": {"roc": 0.9852235165656841, "flag_rate": [0.097, 0.09], "flag_rate_ratio": 1.077777777777778, "TPR": [0.78, 0.6666666666666666], "TPR whole": 0.7518796992481203, "TPR ratio": 1.1700000000000002, "FPR": [0.021111111111111112, 0.03814713896457766], "FPR whole": 0.026045777426992895, "FPR ratio": 0.5534126984126984, "PPR": [0.8041237113402062, 0.6111111111111112], "PPR whole": 0.7518796992481203, "PPR ratio": 1.3158388003748829}, "0.8-0.5": {"roc": 0.9839179638124513, "flag_rate": [0.097, 0.09], "flag_rate_ratio": 1.077777777777778, "TPR": [0.79, 0.6666666666666666], "TPR whole": 0.7593984962406015, "TPR ratio": 1.185, "FPR": [0.02, 0.03814713896457766],