{"0.01-0.01": {"roc": 0.9883299039780522, "flag_rate": [0.104, 0.095], "flag_rate_ratio": 1.094736842105263, "TPR": [0.92, 0.7125], "TPR whole": 0.8277777777777777, "TPR ratio": 1.2912280701754386, "FPR": [0.013333333333333334, 0.02638888888888889], "FPR whole": 0.019135802469135803, "FPR ratio": 0.5052631578947369, "PPR": [0.8846153846153846, 0.75], "PPR whole": 0.8277777777777777, "PPR ratio": 1.1794871794871795}, "0.01-0.2": {"roc": 0.9868758573388203, "flag_rate": [0.099, 0.10125], "flag_rate_ratio": 0.9777777777777777, "TPR": [0.82, 0.7625], "TPR whole": 0.7944444444444444, "TPR ratio": 1.0754098360655737, "FPR": [0.01888888888888889, 0.027777777777777776], "FPR whole": 0.022839506172839506, "FPR ratio": 0.68, "PPR": [0.8282828282828283, 0.7530864197530864], "PPR whole": 0.7944444444444444, "PPR ratio": 1.0998509687034277}, "0.01-0.5": {"roc": 0.990363511659808, "flag_rate": [0.1, 0.1], "flag_rate_ratio": 1.0, "TPR": [0.88, 0.7625], "TPR whole": 0.8277777777777777, "TPR ratio": 1.1540983606557378, "FPR": [0.013333333333333334, 0.02638888888888889], "FPR whole": 0.019135802469135803, "FPR ratio": 0.5052631578947369, "PPR": [0.88, 0.7625], "PPR whole": 0.8277777777777777, "PPR ratio": 1.1540983606557378}, "0.01-0.8": {"roc": 0.9900480109739369, "flag_rate": [0.099, 0.10125], "flag_rate_ratio": 0.9777777777777777, "TPR": [0.88, 0.775], "TPR whole": 0.8333333333333334, "TPR ratio": 1.135483870967742, "FPR": [0.012222222222222223, 0.02638888888888889], "FPR whole": 0.018518518518518517, "FPR ratio": 0.46315789473684216, "PPR": [0.8888888888888888, 0.7654320987654321], "PPR whole": 0.8333333333333334, "PPR ratio": 1.1612903225806452}, "0.05-0.01": {"roc": 0.9893141289437586, "flag_rate": [0.103, 0.09625], "flag_rate_ratio": 1.07012987012987, "TPR": [0.9, 0.725], "TPR whole": 0.8222222222222222, "TPR ratio": 1.2413793103448276, "FPR": [0.014444444444444444, 0.02638888888888889], "FPR whole": 0.019753086419753086, "FPR ratio": 0.5473684210526315, "PPR": [0.8737864077669902, 0.7532467532467533], "PPR whole": 0.8222222222222222, "PPR ratio": 1.1600267827251423}, "0.05-0.2": {"roc": 0.9895850480109739, "flag_rate": [0.098, 0.1025], "flag_rate_ratio": 0.9560975609756098, "TPR": [0.83, 0.8], "TPR whole": 0.8166666666666667, "TPR ratio": 1.0374999999999999, "FPR": [0.016666666666666666, 0.025], "FPR whole": 0.020370370370370372, "FPR ratio": 0.6666666666666666, "PPR": [0.8469387755102041, 0.7804878048780488], "PPR whole": 0.8166666666666667, "PPR ratio": 1.085140306122449}, "0.05-0.5": {"roc": 0.9889163237311385, "flag_rate": [0.101, 0.09875], "flag_rate_ratio": 1.0227848101265824, "TPR": [0.87, 0.7625], "TPR whole": 0.8222222222222222, "TPR ratio": 1.140983606557377, "FPR": [0.015555555555555555, 0.025], "FPR whole": 0.019753086419753086, "FPR ratio": 0.6222222222222221, "PPR": [0.8613861386138614, 0.7721518987341772], "PPR whole": 0.8222222222222222, "PPR ratio": 1.1155656549261483}, "0.05-0.8": {"roc": 0.9903463648834019, "flag_rate": [0.099, 0.10125], "flag_rate_ratio": 0.9777777777777777, "TPR": [0.86, 0.8], "TPR whole": 0.8333333333333334, "TPR ratio": 1.075, "FPR": [0.014444444444444444, 0.02361111111111111], "FPR whole": 0.018518518518518517, "FPR ratio": 0.6117647058823529, "PPR": [0.8686868686868687, 0.7901234567901234], "PPR whole": 0.8333333333333334, "PPR ratio": 1.0994318181818183}, "0.2-0.01": {"roc": 0.9891495198902607, "flag_rate": [0.103, 0.09625], "flag_rate_ratio": 1.07012987012987, "TPR": [0.89, 0.7375], "TPR whole": 0.8222222222222222, "TPR ratio": 1.206779661016949, "FPR": [0.015555555555555555, 0.025], "FPR whole": 0.019753086419753086, "FPR ratio": 0.6222222222222221, "PPR": [0.8640776699029126, 0.7662337662337663], "PPR whole": 0.8222222222222222, "PPR ratio": 1.1276945861444791}, "0.2-0.2": {"roc": 0.9892935528120713, "flag_rate": [0.1, 0.1], "flag_rate_ratio": 1.0, "TPR": [0.87, 0.7625], "TPR whole": 0.8222222222222222, "TPR ratio": 1.140983606557377, "FPR": [0.014444444444444444, 0.02638888888888889], "FPR whole": 0.019753086419753086, "FPR ratio": 0.5473684210526315, "PPR": [0.87, 0.7625], "PPR whole": 0.8222222222222222, "PPR ratio": 1.140983606557377}, "0.2-0.5": {"roc": 0.9858573388203018, "flag_rate": [0.099, 0.10125], "flag_rate_ratio": 0.9777777777777777, "TPR": [0.82, 0.7625], "TPR whole": 0.7944444444444444, "TPR ratio": 1.0754098360655737, "FPR": [0.01888888888888889, 0.027777777777777776], "FPR whole": 0.022839506172839506, "FPR ratio": 0.68, "PPR": [0.8282828282828283, 0.7530864197530864], "PPR whole": 0.7944444444444444, "PPR ratio": 1.0998509687034277}, "0.2-0.8": {"roc": 0.9890706447187929, "flag_rate": [0.1, 0.1], "flag_rate_ratio": 1.0, "TPR": [0.85, 0.7625], "TPR whole": 0.8111111111111111, "TPR ratio": 1.1147540983606559, "FPR": [0.016666666666666666, 0.02638888888888889], "FPR whole": 0.020987654320987655, "FPR ratio": 0.631578947368421, "PPR": [0.85, 0.7625], "PPR whole": 0.8111111111111111, "PPR ratio": 1.1147540983606559}, "0.5-0.01": {"roc": 0.9874108367626886, "flag_rate": [0.101, 0.09875], "flag_rate_ratio": 1.0227848101265824, "TPR": [0.87, 0.75], "TPR whole": 0.8166666666666667, "TPR ratio": 1.16, "FPR": [0.015555555555555555, 0.02638888888888889], "FPR whole": 0.020370370370370372, "FPR ratio": 0.5894736842105263, "PPR": [0.8613861386138614, 0.759493670886076], "PPR whole": 0.8166666666666667, "PPR ratio": 1.134158415841584}, "0.5-0.2": {"roc": 0.9888408779149519, "flag_rate": [0.098, 0.1025], "flag_rate_ratio": 0.9560975609756098, "TPR": [0.85, 0.775], "TPR whole": 0.8166666666666667, "TPR ratio": 1.096774193548387, "FPR": [0.014444444444444444, 0.027777777777777776], "FPR whole": 0.020370370370370372, "FPR ratio": 0.52, "PPR": [0.8673469387755102, 0.7560975609756098], "PPR whole": 0.8166666666666667, "PPR ratio": 1.1471362738643844}, "0.5-0.5": {"roc": 0.9897633744855967, "flag_rate": [0.097, 0.10375], "flag_rate_ratio": 0.9349397590361447, "TPR": [0.84, 0.8], "TPR whole": 0.8222222222222222, "TPR ratio": 1.0499999999999998, "FPR": [0.014444444444444444, 0.02638888888888889], "FPR whole": 0.019753086419753086, "FPR ratio": 0.5473684210526315, "PPR": [0.865979381443299, 0.7710843373493976], "PPR whole": 0.8222222222222222, "PPR ratio": 1.1230670103092784}, "0.5-0.8": {"roc": 0.9867729766803841, "flag_rate": [0.098, 0.1025], "flag_rate_ratio": 0.9560975609756098, "TPR": [0.81, 0.775], "TPR whole": 0.7944444444444444, "TPR ratio": 1.0451612903225806, "FPR": [0.01888888888888889, 0.027777777777777776], "FPR whole": 0.022839506172839506, "FPR ratio": 0.68, "PPR": [0.826530612244898, 0.7560975609756098], "PPR whole": 0.7944444444444444, "PPR ratio": 1.0931533903884134}, "0.8-0.01": {"roc": 0.9868621399176956, "flag_rate": [0.102, 0.0975], "flag_rate_ratio": 1.046153846153846, "TPR": [0.83, 0.75], "TPR whole": 0.7944444444444444, "TPR ratio": 1.1066666666666667, "FPR": [0.021111111111111112, 0.025], "FPR whole": 0.022839506172839506, "FPR ratio": 0.8444444444444444, "PPR": [0.8137254901960784, 0.7692307692307693], "PPR whole": 0.7944444444444444, "PPR ratio": 1.057843137254902}, "0.8-0.2": {"roc": 0.9885528120713305, "flag_rate": [0.098, 0.1025], "flag_rate_ratio": 0.9560975609756098, "TPR": [0.83, 0.8125], "TPR whole": 0.8222222222222222, "TPR ratio": 1.0215384615384615, "FPR": [0.016666666666666666, 0.02361111111111111], "FPR whole": 0.019753086419753086, "FPR ratio": 0.7058823529411765, "PPR": [0.8469387755102041, 0.7926829268292683], "PPR whole": 0.8222222222222222, "PPR ratio": 1.0684458398744112}, "0.8-0.5": {"roc": 0.9868895747599451, "flag_rate": [0.098, 0.1025], "flag_rate_ratio": 0.9560975609756098, "TPR": [0.82, 0.7875], "TPR whole": 0.8055555555555556, "TPR ratio": 1.0412698412698413, "FPR": [0.017777777777777778, 0.02638888888888889], "FPR whole": 0.021604938271604937, "FPR ratio": 0.6736842105263158, "PPR": [0.8367346938775511, 0.7682926829268293], "PPR whole": 0.8055555555555556, "PPR ratio": 1.0890832523485585}, "0.8-0.8": {"roc": 0.9884636488340192, "flag_rate": [0.097, 0.10375],