{"0.01-0.01": {"roc": 0.9938616740616382, "flag_rate": [0.11, 0.07], "flag_rate_ratio": 1.5714285714285714, "TPR": [1.0, 0.5833333333333334], "TPR whole": 0.9193548387096774, "TPR ratio": 1.7142857142857142, "FPR": [0.011111111111111112, 0.0], "FPR whole": 0.00929368029739777, "FPR ratio": 1.1111111111111111e-07, "PPR": [0.9090909090909091, 1.0], "PPR whole": 0.9193548387096774, "PPR ratio": 0.9090909090909091}, "0.01-0.2": {"roc": 0.9962150737498502, "flag_rate": [0.109, 0.075], "flag_rate_ratio": 1.4533333333333334, "TPR": [0.99, 0.5833333333333334], "TPR whole": 0.9112903225806451, "TPR ratio": 1.697142857142857, "FPR": [0.011111111111111112, 0.005681818181818182], "FPR whole": 0.010223048327137546, "FPR ratio": 1.9555555555555555, "PPR": [0.908256880733945, 0.9333333333333333], "PPR whole": 0.9112903225806451, "PPR ratio": 0.973132372214941}, "0.01-0.5": {"roc": 0.9897394771555342, "flag_rate": [0.11, 0.07], "flag_rate_ratio": 1.5714285714285714, "TPR": [0.95, 0.5833333333333334], "TPR whole": 0.8790322580645161, "TPR ratio": 1.6285714285714283, "FPR": [0.016666666666666666, 0.0], "FPR whole": 0.013940520446096654, "FPR ratio": 1.6666666666666668e-07, "PPR": [0.8636363636363636, 1.0], "PPR whole": 0.8790322580645161, "PPR ratio": 0.8636363636363636}, "0.01-0.8": {"roc": 0.9895071351480993, "flag_rate": [0.107, 0.085], "flag_rate_ratio": 1.2588235294117647, "TPR": [0.88, 0.7083333333333334], "TPR whole": 0.8467741935483871, "TPR ratio": 1.2423529411764704, "FPR": [0.021111111111111112, 0.0], "FPR whole": 0.017657992565055763, "FPR ratio": 2.111111111111111e-07, "PPR": [0.822429906542056, 1.0], "PPR whole": 0.8467741935483871, "PPR ratio": 0.822429906542056}, "0.05-0.01": {"roc": 0.9922877443338529, "flag_rate": [0.111, 0.065], "flag_rate_ratio": 1.7076923076923076, "TPR": [1.0, 0.5416666666666666], "TPR whole": 0.9112903225806451, "TPR ratio": 1.8461538461538463, "FPR": [0.012222222222222223, 0.0], "FPR whole": 0.010223048327137546, "FPR ratio": 1.2222222222222222e-07, "PPR": [0.9009009009009009, 1.0], "PPR whole": 0.9112903225806451, "PPR ratio": 0.9009009009009009}, "0.05-0.2": {"roc": 0.9811203381700444, "flag_rate": [0.112, 0.06], "flag_rate_ratio": 1.8666666666666667, "TPR": [0.91, 0.4583333333333333], "TPR whole": 0.8225806451612904, "TPR ratio": 1.9854545454545456, "FPR": [0.023333333333333334, 0.005681818181818182], "FPR whole": 0.020446096654275093, "FPR ratio": 4.1066666666666665, "PPR": [0.8125, 0.9166666666666666], "PPR whole": 0.8225806451612904, "PPR ratio": 0.8863636363636364}, "0.05-0.5": {"roc": 0.9865691329895672, "flag_rate": [0.11, 0.07], "flag_rate_ratio": 1.5714285714285714, "TPR": [0.89, 0.5833333333333334], "TPR whole": 0.8306451612903226, "TPR ratio": 1.5257142857142856, "FPR": [0.023333333333333334, 0.0], "FPR whole": 0.019516728624535316, "FPR ratio": 2.3333333333333333e-07, "PPR": [0.8090909090909091, 1.0], "PPR whole": 0.8306451612903226, "PPR ratio": 0.8090909090909091}, "0.05-0.8": {"roc": 0.9877233481232762, "flag_rate": [0.11, 0.07], "flag_rate_ratio": 1.5714285714285714, "TPR": [0.91, 0.5833333333333334], "TPR whole": 0.8467741935483871, "TPR ratio": 1.56, "FPR": [0.021111111111111112, 0.0], "FPR whole": 0.017657992565055763, "FPR ratio": 2.111111111111111e-07, "PPR": [0.8272727272727273, 1.0], "PPR whole": 0.8467741935483871, "PPR ratio": 0.8272727272727273}, "0.2-0.01": {"roc": 0.9934269696606308, "flag_rate": [0.11, 0.07], "flag_rate_ratio": 1.5714285714285714, "TPR": [1.0, 0.5416666666666666], "TPR whole": 0.9112903225806451, "TPR ratio": 1.8461538461538463, "FPR": [0.011111111111111112, 0.005681818181818182], "FPR whole": 0.010223048327137546, "FPR ratio": 1.9555555555555555, "PPR": [0.9090909090909091, 0.9285714285714286], "PPR whole": 0.9112903225806451, "PPR ratio": 0.979020979020979}, "0.2-0.2": {"roc": 0.9921303513610744, "flag_rate": [0.11, 0.07], "flag_rate_ratio": 1.5714285714285714, "TPR": [0.97, 0.5833333333333334], "TPR whole": 0.8951612903225806, "TPR ratio": 1.6628571428571428, "FPR": [0.014444444444444444, 0.0], "FPR whole": 0.012081784386617101, "FPR ratio": 1.4444444444444445e-07, "PPR": [0.8818181818181818, 1.0], "PPR whole": 0.8951612903225806, "PPR ratio": 0.8818181818181818}, "0.2-0.5": {"roc": 0.983840988128073, "flag_rate": [0.109, 0.075], "flag_rate_ratio": 1.4533333333333334, "TPR": [0.88, 0.5833333333333334], "TPR whole": 0.8225806451612904, "TPR ratio": 1.5085714285714285, "FPR": [0.023333333333333334, 0.005681818181818182], "FPR whole": 0.020446096654275093, "FPR ratio": 4.1066666666666665, "PPR": [0.8073394495412844, 0.9333333333333333], "PPR whole": 0.8225806451612904, "PPR ratio": 0.8650065530799476}, "0.2-0.8": {"roc": 0.981570032377983, "flag_rate": [0.11, 0.07], "flag_rate_ratio": 1.5714285714285714, "TPR": [0.88, 0.5833333333333334], "TPR whole": 0.8225806451612904, "TPR ratio": 1.5085714285714285, "FPR": [0.024444444444444446, 0.0], "FPR whole": 0.020446096654275093, "FPR ratio": 2.4444444444444445e-07, "PPR": [0.8, 1.0], "PPR whole": 0.8225806451612904, "PPR ratio": 0.8}, "0.5-0.01": {"roc": 0.9921003717472119, "flag_rate": [0.111, 0.065], "flag_rate_ratio": 1.7076923076923076, "TPR": [1.0, 0.5416666666666666], "TPR whole": 0.9112903225806451, "TPR ratio": 1.8461538461538463, "FPR": [0.012222222222222223, 0.0], "FPR whole": 0.010223048327137546, "FPR ratio": 1.2222222222222222e-07, "PPR": [0.9009009009009009, 1.0], "PPR whole": 0.9112903225806451, "PPR ratio": 0.9009009009009009}, "0.5-0.2": {"roc": 0.987663388895551, "flag_rate": [0.11, 0.07], "flag_rate_ratio": 1.5714285714285714, "TPR": [0.93, 0.5833333333333334], "TPR whole": 0.8629032258064516, "TPR ratio": 1.5942857142857143, "FPR": [0.01888888888888889, 0.0], "FPR whole": 0.015799256505576207, "FPR ratio": 1.888888888888889e-07, "PPR": [0.8454545454545455, 1.0], "PPR whole": 0.8629032258064516, "PPR ratio": 0.8454545454545455}, "0.5-0.5": {"roc": 0.9903390694327858, "flag_rate": [0.107, 0.085], "flag_rate_ratio": 1.2588235294117647, "TPR": [0.89, 0.6666666666666666], "TPR whole": 0.8467741935483871, "TPR ratio": 1.3350000000000002, "FPR": [0.02, 0.005681818181818182], "FPR whole": 0.017657992565055763, "FPR ratio": 3.52, "PPR": [0.8317757009345794, 0.9411764705882353], "PPR whole": 0.8467741935483871, "PPR ratio": 0.8837616822429907}, "0.5-0.8": {"roc": 0.9898968701283127, "flag_rate": [0.102, 0.11], "flag_rate_ratio": 0.9272727272727272, "TPR": [0.84, 0.7916666666666666], "TPR whole": 0.8306451612903226, "TPR ratio": 1.0610526315789475, "FPR": [0.02, 0.017045454545454544], "FPR whole": 0.019516728624535316, "FPR ratio": 1.1733333333333333, "PPR": [0.8235294117647058, 0.8636363636363636], "PPR whole": 0.8306451612903226, "PPR ratio": 0.9535603715170278}, "0.8-0.01": {"roc": 0.9969870488068113, "flag_rate": [0.104, 0.1], "flag_rate_ratio": 1.0399999999999998, "TPR": [0.96, 0.75], "TPR whole": 0.9193548387096774, "TPR ratio": 1.28, "FPR": [0.008888888888888889, 0.011363636363636364], "FPR whole": 0.00929368029739777, "FPR ratio": 0.7822222222222222, "PPR": [0.9230769230769231, 0.9], "PPR whole": 0.9193548387096774, "PPR ratio": 1.0256410256410258}, "0.8-0.2": {"roc": 0.9866665667346205, "flag_rate": [0.108, 0.08], "flag_rate_ratio": 1.3499999999999999, "TPR": [0.88, 0.5833333333333334], "TPR whole": 0.8225806451612904, "TPR ratio": 1.5085714285714285, "FPR": [0.022222222222222223, 0.011363636363636364], "FPR whole": 0.020446096654275093, "FPR ratio": 1.9555555555555555, "PPR": [0.8148148148148148, 0.875], "PPR whole": 0.8225806451612904, "PPR ratio": 0.9312169312169312}, "0.8-0.5": {"roc": 0.9944987408562178, "flag_rate": [0.094, 0.15], "flag_rate_ratio": 0.6266666666666667, "TPR": [0.86, 1.0], "TPR whole": 0.8870967741935484, "TPR ratio": 0.86, "FPR": [0.008888888888888889, 0.03409090909090909], "FPR whole": 0.013011152416356878, "FPR ratio": 0.2607407407407408, "PPR": [0.9148936170212766, 0.8], "PPR whole": 0.8870967741935484, "PPR ratio": 1.1436170212765957}, "0.8-0.8": {"roc": 0.987663388895551,