{"0.01-0.01": {"roc": 0.9876988777612046, "flag_rate": [0.101, 0.09166666666666666], "flag_rate_ratio": 1.101818181818182, "TPR": [0.91, 0.6964285714285714], "TPR whole": 0.8333333333333334, "TPR ratio": 1.3066666666666669, "FPR": [0.011111111111111112, 0.029411764705882353], "FPR whole": 0.018005540166204988, "FPR ratio": 0.3777777777777778, "PPR": [0.900990099009901, 0.7090909090909091], "PPR whole": 0.8333333333333334, "PPR ratio": 1.2706270627062706}, "0.01-0.2": {"roc": 0.9850042616663115, "flag_rate": [0.096, 0.1], "flag_rate_ratio": 0.96, "TPR": [0.79, 0.7857142857142857], "TPR whole": 0.7884615384615384, "TPR ratio": 1.0054545454545456, "FPR": [0.01888888888888889, 0.029411764705882353], "FPR whole": 0.022853185595567867, "FPR ratio": 0.6422222222222222, "PPR": [0.8229166666666666, 0.7333333333333333], "PPR whole": 0.7884615384615384, "PPR ratio": 1.1221590909090908}, "0.01-0.5": {"roc": 0.982860110803324, "flag_rate": [0.092, 0.10666666666666667], "flag_rate_ratio": 0.8624999999999999, "TPR": [0.75, 0.8035714285714286], "TPR whole": 0.7692307692307693, "TPR ratio": 0.9333333333333333, "FPR": [0.01888888888888889, 0.034926470588235295], "FPR whole": 0.024930747922437674, "FPR ratio": 0.5408187134502924, "PPR": [0.8152173913043478, 0.703125], "PPR whole": 0.7692307692307693, "PPR ratio": 1.1594202898550725}, "0.01-0.8": {"roc": 0.9885068186660985, "flag_rate": [0.097, 0.09833333333333333], "flag_rate_ratio": 0.9864406779661018, "TPR": [0.82, 0.7678571428571429], "TPR whole": 0.8012820512820513, "TPR ratio": 1.067906976744186, "FPR": [0.016666666666666666, 0.029411764705882353], "FPR whole": 0.02146814404432133, "FPR ratio": 0.5666666666666667, "PPR": [0.845360824742268, 0.7288135593220338], "PPR whole": 0.8012820512820513, "PPR ratio": 1.159913689762647}, "0.05-0.01": {"roc": 0.9861051921301229, "flag_rate": [0.107, 0.08166666666666667], "flag_rate_ratio": 1.310204081632653, "TPR": [0.96, 0.5892857142857143], "TPR whole": 0.8269230769230769, "TPR ratio": 1.629090909090909, "FPR": [0.012222222222222223, 0.029411764705882353], "FPR whole": 0.018698060941828253, "FPR ratio": 0.41555555555555557, "PPR": [0.897196261682243, 0.673469387755102], "PPR whole": 0.8269230769230769, "PPR ratio": 1.3322005097706033}, "0.05-0.2": {"roc": 0.9852351019248526, "flag_rate": [0.095, 0.10166666666666667], "flag_rate_ratio": 0.9344262295081968, "TPR": [0.78, 0.8035714285714286], "TPR whole": 0.7884615384615384, "TPR ratio": 0.9706666666666667, "FPR": [0.01888888888888889, 0.029411764705882353], "FPR whole": 0.022853185595567867, "FPR ratio": 0.6422222222222222, "PPR": [0.8210526315789474, 0.7377049180327869], "PPR whole": 0.7884615384615384, "PPR ratio": 1.1129824561403507}, "0.05-0.5": {"roc": 0.9896210668371332, "flag_rate": [0.097, 0.09833333333333333], "flag_rate_ratio": 0.9864406779661018, "TPR": [0.84, 0.7857142857142857], "TPR whole": 0.8205128205128205, "TPR ratio": 1.069090909090909, "FPR": [0.014444444444444444, 0.027573529411764705], "FPR whole": 0.019390581717451522, "FPR ratio": 0.5238518518518518, "PPR": [0.865979381443299, 0.7457627118644068], "PPR whole": 0.8205128205128205, "PPR ratio": 1.161199625117151}, "0.05-0.8": {"roc": 0.9852351019248526, "flag_rate": [0.091, 0.10833333333333334], "flag_rate_ratio": 0.84, "TPR": [0.75, 0.8392857142857143], "TPR whole": 0.782051282051282, "TPR ratio": 0.8936170212765957, "FPR": [0.017777777777777778, 0.03308823529411765], "FPR whole": 0.023545706371191136, "FPR ratio": 0.537283950617284, "PPR": [0.8241758241758241, 0.7230769230769231], "PPR whole": 0.782051282051282, "PPR ratio": 1.1398176291793314}, "0.2-0.01": {"roc": 0.990224802897933, "flag_rate": [0.1, 0.09333333333333334], "flag_rate_ratio": 1.0714285714285714, "TPR": [0.89, 0.7321428571428571], "TPR whole": 0.8333333333333334, "TPR ratio": 1.2156097560975612, "FPR": [0.012222222222222223, 0.027573529411764705], "FPR whole": 0.018005540166204988, "FPR ratio": 0.4432592592592593, "PPR": [0.89, 0.7321428571428571], "PPR whole": 0.8333333333333334, "PPR ratio": 1.2156097560975612}, "0.2-0.2": {"roc": 0.9865180410540522, "flag_rate": [0.096, 0.1], "flag_rate_ratio": 0.96, "TPR": [0.79, 0.7857142857142857], "TPR whole": 0.7884615384615384, "TPR ratio": 1.0054545454545456, "FPR": [0.01888888888888889, 0.029411764705882353], "FPR whole": 0.022853185595567867, "FPR ratio": 0.6422222222222222, "PPR": [0.8229166666666666, 0.7333333333333333], "PPR whole": 0.7884615384615384, "PPR ratio": 1.1221590909090908}, "0.2-0.5": {"roc": 0.9858210810426877, "flag_rate": [0.092, 0.10666666666666667], "flag_rate_ratio": 0.8624999999999999, "TPR": [0.76, 0.8392857142857143], "TPR whole": 0.7884615384615384, "TPR ratio": 0.9055319148936171, "FPR": [0.017777777777777778, 0.03125], "FPR whole": 0.022853185595567867, "FPR ratio": 0.5688888888888889, "PPR": [0.8260869565217391, 0.734375], "PPR whole": 0.7884615384615384, "PPR ratio": 1.1248843663274746}, "0.2-0.8": {"roc": 0.9855369699552525, "flag_rate": [0.092, 0.10666666666666667], "flag_rate_ratio": 0.8624999999999999, "TPR": [0.76, 0.8392857142857143], "TPR whole": 0.7884615384615384, "TPR ratio": 0.9055319148936171, "FPR": [0.017777777777777778, 0.03125], "FPR whole": 0.022853185595567867, "FPR ratio": 0.5688888888888889, "PPR": [0.8260869565217391, 0.734375], "PPR whole": 0.7884615384615384, "PPR ratio": 1.1248843663274746}, "0.5-0.01": {"roc": 0.9901049435329213, "flag_rate": [0.101, 0.09166666666666666], "flag_rate_ratio": 1.101818181818182, "TPR": [0.91, 0.7142857142857143], "TPR whole": 0.8397435897435898, "TPR ratio": 1.274, "FPR": [0.011111111111111112, 0.027573529411764705], "FPR whole": 0.01731301939058172, "FPR ratio": 0.40296296296296297, "PPR": [0.900990099009901, 0.7272727272727273], "PPR whole": 0.8397435897435898, "PPR ratio": 1.238861386138614}, "0.5-0.2": {"roc": 0.989487889764898, "flag_rate": [0.1, 0.09333333333333334], "flag_rate_ratio": 1.0714285714285714, "TPR": [0.84, 0.7678571428571429], "TPR whole": 0.8141025641025641, "TPR ratio": 1.093953488372093, "FPR": [0.017777777777777778, 0.02389705882352941], "FPR whole": 0.02008310249307479, "FPR ratio": 0.7439316239316239, "PPR": [0.84, 0.7678571428571429], "PPR whole": 0.8141025641025641, "PPR ratio": 1.093953488372093}, "0.5-0.5": {"roc": 0.9843694509553236, "flag_rate": [0.089, 0.11166666666666666], "flag_rate_ratio": 0.7970149253731343, "TPR": [0.72, 0.875], "TPR whole": 0.7756410256410257, "TPR ratio": 0.8228571428571428, "FPR": [0.01888888888888889, 0.03308823529411765], "FPR whole": 0.024238227146814405, "FPR ratio": 0.5708641975308641, "PPR": [0.8089887640449438, 0.7313432835820896], "PPR whole": 0.7756410256410257, "PPR ratio": 1.1061683100206374}, "0.5-0.8": {"roc": 0.9875612614532282, "flag_rate": [0.1, 0.09333333333333334], "flag_rate_ratio": 1.0714285714285714, "TPR": [0.82, 0.75], "TPR whole": 0.7948717948717948, "TPR ratio": 1.0933333333333333, "FPR": [0.02, 0.025735294117647058], "FPR whole": 0.0221606648199446, "FPR ratio": 0.7771428571428572, "PPR": [0.82, 0.75], "PPR whole": 0.7948717948717948, "PPR ratio": 1.0933333333333333}, "0.8-0.01": {"roc": 0.9904600823922154, "flag_rate": [0.098, 0.09666666666666666], "flag_rate_ratio": 1.013793103448276, "TPR": [0.88, 0.7678571428571429], "TPR whole": 0.8397435897435898, "TPR ratio": 1.1460465116279068, "FPR": [0.011111111111111112, 0.027573529411764705], "FPR whole": 0.01731301939058172, "FPR ratio": 0.40296296296296297, "PPR": [0.8979591836734694, 0.7413793103448276], "PPR whole": 0.8397435897435898, "PPR ratio": 1.2112007593735168}, "0.8-0.2": {"roc": 0.9836902478869237, "flag_rate": [0.093, 0.105], "flag_rate_ratio": 0.8857142857142858, "TPR": [0.76, 0.8214285714285714], "TPR whole": 0.782051282051282, "TPR ratio": 0.9252173913043479, "FPR": [0.01888888888888889, 0.03125], "FPR whole": 0.023545706371191136, "FPR ratio": 0.6044444444444445, "PPR": [0.8172043010752689, 0.7301587301587301], "PPR whole": 0.782051282051282, "PPR ratio": 1.1192145862552596},