{"0.01-0.01": {"roc": 0.9926294988621146, "flag_rate": [0.103, 0.09333333333333334], "flag_rate_ratio": 1.1035714285714284, "TPR": [0.91, 0.7931034482758621], "TPR whole": 0.8556149732620321, "TPR ratio": 1.147391304347826, "FPR": [0.013333333333333334, 0.01845018450184502], "FPR whole": 0.01576182136602452, "FPR ratio": 0.7226666666666667, "PPR": [0.883495145631068, 0.8214285714285714], "PPR whole": 0.8556149732620321, "PPR ratio": 1.0755593077247785}, "0.01-0.2": {"roc": 0.9859457873262344, "flag_rate": [0.102, 0.09444444444444444], "flag_rate_ratio": 1.0799999999999998, "TPR": [0.86, 0.735632183908046], "TPR whole": 0.8021390374331551, "TPR ratio": 1.1690625, "FPR": [0.017777777777777778, 0.025830258302583026], "FPR whole": 0.021599532983070636, "FPR ratio": 0.6882539682539682, "PPR": [0.8431372549019608, 0.7529411764705882], "PPR whole": 0.8021390374331551, "PPR ratio": 1.1197916666666667}, "0.01-0.5": {"roc": 0.9865701415098757, "flag_rate": [0.102, 0.09444444444444444], "flag_rate_ratio": 1.0799999999999998, "TPR": [0.88, 0.735632183908046], "TPR whole": 0.8128342245989305, "TPR ratio": 1.19625, "FPR": [0.015555555555555555, 0.025830258302583026], "FPR whole": 0.020431990659661413, "FPR ratio": 0.6022222222222222, "PPR": [0.8627450980392157, 0.7529411764705882], "PPR whole": 0.8128342245989305, "PPR ratio": 1.1458333333333335}, "0.01-0.8": {"roc": 0.9864515142149838, "flag_rate": [0.105, 0.09111111111111111], "flag_rate_ratio": 1.1524390243902438, "TPR": [0.89, 0.7241379310344828], "TPR whole": 0.8128342245989305, "TPR ratio": 1.2290476190476192, "FPR": [0.017777777777777778, 0.023370233702337023], "FPR whole": 0.020431990659661413, "FPR ratio": 0.760701754385965, "PPR": [0.8476190476190476, 0.7682926829268293], "PPR whole": 0.8128342245989305, "PPR ratio": 1.1032501889644746}, "0.05-0.01": {"roc": 0.9882777502021346, "flag_rate": [0.103, 0.09333333333333334], "flag_rate_ratio": 1.1035714285714284, "TPR": [0.88, 0.7471264367816092], "TPR whole": 0.8181818181818182, "TPR ratio": 1.177846153846154, "FPR": [0.016666666666666666, 0.023370233702337023], "FPR whole": 0.0198482194979568, "FPR ratio": 0.7131578947368421, "PPR": [0.8543689320388349, 0.7738095238095238], "PPR whole": 0.8181818181818182, "PPR ratio": 1.1041075429424942}, "0.05-0.2": {"roc": 0.9857616028420602, "flag_rate": [0.105, 0.09111111111111111], "flag_rate_ratio": 1.1524390243902438, "TPR": [0.88, 0.7126436781609196], "TPR whole": 0.8021390374331551, "TPR ratio": 1.2348387096774194, "FPR": [0.01888888888888889, 0.024600246002460024], "FPR whole": 0.021599532983070636, "FPR ratio": 0.7678333333333334, "PPR": [0.8380952380952381, 0.7560975609756098], "PPR whole": 0.8021390374331551, "PPR ratio": 1.1084485407066051}, "0.05-0.5": {"roc": 0.9861924072287728, "flag_rate": [0.104, 0.09222222222222222], "flag_rate_ratio": 1.127710843373494, "TPR": [0.89, 0.7241379310344828], "TPR whole": 0.8128342245989305, "TPR ratio": 1.2290476190476192, "FPR": [0.016666666666666666, 0.024600246002460024], "FPR whole": 0.020431990659661413, "FPR ratio": 0.6775, "PPR": [0.8557692307692307, 0.7590361445783133], "PPR whole": 0.8128342245989305, "PPR ratio": 1.1274420024420024}, "0.05-0.8": {"roc": 0.9856773150272686, "flag_rate": [0.106, 0.09], "flag_rate_ratio": 1.1777777777777778, "TPR": [0.88, 0.7241379310344828], "TPR whole": 0.8074866310160428, "TPR ratio": 1.2152380952380952, "FPR": [0.02, 0.02214022140221402], "FPR whole": 0.021015761821366025, "FPR ratio": 0.9033333333333334, "PPR": [0.8301886792452831, 0.7777777777777778], "PPR whole": 0.8074866310160428, "PPR ratio": 1.0673854447439353}, "0.2-0.01": {"roc": 0.9864265400476382, "flag_rate": [0.105, 0.09111111111111111], "flag_rate_ratio": 1.1524390243902438, "TPR": [0.89, 0.7241379310344828], "TPR whole": 0.8128342245989305, "TPR ratio": 1.2290476190476192, "FPR": [0.017777777777777778, 0.023370233702337023], "FPR whole": 0.020431990659661413, "FPR ratio": 0.760701754385965, "PPR": [0.8476190476190476, 0.7682926829268293], "PPR whole": 0.8128342245989305, "PPR ratio": 1.1032501889644746}, "0.2-0.2": {"roc": 0.9882496542638708, "flag_rate": [0.103, 0.09333333333333334], "flag_rate_ratio": 1.1035714285714284, "TPR": [0.89, 0.7586206896551724], "TPR whole": 0.8288770053475936, "TPR ratio": 1.1731818181818183, "FPR": [0.015555555555555555, 0.02214022140221402], "FPR whole": 0.018680677174547577, "FPR ratio": 0.7025925925925927, "PPR": [0.8640776699029126, 0.7857142857142857], "PPR whole": 0.8288770053475936, "PPR ratio": 1.0997352162400706}, "0.2-0.5": {"roc": 0.9863141562945827, "flag_rate": [0.102, 0.09444444444444444], "flag_rate_ratio": 1.0799999999999998, "TPR": [0.87, 0.735632183908046], "TPR whole": 0.8074866310160428, "TPR ratio": 1.18265625, "FPR": [0.016666666666666666, 0.025830258302583026], "FPR whole": 0.021015761821366025, "FPR ratio": 0.6452380952380952, "PPR": [0.8529411764705882, 0.7529411764705882], "PPR whole": 0.8074866310160428, "PPR ratio": 1.1328125}, "0.2-0.8": {"roc": 0.986392200567538, "flag_rate": [0.103, 0.09333333333333334], "flag_rate_ratio": 1.1035714285714284, "TPR": [0.88, 0.735632183908046], "TPR whole": 0.8128342245989305, "TPR ratio": 1.19625, "FPR": [0.016666666666666666, 0.024600246002460024], "FPR whole": 0.020431990659661413, "FPR ratio": 0.6775, "PPR": [0.8543689320388349, 0.7619047619047619], "PPR whole": 0.8128342245989305, "PPR ratio": 1.1213592233009708}, "0.5-0.01": {"roc": 0.9887460158398655, "flag_rate": [0.103, 0.09333333333333334], "flag_rate_ratio": 1.1035714285714284, "TPR": [0.9, 0.7701149425287356], "TPR whole": 0.839572192513369, "TPR ratio": 1.1686567164179105, "FPR": [0.014444444444444444, 0.020910209102091022], "FPR whole": 0.017513134851138354, "FPR ratio": 0.6907843137254901, "PPR": [0.8737864077669902, 0.7976190476190477], "PPR whole": 0.839572192513369, "PPR ratio": 1.0954934067526445}, "0.5-0.2": {"roc": 0.9869072927690419, "flag_rate": [0.105, 0.09111111111111111], "flag_rate_ratio": 1.1524390243902438, "TPR": [0.89, 0.7241379310344828], "TPR whole": 0.8128342245989305, "TPR ratio": 1.2290476190476192, "FPR": [0.017777777777777778, 0.023370233702337023], "FPR whole": 0.020431990659661413, "FPR ratio": 0.760701754385965, "PPR": [0.8476190476190476, 0.7682926829268293], "PPR whole": 0.8128342245989305, "PPR ratio": 1.1032501889644746}, "0.5-0.5": {"roc": 0.9878063627934854, "flag_rate": [0.1, 0.09666666666666666], "flag_rate_ratio": 1.0344827586206897, "TPR": [0.88, 0.7701149425287356], "TPR whole": 0.8288770053475936, "TPR ratio": 1.1426865671641793, "FPR": [0.013333333333333334, 0.024600246002460024], "FPR whole": 0.018680677174547577, "FPR ratio": 0.542, "PPR": [0.88, 0.7701149425287356], "PPR whole": 0.8288770053475936, "PPR ratio": 1.1426865671641793}, "0.5-0.8": {"roc": 0.9864327835894746, "flag_rate": [0.104, 0.09222222222222222], "flag_rate_ratio": 1.127710843373494, "TPR": [0.89, 0.735632183908046], "TPR whole": 0.8181818181818182, "TPR ratio": 1.20984375, "FPR": [0.016666666666666666, 0.023370233702337023], "FPR whole": 0.0198482194979568, "FPR ratio": 0.7131578947368421, "PPR": [0.8557692307692307, 0.7710843373493976], "PPR whole": 0.8181818181818182, "PPR ratio": 1.109825721153846}, "0.8-0.01": {"roc": 0.986376591712947, "flag_rate": [0.105, 0.09111111111111111], "flag_rate_ratio": 1.1524390243902438, "TPR": [0.88, 0.7241379310344828], "TPR whole": 0.8074866310160428, "TPR ratio": 1.2152380952380952, "FPR": [0.01888888888888889, 0.023370233702337023], "FPR whole": 0.021015761821366025, "FPR ratio": 0.8082456140350878, "PPR": [0.8380952380952381, 0.7682926829268293], "PPR whole": 0.8074866310160428, "PPR ratio": 1.090854119425548}, "0.8-0.2": {"roc": 0.9866263333864034, "flag_rate": [0.102, 0.09444444444444444], "flag_rate_ratio": 1.0799999999999998, "TPR": [0.88, 0.735632183908046], "TPR whole": 0.8128342245989305, "TPR ratio": 1.19625, "FPR": [0.015555555555555555, 0.025830258302583026], "FPR whole": 0.020431990659661413, "FPR ratio": 0.6022222222222222,