{"0.01-0.01": {"roc": 0.9293210526315789, "flag_rate": [0.045, 0.055], "flag_rate_ratio": 0.8181818181818181, "TPR": [0.6, 0.35], "TPR whole": 0.4, "TPR ratio": 1.7142857142857144, "FPR": [0.0336734693877551, 0.029347826086956522], "FPR whole": 0.031578947368421054, "FPR ratio": 1.1473922902494331, "PPR": [0.26666666666666666, 0.509090909090909], "PPR whole": 0.4, "PPR ratio": 0.5238095238095238}, "0.01-0.2": {"roc": 0.9311315789473684, "flag_rate": [0.043, 0.057], "flag_rate_ratio": 0.7543859649122806, "TPR": [0.45, 0.3875], "TPR whole": 0.4, "TPR ratio": 1.1612903225806452, "FPR": [0.03469387755102041, 0.02826086956521739], "FPR whole": 0.031578947368421054, "FPR ratio": 1.227629513343799, "PPR": [0.20930232558139536, 0.543859649122807], "PPR whole": 0.4, "PPR ratio": 0.38484621155288823}, "0.01-0.5": {"roc": 0.9389631578947368, "flag_rate": [0.042, 0.058], "flag_rate_ratio": 0.7241379310344828, "TPR": [0.45, 0.3875], "TPR whole": 0.4, "TPR ratio": 1.1612903225806452, "FPR": [0.0336734693877551, 0.029347826086956522], "FPR whole": 0.031578947368421054, "FPR ratio": 1.1473922902494331, "PPR": [0.21428571428571427, 0.5344827586206896], "PPR whole": 0.4, "PPR ratio": 0.4009216589861751}, "0.01-0.8": {"roc": 0.9551578947368421, "flag_rate": [0.041, 0.059], "flag_rate_ratio": 0.6949152542372882, "TPR": [0.5, 0.4625], "TPR whole": 0.47, "TPR ratio": 1.081081081081081, "FPR": [0.03163265306122449, 0.02391304347826087], "FPR whole": 0.027894736842105264, "FPR ratio": 1.3228200371057512, "PPR": [0.24390243902439024, 0.6271186440677966], "PPR whole": 0.47, "PPR ratio": 0.3889255108767304}, "0.05-0.01": {"roc": 0.9232263157894736, "flag_rate": [0.042, 0.058], "flag_rate_ratio": 0.7241379310344828, "TPR": [0.4, 0.375], "TPR whole": 0.38, "TPR ratio": 1.0666666666666667, "FPR": [0.03469387755102041, 0.030434782608695653], "FPR whole": 0.03263157894736842, "FPR ratio": 1.139941690962099, "PPR": [0.19047619047619047, 0.5172413793103449], "PPR whole": 0.38, "PPR ratio": 0.3682539682539682}, "0.05-0.2": {"roc": 0.9390684210526317, "flag_rate": [0.042, 0.058], "flag_rate_ratio": 0.7241379310344828, "TPR": [0.45, 0.4125], "TPR whole": 0.42, "TPR ratio": 1.090909090909091, "FPR": [0.0336734693877551, 0.02717391304347826], "FPR whole": 0.030526315789473683, "FPR ratio": 1.2391836734693877, "PPR": [0.21428571428571427, 0.5689655172413793], "PPR whole": 0.42, "PPR ratio": 0.3766233766233766}, "0.05-0.5": {"roc": 0.9318157894736843, "flag_rate": [0.042, 0.058], "flag_rate_ratio": 0.7241379310344828, "TPR": [0.4, 0.3875], "TPR whole": 0.39, "TPR ratio": 1.032258064516129, "FPR": [0.03469387755102041, 0.029347826086956522], "FPR whole": 0.032105263157894734, "FPR ratio": 1.182161753590325, "PPR": [0.19047619047619047, 0.5344827586206896], "PPR whole": 0.39, "PPR ratio": 0.3563748079877112}, "0.05-0.8": {"roc": 0.9617684210526316, "flag_rate": [0.039, 0.061], "flag_rate_ratio": 0.639344262295082, "TPR": [0.5, 0.4875], "TPR whole": 0.49, "TPR ratio": 1.0256410256410258, "FPR": [0.02959183673469388, 0.02391304347826087], "FPR whole": 0.026842105263157896, "FPR ratio": 1.2374768089053803, "PPR": [0.2564102564102564, 0.639344262295082], "PPR whole": 0.49, "PPR ratio": 0.4010519395134779}, "0.2-0.01": {"roc": 0.9342526315789472, "flag_rate": [0.044, 0.056], "flag_rate_ratio": 0.7857142857142857, "TPR": [0.6, 0.3875], "TPR whole": 0.43, "TPR ratio": 1.5483870967741935, "FPR": [0.0326530612244898, 0.02717391304347826], "FPR whole": 0.03, "FPR ratio": 1.2016326530612247, "PPR": [0.2727272727272727, 0.5535714285714286], "PPR whole": 0.43, "PPR ratio": 0.4926686217008797}, "0.2-0.2": {"roc": 0.9510894736842106, "flag_rate": [0.043, 0.057], "flag_rate_ratio": 0.7543859649122806, "TPR": [0.6, 0.4], "TPR whole": 0.44, "TPR ratio": 1.4999999999999998, "FPR": [0.03163265306122449, 0.02717391304347826], "FPR whole": 0.029473684210526315, "FPR ratio": 1.1640816326530612, "PPR": [0.27906976744186046, 0.5614035087719298], "PPR whole": 0.44, "PPR ratio": 0.49709302325581395}, "0.2-0.5": {"roc": 0.9485631578947369, "flag_rate": [0.042, 0.058], "flag_rate_ratio": 0.7241379310344828, "TPR": [0.5, 0.4125], "TPR whole": 0.43, "TPR ratio": 1.2121212121212122, "FPR": [0.0326530612244898, 0.02717391304347826], "FPR whole": 0.03, "FPR ratio": 1.2016326530612247, "PPR": [0.23809523809523808, 0.5689655172413793], "PPR whole": 0.43, "PPR ratio": 0.41847041847041844}, "0.2-0.8": {"roc": 0.9343684210526316, "flag_rate": [0.044, 0.056], "flag_rate_ratio": 0.7857142857142857, "TPR": [0.5, 0.3875], "TPR whole": 0.41, "TPR ratio": 1.2903225806451613, "FPR": [0.03469387755102041, 0.02717391304347826], "FPR whole": 0.03105263157894737, "FPR ratio": 1.276734693877551, "PPR": [0.22727272727272727, 0.5535714285714286], "PPR whole": 0.41, "PPR ratio": 0.4105571847507331}, "0.5-0.01": {"roc": 0.9238631578947368, "flag_rate": [0.044, 0.056], "flag_rate_ratio": 0.7857142857142857, "TPR": [0.55, 0.375], "TPR whole": 0.41, "TPR ratio": 1.4666666666666668, "FPR": [0.0336734693877551, 0.02826086956521739], "FPR whole": 0.03105263157894737, "FPR ratio": 1.1915227629513345, "PPR": [0.25, 0.5357142857142857], "PPR whole": 0.41, "PPR ratio": 0.4666666666666667}, "0.5-0.2": {"roc": 0.9454947368421053, "flag_rate": [0.042, 0.058], "flag_rate_ratio": 0.7241379310344828, "TPR": [0.5, 0.4125], "TPR whole": 0.43, "TPR ratio": 1.2121212121212122, "FPR": [0.0326530612244898, 0.02717391304347826], "FPR whole": 0.03, "FPR ratio": 1.2016326530612247, "PPR": [0.23809523809523808, 0.5689655172413793], "PPR whole": 0.43, "PPR ratio": 0.41847041847041844}, "0.5-0.5": {"roc": 0.9296421052631578, "flag_rate": [0.041, 0.059], "flag_rate_ratio": 0.6949152542372882, "TPR": [0.4, 0.3875], "TPR whole": 0.39, "TPR ratio": 1.032258064516129, "FPR": [0.0336734693877551, 0.030434782608695653], "FPR whole": 0.032105263157894734, "FPR ratio": 1.1064139941690962, "PPR": [0.1951219512195122, 0.5254237288135594], "PPR whole": 0.39, "PPR ratio": 0.37136113296616835}, "0.5-0.8": {"roc": 0.9439894736842105, "flag_rate": [0.04, 0.06], "flag_rate_ratio": 0.6666666666666667, "TPR": [0.4, 0.45], "TPR whole": 0.44, "TPR ratio": 0.888888888888889, "FPR": [0.0326530612244898, 0.02608695652173913], "FPR whole": 0.029473684210526315, "FPR ratio": 1.2517006802721091, "PPR": [0.2, 0.6], "PPR whole": 0.44, "PPR ratio": 0.33333333333333337}, "0.8-0.01": {"roc": 0.9374263157894738, "flag_rate": [0.044, 0.056], "flag_rate_ratio": 0.7857142857142857, "TPR": [0.5, 0.3875], "TPR whole": 0.41, "TPR ratio": 1.2903225806451613, "FPR": [0.03469387755102041, 0.02717391304347826], "FPR whole": 0.03105263157894737, "FPR ratio": 1.276734693877551, "PPR": [0.22727272727272727, 0.5535714285714286], "PPR whole": 0.41, "PPR ratio": 0.4105571847507331}, "0.8-0.2": {"roc": 0.9420263157894737, "flag_rate": [0.043, 0.057], "flag_rate_ratio": 0.7543859649122806, "TPR": [0.5, 0.4], "TPR whole": 0.42, "TPR ratio": 1.25, "FPR": [0.0336734693877551, 0.02717391304347826], "FPR whole": 0.030526315789473683, "FPR ratio": 1.2391836734693877, "PPR": [0.23255813953488372, 0.5614035087719298], "PPR whole": 0.42, "PPR ratio": 0.41424418604651164}, "0.8-0.5": {"roc": 0.9278578947368422, "flag_rate": [0.043, 0.057], "flag_rate_ratio": 0.7543859649122806, "TPR": [0.45, 0.3875], "TPR whole": 0.4, "TPR ratio": 1.1612903225806452, "FPR": [0.03469387755102041, 0.02826086956521739], "FPR whole": 0.031578947368421054, "FPR ratio": 1.227629513343799, "PPR": [0.20930232558139536, 0.543859649122807], "PPR whole": 0.4, "PPR ratio": 0.38484621155288823}, "0.8-0.8": {"roc": 0.9534684210526315, "flag_rate": [0.038, 0.062], "flag_rate_ratio": 0.6129032258064516, "TPR": [0.5, 0.475], "TPR whole": 0.48, "TPR ratio": 1.0526315789473684, "FPR": [0.02857142857142857, 0.02608695652173913], "FPR whole": 0.02736842105263158, "FPR ratio": 1.0952380952380953, "PPR": [0.2631578947368421, 0.6129032258064516], "PPR whole": 0.48, "PPR ratio": 0.42936288088642655}}