{"0.01-0.01": {"roc": 0.9922105263157895, "flag_rate": [0.041, 0.059], "flag_rate_ratio": 0.6949152542372882, "TPR": [0.8484848484848485, 0.746268656716418], "TPR whole": 0.78, "TPR ratio": 1.136969696969697, "FPR": [0.01344364012409514, 0.00964630225080386], "FPR whole": 0.011578947368421053, "FPR ratio": 1.393657359531196, "PPR": [0.6829268292682927, 0.847457627118644], "PPR whole": 0.78, "PPR ratio": 0.8058536585365854}, "0.01-0.2": {"roc": 0.9906894736842105, "flag_rate": [0.04, 0.06], "flag_rate_ratio": 0.6666666666666667, "TPR": [0.8181818181818182, 0.7313432835820896], "TPR whole": 0.76, "TPR ratio": 1.1187384044526902, "FPR": [0.01344364012409514, 0.011789924973204717], "FPR whole": 0.01263157894736842, "FPR ratio": 1.140265112343706, "PPR": [0.675, 0.8166666666666667], "PPR whole": 0.76, "PPR ratio": 0.826530612244898}, "0.01-0.5": {"roc": 0.9908684210526316, "flag_rate": [0.04, 0.06], "flag_rate_ratio": 0.6666666666666667, "TPR": [0.7878787878787878, 0.746268656716418], "TPR whole": 0.76, "TPR ratio": 1.0557575757575757, "FPR": [0.014477766287487074, 0.010718113612004287], "FPR whole": 0.01263157894736842, "FPR ratio": 1.350775594622544, "PPR": [0.65, 0.8333333333333334], "PPR whole": 0.76, "PPR ratio": 0.78}, "0.01-0.8": {"roc": 0.9927157894736842, "flag_rate": [0.04, 0.06], "flag_rate_ratio": 0.6666666666666667, "TPR": [0.8484848484848485, 0.746268656716418], "TPR whole": 0.78, "TPR ratio": 1.136969696969697, "FPR": [0.012409513960703205, 0.010718113612004287], "FPR whole": 0.011578947368421053, "FPR ratio": 1.157807652533609, "PPR": [0.7, 0.8333333333333334], "PPR whole": 0.78, "PPR ratio": 0.8399999999999999}, "0.05-0.01": {"roc": 0.9885105263157895, "flag_rate": [0.047, 0.053], "flag_rate_ratio": 0.8867924528301887, "TPR": [0.9393939393939394, 0.6417910447761194], "TPR whole": 0.74, "TPR ratio": 1.4637068357998593, "FPR": [0.016546018614270942, 0.010718113612004287], "FPR whole": 0.01368421052631579, "FPR ratio": 1.543743536711479, "PPR": [0.6595744680851063, 0.8113207547169812], "PPR whole": 0.74, "PPR ratio": 0.8129638792676892}, "0.05-0.2": {"roc": 0.9940684210526316, "flag_rate": [0.038, 0.062], "flag_rate_ratio": 0.6129032258064516, "TPR": [0.8484848484848485, 0.8059701492537313], "TPR whole": 0.82, "TPR ratio": 1.0527497194163862, "FPR": [0.010341261633919338, 0.00857449088960343], "FPR whole": 0.009473684210526316, "FPR ratio": 1.2060496380558428, "PPR": [0.7368421052631579, 0.8709677419354839], "PPR whole": 0.82, "PPR ratio": 0.8460038986354775}, "0.05-0.5": {"roc": 0.9936684210526315, "flag_rate": [0.04, 0.06], "flag_rate_ratio": 0.6666666666666667, "TPR": [0.8484848484848485, 0.8059701492537313], "TPR whole": 0.82, "TPR ratio": 1.0527497194163862, "FPR": [0.012409513960703205, 0.006430868167202572], "FPR whole": 0.009473684210526316, "FPR ratio": 1.9296794208893484, "PPR": [0.7, 0.9], "PPR whole": 0.82, "PPR ratio": 0.7777777777777777}, "0.05-0.8": {"roc": 0.9931578947368421, "flag_rate": [0.038, 0.062], "flag_rate_ratio": 0.6129032258064516, "TPR": [0.8181818181818182, 0.7910447761194029], "TPR whole": 0.8, "TPR ratio": 1.0343053173241854, "FPR": [0.011375387797311272, 0.00964630225080386], "FPR whole": 0.010526315789473684, "FPR ratio": 1.1792485349879351, "PPR": [0.7105263157894737, 0.8548387096774194], "PPR whole": 0.8, "PPR ratio": 0.8311817279046673}, "0.2-0.01": {"roc": 0.9887789473684211, "flag_rate": [0.047, 0.053], "flag_rate_ratio": 0.8867924528301887, "TPR": [0.9393939393939394, 0.6417910447761194], "TPR whole": 0.74, "TPR ratio": 1.4637068357998593, "FPR": [0.016546018614270942, 0.010718113612004287], "FPR whole": 0.01368421052631579, "FPR ratio": 1.543743536711479, "PPR": [0.6595744680851063, 0.8113207547169812], "PPR whole": 0.74, "PPR ratio": 0.8129638792676892}, "0.2-0.2": {"roc": 0.9913157894736843, "flag_rate": [0.04, 0.06], "flag_rate_ratio": 0.6666666666666667, "TPR": [0.8484848484848485, 0.746268656716418], "TPR whole": 0.78, "TPR ratio": 1.136969696969697, "FPR": [0.012409513960703205, 0.010718113612004287], "FPR whole": 0.011578947368421053, "FPR ratio": 1.157807652533609, "PPR": [0.7, 0.8333333333333334], "PPR whole": 0.78, "PPR ratio": 0.8399999999999999}, "0.2-0.5": {"roc": 0.9926052631578947, "flag_rate": [0.039, 0.061], "flag_rate_ratio": 0.639344262295082, "TPR": [0.8181818181818182, 0.7761194029850746], "TPR whole": 0.79, "TPR ratio": 1.0541958041958042, "FPR": [0.012409513960703205, 0.00964630225080386], "FPR whole": 0.011052631578947368, "FPR ratio": 1.2864529472595654, "PPR": [0.6923076923076923, 0.8524590163934426], "PPR whole": 0.79, "PPR ratio": 0.8121301775147929}, "0.2-0.8": {"roc": 0.9916578947368421, "flag_rate": [0.04, 0.06], "flag_rate_ratio": 0.6666666666666667, "TPR": [0.7878787878787878, 0.7611940298507462], "TPR whole": 0.77, "TPR ratio": 1.0350564468211527, "FPR": [0.014477766287487074, 0.00964630225080386], "FPR whole": 0.012105263157894737, "FPR ratio": 1.5008617718028265, "PPR": [0.65, 0.85], "PPR whole": 0.77, "PPR ratio": 0.7647058823529412}, "0.5-0.01": {"roc": 0.9908631578947368, "flag_rate": [0.045, 0.055], "flag_rate_ratio": 0.8181818181818181, "TPR": [0.9393939393939394, 0.6865671641791045], "TPR whole": 0.77, "TPR ratio": 1.3682476943346509, "FPR": [0.014477766287487074, 0.00964630225080386], "FPR whole": 0.012105263157894737, "FPR ratio": 1.5008617718028265, "PPR": [0.6888888888888889, 0.8363636363636363], "PPR whole": 0.77, "PPR ratio": 0.8236714975845411}, "0.5-0.2": {"roc": 0.9914684210526317, "flag_rate": [0.038, 0.062], "flag_rate_ratio": 0.6129032258064516, "TPR": [0.7575757575757576, 0.7611940298507462], "TPR whole": 0.76, "TPR ratio": 0.9952465834818777, "FPR": [0.01344364012409514, 0.011789924973204717], "FPR whole": 0.01263157894736842, "FPR ratio": 1.140265112343706, "PPR": [0.6578947368421053, 0.8225806451612904], "PPR whole": 0.76, "PPR ratio": 0.7997936016511868}, "0.5-0.5": {"roc": 0.993, "flag_rate": [0.041, 0.059], "flag_rate_ratio": 0.6949152542372882, "TPR": [0.8787878787878788, 0.746268656716418], "TPR whole": 0.79, "TPR ratio": 1.1775757575757575, "FPR": [0.012409513960703205, 0.00964630225080386], "FPR whole": 0.011052631578947368, "FPR ratio": 1.2864529472595654, "PPR": [0.7073170731707317, 0.847457627118644], "PPR whole": 0.79, "PPR ratio": 0.8346341463414634}, "0.5-0.8": {"roc": 0.9890157894736842, "flag_rate": [0.04, 0.06], "flag_rate_ratio": 0.6666666666666667, "TPR": [0.7878787878787878, 0.7164179104477612], "TPR whole": 0.74, "TPR ratio": 1.0997474747474747, "FPR": [0.014477766287487074, 0.012861736334405145], "FPR whole": 0.01368421052631579, "FPR ratio": 1.12564632885212, "PPR": [0.65, 0.8], "PPR whole": 0.74, "PPR ratio": 0.8125}, "0.8-0.01": {"roc": 0.9895631578947368, "flag_rate": [0.043, 0.057], "flag_rate_ratio": 0.7543859649122806, "TPR": [0.8484848484848485, 0.6865671641791045], "TPR whole": 0.74, "TPR ratio": 1.235836627140975, "FPR": [0.015511892450879007, 0.011789924973204717], "FPR whole": 0.01368421052631579, "FPR ratio": 1.3156905142427375, "PPR": [0.6511627906976745, 0.8070175438596491], "PPR whole": 0.74, "PPR ratio": 0.8068756319514663}, "0.8-0.2": {"roc": 0.9909842105263158, "flag_rate": [0.042, 0.058], "flag_rate_ratio": 0.7241379310344828, "TPR": [0.8484848484848485, 0.7313432835820896], "TPR whole": 0.77, "TPR ratio": 1.1601731601731602, "FPR": [0.014477766287487074, 0.00964630225080386], "FPR whole": 0.012105263157894737, "FPR ratio": 1.5008617718028265, "PPR": [0.6666666666666666, 0.8448275862068966], "PPR whole": 0.77, "PPR ratio": 0.7891156462585034}, "0.8-0.5": {"roc": 0.9922631578947368, "flag_rate": [0.039, 0.061], "flag_rate_ratio": 0.639344262295082, "TPR": [0.7575757575757576, 0.7761194029850746], "TPR whole": 0.77, "TPR ratio": 0.9761072261072261, "FPR": [0.014477766287487074, 0.00964630225080386], "FPR whole": 0.012105263157894737, "FPR ratio": 1.5008617718028265, "PPR": [0.6410256410256411, 0.8524590163934426], "PPR whole": 0.77, "PPR ratio": 0.7519723865877713}, "0.8-0.8": {"roc": 0.9903263157894737,