{"0.01-0.01": {"roc": 0.9914315789473684, "flag_rate": [0.031, 0.069], "flag_rate_ratio": 0.4492753623188405, "TPR": [0.84, 0.7733333333333333], "TPR whole": 0.79, "TPR ratio": 1.0862068965517242, "FPR": [0.010256410256410256, 0.011891891891891892], "FPR whole": 0.011052631578947368, "FPR ratio": 0.8624708624708625, "PPR": [0.6774193548387096, 0.8405797101449275], "PPR whole": 0.79, "PPR ratio": 0.8058954393770856}, "0.01-0.2": {"roc": 0.9904263157894736, "flag_rate": [0.032, 0.068], "flag_rate_ratio": 0.47058823529411764, "TPR": [0.84, 0.7733333333333333], "TPR whole": 0.79, "TPR ratio": 1.0862068965517242, "FPR": [0.011282051282051283, 0.010810810810810811], "FPR whole": 0.011052631578947368, "FPR ratio": 1.0435897435897437, "PPR": [0.65625, 0.8529411764705882], "PPR whole": 0.79, "PPR ratio": 0.769396551724138}, "0.01-0.5": {"roc": 0.991457894736842, "flag_rate": [0.032, 0.068], "flag_rate_ratio": 0.47058823529411764, "TPR": [0.88, 0.7733333333333333], "TPR whole": 0.8, "TPR ratio": 1.1379310344827587, "FPR": [0.010256410256410256, 0.010810810810810811], "FPR whole": 0.010526315789473684, "FPR ratio": 0.9487179487179487, "PPR": [0.6875, 0.8529411764705882], "PPR whole": 0.8, "PPR ratio": 0.8060344827586208}, "0.01-0.8": {"roc": 0.9927368421052631, "flag_rate": [0.031, 0.069], "flag_rate_ratio": 0.4492753623188405, "TPR": [0.88, 0.7866666666666666], "TPR whole": 0.81, "TPR ratio": 1.1186440677966103, "FPR": [0.009230769230769232, 0.010810810810810811], "FPR whole": 0.01, "FPR ratio": 0.8538461538461539, "PPR": [0.7096774193548387, 0.855072463768116], "PPR whole": 0.81, "PPR ratio": 0.8299617277200656}, "0.05-0.01": {"roc": 0.9912631578947368, "flag_rate": [0.032, 0.068], "flag_rate_ratio": 0.47058823529411764, "TPR": [0.88, 0.7866666666666666], "TPR whole": 0.81, "TPR ratio": 1.1186440677966103, "FPR": [0.010256410256410256, 0.00972972972972973], "FPR whole": 0.01, "FPR ratio": 1.0541310541310542, "PPR": [0.6875, 0.8676470588235294], "PPR whole": 0.81, "PPR ratio": 0.7923728813559322}, "0.05-0.2": {"roc": 0.9868631578947369, "flag_rate": [0.034, 0.066], "flag_rate_ratio": 0.5151515151515151, "TPR": [0.84, 0.7066666666666667], "TPR whole": 0.74, "TPR ratio": 1.1886792452830188, "FPR": [0.013333333333333334, 0.014054054054054054], "FPR whole": 0.01368421052631579, "FPR ratio": 0.9487179487179488, "PPR": [0.6176470588235294, 0.803030303030303], "PPR whole": 0.74, "PPR ratio": 0.7691453940066594}, "0.05-0.5": {"roc": 0.9923947368421052, "flag_rate": [0.032, 0.068], "flag_rate_ratio": 0.47058823529411764, "TPR": [0.88, 0.7866666666666666], "TPR whole": 0.81, "TPR ratio": 1.1186440677966103, "FPR": [0.010256410256410256, 0.00972972972972973], "FPR whole": 0.01, "FPR ratio": 1.0541310541310542, "PPR": [0.6875, 0.8676470588235294], "PPR whole": 0.81, "PPR ratio": 0.7923728813559322}, "0.05-0.8": {"roc": 0.9937263157894737, "flag_rate": [0.03, 0.07], "flag_rate_ratio": 0.4285714285714285, "TPR": [0.88, 0.8133333333333334], "TPR whole": 0.83, "TPR ratio": 1.081967213114754, "FPR": [0.008205128205128205, 0.00972972972972973], "FPR whole": 0.008947368421052631, "FPR ratio": 0.8433048433048433, "PPR": [0.7333333333333333, 0.8714285714285714], "PPR whole": 0.83, "PPR ratio": 0.8415300546448087}, "0.2-0.01": {"roc": 0.9937684210526315, "flag_rate": [0.031, 0.069], "flag_rate_ratio": 0.4492753623188405, "TPR": [0.92, 0.8266666666666667], "TPR whole": 0.85, "TPR ratio": 1.1129032258064517, "FPR": [0.008205128205128205, 0.0075675675675675675], "FPR whole": 0.007894736842105263, "FPR ratio": 1.0842490842490842, "PPR": [0.7419354838709677, 0.8985507246376812], "PPR whole": 0.85, "PPR ratio": 0.8257023933402705}, "0.2-0.2": {"roc": 0.9924842105263159, "flag_rate": [0.033, 0.067], "flag_rate_ratio": 0.4925373134328358, "TPR": [0.88, 0.7733333333333333], "TPR whole": 0.8, "TPR ratio": 1.1379310344827587, "FPR": [0.011282051282051283, 0.00972972972972973], "FPR whole": 0.010526315789473684, "FPR ratio": 1.1595441595441598, "PPR": [0.6666666666666666, 0.8656716417910447], "PPR whole": 0.8, "PPR ratio": 0.7701149425287357}, "0.2-0.5": {"roc": 0.9940368421052632, "flag_rate": [0.03, 0.07], "flag_rate_ratio": 0.4285714285714285, "TPR": [0.88, 0.8266666666666667], "TPR whole": 0.84, "TPR ratio": 1.064516129032258, "FPR": [0.008205128205128205, 0.008648648648648649], "FPR whole": 0.008421052631578947, "FPR ratio": 0.9487179487179487, "PPR": [0.7333333333333333, 0.8857142857142857], "PPR whole": 0.84, "PPR ratio": 0.8279569892473118}, "0.2-0.8": {"roc": 0.991378947368421, "flag_rate": [0.033, 0.067], "flag_rate_ratio": 0.4925373134328358, "TPR": [0.88, 0.7733333333333333], "TPR whole": 0.8, "TPR ratio": 1.1379310344827587, "FPR": [0.011282051282051283, 0.00972972972972973], "FPR whole": 0.010526315789473684, "FPR ratio": 1.1595441595441598, "PPR": [0.6666666666666666, 0.8656716417910447], "PPR whole": 0.8, "PPR ratio": 0.7701149425287357}, "0.5-0.01": {"roc": 0.9894578947368421, "flag_rate": [0.033, 0.067], "flag_rate_ratio": 0.4925373134328358, "TPR": [0.84, 0.7733333333333333], "TPR whole": 0.79, "TPR ratio": 1.0862068965517242, "FPR": [0.012307692307692308, 0.00972972972972973], "FPR whole": 0.011052631578947368, "FPR ratio": 1.2649572649572651, "PPR": [0.6363636363636364, 0.8656716417910447], "PPR whole": 0.79, "PPR ratio": 0.7351097178683386}, "0.5-0.2": {"roc": 0.9914842105263157, "flag_rate": [0.032, 0.068], "flag_rate_ratio": 0.47058823529411764, "TPR": [0.88, 0.7866666666666666], "TPR whole": 0.81, "TPR ratio": 1.1186440677966103, "FPR": [0.010256410256410256, 0.00972972972972973], "FPR whole": 0.01, "FPR ratio": 1.0541310541310542, "PPR": [0.6875, 0.8676470588235294], "PPR whole": 0.81, "PPR ratio": 0.7923728813559322}, "0.5-0.5": {"roc": 0.9923210526315789, "flag_rate": [0.031, 0.069], "flag_rate_ratio": 0.4492753623188405, "TPR": [0.88, 0.8], "TPR whole": 0.82, "TPR ratio": 1.0999999999999999, "FPR": [0.009230769230769232, 0.00972972972972973], "FPR whole": 0.009473684210526316, "FPR ratio": 0.9487179487179489, "PPR": [0.7096774193548387, 0.8695652173913043], "PPR whole": 0.82, "PPR ratio": 0.8161290322580645}, "0.5-0.8": {"roc": 0.9920578947368421, "flag_rate": [0.032, 0.068], "flag_rate_ratio": 0.47058823529411764, "TPR": [0.88, 0.7866666666666666], "TPR whole": 0.81, "TPR ratio": 1.1186440677966103, "FPR": [0.010256410256410256, 0.00972972972972973], "FPR whole": 0.01, "FPR ratio": 1.0541310541310542, "PPR": [0.6875, 0.8676470588235294], "PPR whole": 0.81, "PPR ratio": 0.7923728813559322}, "0.8-0.01": {"roc": 0.9919842105263158, "flag_rate": [0.03, 0.07], "flag_rate_ratio": 0.4285714285714285, "TPR": [0.88, 0.8], "TPR whole": 0.82, "TPR ratio": 1.0999999999999999, "FPR": [0.008205128205128205, 0.010810810810810811], "FPR whole": 0.009473684210526316, "FPR ratio": 0.7589743589743589, "PPR": [0.7333333333333333, 0.8571428571428571], "PPR whole": 0.82, "PPR ratio": 0.8555555555555555}, "0.8-0.2": {"roc": 0.9892736842105263, "flag_rate": [0.033, 0.067], "flag_rate_ratio": 0.4925373134328358, "TPR": [0.84, 0.7466666666666667], "TPR whole": 0.77, "TPR ratio": 1.125, "FPR": [0.012307692307692308, 0.011891891891891892], "FPR whole": 0.012105263157894737, "FPR ratio": 1.034965034965035, "PPR": [0.6363636363636364, 0.835820895522388], "PPR whole": 0.77, "PPR ratio": 0.7613636363636364}, "0.8-0.5": {"roc": 0.9898894736842105, "flag_rate": [0.033, 0.067], "flag_rate_ratio": 0.4925373134328358, "TPR": [0.88, 0.76], "TPR whole": 0.79, "TPR ratio": 1.1578947368421053, "FPR": [0.011282051282051283, 0.010810810810810811], "FPR whole": 0.011052631578947368, "FPR ratio": 1.0435897435897437, "PPR": [0.6666666666666666, 0.8507462686567164], "PPR whole": 0.79, "PPR ratio": 0.783625730994152}, "0.8-0.8": {"roc": 0.9918315789473684, "flag_rate": [0.032, 0.068], "flag_rate_ratio": 0.47058823529411764, "TPR": [0.92, 0.7733333333333333], "TPR whole": 0.81, "TPR ratio": 1.1896551724137931, "FPR": [0.009230769230769232, 0.010810810810810811], "FPR whole": 0.01,