{"0.01": {"0.01-0.01": 0.06520459253269716, "0.01-0.2": 0.06617840729133628, "0.01-0.5": 0.1259408595041013, "0.01-0.8": 0.09377403151357673, "0.05-0.01": 0.06550236925038748, "0.05-0.2": 0.06685465190703088, "0.05-0.5": 0.09692229718338581, "0.05-0.8": 0.07654802877699293, "0.2-0.01": 0.06769686167291256, "0.2-0.2": 0.09488038158033277, "0.2-0.5": 0.17219346569725869, "0.2-0.8": 0.07267551120249116, "0.5-0.01": 0.0610943074440465, "0.5-0.2": 0.0906639390099352, "0.5-0.5": 0.10529457096364543, "0.5-0.8": 0.11170071792853917, "0.8-0.01": 0.06813594706243171, "0.8-0.2": 0.07382879634901018, "0.8-0.5": 0.09641057297666263, "0.8-0.8": 0.08069620120816187}, "0.05": {"0.01-0.01": 0.05502151381456471, "0.01-0.2": 0.07413404180161363, "0.01-0.5": 0.05684401046510122, "0.01-0.8": 0.09075210037104167, "0.05-0.01": 0.04142870222567188, "0.05-0.2": 0.06398615722975769, "0.05-0.5": 0.05765436113139345, "0.05-0.8": 0.06676302509199977, "0.2-0.01": 0.0426876877966217, "0.2-0.2": 0.058113016909217635, "0.2-0.5": 0.06408561046073637, "0.2-0.8": 0.06472457200561314, "0.5-0.01": 0.08305606718447484, "0.5-0.2": 0.0870317658466003, "0.5-0.5": 0.062043977911787396, "0.5-0.8": 0.0871916092422587, "0.8-0.01": 0.0860955946153672, "0.8-0.2": 0.06937806257390187, "0.8-0.5": 0.08582815467564028, "0.8-0.8": 0.08102043933295516}, "0.1": {"0.01-0.01": 0.07064310177349153, "0.01-0.2": 0.06009301624297402, "0.01-0.5": 0.05429325786743064, "0.01-0.8": 0.06674400532184006, "0.05-0.01": 0.06249579115311564, "0.05-0.2": 0.055673725874112664, "0.05-0.5": 0.06491481806979231, "0.05-0.8": 0.060466619325144244, "0.2-0.01": 0.05558430127287575, "0.2-0.2": 0.05883632039523565, "0.2-0.5": 0.05827865488477585, "0.2-0.8": 0.05952164450181552, "0.5-0.01": 0.06015773617621344, "0.5-0.2": 0.05724055073826072, "0.5-0.5": 0.06187970851693836, "0.5-0.8": 0.0653210226293174, "0.8-0.01": 0.06173548900561588, "0.8-0.2": 0.06306375043384065, "0.8-0.5": 0.0673161008326889, "0.8-0.8": 0.06572357173297494}, "0.2": {"0.01-0.01": 0.09906346569529345, "0.01-0.2": 0.09324691801529025, "0.01-0.5": 0.0916237252193236, "0.01-0.8": 0.08921832582638659, "0.05-0.01": 0.06454357279754638, "0.05-0.2": 0.07735804910369336, "0.05-0.5": 0.0990159742511821, "0.05-0.8": 0.08380568439948877, "0.2-0.01": 0.06608407032100051, "0.2-0.2": 0.13695689656675547, "0.2-0.5": 0.08866924687628558, "0.2-0.8": 0.09544705839290041, "0.5-0.01": 0.06756883734848512, "0.5-0.2": 0.08175773009804611, "0.5-0.5": 0.12548994040226114, "0.5-0.8": 0.08066387818225615, "0.8-0.01": 0.07523088441150295, "0.8-0.2": 0.08722410632112214, "0.8-0.5": 0.09656987154316538, "0.8-0.8": 0.08788061868693553}, "0.4": {"0.01-0.01": 0.14517266209745616, "0.01-0.2": 0.17466266151877344, "0.01-0.5": 0.12326329710322734, "0.01-0.8": 0.18629445383631132, "0.05-0.01": 0.12202637620290745, "0.05-0.2": 0.14216580269826704, "0.05-0.5": 0.17921419786194456, "0.05-0.8": 0.15719362271600057, "0.2-0.01": 0.14953401861281307, "0.2-0.2": 0.19074800137444334, "0.2-0.5": 0.20106935392075828, "0.2-0.8": 0.18296424256119317, "0.5-0.01": 0.1337567738540583, "0.5-0.2": 0.16329239085971567, "0.5-0.5": 0.12117842696499556, "0.5-0.8": 0.154349609451987, "0.8-0.01": 0.1259284571128162, "0.8-0.2": 0.18608929814523723, "0.8-0.5": 0.21022692690033207, "0.8-0.8": 0.2298342384566221}, "0.6": {"0.01-0.01": 0.25129945312235163, "0.01-0.2": 0.3159148202249208, "0.01-0.5": 0.29177808782124703, "0.01-0.8": 0.31686187053876136, "0.05-0.01": 0.2828933464839797, "0.05-0.2": 0.28112057381819333, "0.05-0.5": 0.3184465274664142, "0.05-0.8": 0.29297343562771383, "0.2-0.01": 0.30107144799589997, "0.2-0.2": 0.29493193796058265, "0.2-0.5": 0.3161325449962201, "0.2-0.8": 0.3175203402239396, "0.5-0.01": 0.2596418797249127, "0.5-0.2": 0.3398179472904424, "0.5-0.5": 0.313781959479418, "0.5-0.8": 0.2799898545971315, "0.8-0.01": 0.3035409451581886, "0.8-0.2": 0.3125455410244533, "0.8-0.5": 0.2837774667345904, "0.8-0.8": 0.2653624274571078}, "0.8": {"0.01-0.01": 0.44897458841301835, "0.01-0.2": 0.4422542697112662, "0.01-0.5": 0.37369905201435766, "0.01-0.8": 0.3938261591975985, "0.05-0.01": 0.41461160242240114, "0.05-0.2": 0.4086256261364121, "0.05-0.5": 0.3522385565197376, "0.05-0.8": 0.3883567187372672, "0.2-0.01": 0.4205687782049875, "0.2-0.2": 0.42576910457732514, "0.2-0.5": 0.3694257470863518, "0.2-0.8": 0.37033782868614984, "0.5-0.01": 0.42317671536759766, "0.5-0.2": 0.3593698923266896, "0.5-0.5": 0.3412779076282414, "0.5-0.8": 0.3896332485752533, "0.8-0.01": 0.4302085405667745, "0.8-0.2": 0.37996743852368137, "0.8-0.5": 0.35638667501330556, "0.8-0.8": 0.3289264723898293}}