{"0.01": {"0.001-0.2": 0.17222423679833954, "0.001-0.5": 0.20732601029998668, "0.001-0.8": 0.09183333119463005, "0.01-0.2": 0.18700636526180964, "0.01-0.5": 0.126954476252913, "0.01-0.8": 0.1306394458494151, "0.05-0.2": 0.09306445198891622, "0.05-0.5": 0.17691102691621127, "0.05-0.8": 0.09966096776264065, "0.2-0.2": 0.12221419035627246, "0.2-0.5": 0.09211756017037186, "0.2-0.8": 0.1430557413016564, "0.5-0.2": 0.07975400483462491, "0.5-0.5": 0.12452475414708666, "0.5-0.8": 0.07682219402434126, "0.8-0.2": 0.2316177306307976, "0.8-0.5": 0.17128760212125793, "0.8-0.8": 0.19185441570956463}, "0.05": {"0.001-0.2": 0.5754589845311894, "0.001-0.5": 0.6064456775883869, "0.001-0.8": 0.6967986836142743, "0.01-0.2": 0.6432191078434859, "0.01-0.5": 0.5485732641093201, "0.01-0.8": 0.5366795040660358, "0.05-0.2": 0.6113348033204467, "0.05-0.5": 0.695058042806992, "0.05-0.8": 0.4762130297500581, "0.2-0.2": 0.5708008761560244, "0.2-0.5": 0.5532070724978296, "0.2-0.8": 0.5276765846444395, "0.5-0.2": 0.47115832895182724, "0.5-0.5": 0.7546440610092753, "0.5-0.8": 0.8081160928118876, "0.8-0.2": 0.5859535550689976, "0.8-0.5": 0.6503133359383093, "0.8-0.8": 0.8007856374935145}, "0.1": {"0.001-0.2": 0.13546254311249756, "0.001-0.5": 0.15032452271868504, "0.001-0.8": 0.11993881237948671, "0.01-0.2": 0.12640888478589773, "0.01-0.5": 0.08407922842839359, "0.01-0.8": 0.13390233008328606, "0.05-0.2": 0.15280139762464176, "0.05-0.5": 0.12475270187620113, "0.05-0.8": 0.10779704796674419, "0.2-0.2": 0.09063838402513905, "0.2-0.5": 0.09702431228990774, "0.2-0.8": 0.1703042127112819, "0.5-0.2": 0.18365964102758642, "0.5-0.5": 0.10942925378274371, "0.5-0.8": 0.09175886080793774, "0.8-0.2": 0.12920205917644914, "0.8-0.5": 0.09586260660469266, "0.8-0.8": 0.1034653617880155}, "0.2": {"0.001-0.2": 0.19766233766893399, "0.001-0.5": 0.5481638400944784, "0.001-0.8": 0.6067387925578578, "0.01-0.2": 0.5288625691549147, "0.01-0.5": 0.44165369067650395, "0.01-0.8": 0.5053368950080681, "0.05-0.2": 0.2801866382104853, "0.05-0.5": 0.5535704552582806, "0.05-0.8": 0.5730700573776762, "0.2-0.2": 0.4393873525741003, "0.2-0.5": 0.5443526321892004, "0.2-0.8": 0.530363755399918, "0.5-0.2": 0.4570034028929718, "0.5-0.5": 0.42017784547574943, "0.5-0.8": 0.6214022127013167, "0.8-0.2": 0.6723245907724589, "0.8-0.5": 0.6931506904248315, "0.8-0.8": 0.6079531420940841}, "0.4": {"0.001-0.2": 0.07747945570273802, "0.001-0.5": 0.09952453278889736, "0.001-0.8": 0.150092342080503, "0.01-0.2": 0.0745729351738211, "0.01-0.5": 0.09931736851686615, "0.01-0.8": 0.16816787643694864, "0.05-0.2": 0.13618325145659008, "0.05-0.5": 0.1017711689263143, "0.05-0.8": 0.2409429452136761, "0.2-0.2": 0.07401438829072987, "0.2-0.5": 0.19882976327289043, "0.2-0.8": 0.15906849277551963, "0.5-0.2": 0.14885411865981824, "0.5-0.5": 0.21147888452520613, "0.5-0.8": 0.1808216832369019, "0.8-0.2": 0.24028015305934605, "0.8-0.5": 0.09091145151100909, "0.8-0.8": 0.20506047004570221}, "0.6": {"0.001-0.2": 0.34704029703350264, "0.001-0.5": 0.39180746185972676, "0.001-0.8": 0.2404936211153561, "0.01-0.2": 0.36725734875270083, "0.01-0.5": 0.35659339112107785, "0.01-0.8": 0.306792641866496, "0.05-0.2": 0.36581586837848123, "0.05-0.5": 0.26996159929878766, "0.05-0.8": 0.4565706366429131, "0.2-0.2": 0.37248075192583413, "0.2-0.5": 0.39207906362057326, "0.2-0.8": 0.3168739105922605, "0.5-0.2": 0.2938952244172202, "0.5-0.5": 0.39445821384056773, "0.5-0.8": 0.3089797860878869, "0.8-0.2": 0.31668689298673625, "0.8-0.5": 0.30930725931042913, "0.8-0.8": 0.2450320998119871}, "0.8": {"0.001-0.2": 0.5034775235367568, "0.001-0.5": 0.6643069673840842, "0.001-0.8": 0.2516449000542372, "0.01-0.2": 0.4849834240959405, "0.01-0.5": 0.5167394836767334, "0.01-0.8": 0.38936075619925714, "0.05-0.2": 0.5523159918498758, "0.05-0.5": 0.3291114262787475, "0.05-0.8": 0.38503097443757567, "0.2-0.2": 0.5500653476940126, "0.2-0.5": 0.41179463194750204, "0.2-0.8": 0.25090709753327545, "0.5-0.2": 0.44643449211811703, "0.5-0.5": 0.4573214861342674, "0.5-0.8": 0.2703814880854386, "0.8-0.2": 0.5303739587797753, "0.8-0.5": 0.19914518768021783, "0.8-0.8": 0.2968681704125009}}