{"0.01": {"0.001-0.2": 0.1821365860373273, "0.001-0.5": 0.27431205566974187, "0.001-0.8": 0.21761696717597628, "0.01-0.2": 0.15582719612265802, "0.01-0.5": 0.2783667637571507, "0.01-0.8": 0.24073572410609365, "0.05-0.2": 0.17807561597074528, "0.05-0.5": 0.1806835039339976, "0.05-0.8": 0.27962357917547725, "0.2-0.2": 0.1555687579439892, "0.2-0.5": 0.219209263035573, "0.2-0.8": 0.15888921878634404, "0.5-0.2": 0.24952248346124659, "0.5-0.5": 0.18454795009292102, "0.5-0.8": 0.179073974848946, "0.8-0.2": 0.2434265911570196, "0.8-0.5": 0.28334994249360285, "0.8-0.8": 0.1402687161880601}, "0.05": {"0.001-0.2": 0.4499777766853086, "0.001-0.5": 0.3484702332386355, "0.001-0.8": 0.4782740091762712, "0.01-0.2": 0.44412874294538346, "0.01-0.5": 0.44690812118974627, "0.01-0.8": 0.4718027533124273, "0.05-0.2": 0.48996615478489913, "0.05-0.5": 0.3458585343320905, "0.05-0.8": 0.39180896905178997, "0.2-0.2": 0.5220780535749932, "0.2-0.5": 0.3194001039754837, "0.2-0.8": 0.34591778815804786, "0.5-0.2": 0.5270836362263945, "0.5-0.5": 0.32857522109834947, "0.5-0.8": 0.36414222185853323, "0.8-0.2": 0.4514533133453525, "0.8-0.5": 0.28571442540131403, "0.8-0.8": 0.23641734772023343}, "0.1": {"0.001-0.2": 0.3181148149546949, "0.001-0.5": 0.3208625418561474, "0.001-0.8": 0.2744215844399522, "0.01-0.2": 0.27882414186008303, "0.01-0.5": 0.34163808362668496, "0.01-0.8": 0.26552228128626015, "0.05-0.2": 0.2529186869138384, "0.05-0.5": 0.25506643042308136, "0.05-0.8": 0.1844603126086522, "0.2-0.2": 0.28259627278399185, "0.2-0.5": 0.22852266183275868, "0.2-0.8": 0.2586598640132487, "0.5-0.2": 0.2683626711696274, "0.5-0.5": 0.2155663263060643, "0.5-0.8": 0.19719951682369802, "0.8-0.2": 0.22744434351763537, "0.8-0.5": 0.19936984418491027, "0.8-0.8": 0.28313077103592293}, "0.2": {"0.001-0.2": 0.30125109835747926, "0.001-0.5": 0.26653326369396263, "0.001-0.8": 0.4246434090338491, "0.01-0.2": 0.40014102460381473, "0.01-0.5": 0.24073633734264346, "0.01-0.8": 0.41059103661954427, "0.05-0.2": 0.3692330688967663, "0.05-0.5": 0.2913430246714318, "0.05-0.8": 0.2954224919609399, "0.2-0.2": 0.31002348049185674, "0.2-0.5": 0.18937864937206614, "0.2-0.8": 0.2245025962747334, "0.5-0.2": 0.23801712750889575, "0.5-0.5": 0.27135024950016484, "0.5-0.8": 0.21969457254618294, "0.8-0.2": 0.27871194422474727, "0.8-0.5": 0.21832155282300264, "0.8-0.8": 0.5069605631660687}, "0.4": {"0.001-0.2": 0.16919650688254054, "0.001-0.5": 0.3741563343857572, "0.001-0.8": 0.43016273806057215, "0.01-0.2": 0.17436555684889435, "0.01-0.5": 0.301552233883024, "0.01-0.8": 0.1490354289606065, "0.05-0.2": 0.1278037715675891, "0.05-0.5": 0.20451733722317883, "0.05-0.8": 0.15046075660409647, "0.2-0.2": 0.12805018953506517, "0.2-0.5": 0.343028738573569, "0.2-0.8": 0.24381775931202457, "0.5-0.2": 0.3051147432542561, "0.5-0.5": 0.1129700137050504, "0.5-0.8": 0.15153570260211036, "0.8-0.2": 0.22163385855300094, "0.8-0.5": 0.09482280318674374, "0.8-0.8": 0.3343645278467409}, "0.6": {"0.001-0.2": 0.30539983676244903, "0.001-0.5": 0.2839804603287042, "0.001-0.8": 0.29280882663988334, "0.01-0.2": 0.29160634189963425, "0.01-0.5": 0.3623670815126648, "0.01-0.8": 0.32742127115433767, "0.05-0.2": 0.2905839108078099, "0.05-0.5": 0.38770817382928846, "0.05-0.8": 0.34961637692459224, "0.2-0.2": 0.42829465901615105, "0.2-0.5": 0.38073058515243674, "0.2-0.8": 0.413635266861284, "0.5-0.2": 0.45778276642963783, "0.5-0.5": 0.3534681909063575, "0.5-0.8": 0.3107372746223511, "0.8-0.2": 0.28274155664826345, "0.8-0.5": 0.375142335175054, "0.8-0.8": 0.30802723937245857}, "0.8": {"0.001-0.2": 0.3892223550797288, "0.001-0.5": 0.6025361786505946, "0.001-0.8": 0.41867614066367076, "0.01-0.2": 0.46285257581115496, "0.01-0.5": 0.3873355234003569, "0.01-0.8": 0.33285259148680607, "0.05-0.2": 0.4922614582853168, "0.05-0.5": 0.362838499316286, "0.05-0.8": 0.3655951523288355, "0.2-0.2": 0.41555411187370855, "0.2-0.5": 0.40838798626246986, "0.2-0.8": 0.34874304291273295, "0.5-0.2": 0.35421166275162747, "0.5-0.5": 0.44092581772209805, "0.5-0.8": 0.3527702675333323, "0.8-0.2": 0.3350848007235788, "0.8-0.5": 0.3792702370495121, "0.8-0.8": 0.3468551813565214}}