{"0.01": {"0.001-0.2": 0.11498242654085632, "0.001-0.5": 0.13925101392227215, "0.001-0.8": 0.11202011876938649, "0.01-0.2": 0.12363382051808648, "0.01-0.5": 0.10673795426690584, "0.01-0.8": 0.14209826936358258, "0.05-0.2": 0.15144061971607983, "0.05-0.5": 0.138199192651612, "0.05-0.8": 0.24074083966449933, "0.2-0.2": 0.14873241046636762, "0.2-0.5": 0.18824620361145333, "0.2-0.8": 0.17766666590542232, "0.5-0.2": 0.1031473406092749, "0.5-0.5": 0.19410285510404465, "0.5-0.8": 0.12777575507969727, "0.8-0.2": 0.192906214973541, "0.8-0.5": 0.14086118196941538, "0.8-0.8": 0.12579701600484527}, "0.05": {"0.001-0.2": 0.12997530305548716, "0.001-0.5": 0.238022580764144, "0.001-0.8": 0.29222151339787705, "0.01-0.2": 0.08282561141465836, "0.01-0.5": 0.32474197202970445, "0.01-0.8": 0.15010482036112188, "0.05-0.2": 0.11279853762389803, "0.05-0.5": 0.17723234290824233, "0.05-0.8": 0.21963240813088847, "0.2-0.2": 0.17261025758076703, "0.2-0.5": 0.20091830310141562, "0.2-0.8": 0.2638561816433797, "0.5-0.2": 0.3517657438138037, "0.5-0.5": 0.30628687112899855, "0.5-0.8": 0.1976836345770306, "0.8-0.2": 0.3832312527872687, "0.8-0.5": 0.1785587921673058, "0.8-0.8": 0.1872675855981255}, "0.1": {"0.001-0.2": 0.08661074176425632, "0.001-0.5": 0.15693379599300825, "0.001-0.8": 0.1892825452771118, "0.01-0.2": 0.12640015295522464, "0.01-0.5": 0.16006705789390407, "0.01-0.8": 0.2391102155583462, "0.05-0.2": 0.13170345134992342, "0.05-0.5": 0.21779567210546796, "0.05-0.8": 0.2208568047734529, "0.2-0.2": 0.1632094689343256, "0.2-0.5": 0.1739520105903507, "0.2-0.8": 0.1268535040252537, "0.5-0.2": 0.08402237278504086, "0.5-0.5": 0.195539429279053, "0.5-0.8": 0.22256518674445588, "0.8-0.2": 0.14486902816115477, "0.8-0.5": 0.21552915480674406, "0.8-0.8": 0.11409428228369628}, "0.2": {"0.001-0.2": 0.21994293135831164, "0.001-0.5": 0.46018379681812005, "0.001-0.8": 0.17517228349136835, "0.01-0.2": 0.26538414205926003, "0.01-0.5": 0.20807428542756912, "0.01-0.8": 0.27918480652412936, "0.05-0.2": 0.28995828471234547, "0.05-0.5": 0.22590829123984546, "0.05-0.8": 0.21831001407075393, "0.2-0.2": 0.2141774339579706, "0.2-0.5": 0.22276705198502395, "0.2-0.8": 0.43727157284533613, "0.5-0.2": 0.20591994441465286, "0.5-0.5": 0.2015339541401011, "0.5-0.8": 0.38150882243353784, "0.8-0.2": 0.2302013748270909, "0.8-0.5": 0.1873291871652918, "0.8-0.8": 0.3053527907003674}, "0.4": {"0.001-0.2": 0.16281475596325798, "0.001-0.5": 0.13449386851861167, "0.001-0.8": 0.18556984511630445, "0.01-0.2": 0.06510297100901911, "0.01-0.5": 0.0956236240814896, "0.01-0.8": 0.1112592407503171, "0.05-0.2": 0.14986102071933297, "0.05-0.5": 0.12389062603991578, "0.05-0.8": 0.13289055727287374, "0.2-0.2": 0.09511723940589219, "0.2-0.5": 0.1098017901599196, "0.2-0.8": 0.18110272209339093, "0.5-0.2": 0.20162344855884598, "0.5-0.5": 0.21178356199195922, "0.5-0.8": 0.24911807639892455, "0.8-0.2": 0.1492620786544661, "0.8-0.5": 0.12993692676698052, "0.8-0.8": 0.20683017913057442}, "0.6": {"0.001-0.2": 0.2850790322340042, "0.001-0.5": 0.26610719516976944, "0.001-0.8": 0.2555698167244522, "0.01-0.2": 0.2835657007636311, "0.01-0.5": 0.27163622665604914, "0.01-0.8": 0.4764707814783832, "0.05-0.2": 0.2475197441426231, "0.05-0.5": 0.2843335170550078, "0.05-0.8": 0.3337878421775471, "0.2-0.2": 0.35374309242357654, "0.2-0.5": 0.3056907612053159, "0.2-0.8": 0.2728348347714269, "0.5-0.2": 0.332113986629544, "0.5-0.5": 0.2580961589977439, "0.5-0.8": 0.35021083664895253, "0.8-0.2": 0.29188751343539204, "0.8-0.5": 0.23786533319053957, "0.8-0.8": 0.2568841392336312}, "0.8": {"0.001-0.2": 0.33244077655103577, "0.001-0.5": 0.2266892957068943, "0.001-0.8": 0.17186242327587017, "0.01-0.2": 0.4304756377497947, "0.01-0.5": 0.1830543412569249, "0.01-0.8": 0.16990614498696494, "0.05-0.2": 0.5212950732105748, "0.05-0.5": 0.20936666318352576, "0.05-0.8": 0.17938877386785276, "0.2-0.2": 0.4930575087263158, "0.2-0.5": 0.20764697010128766, "0.2-0.8": 0.2167027162159337, "0.5-0.2": 0.17914234134753027, "0.5-0.5": 0.22347774846932963, "0.5-0.8": 0.43162120673846444, "0.8-0.2": 0.3834235566898029, "0.8-0.5": 0.4853338513741154, "0.8-0.8": 0.2903440311079845}}