{"0.01": {"0.001-0.2": 0.18632782556414706, "0.001-0.5": 0.35171327295495564, "0.001-0.8": 0.32263710013111074, "0.01-0.2": 0.08697173990306369, "0.01-0.5": 0.25809510570993704, "0.01-0.8": 0.2632686068092168, "0.05-0.2": 0.13647924202876235, "0.05-0.5": 0.18661801824768243, "0.05-0.8": 0.11199415524746271, "0.2-0.2": 0.14973577845238695, "0.2-0.5": 0.1613311089287804, "0.2-0.8": 0.23798440915448263, "0.5-0.2": 0.23652830199241964, "0.5-0.5": 0.44018542791077253, "0.5-0.8": 0.20142948164480823, "0.8-0.2": 0.2890439685131986, "0.8-0.5": 0.3218175252739706, "0.8-0.8": 0.23838367796189064}, "0.05": {"0.001-0.2": 0.35883863780878306, "0.001-0.5": 0.3373413640623874, "0.001-0.8": 0.35678455188501207, "0.01-0.2": 0.5002008390887721, "0.01-0.5": 0.28095954881566443, "0.01-0.8": 0.3326320497361082, "0.05-0.2": 0.4106815835609431, "0.05-0.5": 0.29938640388339277, "0.05-0.8": 0.34758312977498446, "0.2-0.2": 0.36847685734032803, "0.2-0.5": 0.26139406890202993, "0.2-0.8": 0.47382638814626094, "0.5-0.2": 0.2646762735515022, "0.5-0.5": 0.2732742808259243, "0.5-0.8": 0.6550226211699594, "0.8-0.2": 0.27038722238532636, "0.8-0.5": 0.49848856826305027, "0.8-0.8": 0.3998023326104554}, "0.1": {"0.001-0.2": 0.1373067919044452, "0.001-0.5": 0.11022084097077436, "0.001-0.8": 0.17636641292716185, "0.01-0.2": 0.11344029819101904, "0.01-0.5": 0.19482147499232025, "0.01-0.8": 0.15877619743356194, "0.05-0.2": 0.11199167317268964, "0.05-0.5": 0.09617123271415137, "0.05-0.8": 0.2219529655412514, "0.2-0.2": 0.11028260850626924, "0.2-0.5": 0.11855326934095944, "0.2-0.8": 0.16742796618434785, "0.5-0.2": 0.22345781367221318, "0.5-0.5": 0.18799110404216132, "0.5-0.8": 0.2000846283134271, "0.8-0.2": 0.12440619924085695, "0.8-0.5": 0.15908955635289496, "0.8-0.8": 0.19008789161006173}, "0.2": {"0.001-0.2": 0.13049813511283453, "0.001-0.5": 0.1646687583058153, "0.001-0.8": 0.1166901916241169, "0.01-0.2": 0.10850793529700137, "0.01-0.5": 0.10063371725307113, "0.01-0.8": 0.2165213625510911, "0.05-0.2": 0.07987719013887942, "0.05-0.5": 0.09166165728376417, "0.05-0.8": 0.2224905811480322, "0.2-0.2": 0.17492235895604594, "0.2-0.5": 0.15964520546824149, "0.2-0.8": 0.15601807456891606, "0.5-0.2": 0.16210033495198084, "0.5-0.5": 0.08381866258796325, "0.5-0.8": 0.13631053483856445, "0.8-0.2": 0.09413387207216105, "0.8-0.5": 0.15018834556367713, "0.8-0.8": 0.09006043834618897}, "0.4": {"0.001-0.2": 0.10209691391029652, "0.001-0.5": 0.11634668658786405, "0.001-0.8": 0.11073232651574895, "0.01-0.2": 0.21222520988390609, "0.01-0.5": 0.10490890470959144, "0.01-0.8": 0.10495400719723637, "0.05-0.2": 0.14241260620541218, "0.05-0.5": 0.10531947882480173, "0.05-0.8": 0.20968855295226765, "0.2-0.2": 0.11221789140376577, "0.2-0.5": 0.08046013985159531, "0.2-0.8": 0.2240981457549338, "0.5-0.2": 0.09589881176486534, "0.5-0.5": 0.19708076132738395, "0.5-0.8": 0.10005891787842273, "0.8-0.2": 0.10301624658624652, "0.8-0.5": 0.24712078960023265, "0.8-0.8": 0.3557257403478342}, "0.6": {"0.001-0.2": 0.5675918451875027, "0.001-0.5": 0.5125716408584049, "0.001-0.8": 0.420320671885116, "0.01-0.2": 0.5778491798608857, "0.01-0.5": 0.5175369210467601, "0.01-0.8": 0.44405360376242836, "0.05-0.2": 0.5462294868068711, "0.05-0.5": 0.42673308827995243, "0.05-0.8": 0.4728317851433436, "0.2-0.2": 0.5685907480528909, "0.2-0.5": 0.33313445919213236, "0.2-0.8": 0.361230997989599, "0.5-0.2": 0.5442824879785693, "0.5-0.5": 0.4060418418205423, "0.5-0.8": 0.40190878371928057, "0.8-0.2": 0.3690402302666626, "0.8-0.5": 0.2883039337955701, "0.8-0.8": 0.31667822441779925}, "0.8": {"0.001-0.2": 0.311327813957863, "0.001-0.5": 0.47974689181095825, "0.001-0.8": 0.3621960103889684, "0.01-0.2": 0.518075985266809, "0.01-0.5": 0.3837138026085339, "0.01-0.8": 0.34326330541581807, "0.05-0.2": 0.38614280251930644, "0.05-0.5": 0.21094451956779545, "0.05-0.8": 0.3701126784616082, "0.2-0.2": 0.390258684519489, "0.2-0.5": 0.3322936731714155, "0.2-0.8": 0.5233305231315928, "0.5-0.2": 0.4478958103535208, "0.5-0.5": 0.4106155863618888, "0.5-0.8": 0.5952619973201082, "0.8-0.2": 0.3976790475230057, "0.8-0.5": 0.2779971411612485, "0.8-0.8": 0.5201732280313586}}