{"1": {"0.01-0.01": 0.0693054379328758, "0.01-0.2": 0.058261251235534973, "0.01-0.5": 0.09631786696287258, "0.01-0.8": 0.054038062944865836, "0.05-0.01": 0.04609230868086234, "0.05-0.2": 0.09869708445191433, "0.05-0.5": 0.06892141250516902, "0.05-0.8": 0.07487767297403779, "0.2-0.01": 0.052785701240758987, "0.2-0.2": 0.06637215720103425, "0.2-0.5": 0.06424527553349055, "0.2-0.8": 0.08581826288806711, "0.5-0.01": 0.06453537970565304, "0.5-0.2": 0.06910008968533937, "0.5-0.5": 0.0715521298807855, "0.5-0.8": 0.07035383382936808, "0.8-0.01": 0.10079511252327174, "0.8-0.2": 0.06312326660616847, "0.8-0.5": 0.0626110437382616, "0.8-0.8": 0.07058287201744555}, "2": {"0.01-0.01": 0.3146370883674842, "0.01-0.2": 0.25827368229759573, "0.01-0.5": 0.2228054396025841, "0.01-0.8": 0.24290318954764364, "0.05-0.01": 0.27431969412080587, "0.05-0.2": 0.32565150543335575, "0.05-0.5": 0.29125137289765574, "0.05-0.8": 0.26745571937505175, "0.2-0.01": 0.27351068753804536, "0.2-0.2": 0.30654997005717227, "0.2-0.5": 0.26659993968639545, "0.2-0.8": 0.2739469303162417, "0.5-0.01": 0.29532481681320083, "0.5-0.2": 0.2344457381142606, "0.5-0.5": 0.2290355261046094, "0.5-0.8": 0.28372628340489464, "0.8-0.01": 0.23654360394682855, "0.8-0.2": 0.23309901271173797, "0.8-0.5": 0.18547240117322214, "0.8-0.8": 0.2333076602502482}, "3": {"0.01-0.01": 0.4400713900848946, "0.01-0.2": 0.42110784247105987, "0.01-0.5": 0.38657145745405697, "0.01-0.8": 0.31996463112741835, "0.05-0.01": 0.4827415025308188, "0.05-0.2": 0.3966097177291272, "0.05-0.5": 0.40145550885638936, "0.05-0.8": 0.33158091790253846, "0.2-0.01": 0.4144561129793888, "0.2-0.2": 0.42138638828864927, "0.2-0.5": 0.33637486379612686, "0.2-0.8": 0.3190347032503296, "0.5-0.01": 0.44918404616009067, "0.5-0.2": 0.3391103927426163, "0.5-0.5": 0.36620764830682545, "0.5-0.8": 0.31061165774571775, "0.8-0.01": 0.4493715817291583, "0.8-0.2": 0.3458948740405957, "0.8-0.5": 0.29185234295081947, "0.8-0.8": 0.25255788248427}, "4": {"0.01-0.01": 0.45253820608094564, "0.01-0.2": 0.3989901493723015, "0.01-0.5": 0.41360458373105036, "0.01-0.8": 0.3694635051700354, "0.05-0.01": 0.48951726576286236, "0.05-0.2": 0.41735760789365767, "0.05-0.5": 0.3545925435522519, "0.05-0.8": 0.35467061768145397, "0.2-0.01": 0.45456162872967404, "0.2-0.2": 0.3804821033491096, "0.2-0.5": 0.32362762164502884, "0.2-0.8": 0.23867260316013827, "0.5-0.01": 0.441233654366902, "0.5-0.2": 0.38211874313182753, "0.5-0.5": 0.30464177763566674, "0.5-0.8": 0.2738492444308734, "0.8-0.01": 0.48856112998420964, "0.8-0.2": 0.31483236586248503, "0.8-0.5": 0.29407505351278695, "0.8-0.8": 0.3069369093371637}}