{"1": {"0.001-0.001": 0.3970158335746922, "0.001-0.2": 0.34547970191944916, "0.001-0.5": 0.30355986392351086, "0.001-0.8": 0.34129417010111246, "0.01-0.001": 0.2746943685030962, "0.01-0.2": 0.2783615775585072, "0.01-0.5": 0.1686051808032043, "0.01-0.8": 0.2938799496262149, "0.05-0.001": 0.2581383657230698, "0.05-0.2": 0.18482894951609125, "0.05-0.5": 0.2783065893853066, "0.05-0.8": 0.18944443782797474, "0.2-0.001": 0.11107290713021782, "0.2-0.2": 0.27037573453068864, "0.2-0.5": 0.39792765173076466, "0.2-0.8": 0.2099933890326972, "0.5-0.001": 0.16572855736295858, "0.5-0.2": 0.3266367858620886, "0.5-0.5": 0.1937191648411481, "0.5-0.8": 0.3418924747652051, "0.8-0.001": 0.1509938368202711, "0.8-0.2": 0.13473702429282486, "0.8-0.5": 0.13481869160667262, "0.8-0.8": 0.22928133041855037, "0.99-0.001": 0.13048212042289725, "0.99-0.2": 0.18767942940880916, "0.99-0.5": 0.16909567539382697, "0.99-0.8": 0.19321667737164686}, "2": {"0.001-0.001": 0.30894478917102725, "0.001-0.2": 0.23038256230756932, "0.001-0.5": 0.21415451840228755, "0.001-0.8": 0.23594895902374693, "0.01-0.001": 0.3423967780281719, "0.01-0.2": 0.26163759158198463, "0.01-0.5": 0.26371694576853394, "0.01-0.8": 0.23996985242629498, "0.05-0.001": 0.2840139917545265, "0.05-0.2": 0.23714362220493815, "0.05-0.5": 0.245008981913336, "0.05-0.8": 0.22548436662424623, "0.2-0.001": 0.3679359401553557, "0.2-0.2": 0.23991936154841065, "0.2-0.5": 0.26299110649169666, "0.2-0.8": 0.19718306540232106, "0.5-0.001": 0.28053431937921336, "0.5-0.2": 0.2719766159435684, "0.5-0.5": 0.2679667988713611, "0.5-0.8": 0.21579075268243417, "0.8-0.001": 0.2436349874110563, "0.8-0.2": 0.26233093781609057, "0.8-0.5": 0.26510204989450736, "0.8-0.8": 0.24323752535121917, "0.99-0.001": 0.233644127764652, "0.99-0.2": 0.24363906231627433, "0.99-0.5": 0.24053745336722468, "0.99-0.8": 0.2357082664226218}, "3": {"0.001-0.001": 0.33475108686610766, "0.001-0.2": 0.46358386671592644, "0.001-0.5": 0.3354096809088837, "0.001-0.8": 0.46533310269958517, "0.01-0.001": 0.42669740531219286, "0.01-0.2": 0.41549339138331487, "0.01-0.5": 0.39194022899931097, "0.01-0.8": 0.4635012496554874, "0.05-0.001": 0.3849533178859241, "0.05-0.2": 0.34049047135479465, "0.05-0.5": 0.3628880749411483, "0.05-0.8": 0.44032276733851605, "0.2-0.001": 0.5433963493939243, "0.2-0.2": 0.38952442579543894, "0.2-0.5": 0.41518607518373407, "0.2-0.8": 0.41608873123029855, "0.5-0.001": 0.5106933849370746, "0.5-0.2": 0.4415685457968209, "0.5-0.5": 0.5350253546708164, "0.5-0.8": 0.48714066281487717, "0.8-0.001": 0.5338778632249923, "0.8-0.2": 0.4396029190693502, "0.8-0.5": 0.5118343879145683, "0.8-0.8": 0.510278844402972, "0.99-0.001": 0.36770474314824775, "0.99-0.2": 0.4167803582996347, "0.99-0.5": 0.5091030182772401, "0.99-0.8": 0.48672458085809184}, "4": {"0.001-0.001": 0.3644778183850694, "0.001-0.2": 0.5361845009311079, "0.001-0.5": 0.38162184288535805, "0.001-0.8": 0.3385468062420338, "0.01-0.001": 0.38449605575790213, "0.01-0.2": 0.5428716149025804, "0.01-0.5": 0.2970923456783556, "0.01-0.8": 0.2720239781682191, "0.05-0.001": 0.539908663389827, "0.05-0.2": 0.43151291333740366, "0.05-0.5": 0.32393825400151177, "0.05-0.8": 0.34008746167003273, "0.2-0.001": 0.49406771850505415, "0.2-0.2": 0.5078002705566629, "0.2-0.5": 0.30277289594415324, "0.2-0.8": 0.3717106163059457, "0.5-0.001": 0.46689657691348874, "0.5-0.2": 0.4182536373842169, "0.5-0.5": 0.3644945466742108, "0.5-0.8": 0.36113895054811535, "0.8-0.001": 0.49522758846487064, "0.8-0.2": 0.4208823738373418, "0.8-0.5": 0.37410046927636, "0.8-0.8": 0.4174726251005377, "0.99-0.001": 0.3016825162417773, "0.99-0.2": 0.3780794606602694, "0.99-0.5": 0.34863312403503105, "0.99-0.8": 0.3131483108670851}}