{"1": {"0.001-0.001": 0.3075381563169807, "0.001-0.2": 0.1594226600411398, "0.001-0.5": 0.3040746447848534, "0.001-0.8": 0.1334236475535161, "0.01-0.001": 0.39678774782523196, "0.01-0.2": 0.14629815870465268, "0.01-0.5": 0.329836381686804, "0.01-0.8": 0.3034062144514234, "0.05-0.001": 0.36572901308847633, "0.05-0.2": 0.2604767712316247, "0.05-0.5": 0.2288435225444067, "0.05-0.8": 0.09417685999525455, "0.2-0.001": 0.2958775239776741, "0.2-0.2": 0.24665287046262108, "0.2-0.5": 0.29353114644984113, "0.2-0.8": 0.21045162255572167, "0.5-0.001": 0.3462719355414699, "0.5-0.2": 0.0970048865617438, "0.5-0.5": 0.15922674107541138, "0.5-0.8": 0.28928034954046067, "0.8-0.001": 0.19494678880882219, "0.8-0.2": 0.07464033689360308, "0.8-0.5": 0.17516371171907225, "0.8-0.8": 0.3870066859846472, "0.99-0.001": 0.19966126343524038, "0.99-0.2": 0.1526851153120735, "0.99-0.5": 0.18173067423901682, "0.99-0.8": 0.13529625656192593}, "2": {"0.001-0.001": 0.2859357378529311, "0.001-0.2": 0.3669098387146187, "0.001-0.5": 0.1272006256094604, "0.001-0.8": 0.20277768878565725, "0.01-0.001": 0.45033659869533604, "0.01-0.2": 0.19569828914131, "0.01-0.5": 0.1327262432654123, "0.01-0.8": 0.2816500919856833, "0.05-0.001": 0.33666894606730763, "0.05-0.2": 0.2876540204660106, "0.05-0.5": 0.15420041882306676, "0.05-0.8": 0.22409912069559274, "0.2-0.001": 0.4633681647668522, "0.2-0.2": 0.31016421894008495, "0.2-0.5": 0.1800877925324469, "0.2-0.8": 0.1683565506648435, "0.5-0.001": 0.2042486815890036, "0.5-0.2": 0.1602278309903046, "0.5-0.5": 0.14760080901038436, "0.5-0.8": 0.14417781655705464, "0.8-0.001": 0.22502843648319665, "0.8-0.2": 0.13850013832535438, "0.8-0.5": 0.2770066772651259, "0.8-0.8": 0.3126442619107062, "0.99-0.001": 0.3343515249893217, "0.99-0.2": 0.16723295146541295, "0.99-0.5": 0.14335495699788767, "0.99-0.8": 0.30343012570601574}, "3": {"0.001-0.001": 0.35835729783754233, "0.001-0.2": 0.39719792878335014, "0.001-0.5": 0.3967998544919559, "0.001-0.8": 0.37320450261766136, "0.01-0.001": 0.33738500972417856, "0.01-0.2": 0.20393887392888577, "0.01-0.5": 0.3949135137807698, "0.01-0.8": 0.2759104586788822, "0.05-0.001": 0.2852445522423838, "0.05-0.2": 0.424087744436295, "0.05-0.5": 0.2218586653580895, "0.05-0.8": 0.3121733115532604, "0.2-0.001": 0.3393249211934083, "0.2-0.2": 0.4071370746895646, "0.2-0.5": 0.32628320675829514, "0.2-0.8": 0.19507572203117582, "0.5-0.001": 0.4230248422986749, "0.5-0.2": 0.5169908490691857, "0.5-0.5": 0.47697967131625363, "0.5-0.8": 0.1875843516725266, "0.8-0.001": 0.37311170357365625, "0.8-0.2": 0.3150870857538873, "0.8-0.5": 0.29923314876920476, "0.8-0.8": 0.10877272878753368, "0.99-0.001": 0.4046246360824206, "0.99-0.2": 0.24300946717702768, "0.99-0.5": 0.12883591344105322, "0.99-0.8": 0.139305416480291}, "4": {"0.001-0.001": 0.2914942491678689, "0.001-0.2": 0.4435714273405673, "0.001-0.5": 0.4608425217326119, "0.001-0.8": 0.38669880924194217, "0.01-0.001": 0.3006955539901715, "0.01-0.2": 0.4375022493318556, "0.01-0.5": 0.21927618392554551, "0.01-0.8": 0.21191373739445366, "0.05-0.001": 0.37933175558670734, "0.05-0.2": 0.3921044380356159, "0.05-0.5": 0.33908754061266183, "0.05-0.8": 0.21341538930548185, "0.2-0.001": 0.7278862218270139, "0.2-0.2": 0.39114653688728457, "0.2-0.5": 0.2602046360696601, "0.2-0.8": 0.2900003587751344, "0.5-0.001": 0.28114141322841685, "0.5-0.2": 0.38898369037770425, "0.5-0.5": 0.3071275757954433, "0.5-0.8": 0.30298707275937165, "0.8-0.001": 0.19770661007181986, "0.8-0.2": 0.19199840513646957, "0.8-0.5": 0.3847838199409228, "0.8-0.8": 0.36274045613145034, "0.99-0.001": 0.28672555410656275, "0.99-0.2": 0.5550373764100068, "0.99-0.5": 0.2239203904062099, "0.99-0.8": 0.21383247677267364}}