{"1": {"0.001-0.001": 0.10378040139702646, "0.001-0.2": 0.2045228608232149, "0.001-0.5": 0.24277879067336414, "0.001-0.8": 0.30839666702490715, "0.01-0.001": 0.05689396223172782, "0.01-0.2": 0.20171578947368418, "0.01-0.5": 0.28682777495198053, "0.01-0.8": 0.14699088527759105, "0.05-0.001": 0.17391959759640982, "0.05-0.2": 0.23588659527957798, "0.05-0.5": 0.2603177304627678, "0.05-0.8": 0.24150134346778296, "0.2-0.001": 0.261221567927976, "0.2-0.2": 0.1977237104656222, "0.2-0.5": 0.16823913410122585, "0.2-0.8": 0.19441271921180905, "0.5-0.001": 0.041823951464984035, "0.5-0.2": 0.12315618191359345, "0.5-0.5": 0.19549505023242056, "0.5-0.8": 0.1612408887506683, "0.8-0.001": 0.1777556898410334, "0.8-0.2": 0.0934575064532827, "0.8-0.5": 0.232387676616972, "0.8-0.8": 0.25143657672838265, "0.99-0.001": 0.09957915719169619, "0.99-0.2": 0.3043971898893624, "0.99-0.5": 0.2042359753654808, "0.99-0.8": 0.28608353601445347}, "2": {"0.001-0.001": 0.25674253675058134, "0.001-0.2": 0.3648032050912632, "0.001-0.5": 0.2238203248043037, "0.001-0.8": 0.23241037432723757, "0.01-0.001": 0.344619961276168, "0.01-0.2": 0.3054584061033872, "0.01-0.5": 0.18338631493551188, "0.01-0.8": 0.26683575138261656, "0.05-0.001": 0.3476968627154618, "0.05-0.2": 0.2495067210941826, "0.05-0.5": 0.19632798985673441, "0.05-0.8": 0.20075951260221217, "0.2-0.001": 0.3881655571807036, "0.2-0.2": 0.3157640507772476, "0.2-0.5": 0.20894701679572897, "0.2-0.8": 0.2536326822509341, "0.5-0.001": 0.2575363391880293, "0.5-0.2": 0.2979316745191027, "0.5-0.5": 0.28510740256747763, "0.5-0.8": 0.18701952163240682, "0.8-0.001": 0.3894165936446284, "0.8-0.2": 0.18928618833146824, "0.8-0.5": 0.27752112472021667, "0.8-0.8": 0.17027697375376327, "0.99-0.001": 0.31223570832655717, "0.99-0.2": 0.3847568274298862, "0.99-0.5": 0.1779954797096451, "0.99-0.8": 0.26599948381760813}, "3": {"0.001-0.001": 0.5311251075883154, "0.001-0.2": 0.5395145687487692, "0.001-0.5": 0.4910516969072207, "0.001-0.8": 0.4663847210935977, "0.01-0.001": 0.427361602588159, "0.01-0.2": 0.49570620038190166, "0.01-0.5": 0.4989734678150481, "0.01-0.8": 0.46157548640521506, "0.05-0.001": 0.4978792091347864, "0.05-0.2": 0.4868209495294826, "0.05-0.5": 0.5178854091916505, "0.05-0.8": 0.4017479440815252, "0.2-0.001": 0.5745170360878229, "0.2-0.2": 0.4311263424550638, "0.2-0.5": 0.49610464634113755, "0.2-0.8": 0.48414110417029166, "0.5-0.001": 0.47288970811036063, "0.5-0.2": 0.5243131735496803, "0.5-0.5": 0.4842259388501018, "0.5-0.8": 0.5303421566810858, "0.8-0.001": 0.5515943861357666, "0.8-0.2": 0.43791179568029376, "0.8-0.5": 0.44757319884280683, "0.8-0.8": 0.4663382129071939, "0.99-0.001": 0.5383088722568755, "0.99-0.2": 0.353030765133876, "0.99-0.5": 0.3849356939818672, "0.99-0.8": 0.5130601942475227}, "4": {"0.001-0.001": 0.5683094440726588, "0.001-0.2": 0.2912397501746079, "0.001-0.5": 0.366101596394869, "0.001-0.8": 0.2992258667573115, "0.01-0.001": 0.4964658354407396, "0.01-0.2": 0.42278466060547326, "0.01-0.5": 0.3623021364913075, "0.01-0.8": 0.3382234823725446, "0.05-0.001": 0.4226581567489231, "0.05-0.2": 0.38545320110031867, "0.05-0.5": 0.3659397354547009, "0.05-0.8": 0.3329466671598113, "0.2-0.001": 0.508212689981236, "0.2-0.2": 0.4150633092453964, "0.2-0.5": 0.346755053483888, "0.2-0.8": 0.45045160502178644, "0.5-0.001": 0.5527846913964207, "0.5-0.2": 0.43853205121701005, "0.5-0.5": 0.28294546700858797, "0.5-0.8": 0.33902833751826617, "0.8-0.001": 0.5721134646065512, "0.8-0.2": 0.3899546318042613, "0.8-0.5": 0.3020550912695576, "0.8-0.8": 0.3707880991562294, "0.99-0.001": 0.38924030969589857, "0.99-0.2": 0.2910132637443829, "0.99-0.5": 0.22456282127602065, "0.99-0.8": 0.3058828738167003}}