{"0.05": {"0.01-0.01": 0.19454321658476223, "0.01-0.2": 0.21520347416307142, "0.01-0.5": 0.24061002177651575, "0.01-0.8": 0.2422231590616275, "0.05-0.01": 0.22341907162835753, "0.05-0.2": 0.22169540234385102, "0.05-0.5": 0.23695077205076637, "0.05-0.8": 0.21296863528745977, "0.2-0.01": 0.22177840987750633, "0.2-0.2": 0.22282757275502366, "0.2-0.5": 0.22856691413997682, "0.2-0.8": 0.21416325087356283, "0.5-0.01": 0.2217599714149935, "0.5-0.2": 0.2129722367866985, "0.5-0.5": 0.2386379479281761, "0.5-0.8": 0.23379430346503707, "0.8-0.01": 0.21934741495437474, "0.8-0.2": 0.25164362966799647, "0.8-0.5": 0.22331004544289995, "0.8-0.8": 0.22838302101318295}, "0.1": {"0.01-0.01": 0.4441160542625214, "0.01-0.2": 0.46825719906671565, "0.01-0.5": 0.4688933343824845, "0.01-0.8": 0.47724686474458455, "0.05-0.01": 0.4557434030154582, "0.05-0.2": 0.47398292870320957, "0.05-0.5": 0.47480563083630783, "0.05-0.8": 0.48444598045557447, "0.2-0.01": 0.448178904269526, "0.2-0.2": 0.47770237031639945, "0.2-0.5": 0.4746909129426275, "0.2-0.8": 0.471041811004262, "0.5-0.01": 0.46004847313501274, "0.5-0.2": 0.46732238122584036, "0.5-0.5": 0.4671901104171086, "0.5-0.8": 0.47272362592616296, "0.8-0.01": 0.46991730316779196, "0.8-0.2": 0.4735898320531264, "0.8-0.5": 0.4616247052846565, "0.8-0.8": 0.4623753436033238}, "0.15": {"0.01-0.01": 0.6744341030404027, "0.01-0.2": 0.6876070914853066, "0.01-0.5": 0.6778216788325078, "0.01-0.8": 0.6849879212196164, "0.05-0.01": 0.6822564447728893, "0.05-0.2": 0.6831336410686364, "0.05-0.5": 0.6759864527629216, "0.05-0.8": 0.6819859501074393, "0.2-0.01": 0.6746758291973804, "0.2-0.2": 0.6820262901275835, "0.2-0.5": 0.6706619068726485, "0.2-0.8": 0.6802578061251813, "0.5-0.01": 0.6595120710793149, "0.5-0.2": 0.682004993217175, "0.5-0.5": 0.6896449598373294, "0.5-0.8": 0.6777654950382407, "0.8-0.01": 0.6684390814324056, "0.8-0.2": 0.6834570897267997, "0.8-0.5": 0.6812440375222834, "0.8-0.8": 0.6768561441423787}, "0.2": {"0.01-0.01": 0.7559366791136682, "0.01-0.2": 0.7399758878485617, "0.01-0.5": 0.7436705540893256, "0.01-0.8": 0.7405928674288516, "0.05-0.01": 0.7478804772650091, "0.05-0.2": 0.7465216496735747, "0.05-0.5": 0.7423731340503053, "0.05-0.8": 0.7509998944489114, "0.2-0.01": 0.7387782584268514, "0.2-0.2": 0.743688275573854, "0.2-0.5": 0.7479295925093221, "0.2-0.8": 0.7529533496062054, "0.5-0.01": 0.7363509202184062, "0.5-0.2": 0.7453975082435235, "0.5-0.5": 0.7487830169249516, "0.5-0.8": 0.7490749255244248, "0.8-0.01": 0.7317949275008893, "0.8-0.2": 0.7371076479579669, "0.8-0.5": 0.7347197236551326, "0.8-0.8": 0.7439488257836465}, "0.3": {"0.01-0.01": 0.7230599078589187, "0.01-0.2": 0.6963641892046769, "0.01-0.5": 0.6991035942465769, "0.01-0.8": 0.6929113251673905, "0.05-0.01": 0.6983516893910734, "0.05-0.2": 0.6818683517343763, "0.05-0.5": 0.6879392964054423, "0.05-0.8": 0.7011303637072672, "0.2-0.01": 0.7157131142570129, "0.2-0.2": 0.7025983893308042, "0.2-0.5": 0.6911446275575364, "0.2-0.8": 0.6904832304074554, "0.5-0.01": 0.6848898662766927, "0.5-0.2": 0.6991332681862422, "0.5-0.5": 0.6970076031630437, "0.5-0.8": 0.6983395565133892, "0.8-0.01": 0.6592949267239753, "0.8-0.2": 0.6962695029623642, "0.8-0.5": 0.677083475601311, "0.8-0.8": 0.690388545632853}, "0.4": {"0.01-0.01": 0.7006382158894587, "0.01-0.2": 0.6924772824104897, "0.01-0.5": 0.6850917912373506, "0.01-0.8": 0.6945205100542778, "0.05-0.01": 0.6814107418851166, "0.05-0.2": 0.6996399856473663, "0.05-0.5": 0.6928482250569022, "0.05-0.8": 0.6886619124403031, "0.2-0.01": 0.6907343332324886, "0.2-0.2": 0.6801538996862558, "0.2-0.5": 0.6988082764062851, "0.2-0.8": 0.6731125179084483, "0.5-0.01": 0.6580168875763536, "0.5-0.2": 0.6929629003387409, "0.5-0.5": 0.69177755697512, "0.5-0.8": 0.6769046913589384, "0.8-0.01": 0.6367692939169931, "0.8-0.2": 0.6779082655680232, "0.8-0.5": 0.6883262634120618, "0.8-0.8": 0.6955643220963369}}