{"0.05": {"0.001-0.2": 0.16863822525190203, "0.001-0.5": 0.0899381646653118, "0.001-0.8": 0.2442519074369365, "0.01-0.2": 0.15569720250772862, "0.01-0.5": 0.120953556193936, "0.01-0.8": 0.11114089899308233, "0.05-0.2": 0.35023313313424437, "0.05-0.5": 0.22864397353354804, "0.05-0.8": 0.22399153068345853, "0.2-0.2": 0.19380429285982934, "0.2-0.5": 0.08663877199718213, "0.2-0.8": 0.20954684283614805, "0.5-0.2": 0.11467837168165385, "0.5-0.5": 0.10564573166875699, "0.5-0.8": 0.11415404097952721, "0.8-0.2": 0.10867005056918887, "0.8-0.5": 0.13127455288428092, "0.8-0.8": 0.0970759011368088}, "0.1": {"0.001-0.2": 0.4668617714784463, "0.001-0.5": 0.4728880684224112, "0.001-0.8": 0.4156543020404603, "0.01-0.2": 0.4595199522877576, "0.01-0.5": 0.4633162919124978, "0.01-0.8": 0.4487364968680661, "0.05-0.2": 0.47741330308403507, "0.05-0.5": 0.46587563351207906, "0.05-0.8": 0.4564314335932063, "0.2-0.2": 0.463698710221923, "0.2-0.5": 0.45204199211500745, "0.2-0.8": 0.4658061943343504, "0.5-0.2": 0.469054852573418, "0.5-0.5": 0.44946638876435646, "0.5-0.8": 0.45976788757426434, "0.8-0.2": 0.4871444490635845, "0.8-0.5": 0.46960354156697837, "0.8-0.8": 0.44736822742394955}, "0.15": {"0.001-0.2": 0.6456048734196919, "0.001-0.5": 0.6380100406500655, "0.001-0.8": 0.6256280968974753, "0.01-0.2": 0.6653271479850184, "0.01-0.5": 0.7172015544650727, "0.01-0.8": 0.6576430217320487, "0.05-0.2": 0.6758649329051362, "0.05-0.5": 0.6453412194146998, "0.05-0.8": 0.6690132000701783, "0.2-0.2": 0.6425463035731983, "0.2-0.5": 0.6438093146163493, "0.2-0.8": 0.5826244082207199, "0.5-0.2": 0.6514456456281046, "0.5-0.5": 0.5573325607269292, "0.5-0.8": 0.60393997753641, "0.8-0.2": 0.5956576130480077, "0.8-0.5": 0.5963346436502022, "0.8-0.8": 0.47484891203870094}, "0.2": {"0.001-0.2": 0.39337977391903695, "0.001-0.5": 0.33832373493098794, "0.001-0.8": 0.5330625723292384, "0.01-0.2": 0.3774658215815622, "0.01-0.5": 0.31835474435201744, "0.01-0.8": 0.3415998197348318, "0.05-0.2": 0.6138043947713503, "0.05-0.5": 0.45257253815742426, "0.05-0.8": 0.41088655194463475, "0.2-0.2": 0.4838231719150513, "0.2-0.5": 0.3958101920547749, "0.2-0.8": 0.4684457824935498, "0.5-0.2": 0.3591145382975772, "0.5-0.5": 0.1798290870843816, "0.5-0.8": 0.45178823077195196, "0.8-0.2": 0.2817124518706233, "0.8-0.5": 0.6231477706344132, "0.8-0.8": 0.251632488410535}, "0.3": {"0.001-0.2": 0.9801366456895823, "0.001-0.5": 0.9635480636738504, "0.001-0.8": 1.0041929457605638, "0.01-0.2": 0.9672025622498629, "0.01-0.5": 0.9644298305511713, "0.01-0.8": 0.9689378076836181, "0.05-0.2": 0.9622754458619295, "0.05-0.5": 0.9697778954568727, "0.05-0.8": 0.9627411646675491, "0.2-0.2": 0.9438305029750421, "0.2-0.5": 0.9805462465171003, "0.2-0.8": 0.9959844922676523, "0.5-0.2": 0.9586516784309629, "0.5-0.5": 0.969904353347154, "0.5-0.8": 0.9590416624281807, "0.8-0.2": 0.9908569027721195, "0.8-0.5": 0.9664839605816095, "0.8-0.8": 0.9731363758161113}, "0.4": {"0.001-0.2": 0.7987857969392628, "0.001-0.5": 0.8297908723650278, "0.001-0.8": 0.797210917318151, "0.01-0.2": 0.8055779646220652, "0.01-0.5": 0.8063947152216508, "0.01-0.8": 0.8454168937768305, "0.05-0.2": 0.7687210314637639, "0.05-0.5": 0.7988041148093428, "0.05-0.8": 0.8135450638449341, "0.2-0.2": 0.7913449670214722, "0.2-0.5": 0.8225211550124638, "0.2-0.8": 0.8923162512942963, "0.5-0.2": 0.8519506588953004, "0.5-0.5": 0.858021772140219, "0.5-0.8": 0.8370261910735716, "0.8-0.2": 0.8663589373085974, "0.8-0.5": 0.8501502495117951, "0.8-0.8": 0.9026844955101905}}