{"0.05": {"0.001-0.2": 0.2817249892944332, "0.001-0.5": 0.3338811495168754, "0.001-0.8": 0.3621403447186574, "0.01-0.2": 0.2791227213533855, "0.01-0.5": 0.33120726410180057, "0.01-0.8": 0.3971574100991228, "0.05-0.2": 0.2823293916052793, "0.05-0.5": 0.26531918996642156, "0.05-0.8": 0.312566281103139, "0.2-0.2": 0.2832656358468618, "0.2-0.5": 0.34822083223832095, "0.2-0.8": 0.26679555212476713, "0.5-0.2": 0.26985864160818945, "0.5-0.5": 0.31179617206381743, "0.5-0.8": 0.3402788318464399, "0.8-0.2": 0.3321517771034445, "0.8-0.5": 0.3388071346007227, "0.8-0.8": 0.34182416252263415}, "0.1": {"0.001-0.2": 0.5039858342223784, "0.001-0.5": 0.4990521677542663, "0.001-0.8": 0.5035450180069356, "0.01-0.2": 0.49135739566754977, "0.01-0.5": 0.5279730633273798, "0.01-0.8": 0.48995432869030686, "0.05-0.2": 0.4753674846759405, "0.05-0.5": 0.5100274011510588, "0.05-0.8": 0.5018650378338185, "0.2-0.2": 0.5076533775418057, "0.2-0.5": 0.5064942935045338, "0.2-0.8": 0.5088756446765507, "0.5-0.2": 0.49888930246589386, "0.5-0.5": 0.49034314720861827, "0.5-0.8": 0.49225189857115054, "0.8-0.2": 0.49818998285927174, "0.8-0.5": 0.5051249212443768, "0.8-0.8": 0.5055692089781646}, "0.15": {"0.001-0.2": 0.6726812457163457, "0.001-0.5": 0.6214353418176055, "0.001-0.8": 0.6105487283919186, "0.01-0.2": 0.6360843274329812, "0.01-0.5": 0.6043695419638703, "0.01-0.8": 0.593863381964877, "0.05-0.2": 0.6291661806541411, "0.05-0.5": 0.6258874412958196, "0.05-0.8": 0.6236926934551653, "0.2-0.2": 0.6415456212917688, "0.2-0.5": 0.6299976765876477, "0.2-0.8": 0.6308394261198869, "0.5-0.2": 0.5987776139359797, "0.5-0.5": 0.6343786562576479, "0.5-0.8": 0.6146195721136344, "0.8-0.2": 0.6182192952933956, "0.8-0.5": 0.5791844214540744, "0.8-0.8": 0.5800529476748312}, "0.2": {"0.001-0.2": 0.40628511427175096, "0.001-0.5": 0.5062590029524013, "0.001-0.8": 0.5105220780164614, "0.01-0.2": 0.45497205030015575, "0.01-0.5": 0.5395390226740076, "0.01-0.8": 0.44432470679689984, "0.05-0.2": 0.4038030295794359, "0.05-0.5": 0.5313987532217616, "0.05-0.8": 0.5321259671705472, "0.2-0.2": 0.4564921046292937, "0.2-0.5": 0.4677256734365125, "0.2-0.8": 0.548572212128897, "0.5-0.2": 0.5516479639290747, "0.5-0.5": 0.44192127403361214, "0.5-0.8": 0.4605306127875415, "0.8-0.2": 0.5122994899506772, "0.8-0.5": 0.423452598270624, "0.8-0.8": 0.45244003866834237}, "0.3": {"0.001-0.2": 0.9389411919805303, "0.001-0.5": 0.9293208343905709, "0.001-0.8": 0.953688441327856, "0.01-0.2": 0.9449114370311283, "0.01-0.5": 0.9252966155470859, "0.01-0.8": 0.955573382101894, "0.05-0.2": 0.9446899820067094, "0.05-0.5": 0.9602364913318772, "0.05-0.8": 0.9386512026306575, "0.2-0.2": 0.92455204170928, "0.2-0.5": 0.9307622874587985, "0.2-0.8": 0.965365388223124, "0.5-0.2": 0.9299647557826152, "0.5-0.5": 0.9607548189002144, "0.5-0.8": 0.9444031199646149, "0.8-0.2": 0.9674746198236659, "0.8-0.5": 0.9621201523545798, "0.8-0.8": 0.9950184657539567}, "0.4": {"0.001-0.2": 0.9810519892286855, "0.001-0.5": 0.996851642699907, "0.001-0.8": 1.0641834163954935, "0.01-0.2": 0.9523585902316959, "0.01-0.5": 1.015705482708838, "0.01-0.8": 1.0058219622614806, "0.05-0.2": 0.9806385278745519, "0.05-0.5": 1.025811450340141, "0.05-0.8": 1.0002329569418484, "0.2-0.2": 0.9728571923526592, "0.2-0.5": 1.026294455078046, "0.2-0.8": 1.0521218787249191, "0.5-0.2": 1.041898790495053, "0.5-0.5": 1.0695345602719137, "0.5-0.8": 1.045085789281655, "0.8-0.2": 1.0444001013518864, "0.8-0.5": 1.1221654072505527, "0.8-0.8": 1.1315867725166142}}