{"0.05": {"0.001-0.2": 0.19413168012983403, "0.001-0.5": 0.2754382746757848, "0.001-0.8": 0.320158117625423, "0.01-0.2": 0.21162479639008788, "0.01-0.5": 0.21498498990722195, "0.01-0.8": 0.2358758903637395, "0.05-0.2": 0.17209105731848076, "0.05-0.5": 0.22613278459538205, "0.05-0.8": 0.22585095552107995, "0.2-0.2": 0.19012153675006163, "0.2-0.5": 0.2022945606462423, "0.2-0.8": 0.1804021097797414, "0.5-0.2": 0.2227170306148429, "0.5-0.5": 0.23811706702143978, "0.5-0.8": 0.21706607250502788, "0.8-0.2": 0.23499448200663947, "0.8-0.5": 0.2375288210033594, "0.8-0.8": 0.2533685842209951}, "0.1": {"0.001-0.2": 0.517880319553527, "0.001-0.5": 0.5430324675235433, "0.001-0.8": 0.5206779644273882, "0.01-0.2": 0.5420799790646431, "0.01-0.5": 0.5226538923918335, "0.01-0.8": 0.49340794369446744, "0.05-0.2": 0.5287737297391589, "0.05-0.5": 0.5301229610168557, "0.05-0.8": 0.5382609444094592, "0.2-0.2": 0.5390146056376633, "0.2-0.5": 0.5341687615344942, "0.2-0.8": 0.5260339389685018, "0.5-0.2": 0.5166347757085719, "0.5-0.5": 0.4954678621812484, "0.5-0.8": 0.5424526316773574, "0.8-0.2": 0.5088845911851607, "0.8-0.5": 0.5127129834864969, "0.8-0.8": 0.5048248945633138}, "0.15": {"0.001-0.2": 0.6875972934675465, "0.001-0.5": 0.6794877193677638, "0.001-0.8": 0.6854239115158588, "0.01-0.2": 0.6901774630286779, "0.01-0.5": 0.6684045214666048, "0.01-0.8": 0.6783713385176892, "0.05-0.2": 0.6875516010060738, "0.05-0.5": 0.6806761346628578, "0.05-0.8": 0.676370266147024, "0.2-0.2": 0.6772141280300118, "0.2-0.5": 0.6815490436995727, "0.2-0.8": 0.6573510199774265, "0.5-0.2": 0.6781884721849241, "0.5-0.5": 0.6908737409663144, "0.5-0.8": 0.6810754665039548, "0.8-0.2": 0.6692072888020282, "0.8-0.5": 0.6731066517811543, "0.8-0.8": 0.6531038127039082}, "0.2": {"0.001-0.2": 0.6101078443198291, "0.001-0.5": 0.5362310194436911, "0.001-0.8": 0.6031933011095791, "0.01-0.2": 0.5824318484603386, "0.01-0.5": 0.5691580151453387, "0.01-0.8": 0.5543177049414919, "0.05-0.2": 0.5571514304583295, "0.05-0.5": 0.5995448773952008, "0.05-0.8": 0.5649532146622347, "0.2-0.2": 0.5407155155291605, "0.2-0.5": 0.5450199211358727, "0.2-0.8": 0.513252533227955, "0.5-0.2": 0.5719762780302092, "0.5-0.5": 0.4827149446303318, "0.5-0.8": 0.547676930237978, "0.8-0.2": 0.46764301285725896, "0.8-0.5": 0.5356164508853043, "0.8-0.8": 0.5231846978034911}, "0.3": {"0.001-0.2": 0.9331161251961982, "0.001-0.5": 0.921106718960115, "0.001-0.8": 0.9276070691334475, "0.01-0.2": 0.9384918206732472, "0.01-0.5": 0.9216296691039887, "0.01-0.8": 0.95737907801707, "0.05-0.2": 0.9454888311543767, "0.05-0.5": 0.9638938485339947, "0.05-0.8": 0.9629414980207793, "0.2-0.2": 0.9461759672547749, "0.2-0.5": 0.9443060704522626, "0.2-0.8": 0.9453673472353709, "0.5-0.2": 0.9217689446451501, "0.5-0.5": 0.921634188249101, "0.5-0.8": 0.9204395940158088, "0.8-0.2": 0.9155490534036534, "0.8-0.5": 0.9445067492314929, "0.8-0.8": 0.9855607700188063}, "0.4": {"0.001-0.2": 0.6817851226153494, "0.001-0.5": 0.7119359094084814, "0.001-0.8": 0.7141731300423184, "0.01-0.2": 0.6762400587907024, "0.01-0.5": 0.7060456272266267, "0.01-0.8": 0.7285087792036159, "0.05-0.2": 0.6763953404545018, "0.05-0.5": 0.7125198098249642, "0.05-0.8": 0.7144344077917234, "0.2-0.2": 0.7056439814682204, "0.2-0.5": 0.7277878765331246, "0.2-0.8": 0.7358071584732221, "0.5-0.2": 0.7064655837918237, "0.5-0.5": 0.7520291008995569, "0.5-0.8": 0.7469817792607232, "0.8-0.2": 0.7372733901746136, "0.8-0.5": 0.7591718744805229, "0.8-0.8": 1.0258936215071108}}