{"0.01-0.01": {"roc": 0.9746010646189269, "flag_rate": [0.098, 0.0875], "flag_rate_ratio": 1.12, "TPR": [0.86, 0.9090909090909091], "TPR whole": 0.8721804511278195, "TPR ratio": 0.9460000000000001, "FPR": [0.013333333333333334, 0.013623978201634877], "FPR whole": 0.013417521704814523, "FPR ratio": 0.9786666666666667, "PPR": [0.8775510204081632, 0.8571428571428571], "PPR whole": 0.8721804511278195, "PPR ratio": 1.023809523809524}, "0.01-0.2": {"roc": 0.9678834022704749, "flag_rate": [0.097, 0.09], "flag_rate_ratio": 1.077777777777778, "TPR": [0.87, 0.8484848484848485], "TPR whole": 0.8646616541353384, "TPR ratio": 1.0253571428571429, "FPR": [0.011111111111111112, 0.021798365122615803], "FPR whole": 0.014206787687450671, "FPR ratio": 0.5097222222222223, "PPR": [0.8969072164948454, 0.7777777777777778], "PPR whole": 0.8646616541353384, "PPR ratio": 1.1531664212076584}, "0.01-0.5": {"roc": 0.9624653583445592, "flag_rate": [0.092, 0.1025], "flag_rate_ratio": 0.8975609756097561, "TPR": [0.83, 0.8484848484848485], "TPR whole": 0.8345864661654135, "TPR ratio": 0.9782142857142856, "FPR": [0.01, 0.035422343324250684], "FPR whole": 0.017363851617995266, "FPR ratio": 0.2823076923076923, "PPR": [0.9021739130434783, 0.6829268292682927], "PPR whole": 0.8345864661654135, "PPR ratio": 1.3210403726708073}, "0.01-0.8": {"roc": 0.9532078024579997, "flag_rate": [0.092, 0.1025], "flag_rate_ratio": 0.8975609756097561, "TPR": [0.78, 0.8484848484848485], "TPR whole": 0.7969924812030075, "TPR ratio": 0.9192857142857143, "FPR": [0.015555555555555555, 0.035422343324250684], "FPR whole": 0.021310181531176007, "FPR ratio": 0.4391452991452991, "PPR": [0.8478260869565217, 0.6829268292682927], "PPR whole": 0.7969924812030075, "PPR ratio": 1.2414596273291925}, "0.05-0.01": {"roc": 0.968672668253111, "flag_rate": [0.097, 0.09], "flag_rate_ratio": 1.077777777777778, "TPR": [0.87, 0.9090909090909091], "TPR whole": 0.8796992481203008, "TPR ratio": 0.9570000000000001, "FPR": [0.011111111111111112, 0.01634877384196185], "FPR whole": 0.012628255722178374, "FPR ratio": 0.6796296296296297, "PPR": [0.8969072164948454, 0.8333333333333334], "PPR whole": 0.8796992481203008, "PPR ratio": 1.0762886597938144}, "0.05-0.2": {"roc": 0.9642100515693337, "flag_rate": [0.095, 0.095], "flag_rate_ratio": 1.0, "TPR": [0.86, 0.8787878787878788], "TPR whole": 0.8646616541353384, "TPR ratio": 0.9786206896551723, "FPR": [0.01, 0.02452316076294278], "FPR whole": 0.014206787687450671, "FPR ratio": 0.40777777777777774, "PPR": [0.9052631578947369, 0.7631578947368421], "PPR whole": 0.8646616541353384, "PPR ratio": 1.186206896551724}, "0.05-0.5": {"roc": 0.9629935137765486, "flag_rate": [0.098, 0.0875], "flag_rate_ratio": 1.12, "TPR": [0.82, 0.8484848484848485], "TPR whole": 0.8270676691729323, "TPR ratio": 0.9664285714285713, "FPR": [0.017777777777777778, 0.01907356948228883], "FPR whole": 0.018153117600631413, "FPR ratio": 0.932063492063492, "PPR": [0.8367346938775511, 0.8], "PPR whole": 0.8270676691729323, "PPR ratio": 1.0459183673469388}, "0.05-0.8": {"roc": 0.960483291891924, "flag_rate": [0.09, 0.1075], "flag_rate_ratio": 0.8372093023255813, "TPR": [0.78, 0.8787878787878788], "TPR whole": 0.8045112781954887, "TPR ratio": 0.8875862068965518, "FPR": [0.013333333333333334, 0.03814713896457766], "FPR whole": 0.020520915548539857, "FPR ratio": 0.3495238095238095, "PPR": [0.8666666666666667, 0.6744186046511628], "PPR whole": 0.8045112781954887, "PPR ratio": 1.2850574712643679}, "0.2-0.01": {"roc": 0.9717466515539045, "flag_rate": [0.097, 0.09], "flag_rate_ratio": 1.077777777777778, "TPR": [0.88, 0.9090909090909091], "TPR whole": 0.8872180451127819, "TPR ratio": 0.9680000000000001, "FPR": [0.01, 0.01634877384196185], "FPR whole": 0.011838989739542225, "FPR ratio": 0.6116666666666667, "PPR": [0.9072164948453608, 0.8333333333333334], "PPR whole": 0.8872180451127819, "PPR ratio": 1.088659793814433}, "0.2-0.2": {"roc": 0.9549465613520778, "flag_rate": [0.095, 0.095], "flag_rate_ratio": 1.0, "TPR": [0.82, 0.8787878787878788], "TPR whole": 0.8345864661654135, "TPR ratio": 0.933103448275862, "FPR": [0.014444444444444444, 0.02452316076294278], "FPR whole": 0.017363851617995266, "FPR ratio": 0.5890123456790123, "PPR": [0.8631578947368421, 0.7631578947368421], "PPR whole": 0.8345864661654135, "PPR ratio": 1.1310344827586207}, "0.2-0.5": {"roc": 0.9606850591356054, "flag_rate": [0.096, 0.0925], "flag_rate_ratio": 1.037837837837838, "TPR": [0.8, 0.8484848484848485], "TPR whole": 0.8120300751879699, "TPR ratio": 0.9428571428571428, "FPR": [0.017777777777777778, 0.02452316076294278], "FPR whole": 0.01973164956590371, "FPR ratio": 0.7249382716049382, "PPR": [0.8333333333333334, 0.7567567567567568], "PPR whole": 0.8120300751879699, "PPR ratio": 1.1011904761904763}, "0.2-0.8": {"roc": 0.9593854407130692, "flag_rate": [0.098, 0.0875], "flag_rate_ratio": 1.12, "TPR": [0.79, 0.8484848484848485], "TPR whole": 0.8045112781954887, "TPR ratio": 0.9310714285714285, "FPR": [0.021111111111111112, 0.01907356948228883], "FPR whole": 0.020520915548539857, "FPR ratio": 1.1068253968253967, "PPR": [0.8061224489795918, 0.8], "PPR whole": 0.8045112781954887, "PPR ratio": 1.0076530612244898}, "0.5-0.01": {"roc": 0.9598186468539146, "flag_rate": [0.097, 0.09], "flag_rate_ratio": 1.077777777777778, "TPR": [0.82, 0.9090909090909091], "TPR whole": 0.8421052631578947, "TPR ratio": 0.902, "FPR": [0.016666666666666666, 0.01634877384196185], "FPR whole": 0.016574585635359115, "FPR ratio": 1.0194444444444446, "PPR": [0.845360824742268, 0.8333333333333334], "PPR whole": 0.8421052631578947, "PPR ratio": 1.0144329896907216}, "0.5-0.2": {"roc": 0.9667380764460479, "flag_rate": [0.096, 0.0925], "flag_rate_ratio": 1.037837837837838, "TPR": [0.81, 0.8787878787878788], "TPR whole": 0.8270676691729323, "TPR ratio": 0.9217241379310346, "FPR": [0.016666666666666666, 0.021798365122615803], "FPR whole": 0.018153117600631413, "FPR ratio": 0.7645833333333334, "PPR": [0.84375, 0.7837837837837838], "PPR whole": 0.8270676691729323, "PPR ratio": 1.0765086206896552}, "0.5-0.5": {"roc": 0.955676484027749, "flag_rate": [0.094, 0.0975], "flag_rate_ratio": 0.9641025641025641, "TPR": [0.8, 0.7878787878787878], "TPR whole": 0.7969924812030075, "TPR ratio": 1.0153846153846156, "FPR": [0.015555555555555555, 0.035422343324250684], "FPR whole": 0.021310181531176007, "FPR ratio": 0.4391452991452991, "PPR": [0.851063829787234, 0.6666666666666666], "PPR whole": 0.7969924812030075, "PPR ratio": 1.2765957446808511}, "0.5-0.8": {"roc": 0.9460153936538267, "flag_rate": [0.093, 0.1], "flag_rate_ratio": 0.9299999999999999, "TPR": [0.77, 0.8484848484848485], "TPR whole": 0.7894736842105263, "TPR ratio": 0.9075, "FPR": [0.017777777777777778, 0.0326975476839237], "FPR whole": 0.022099447513812154, "FPR ratio": 0.5437037037037038, "PPR": [0.8279569892473119, 0.7], "PPR whole": 0.7894736842105263, "PPR ratio": 1.1827956989247312}, "0.8-0.01": {"roc": 0.9742806107613152, "flag_rate": [0.095, 0.095], "flag_rate_ratio": 1.0, "TPR": [0.86, 0.9090909090909091], "TPR whole": 0.8721804511278195, "TPR ratio": 0.9460000000000001, "FPR": [0.01, 0.021798365122615803], "FPR whole": 0.013417521704814523, "FPR ratio": 0.45875000000000005, "PPR": [0.9052631578947369, 0.7894736842105263], "PPR whole": 0.8721804511278195, "PPR ratio": 1.1466666666666667}, "0.8-0.2": {"roc": 0.9656876999127652, "flag_rate": [0.094, 0.0975], "flag_rate_ratio": 0.9641025641025641, "TPR": [0.82, 0.8787878787878788], "TPR whole": 0.8345864661654135, "TPR ratio": 0.933103448275862, "FPR": [0.013333333333333334, 0.027247956403269755], "FPR whole": 0.017363851617995266, "FPR ratio": 0.48933333333333334, "PPR": [0.8723404255319149, 0.7435897435897436], "PPR whole": 0.8345864661654135, "PPR ratio": 1.1731474688187822}, "0.8-0.5": {"roc": 0.9460272623152198, "flag_rate": [0.098, 0.0875], "flag_rate_ratio": 1.12, "TPR": [0.77, 0.8181818181818182], "TPR whole": 0.7819548872180451, "TPR ratio": 0.9411111111111111,