{"0.01-0.01": {"roc": 0.8870592996762201, "flag_rate": [0.1, 0.12], "flag_rate_ratio": 0.8333333333333334, "TPR": [0.58, 0.7083333333333334], "TPR whole": 0.6048387096774194, "TPR ratio": 0.8188235294117646, "FPR": [0.04666666666666667, 0.03977272727272727], "FPR whole": 0.04553903345724907, "FPR ratio": 1.1733333333333333, "PPR": [0.58, 0.7083333333333334], "PPR whole": 0.6048387096774194, "PPR ratio": 0.8188235294117646}, "0.01-0.2": {"roc": 0.8910390934164767, "flag_rate": [0.099, 0.125], "flag_rate_ratio": 0.792, "TPR": [0.61, 0.625], "TPR whole": 0.6129032258064516, "TPR ratio": 0.976, "FPR": [0.042222222222222223, 0.056818181818181816], "FPR whole": 0.04460966542750929, "FPR ratio": 0.7431111111111112, "PPR": [0.6161616161616161, 0.6], "PPR whole": 0.6129032258064516, "PPR ratio": 1.026936026936027}, "0.01-0.5": {"roc": 0.8837165727305432, "flag_rate": [0.096, 0.14], "flag_rate_ratio": 0.6857142857142856, "TPR": [0.59, 0.6666666666666666], "TPR whole": 0.6048387096774194, "TPR ratio": 0.885, "FPR": [0.04111111111111111, 0.06818181818181818], "FPR whole": 0.04553903345724907, "FPR ratio": 0.602962962962963, "PPR": [0.6145833333333334, 0.5714285714285714], "PPR whole": 0.6048387096774194, "PPR ratio": 1.0755208333333335}, "0.01-0.8": {"roc": 0.88903795419115, "flag_rate": [0.099, 0.125], "flag_rate_ratio": 0.792, "TPR": [0.61, 0.625], "TPR whole": 0.6129032258064516, "TPR ratio": 0.976, "FPR": [0.042222222222222223, 0.056818181818181816], "FPR whole": 0.04460966542750929, "FPR ratio": 0.7431111111111112, "PPR": [0.6161616161616161, 0.6], "PPR whole": 0.6129032258064516, "PPR ratio": 1.026936026936027}, "0.05-0.01": {"roc": 0.8949889075428709, "flag_rate": [0.099, 0.125], "flag_rate_ratio": 0.792, "TPR": [0.6, 0.6666666666666666], "TPR whole": 0.6129032258064516, "TPR ratio": 0.9, "FPR": [0.043333333333333335, 0.05113636363636364], "FPR whole": 0.04460966542750929, "FPR ratio": 0.8474074074074074, "PPR": [0.6060606060606061, 0.64], "PPR whole": 0.6129032258064516, "PPR ratio": 0.946969696969697}, "0.05-0.2": {"roc": 0.8880636167406164, "flag_rate": [0.101, 0.115], "flag_rate_ratio": 0.8782608695652174, "TPR": [0.61, 0.625], "TPR whole": 0.6129032258064516, "TPR ratio": 0.976, "FPR": [0.044444444444444446, 0.045454545454545456], "FPR whole": 0.04460966542750929, "FPR ratio": 0.9777777777777777, "PPR": [0.6039603960396039, 0.6521739130434783], "PPR whole": 0.6129032258064516, "PPR ratio": 0.926072607260726}, "0.05-0.5": {"roc": 0.8858751049286485, "flag_rate": [0.097, 0.135], "flag_rate_ratio": 0.7185185185185184, "TPR": [0.6, 0.625], "TPR whole": 0.6048387096774194, "TPR ratio": 0.96, "FPR": [0.04111111111111111, 0.06818181818181818], "FPR whole": 0.04553903345724907, "FPR ratio": 0.602962962962963, "PPR": [0.6185567010309279, 0.5555555555555556], "PPR whole": 0.6048387096774194, "PPR ratio": 1.1134020618556701}, "0.05-0.8": {"roc": 0.8857926609905264, "flag_rate": [0.099, 0.125], "flag_rate_ratio": 0.792, "TPR": [0.59, 0.625], "TPR whole": 0.5967741935483871, "TPR ratio": 0.944, "FPR": [0.044444444444444446, 0.056818181818181816], "FPR whole": 0.046468401486988845, "FPR ratio": 0.7822222222222223, "PPR": [0.5959595959595959, 0.6], "PPR whole": 0.5967741935483871, "PPR ratio": 0.9932659932659932}, "0.2-0.01": {"roc": 0.8967427149538313, "flag_rate": [0.1, 0.12], "flag_rate_ratio": 0.8333333333333334, "TPR": [0.62, 0.6666666666666666], "TPR whole": 0.6290322580645161, "TPR ratio": 0.93, "FPR": [0.042222222222222223, 0.045454545454545456], "FPR whole": 0.04275092936802974, "FPR ratio": 0.9288888888888889, "PPR": [0.62, 0.6666666666666666], "PPR whole": 0.6290322580645161, "PPR ratio": 0.93}, "0.2-0.2": {"roc": 0.8913388895551027, "flag_rate": [0.098, 0.13], "flag_rate_ratio": 0.7538461538461538, "TPR": [0.59, 0.6666666666666666], "TPR whole": 0.6048387096774194, "TPR ratio": 0.885, "FPR": [0.043333333333333335, 0.056818181818181816], "FPR whole": 0.04553903345724907, "FPR ratio": 0.7626666666666667, "PPR": [0.6020408163265306, 0.6153846153846154], "PPR whole": 0.6048387096774194, "PPR ratio": 0.9783163265306122}, "0.2-0.5": {"roc": 0.8891278930327379, "flag_rate": [0.101, 0.115], "flag_rate_ratio": 0.8782608695652174, "TPR": [0.62, 0.625], "TPR whole": 0.6209677419354839, "TPR ratio": 0.992, "FPR": [0.043333333333333335, 0.045454545454545456], "FPR whole": 0.04368029739776952, "FPR ratio": 0.9533333333333334, "PPR": [0.6138613861386139, 0.6521739130434783], "PPR whole": 0.6209677419354839, "PPR ratio": 0.9412541254125413}, "0.2-0.8": {"roc": 0.8825398728864373, "flag_rate": [0.096, 0.14], "flag_rate_ratio": 0.6857142857142856, "TPR": [0.58, 0.6666666666666666], "TPR whole": 0.5967741935483871, "TPR ratio": 0.87, "FPR": [0.042222222222222223, 0.06818181818181818], "FPR whole": 0.046468401486988845, "FPR ratio": 0.6192592592592593, "PPR": [0.6041666666666666, 0.5714285714285714], "PPR whole": 0.5967741935483871, "PPR ratio": 1.0572916666666667}, "0.5-0.01": {"roc": 0.8974997002038614, "flag_rate": [0.102, 0.11], "flag_rate_ratio": 0.9272727272727272, "TPR": [0.63, 0.6666666666666666], "TPR whole": 0.6370967741935484, "TPR ratio": 0.9450000000000001, "FPR": [0.043333333333333335, 0.03409090909090909], "FPR whole": 0.041821561338289966, "FPR ratio": 1.2711111111111113, "PPR": [0.6176470588235294, 0.7272727272727273], "PPR whole": 0.6370967741935484, "PPR ratio": 0.8492647058823529}, "0.5-0.2": {"roc": 0.8893527401367071, "flag_rate": [0.102, 0.11], "flag_rate_ratio": 0.9272727272727272, "TPR": [0.59, 0.625], "TPR whole": 0.5967741935483871, "TPR ratio": 0.944, "FPR": [0.04777777777777778, 0.03977272727272727], "FPR whole": 0.046468401486988845, "FPR ratio": 1.2012698412698413, "PPR": [0.5784313725490197, 0.6818181818181818], "PPR whole": 0.5967741935483871, "PPR ratio": 0.8483660130718955}, "0.5-0.5": {"roc": 0.8871942079386018, "flag_rate": [0.101, 0.115], "flag_rate_ratio": 0.8782608695652174, "TPR": [0.62, 0.625], "TPR whole": 0.6209677419354839, "TPR ratio": 0.992, "FPR": [0.043333333333333335, 0.045454545454545456], "FPR whole": 0.04368029739776952, "FPR ratio": 0.9533333333333334, "PPR": [0.6138613861386139, 0.6521739130434783], "PPR whole": 0.6209677419354839, "PPR ratio": 0.9412541254125413}, "0.5-0.8": {"roc": 0.88496072670584, "flag_rate": [0.098, 0.13], "flag_rate_ratio": 0.7538461538461538, "TPR": [0.61, 0.625], "TPR whole": 0.6129032258064516, "TPR ratio": 0.976, "FPR": [0.04111111111111111, 0.0625], "FPR whole": 0.04460966542750929, "FPR ratio": 0.6577777777777778, "PPR": [0.6224489795918368, 0.5769230769230769], "PPR whole": 0.6129032258064516, "PPR ratio": 1.0789115646258505}, "0.8-0.01": {"roc": 0.9031358676100252, "flag_rate": [0.103, 0.105], "flag_rate_ratio": 0.9809523809523809, "TPR": [0.66, 0.625], "TPR whole": 0.6532258064516129, "TPR ratio": 1.056, "FPR": [0.04111111111111111, 0.03409090909090909], "FPR whole": 0.039962825278810406, "FPR ratio": 1.205925925925926, "PPR": [0.6407766990291263, 0.7142857142857143], "PPR whole": 0.6532258064516129, "PPR ratio": 0.8970873786407767}, "0.8-0.2": {"roc": 0.8960756685453892, "flag_rate": [0.098, 0.13], "flag_rate_ratio": 0.7538461538461538, "TPR": [0.6, 0.6666666666666666], "TPR whole": 0.6129032258064516, "TPR ratio": 0.9, "FPR": [0.042222222222222223, 0.056818181818181816], "FPR whole": 0.04460966542750929, "FPR ratio": 0.7431111111111112, "PPR": [0.6122448979591837, 0.6153846153846154], "PPR whole": 0.6129032258064516, "PPR ratio": 0.9948979591836734}, "0.8-0.5": {"roc": 0.8835217052404365, "flag_rate": [0.097, 0.135], "flag_rate_ratio": 0.7185185185185184, "TPR": [0.59, 0.625], "TPR whole": 0.5967741935483871, "TPR ratio": 0.944, "FPR": [0.042222222222222223, 0.06818181818181818], "FPR whole": 0.046468401486988845, "FPR ratio": 0.6192592592592593, "PPR": [0.6082474226804123, 0.5555555555555556], "PPR whole": 0.5967741935483871, "PPR ratio": 1.0948453608247422}, "0.8-0.8": {"roc": 0.8866320901786785, "flag_rate": [0.098, 0.13], "flag_rate_ratio": 0.7538461538461538,