{"0.01-0.01": {"roc": 0.9702482420626466, "flag_rate": [0.099, 0.095], "flag_rate_ratio": 1.0421052631578949, "TPR": [0.85, 0.8571428571428571], "TPR whole": 0.8525641025641025, "TPR ratio": 0.9916666666666667, "FPR": [0.015555555555555555, 0.016544117647058824], "FPR whole": 0.01592797783933518, "FPR ratio": 0.9402469135802469, "PPR": [0.8585858585858586, 0.8421052631578947], "PPR whole": 0.8525641025641025, "PPR ratio": 1.0195707070707072}, "0.01-0.2": {"roc": 0.9607527168122736, "flag_rate": [0.091, 0.10833333333333334], "flag_rate_ratio": 0.84, "TPR": [0.79, 0.8392857142857143], "TPR whole": 0.8076923076923077, "TPR ratio": 0.9412765957446809, "FPR": [0.013333333333333334, 0.03308823529411765], "FPR whole": 0.02077562326869806, "FPR ratio": 0.40296296296296297, "PPR": [0.8681318681318682, 0.7230769230769231], "PPR whole": 0.8076923076923077, "PPR ratio": 1.2006079027355623}, "0.01-0.5": {"roc": 0.9508354641664891, "flag_rate": [0.097, 0.09833333333333333], "flag_rate_ratio": 0.9864406779661018, "TPR": [0.77, 0.8035714285714286], "TPR whole": 0.782051282051282, "TPR ratio": 0.9582222222222222, "FPR": [0.022222222222222223, 0.025735294117647058], "FPR whole": 0.023545706371191136, "FPR ratio": 0.8634920634920635, "PPR": [0.7938144329896907, 0.7627118644067796], "PPR whole": 0.782051282051282, "PPR ratio": 1.0407789232531501}, "0.01-0.8": {"roc": 0.9562513317707224, "flag_rate": [0.101, 0.09166666666666666], "flag_rate_ratio": 1.101818181818182, "TPR": [0.79, 0.8214285714285714], "TPR whole": 0.8012820512820513, "TPR ratio": 0.9617391304347827, "FPR": [0.024444444444444446, 0.016544117647058824], "FPR whole": 0.02146814404432133, "FPR ratio": 1.4775308641975309, "PPR": [0.7821782178217822, 0.8363636363636363], "PPR whole": 0.8012820512820513, "PPR ratio": 0.935213086526044}, "0.05-0.01": {"roc": 0.9696888983592584, "flag_rate": [0.101, 0.09166666666666666], "flag_rate_ratio": 1.101818181818182, "TPR": [0.83, 0.8571428571428571], "TPR whole": 0.8397435897435898, "TPR ratio": 0.9683333333333334, "FPR": [0.02, 0.012867647058823529], "FPR whole": 0.01731301939058172, "FPR ratio": 1.5542857142857145, "PPR": [0.8217821782178217, 0.8727272727272727], "PPR whole": 0.8397435897435898, "PPR ratio": 0.9416254125412541}, "0.05-0.2": {"roc": 0.964166489097237, "flag_rate": [0.099, 0.095], "flag_rate_ratio": 1.0421052631578949, "TPR": [0.78, 0.8214285714285714], "TPR whole": 0.7948717948717948, "TPR ratio": 0.9495652173913044, "FPR": [0.023333333333333334, 0.02022058823529412], "FPR whole": 0.0221606648199446, "FPR ratio": 1.153939393939394, "PPR": [0.7878787878787878, 0.8070175438596491], "PPR whole": 0.7948717948717948, "PPR ratio": 0.9762845849802372}, "0.05-0.5": {"roc": 0.9541382555579232, "flag_rate": [0.1, 0.09333333333333334], "flag_rate_ratio": 1.0714285714285714, "TPR": [0.77, 0.8035714285714286], "TPR whole": 0.782051282051282, "TPR ratio": 0.9582222222222222, "FPR": [0.025555555555555557, 0.02022058823529412], "FPR whole": 0.023545706371191136, "FPR ratio": 1.2638383838383838, "PPR": [0.77, 0.8035714285714286], "PPR whole": 0.782051282051282, "PPR ratio": 0.9582222222222222}, "0.05-0.8": {"roc": 0.964876766815825, "flag_rate": [0.096, 0.1], "flag_rate_ratio": 0.96, "TPR": [0.81, 0.8214285714285714], "TPR whole": 0.8141025641025641, "TPR ratio": 0.9860869565217393, "FPR": [0.016666666666666666, 0.025735294117647058], "FPR whole": 0.02008310249307479, "FPR ratio": 0.6476190476190476, "PPR": [0.84375, 0.7666666666666667], "PPR whole": 0.8141025641025641, "PPR ratio": 1.1005434782608694}, "0.2-0.01": {"roc": 0.9668433482491654, "flag_rate": [0.097, 0.09833333333333333], "flag_rate_ratio": 0.9864406779661018, "TPR": [0.84, 0.875], "TPR whole": 0.8525641025641025, "TPR ratio": 0.96, "FPR": [0.014444444444444444, 0.01838235294117647], "FPR whole": 0.01592797783933518, "FPR ratio": 0.7857777777777777, "PPR": [0.865979381443299, 0.8305084745762712], "PPR whole": 0.8525641025641025, "PPR ratio": 1.0427098674521356}, "0.2-0.2": {"roc": 0.9574010938276867, "flag_rate": [0.103, 0.08833333333333333], "flag_rate_ratio": 1.1660377358490566, "TPR": [0.79, 0.8035714285714286], "TPR whole": 0.7948717948717948, "TPR ratio": 0.9831111111111112, "FPR": [0.02666666666666667, 0.014705882352941176], "FPR whole": 0.0221606648199446, "FPR ratio": 1.8133333333333335, "PPR": [0.7669902912621359, 0.8490566037735849], "PPR whole": 0.7948717948717948, "PPR ratio": 0.9033441208198489}, "0.2-0.5": {"roc": 0.9600957099225798, "flag_rate": [0.101, 0.09166666666666666], "flag_rate_ratio": 1.101818181818182, "TPR": [0.79, 0.8035714285714286], "TPR whole": 0.7948717948717948, "TPR ratio": 0.9831111111111112, "FPR": [0.024444444444444446, 0.01838235294117647], "FPR whole": 0.0221606648199446, "FPR ratio": 1.3297777777777777, "PPR": [0.7821782178217822, 0.8181818181818182], "PPR whole": 0.7948717948717948, "PPR ratio": 0.9559955995599559}, "0.2-0.8": {"roc": 0.952331486611265, "flag_rate": [0.102, 0.09], "flag_rate_ratio": 1.1333333333333333, "TPR": [0.79, 0.8035714285714286], "TPR whole": 0.7948717948717948, "TPR ratio": 0.9831111111111112, "FPR": [0.025555555555555557, 0.016544117647058824], "FPR whole": 0.0221606648199446, "FPR ratio": 1.5446913580246915, "PPR": [0.7745098039215687, 0.8333333333333334], "PPR whole": 0.7948717948717948, "PPR ratio": 0.9294117647058824}, "0.5-0.01": {"roc": 0.9688365650969529, "flag_rate": [0.098, 0.09666666666666666], "flag_rate_ratio": 1.013793103448276, "TPR": [0.87, 0.8392857142857143], "TPR whole": 0.8589743589743589, "TPR ratio": 1.0365957446808511, "FPR": [0.012222222222222223, 0.02022058823529412], "FPR whole": 0.015235457063711912, "FPR ratio": 0.6044444444444445, "PPR": [0.8877551020408163, 0.8103448275862069], "PPR whole": 0.8589743589743589, "PPR ratio": 1.0955275727312201}, "0.5-0.2": {"roc": 0.9622132253711201, "flag_rate": [0.095, 0.10166666666666667], "flag_rate_ratio": 0.9344262295081968, "TPR": [0.77, 0.8571428571428571], "TPR whole": 0.8012820512820513, "TPR ratio": 0.8983333333333334, "FPR": [0.02, 0.02389705882352941], "FPR whole": 0.02146814404432133, "FPR ratio": 0.836923076923077, "PPR": [0.8105263157894737, 0.7868852459016393], "PPR whole": 0.8012820512820513, "PPR ratio": 1.0300438596491228}, "0.5-0.5": {"roc": 0.9529529796150296, "flag_rate": [0.097, 0.09833333333333333], "flag_rate_ratio": 0.9864406779661018, "TPR": [0.8, 0.8214285714285714], "TPR whole": 0.8076923076923077, "TPR ratio": 0.9739130434782609, "FPR": [0.01888888888888889, 0.02389705882352941], "FPR whole": 0.02077562326869806, "FPR ratio": 0.7904273504273505, "PPR": [0.8247422680412371, 0.7796610169491526], "PPR whole": 0.8076923076923077, "PPR ratio": 1.0578216046615867}, "0.5-0.8": {"roc": 0.9596917394701329, "flag_rate": [0.099, 0.095], "flag_rate_ratio": 1.0421052631578949, "TPR": [0.78, 0.8214285714285714], "TPR whole": 0.7948717948717948, "TPR ratio": 0.9495652173913044, "FPR": [0.023333333333333334, 0.02022058823529412], "FPR whole": 0.0221606648199446, "FPR ratio": 1.153939393939394, "PPR": [0.7878787878787878, 0.8070175438596491], "PPR whole": 0.7948717948717948, "PPR ratio": 0.9762845849802372}, "0.8-0.01": {"roc": 0.9681973151502238, "flag_rate": [0.096, 0.1], "flag_rate_ratio": 0.96, "TPR": [0.86, 0.8571428571428571], "TPR whole": 0.8589743589743589, "TPR ratio": 1.0033333333333334, "FPR": [0.011111111111111112, 0.022058823529411766], "FPR whole": 0.015235457063711912, "FPR ratio": 0.5037037037037037, "PPR": [0.8958333333333334, 0.8], "PPR whole": 0.8589743589743589, "PPR ratio": 1.1197916666666667}, "0.8-0.2": {"roc": 0.9660487250514952, "flag_rate": [0.097, 0.09833333333333333], "flag_rate_ratio": 0.9864406779661018, "TPR": [0.8, 0.8392857142857143], "TPR whole": 0.8141025641025641, "TPR ratio": 0.9531914893617022, "FPR": [0.01888888888888889, 0.022058823529411766], "FPR whole": 0.02008310249307479, "FPR ratio": 0.8562962962962962, "PPR": [0.8247422680412371, 0.7966101694915254], "PPR whole": 0.8141025641025641, "PPR ratio": 1.0353147620092125},