{"0.01-0.01": {"roc": 0.9704595336076818, "flag_rate": [0.098, 0.1025], "flag_rate_ratio": 0.9560975609756098, "TPR": [0.82, 0.85], "TPR whole": 0.8333333333333334, "TPR ratio": 0.9647058823529412, "FPR": [0.017777777777777778, 0.019444444444444445], "FPR whole": 0.018518518518518517, "FPR ratio": 0.9142857142857143, "PPR": [0.8367346938775511, 0.8292682926829268], "PPR whole": 0.8333333333333334, "PPR ratio": 1.0090036014405763}, "0.01-0.2": {"roc": 0.9568964334705077, "flag_rate": [0.098, 0.1025], "flag_rate_ratio": 0.9560975609756098, "TPR": [0.78, 0.8], "TPR whole": 0.7888888888888889, "TPR ratio": 0.975, "FPR": [0.022222222222222223, 0.025], "FPR whole": 0.02345679012345679, "FPR ratio": 0.8888888888888888, "PPR": [0.7959183673469388, 0.7804878048780488], "PPR whole": 0.7888888888888889, "PPR ratio": 1.0197704081632653}, "0.01-0.5": {"roc": 0.9505864197530864, "flag_rate": [0.097, 0.10375], "flag_rate_ratio": 0.9349397590361447, "TPR": [0.74, 0.7625], "TPR whole": 0.75, "TPR ratio": 0.9704918032786886, "FPR": [0.025555555555555557, 0.030555555555555555], "FPR whole": 0.027777777777777776, "FPR ratio": 0.8363636363636364, "PPR": [0.7628865979381443, 0.7349397590361446], "PPR whole": 0.75, "PPR ratio": 1.0380260267027208}, "0.01-0.8": {"roc": 0.9515637860082304, "flag_rate": [0.096, 0.105], "flag_rate_ratio": 0.9142857142857144, "TPR": [0.74, 0.775], "TPR whole": 0.7555555555555555, "TPR ratio": 0.9548387096774194, "FPR": [0.024444444444444446, 0.030555555555555555], "FPR whole": 0.027160493827160494, "FPR ratio": 0.8, "PPR": [0.7708333333333334, 0.7380952380952381], "PPR whole": 0.7555555555555555, "PPR ratio": 1.0443548387096775}, "0.05-0.01": {"roc": 0.9744032921810699, "flag_rate": [0.095, 0.10625], "flag_rate_ratio": 0.8941176470588236, "TPR": [0.79, 0.85], "TPR whole": 0.8166666666666667, "TPR ratio": 0.9294117647058824, "FPR": [0.017777777777777778, 0.02361111111111111], "FPR whole": 0.020370370370370372, "FPR ratio": 0.7529411764705882, "PPR": [0.8315789473684211, 0.8], "PPR whole": 0.8166666666666667, "PPR ratio": 1.0394736842105263}, "0.05-0.2": {"roc": 0.9584807956104253, "flag_rate": [0.097, 0.10375], "flag_rate_ratio": 0.9349397590361447, "TPR": [0.76, 0.7875], "TPR whole": 0.7722222222222223, "TPR ratio": 0.9650793650793651, "FPR": [0.023333333333333334, 0.027777777777777776], "FPR whole": 0.025308641975308643, "FPR ratio": 0.8400000000000001, "PPR": [0.7835051546391752, 0.7590361445783133], "PPR whole": 0.7722222222222223, "PPR ratio": 1.0322369497627228}, "0.05-0.5": {"roc": 0.9582167352537723, "flag_rate": [0.099, 0.10125], "flag_rate_ratio": 0.9777777777777777, "TPR": [0.75, 0.8], "TPR whole": 0.7722222222222223, "TPR ratio": 0.9375, "FPR": [0.02666666666666667, 0.02361111111111111], "FPR whole": 0.025308641975308643, "FPR ratio": 1.1294117647058826, "PPR": [0.7575757575757576, 0.7901234567901234], "PPR whole": 0.7722222222222223, "PPR ratio": 0.9588068181818182}, "0.05-0.8": {"roc": 0.9629218106995886, "flag_rate": [0.101, 0.09875], "flag_rate_ratio": 1.0227848101265824, "TPR": [0.8, 0.825], "TPR whole": 0.8111111111111111, "TPR ratio": 0.9696969696969698, "FPR": [0.023333333333333334, 0.018055555555555554], "FPR whole": 0.020987654320987655, "FPR ratio": 1.2923076923076924, "PPR": [0.7920792079207921, 0.8354430379746836], "PPR whole": 0.8111111111111111, "PPR ratio": 0.9480948094809482}, "0.2-0.01": {"roc": 0.9690672153635117, "flag_rate": [0.099, 0.10125], "flag_rate_ratio": 0.9777777777777777, "TPR": [0.82, 0.825], "TPR whole": 0.8222222222222222, "TPR ratio": 0.9939393939393939, "FPR": [0.01888888888888889, 0.020833333333333332], "FPR whole": 0.019753086419753086, "FPR ratio": 0.9066666666666667, "PPR": [0.8282828282828283, 0.8148148148148148], "PPR whole": 0.8222222222222222, "PPR ratio": 1.0165289256198349}, "0.2-0.2": {"roc": 0.9506447187928669, "flag_rate": [0.097, 0.10375], "flag_rate_ratio": 0.9349397590361447, "TPR": [0.72, 0.775], "TPR whole": 0.7444444444444445, "TPR ratio": 0.9290322580645161, "FPR": [0.027777777777777776, 0.029166666666666667], "FPR whole": 0.028395061728395062, "FPR ratio": 0.9523809523809523, "PPR": [0.7422680412371134, 0.7469879518072289], "PPR whole": 0.7444444444444445, "PPR ratio": 0.9936814100432325}, "0.2-0.5": {"roc": 0.9591666666666666, "flag_rate": [0.104, 0.095], "flag_rate_ratio": 1.094736842105263, "TPR": [0.8, 0.8125], "TPR whole": 0.8055555555555556, "TPR ratio": 0.9846153846153847, "FPR": [0.02666666666666667, 0.015277777777777777], "FPR whole": 0.021604938271604937, "FPR ratio": 1.7454545454545456, "PPR": [0.7692307692307693, 0.8552631578947368], "PPR whole": 0.8055555555555556, "PPR ratio": 0.8994082840236687}, "0.2-0.8": {"roc": 0.9594615912208505, "flag_rate": [0.097, 0.10375], "flag_rate_ratio": 0.9349397590361447, "TPR": [0.78, 0.8], "TPR whole": 0.7888888888888889, "TPR ratio": 0.975, "FPR": [0.021111111111111112, 0.02638888888888889], "FPR whole": 0.02345679012345679, "FPR ratio": 0.8, "PPR": [0.8041237113402062, 0.7710843373493976], "PPR whole": 0.7888888888888889, "PPR ratio": 1.0428479381443299}, "0.5-0.01": {"roc": 0.9724074074074074, "flag_rate": [0.098, 0.1025], "flag_rate_ratio": 0.9560975609756098, "TPR": [0.81, 0.8125], "TPR whole": 0.8111111111111111, "TPR ratio": 0.996923076923077, "FPR": [0.01888888888888889, 0.02361111111111111], "FPR whole": 0.020987654320987655, "FPR ratio": 0.8, "PPR": [0.826530612244898, 0.7926829268292683], "PPR whole": 0.8111111111111111, "PPR ratio": 1.0427001569858712}, "0.5-0.2": {"roc": 0.956820987654321, "flag_rate": [0.098, 0.1025], "flag_rate_ratio": 0.9560975609756098, "TPR": [0.76, 0.775], "TPR whole": 0.7666666666666667, "TPR ratio": 0.9806451612903225, "FPR": [0.024444444444444446, 0.027777777777777776], "FPR whole": 0.025925925925925925, "FPR ratio": 0.8800000000000001, "PPR": [0.7755102040816326, 0.7560975609756098], "PPR whole": 0.7666666666666667, "PPR ratio": 1.0256747860434496}, "0.5-0.5": {"roc": 0.9510802469135804, "flag_rate": [0.102, 0.0975], "flag_rate_ratio": 1.046153846153846, "TPR": [0.76, 0.775], "TPR whole": 0.7666666666666667, "TPR ratio": 0.9806451612903225, "FPR": [0.028888888888888888, 0.022222222222222223], "FPR whole": 0.025925925925925925, "FPR ratio": 1.2999999999999998, "PPR": [0.7450980392156863, 0.7948717948717948], "PPR whole": 0.7666666666666667, "PPR ratio": 0.9373814041745732}, "0.5-0.8": {"roc": 0.9481104252400548, "flag_rate": [0.099, 0.10125], "flag_rate_ratio": 0.9777777777777777, "TPR": [0.73, 0.7625], "TPR whole": 0.7444444444444445, "TPR ratio": 0.957377049180328, "FPR": [0.028888888888888888, 0.027777777777777776], "FPR whole": 0.028395061728395062, "FPR ratio": 1.04, "PPR": [0.7373737373737373, 0.7530864197530864], "PPR whole": 0.7444444444444445, "PPR ratio": 0.9791356184798807}, "0.8-0.01": {"roc": 0.9741015089163237, "flag_rate": [0.095, 0.10625], "flag_rate_ratio": 0.8941176470588236, "TPR": [0.82, 0.825], "TPR whole": 0.8222222222222222, "TPR ratio": 0.9939393939393939, "FPR": [0.014444444444444444, 0.02638888888888889], "FPR whole": 0.019753086419753086, "FPR ratio": 0.5473684210526315, "PPR": [0.8631578947368421, 0.7764705882352941], "PPR whole": 0.8222222222222222, "PPR ratio": 1.1116427432216907}, "0.8-0.2": {"roc": 0.9514334705075446, "flag_rate": [0.106, 0.0925], "flag_rate_ratio": 1.145945945945946, "TPR": [0.77, 0.75], "TPR whole": 0.7611111111111111, "TPR ratio": 1.0266666666666666, "FPR": [0.03222222222222222, 0.019444444444444445], "FPR whole": 0.02654320987654321, "FPR ratio": 1.657142857142857, "PPR": [0.7264150943396226, 0.8108108108108109], "PPR whole": 0.7611111111111111, "PPR ratio": 0.8959119496855344}, "0.8-0.5": {"roc": 0.9537551440329217, "flag_rate": [0.1, 0.1], "flag_rate_ratio": 1.0, "TPR": [0.76, 0.8], "TPR whole": 0.7777777777777778, "TPR ratio": 0.95, "FPR": [0.02666666666666667, 0.022222222222222223], "FPR whole": 0.024691358024691357, "FPR ratio": 1.2, "PPR": [0.76, 0.8], "PPR whole": 0.7777777777777778, "PPR ratio": 0.95},