{"flag_ratio": [0.8247933884297521, 0.8420168067226891, 0.7538461538461538, 0.7763779527559055, 0.8689655172413794, 0.8508474576271186, 0.7999999999999999, 0.792, 0.8508474576271187, 0.792, 0.8163934426229508, 0.7185185185185184, 0.8598290598290599, 0.808130081300813, 0.8598290598290599, 0.7393939393939393, 0.8598290598290599, 0.7538461538461538, 0.808130081300813, 0.7612403100775194], "tpr_ratio": [0.9105154639175257, 0.9758241758241757, 0.9470967741935484, 0.942127659574468, 0.9677419354838711, 0.997752808988764, 0.9678260869565218, 0.9470967741935483, 0.988695652173913, 0.96, 0.9419354838709677, 0.934468085106383, 0.9727659574468085, 0.96, 0.9494505494505494, 0.9319148936170211, 0.9858064516129033, 0.9446808510638298, 0.9496774193548386, 0.9626086956521739], "auroc": [0.9347118959107806, 0.9314950833433265, 0.9324004676819762, 0.9330555222448735, 0.9326612903225806, 0.9345305192469121, 0.9283247391773595, 0.9295344165967142, 0.9386572130950952, 0.9330675140904185, 0.9276247151936683, 0.930882000239837, 0.9408951912699365, 0.9338739657033217, 0.9277851061278332, 0.9314606067873846, 0.9403270775872405, 0.9320017388176041, 0.927899028660511, 0.9360399928048928], "key": ["0.01-0.01", "0.01-0.2", "0.01-0.5", "0.01-0.8", "0.05-0.01", "0.05-0.2", "0.05-0.5", "0.05-0.8", "0.2-0.01", "0.2-0.2", "0.2-0.5", "0.2-0.8", "0.5-0.01", "0.5-0.2", "0.5-0.5", "0.5-0.8", "0.8-0.01", "0.8-0.2", "0.8-0.5", "0.8-0.8"]}