{"flag_ratio": [0.9924218831101423, 0.9803921568627451, 0.9685031291679491, 0.9764136368318055, 0.9843863095853581, 0.8999900882148877, 0.9964634907426668, 0.92985810606823, 0.9714579055441478, 0.9764136368318055, 0.991390041493776, 0.9803921568627451, 0.92985810606823, 0.9724506578947368, 0.9645709604751177, 0.9803921568627451, 0.9451374099989859, 0.9883961873186904, 0.9223057644110274, 0.9924218831101423], "tpr_ratio": [0.9873313843155358, 0.9989610804763046, 0.9880585106382979, 0.9748410875487419, 0.9693799046007079, 0.9658440070811205, 0.9878684210526316, 0.977233676975945, 0.9967389017462654, 0.9839488450998304, 0.9986827956989248, 0.9963586956521739, 0.9594773910380728, 0.9901259418437015, 0.9803138069740803, 0.9928460680575578, 0.9830363219317925, 0.993729408013604, 0.9820944112859469, 0.993658536585366], "auroc": [0.9531842439791394, 0.9480779866856238, 0.9425449048911076, 0.9435375469463516, 0.951114405761262, 0.9477426659446749, 0.9461679904789758, 0.940272368470584, 0.9496572952530977, 0.9495252518525168, 0.9462230085625514, 0.9435809822754899, 0.9511833231501615, 0.9456757234154068, 0.9460139398449648, 0.9432010679299591, 0.9552451055623283, 0.9471090892769756, 0.9412551651845567, 0.94071656710324], "key": ["0.01-0.01", "0.01-0.2", "0.01-0.5", "0.01-0.8", "0.05-0.01", "0.05-0.2", "0.05-0.5", "0.05-0.8", "0.2-0.01", "0.2-0.2", "0.2-0.5", "0.2-0.8", "0.5-0.01", "0.5-0.2", "0.5-0.5", "0.5-0.8", "0.8-0.01", "0.8-0.2", "0.8-0.5", "0.8-0.8"]}