{"flag_ratio": [0.9349173553719008, 0.9782383419689119, 0.9711340206185567, 0.8912621359223302, 0.9420289855072465, 0.9780334728033474, 0.9926701570680627, 0.9641025641025641, 0.9853249475890985, 0.9854166666666665, 0.9502538071065988, 0.9233830845771145, 0.9635416666666666, 0.9571428571428571, 0.8850241545893718, 0.89126213592233, 0.9434343434343434, 0.9571428571428571, 0.9780334728033474, 0.9103448275862069], "tpr_ratio": [0.9835828451580243, 0.975609756097561, 0.9584558823529412, 0.955, 0.983197593367085, 0.9902464447918993, 0.9557777777777778, 0.9602255639097745, 0.9955671826175424, 0.9731386861313869, 0.9386666666666668, 0.9648091603053435, 0.9978721843128623, 0.9321897810218979, 0.9772093023255815, 0.9354135338345864, 0.9955671826175424, 0.99, 0.9900000000000001, 0.9675], "auroc": [0.9626588175252655, 0.9590305677374177, 0.9524220970737816, 0.946542362219677, 0.9594281678940841, 0.953625579339034, 0.947927435004243, 0.9485054388140833, 0.9625211410531064, 0.9509218982737032, 0.9458349900006529, 0.9481470052400139, 0.9592240269181241, 0.952019749452558, 0.9445151948537485, 0.9410436113962886, 0.9613651334334257, 0.952181163247503, 0.9458575404572995, 0.9480211974292478], "key": ["0.01-0.01", "0.01-0.2", "0.01-0.5", "0.01-0.8", "0.05-0.01", "0.05-0.2", "0.05-0.5", "0.05-0.8", "0.2-0.01", "0.2-0.2", "0.2-0.5", "0.2-0.8", "0.5-0.01", "0.5-0.2", "0.5-0.5", "0.5-0.8", "0.8-0.01", "0.8-0.2", "0.8-0.5", "0.8-0.8"]}