{"flag_ratio": [0.9955112219451372, 0.9433414043583536, 0.8941176470588236, 0.9391304347826087, 0.9349397590361446, 0.9690417690417689, 0.9518248175182481, 0.9777777777777779, 0.9647058823529411, 0.9910358565737052, 0.9865805168986083, 0.938715953307393, 0.9647058823529411, 0.9733990147783251, 0.9777227722772277, 0.9429824561403509, 1.0, 0.938715953307393, 0.9777227722772277, 0.9955089820359282], "tpr_ratio": [0.965496368038741, 0.994962216624685, 0.9889967637540452, 0.9980456026058632, 0.9766584766584769, 0.9886649874055417, 0.9936305732484076, 0.9895833333333331, 0.970873786407767, 0.9803299492385786, 0.9796437659033078, 0.9800771208226219, 0.9902200488997555, 0.981457800511509, 0.974740932642487, 0.9502551020408161, 0.9615384615384615, 0.9747409326424871, 0.9856396866840731, 0.9859625668449199], "auroc": [0.9593813443072703, 0.9503573388203019, 0.946789437585734, 0.940372427983539, 0.9567119341563786, 0.9546515775034294, 0.9494451303155007, 0.9426488340192044, 0.9569876543209876, 0.9495925925925925, 0.9447002743484225, 0.941417352537723, 0.9583443072702332, 0.9470610425240054, 0.9460781893004115, 0.9404746227709191, 0.9603158436213992, 0.9415980795610425, 0.9401673525377229, 0.9371406035665295], "key": ["0.01-0.01", "0.01-0.2", "0.01-0.5", "0.01-0.8", "0.05-0.01", "0.05-0.2", "0.05-0.5", "0.05-0.8", "0.2-0.01", "0.2-0.2", "0.2-0.5", "0.2-0.8", "0.5-0.01", "0.5-0.2", "0.5-0.5", "0.5-0.8", "0.8-0.01", "0.8-0.2", "0.8-0.5", "0.8-0.8"]}