{"0.01-0.01": {"roc": 0.9570576131687243, "flag_rate": [0.097, 0.10375], "flag_rate_ratio": 0.9349397590361447, "TPR": [0.81, 0.8375], "TPR whole": 0.8222222222222222, "TPR ratio": 0.9671641791044776, "FPR": [0.017777777777777778, 0.022222222222222223], "FPR whole": 0.019753086419753086, "FPR ratio": 0.7999999999999999, "PPR": [0.8350515463917526, 0.8072289156626506], "PPR whole": 0.8222222222222222, "PPR ratio": 1.0344668410524696}, "0.01-0.2": {"roc": 0.9467592592592592, "flag_rate": [0.098, 0.1025], "flag_rate_ratio": 0.9560975609756098, "TPR": [0.78, 0.8375], "TPR whole": 0.8055555555555556, "TPR ratio": 0.9313432835820895, "FPR": [0.022222222222222223, 0.020833333333333332], "FPR whole": 0.021604938271604937, "FPR ratio": 1.0666666666666669, "PPR": [0.7959183673469388, 0.8170731707317073], "PPR whole": 0.8055555555555556, "PPR ratio": 0.9741090466037162}, "0.01-0.5": {"roc": 0.9464814814814815, "flag_rate": [0.099, 0.10125], "flag_rate_ratio": 0.9777777777777777, "TPR": [0.79, 0.85], "TPR whole": 0.8166666666666667, "TPR ratio": 0.9294117647058824, "FPR": [0.022222222222222223, 0.018055555555555554], "FPR whole": 0.020370370370370372, "FPR ratio": 1.2307692307692308, "PPR": [0.797979797979798, 0.8395061728395061], "PPR whole": 0.8166666666666667, "PPR ratio": 0.9505347593582889}, "0.01-0.8": {"roc": 0.937448559670782, "flag_rate": [0.103, 0.09625], "flag_rate_ratio": 1.07012987012987, "TPR": [0.77, 0.825], "TPR whole": 0.7944444444444444, "TPR ratio": 0.9333333333333335, "FPR": [0.028888888888888888, 0.015277777777777777], "FPR whole": 0.022839506172839506, "FPR ratio": 1.8909090909090909, "PPR": [0.7475728155339806, 0.8571428571428571], "PPR whole": 0.7944444444444444, "PPR ratio": 0.872168284789644}, "0.05-0.01": {"roc": 0.9579012345679011, "flag_rate": [0.102, 0.0975], "flag_rate_ratio": 1.046153846153846, "TPR": [0.83, 0.8], "TPR whole": 0.8166666666666667, "TPR ratio": 1.0374999999999999, "FPR": [0.021111111111111112, 0.019444444444444445], "FPR whole": 0.020370370370370372, "FPR ratio": 1.0857142857142856, "PPR": [0.8137254901960784, 0.8205128205128205], "PPR whole": 0.8166666666666667, "PPR ratio": 0.9917279411764706}, "0.05-0.2": {"roc": 0.956224279835391, "flag_rate": [0.094, 0.1075], "flag_rate_ratio": 0.8744186046511628, "TPR": [0.77, 0.85], "TPR whole": 0.8055555555555556, "TPR ratio": 0.9058823529411765, "FPR": [0.01888888888888889, 0.025], "FPR whole": 0.021604938271604937, "FPR ratio": 0.7555555555555555, "PPR": [0.8191489361702128, 0.7906976744186046], "PPR whole": 0.8055555555555556, "PPR ratio": 1.0359824780976221}, "0.05-0.5": {"roc": 0.9500548696844994, "flag_rate": [0.1, 0.1], "flag_rate_ratio": 1.0, "TPR": [0.81, 0.8375], "TPR whole": 0.8222222222222222, "TPR ratio": 0.9671641791044776, "FPR": [0.021111111111111112, 0.018055555555555554], "FPR whole": 0.019753086419753086, "FPR ratio": 1.1692307692307693, "PPR": [0.81, 0.8375], "PPR whole": 0.8222222222222222, "PPR ratio": 0.9671641791044776}, "0.05-0.8": {"roc": 0.9382441700960219, "flag_rate": [0.107, 0.09125], "flag_rate_ratio": 1.1726027397260275, "TPR": [0.79, 0.75], "TPR whole": 0.7722222222222223, "TPR ratio": 1.0533333333333335, "FPR": [0.03111111111111111, 0.018055555555555554], "FPR whole": 0.025308641975308643, "FPR ratio": 1.7230769230769232, "PPR": [0.7383177570093458, 0.821917808219178], "PPR whole": 0.7722222222222223, "PPR ratio": 0.8982866043613708}, "0.2-0.01": {"roc": 0.956406035665295, "flag_rate": [0.098, 0.1025], "flag_rate_ratio": 0.9560975609756098, "TPR": [0.81, 0.8625], "TPR whole": 0.8333333333333334, "TPR ratio": 0.9391304347826087, "FPR": [0.01888888888888889, 0.018055555555555554], "FPR whole": 0.018518518518518517, "FPR ratio": 1.0461538461538462, "PPR": [0.826530612244898, 0.8414634146341463], "PPR whole": 0.8333333333333334, "PPR ratio": 0.982253771073647}, "0.2-0.2": {"roc": 0.9451097393689987, "flag_rate": [0.098, 0.1025], "flag_rate_ratio": 0.9560975609756098, "TPR": [0.79, 0.8375], "TPR whole": 0.8111111111111111, "TPR ratio": 0.9432835820895522, "FPR": [0.021111111111111112, 0.020833333333333332], "FPR whole": 0.020987654320987655, "FPR ratio": 1.0133333333333334, "PPR": [0.8061224489795918, 0.8170731707317073], "PPR whole": 0.8111111111111111, "PPR ratio": 0.9865976241242767}, "0.2-0.5": {"roc": 0.9476886145404664, "flag_rate": [0.104, 0.095], "flag_rate_ratio": 1.094736842105263, "TPR": [0.81, 0.8125], "TPR whole": 0.8111111111111111, "TPR ratio": 0.996923076923077, "FPR": [0.025555555555555557, 0.015277777777777777], "FPR whole": 0.020987654320987655, "FPR ratio": 1.6727272727272728, "PPR": [0.7788461538461539, 0.8552631578947368], "PPR whole": 0.8111111111111111, "PPR ratio": 0.9106508875739645}, "0.2-0.8": {"roc": 0.9356550068587106, "flag_rate": [0.107, 0.09125], "flag_rate_ratio": 1.1726027397260275, "TPR": [0.76, 0.8125], "TPR whole": 0.7833333333333333, "TPR ratio": 0.9353846153846154, "FPR": [0.034444444444444444, 0.011111111111111112], "FPR whole": 0.024074074074074074, "FPR ratio": 3.0999999999999996, "PPR": [0.7102803738317757, 0.8904109589041096], "PPR whole": 0.7833333333333333, "PPR ratio": 0.7976994967649172}, "0.5-0.01": {"roc": 0.9618758573388203, "flag_rate": [0.101, 0.09875], "flag_rate_ratio": 1.0227848101265824, "TPR": [0.83, 0.8625], "TPR whole": 0.8444444444444444, "TPR ratio": 0.9623188405797101, "FPR": [0.02, 0.013888888888888888], "FPR whole": 0.01728395061728395, "FPR ratio": 1.4400000000000002, "PPR": [0.8217821782178217, 0.8734177215189873], "PPR whole": 0.8444444444444444, "PPR ratio": 0.9408810446262017}, "0.5-0.2": {"roc": 0.9460082304526748, "flag_rate": [0.102, 0.0975], "flag_rate_ratio": 1.046153846153846, "TPR": [0.78, 0.8], "TPR whole": 0.7888888888888889, "TPR ratio": 0.975, "FPR": [0.02666666666666667, 0.019444444444444445], "FPR whole": 0.02345679012345679, "FPR ratio": 1.3714285714285714, "PPR": [0.7647058823529411, 0.8205128205128205], "PPR whole": 0.7888888888888889, "PPR ratio": 0.9319852941176471}, "0.5-0.5": {"roc": 0.9446433470507545, "flag_rate": [0.104, 0.095], "flag_rate_ratio": 1.094736842105263, "TPR": [0.8, 0.7875], "TPR whole": 0.7944444444444444, "TPR ratio": 1.015873015873016, "FPR": [0.02666666666666667, 0.018055555555555554], "FPR whole": 0.022839506172839506, "FPR ratio": 1.4769230769230772, "PPR": [0.7692307692307693, 0.8289473684210527], "PPR whole": 0.7944444444444444, "PPR ratio": 0.927960927960928}, "0.5-0.8": {"roc": 0.9461213991769548, "flag_rate": [0.104, 0.095], "flag_rate_ratio": 1.094736842105263, "TPR": [0.83, 0.8375], "TPR whole": 0.8333333333333334, "TPR ratio": 0.9910447761194029, "FPR": [0.023333333333333334, 0.0125], "FPR whole": 0.018518518518518517, "FPR ratio": 1.8666666666666667, "PPR": [0.7980769230769231, 0.881578947368421], "PPR whole": 0.8333333333333334, "PPR ratio": 0.9052812858783009}, "0.8-0.01": {"roc": 0.9571193415637861, "flag_rate": [0.101, 0.09875], "flag_rate_ratio": 1.0227848101265824, "TPR": [0.82, 0.8375], "TPR whole": 0.8277777777777777, "TPR ratio": 0.9791044776119402, "FPR": [0.021111111111111112, 0.016666666666666666], "FPR whole": 0.019135802469135803, "FPR ratio": 1.2666666666666668, "PPR": [0.8118811881188119, 0.8481012658227848], "PPR whole": 0.8277777777777777, "PPR ratio": 0.9572927441997933}, "0.8-0.2": {"roc": 0.9442764060356653, "flag_rate": [0.101, 0.09875], "flag_rate_ratio": 1.0227848101265824, "TPR": [0.76, 0.825], "TPR whole": 0.7888888888888889, "TPR ratio": 0.9212121212121213, "FPR": [0.027777777777777776, 0.018055555555555554], "FPR whole": 0.02345679012345679, "FPR ratio": 1.5384615384615385, "PPR": [0.7524752475247525, 0.8354430379746836], "PPR whole": 0.7888888888888889, "PPR ratio": 0.9006900690069006}, "0.8-0.5": {"roc": 0.9324279835390946, "flag_rate": [0.097, 0.10375], "flag_rate_ratio": 0.9349397590361447, "TPR": [0.74, 0.825], "TPR whole": 0.7777777777777778, "TPR ratio": 0.896969696969697, "FPR": [0.025555555555555557, 0.02361111111111111], "FPR whole": 0.024691358024691357, "FPR ratio": 1.0823529411764707,