{"0.01-0.01": {"roc": 0.9542285073378, "flag_rate": [0.095, 0.095], "flag_rate_ratio": 1.0, "TPR": [0.8, 0.9090909090909091], "TPR whole": 0.8270676691729323, "TPR ratio": 0.8800000000000001, "FPR": [0.016666666666666666, 0.021798365122615803], "FPR whole": 0.018153117600631413, "FPR ratio": 0.7645833333333334, "PPR": [0.8421052631578947, 0.7894736842105263], "PPR whole": 0.8270676691729323, "PPR ratio": 1.0666666666666667}, "0.01-0.2": {"roc": 0.9484069289245213, "flag_rate": [0.094, 0.0975], "flag_rate_ratio": 0.9641025641025641, "TPR": [0.75, 0.9090909090909091], "TPR whole": 0.7894736842105263, "TPR ratio": 0.8250000000000001, "FPR": [0.021111111111111112, 0.02452316076294278], "FPR whole": 0.022099447513812154, "FPR ratio": 0.8608641975308642, "PPR": [0.7978723404255319, 0.7692307692307693], "PPR whole": 0.7894736842105263, "PPR ratio": 1.0372340425531914}, "0.01-0.5": {"roc": 0.940864394609254, "flag_rate": [0.097, 0.09], "flag_rate_ratio": 1.077777777777778, "TPR": [0.77, 0.9090909090909091], "TPR whole": 0.8045112781954887, "TPR ratio": 0.8470000000000001, "FPR": [0.022222222222222223, 0.01634877384196185], "FPR whole": 0.020520915548539857, "FPR ratio": 1.3592592592592594, "PPR": [0.7938144329896907, 0.8333333333333334], "PPR whole": 0.8045112781954887, "PPR ratio": 0.9525773195876288}, "0.01-0.8": {"roc": 0.9374758917815454, "flag_rate": [0.092, 0.1025], "flag_rate_ratio": 0.8975609756097561, "TPR": [0.73, 0.9090909090909091], "TPR whole": 0.7744360902255639, "TPR ratio": 0.803, "FPR": [0.021111111111111112, 0.02997275204359673], "FPR whole": 0.02367797947908445, "FPR ratio": 0.7043434343434344, "PPR": [0.7934782608695652, 0.7317073170731707], "PPR whole": 0.7744360902255639, "PPR ratio": 1.0844202898550726}, "0.05-0.01": {"roc": 0.9475345823121338, "flag_rate": [0.098, 0.0875], "flag_rate_ratio": 1.12, "TPR": [0.8, 0.9090909090909091], "TPR whole": 0.8270676691729323, "TPR ratio": 0.8800000000000001, "FPR": [0.02, 0.013623978201634877], "FPR whole": 0.018153117600631413, "FPR ratio": 1.468, "PPR": [0.8163265306122449, 0.8571428571428571], "PPR whole": 0.8270676691729323, "PPR ratio": 0.9523809523809524}, "0.05-0.2": {"roc": 0.9475820569577059, "flag_rate": [0.097, 0.09], "flag_rate_ratio": 1.077777777777778, "TPR": [0.76, 0.9090909090909091], "TPR whole": 0.7969924812030075, "TPR ratio": 0.8360000000000001, "FPR": [0.023333333333333334, 0.01634877384196185], "FPR whole": 0.021310181531176007, "FPR ratio": 1.4272222222222224, "PPR": [0.7835051546391752, 0.8333333333333334], "PPR whole": 0.7969924812030075, "PPR ratio": 0.9402061855670103}, "0.05-0.5": {"roc": 0.9271560907003104, "flag_rate": [0.094, 0.0975], "flag_rate_ratio": 0.9641025641025641, "TPR": [0.75, 0.9090909090909091], "TPR whole": 0.7894736842105263, "TPR ratio": 0.8250000000000001, "FPR": [0.021111111111111112, 0.02452316076294278], "FPR whole": 0.022099447513812154, "FPR ratio": 0.8608641975308642, "PPR": [0.7978723404255319, 0.7692307692307693], "PPR whole": 0.7894736842105263, "PPR ratio": 1.0372340425531914}, "0.05-0.8": {"roc": 0.9388526565031362, "flag_rate": [0.094, 0.0975], "flag_rate_ratio": 0.9641025641025641, "TPR": [0.74, 0.9090909090909091], "TPR whole": 0.7819548872180451, "TPR ratio": 0.8140000000000001, "FPR": [0.022222222222222223, 0.02452316076294278], "FPR whole": 0.022888713496448304, "FPR ratio": 0.9061728395061728, "PPR": [0.7872340425531915, 0.7692307692307693], "PPR whole": 0.7819548872180451, "PPR ratio": 1.023404255319149}, "0.2-0.01": {"roc": 0.9561690334755595, "flag_rate": [0.094, 0.0975], "flag_rate_ratio": 0.9641025641025641, "TPR": [0.78, 0.9090909090909091], "TPR whole": 0.8120300751879699, "TPR ratio": 0.8580000000000001, "FPR": [0.017777777777777778, 0.02452316076294278], "FPR whole": 0.01973164956590371, "FPR ratio": 0.7249382716049382, "PPR": [0.8297872340425532, 0.7692307692307693], "PPR whole": 0.8120300751879699, "PPR ratio": 1.078723404255319}, "0.2-0.2": {"roc": 0.9438849689337788, "flag_rate": [0.095, 0.095], "flag_rate_ratio": 1.0, "TPR": [0.8, 0.9090909090909091], "TPR whole": 0.8270676691729323, "TPR ratio": 0.8800000000000001, "FPR": [0.016666666666666666, 0.021798365122615803], "FPR whole": 0.018153117600631413, "FPR ratio": 0.7645833333333334, "PPR": [0.8421052631578947, 0.7894736842105263], "PPR whole": 0.8270676691729323, "PPR ratio": 1.0666666666666667}, "0.2-0.5": {"roc": 0.9338856217101553, "flag_rate": [0.091, 0.105], "flag_rate_ratio": 0.8666666666666667, "TPR": [0.74, 0.9090909090909091], "TPR whole": 0.7819548872180451, "TPR ratio": 0.8140000000000001, "FPR": [0.01888888888888889, 0.0326975476839237], "FPR whole": 0.022888713496448304, "FPR ratio": 0.5776851851851852, "PPR": [0.8131868131868132, 0.7142857142857143], "PPR whole": 0.7819548872180451, "PPR ratio": 1.1384615384615384}, "0.2-0.8": {"roc": 0.9328767854917481, "flag_rate": [0.095, 0.095], "flag_rate_ratio": 1.0, "TPR": [0.74, 0.8787878787878788], "TPR whole": 0.7744360902255639, "TPR ratio": 0.8420689655172414, "FPR": [0.023333333333333334, 0.02452316076294278], "FPR whole": 0.02367797947908445, "FPR ratio": 0.9514814814814815, "PPR": [0.7789473684210526, 0.7631578947368421], "PPR whole": 0.7744360902255639, "PPR ratio": 1.0206896551724136}, "0.5-0.01": {"roc": 0.9576941564645631, "flag_rate": [0.098, 0.0875], "flag_rate_ratio": 1.12, "TPR": [0.82, 0.9090909090909091], "TPR whole": 0.8421052631578947, "TPR ratio": 0.902, "FPR": [0.017777777777777778, 0.013623978201634877], "FPR whole": 0.016574585635359115, "FPR ratio": 1.304888888888889, "PPR": [0.8367346938775511, 0.8571428571428571], "PPR whole": 0.8421052631578947, "PPR ratio": 0.9761904761904763}, "0.5-0.2": {"roc": 0.939196847683534, "flag_rate": [0.097, 0.09], "flag_rate_ratio": 1.077777777777778, "TPR": [0.73, 0.9090909090909091], "TPR whole": 0.7744360902255639, "TPR ratio": 0.803, "FPR": [0.02666666666666667, 0.01634877384196185], "FPR whole": 0.02367797947908445, "FPR ratio": 1.6311111111111114, "PPR": [0.7525773195876289, 0.8333333333333334], "PPR whole": 0.7744360902255639, "PPR ratio": 0.9030927835051545}, "0.5-0.5": {"roc": 0.927743589439265, "flag_rate": [0.088, 0.1125], "flag_rate_ratio": 0.7822222222222222, "TPR": [0.71, 0.9090909090909091], "TPR whole": 0.7593984962406015, "TPR ratio": 0.781, "FPR": [0.01888888888888889, 0.04087193460490463], "FPR whole": 0.025256511444356748, "FPR ratio": 0.46214814814814814, "PPR": [0.8068181818181818, 0.6666666666666666], "PPR whole": 0.7593984962406015, "PPR ratio": 1.2102272727272727}, "0.5-0.8": {"roc": 0.9307285577796108, "flag_rate": [0.092, 0.1025], "flag_rate_ratio": 0.8975609756097561, "TPR": [0.71, 0.9090909090909091], "TPR whole": 0.7593984962406015, "TPR ratio": 0.781, "FPR": [0.023333333333333334, 0.02997275204359673], "FPR whole": 0.025256511444356748, "FPR ratio": 0.7784848484848486, "PPR": [0.7717391304347826, 0.7317073170731707], "PPR whole": 0.7593984962406015, "PPR ratio": 1.0547101449275362}, "0.8-0.01": {"roc": 0.9535045189928254, "flag_rate": [0.092, 0.1025], "flag_rate_ratio": 0.8975609756097561, "TPR": [0.82, 0.9090909090909091], "TPR whole": 0.8421052631578947, "TPR ratio": 0.902, "FPR": [0.011111111111111112, 0.02997275204359673], "FPR whole": 0.016574585635359115, "FPR ratio": 0.37070707070707076, "PPR": [0.8913043478260869, 0.7317073170731707], "PPR whole": 0.8421052631578947, "PPR ratio": 1.2181159420289855}, "0.8-0.2": {"roc": 0.9400039166582597, "flag_rate": [0.093, 0.1], "flag_rate_ratio": 0.9299999999999999, "TPR": [0.76, 0.9090909090909091], "TPR whole": 0.7969924812030075, "TPR ratio": 0.8360000000000001, "FPR": [0.01888888888888889, 0.027247956403269755], "FPR whole": 0.021310181531176007, "FPR ratio": 0.6932222222222222, "PPR": [0.8172043010752689, 0.75], "PPR whole": 0.7969924812030075, "PPR ratio": 1.0896057347670252}, "0.8-0.5": {"roc": 0.9390900297309968, "flag_rate": [0.092, 0.1025], "flag_rate_ratio": 0.8975609756097561, "TPR": [0.72, 0.9090909090909091], "TPR whole": 0.7669172932330827, "TPR ratio": 0.792,