{"0.01-0.01": {"roc": 0.9655781660629306, "flag_rate": [0.091, 0.10833333333333334], "flag_rate_ratio": 0.84, "TPR": [0.77, 0.9285714285714286], "TPR whole": 0.8269230769230769, "TPR ratio": 0.8292307692307692, "FPR": [0.015555555555555555, 0.02389705882352941], "FPR whole": 0.018698060941828253, "FPR ratio": 0.650940170940171, "PPR": [0.8461538461538461, 0.8], "PPR whole": 0.8269230769230769, "PPR ratio": 1.0576923076923077}, "0.01-0.2": {"roc": 0.9675136728460829, "flag_rate": [0.089, 0.11166666666666666], "flag_rate_ratio": 0.7970149253731343, "TPR": [0.78, 0.9464285714285714], "TPR whole": 0.8397435897435898, "TPR ratio": 0.8241509433962265, "FPR": [0.012222222222222223, 0.025735294117647058], "FPR whole": 0.01731301939058172, "FPR ratio": 0.47492063492063497, "PPR": [0.8764044943820225, 0.7910447761194029], "PPR whole": 0.8397435897435898, "PPR ratio": 1.1079075683697266}, "0.01-0.5": {"roc": 0.9526910647063002, "flag_rate": [0.088, 0.11333333333333333], "flag_rate_ratio": 0.7764705882352941, "TPR": [0.75, 0.9285714285714286], "TPR whole": 0.8141025641025641, "TPR ratio": 0.8076923076923077, "FPR": [0.014444444444444444, 0.029411764705882353], "FPR whole": 0.02008310249307479, "FPR ratio": 0.4911111111111111, "PPR": [0.8522727272727273, 0.7647058823529411], "PPR whole": 0.8141025641025641, "PPR ratio": 1.1145104895104896}, "0.01-0.8": {"roc": 0.9645393848994956, "flag_rate": [0.098, 0.09666666666666666], "flag_rate_ratio": 1.013793103448276, "TPR": [0.78, 0.875], "TPR whole": 0.8141025641025641, "TPR ratio": 0.8914285714285715, "FPR": [0.022222222222222223, 0.016544117647058824], "FPR whole": 0.02008310249307479, "FPR ratio": 1.34320987654321, "PPR": [0.7959183673469388, 0.8448275862068966], "PPR whole": 0.8141025641025641, "PPR ratio": 0.9421074552269887}, "0.05-0.01": {"roc": 0.9572545990482278, "flag_rate": [0.094, 0.10333333333333333], "flag_rate_ratio": 0.9096774193548387, "TPR": [0.76, 0.9285714285714286], "TPR whole": 0.8205128205128205, "TPR ratio": 0.8184615384615385, "FPR": [0.02, 0.01838235294117647], "FPR whole": 0.019390581717451522, "FPR ratio": 1.088, "PPR": [0.8085106382978723, 0.8387096774193549], "PPR whole": 0.8205128205128205, "PPR ratio": 0.9639934533551554}, "0.05-0.2": {"roc": 0.9592788905462036, "flag_rate": [0.09, 0.11], "flag_rate_ratio": 0.8181818181818181, "TPR": [0.74, 0.9285714285714286], "TPR whole": 0.8076923076923077, "TPR ratio": 0.7969230769230768, "FPR": [0.017777777777777778, 0.025735294117647058], "FPR whole": 0.02077562326869806, "FPR ratio": 0.6907936507936508, "PPR": [0.8222222222222222, 0.7878787878787878], "PPR whole": 0.8076923076923077, "PPR ratio": 1.0435897435897437}, "0.05-0.5": {"roc": 0.9536321826834292, "flag_rate": [0.096, 0.1], "flag_rate_ratio": 0.96, "TPR": [0.76, 0.8928571428571429], "TPR whole": 0.8076923076923077, "TPR ratio": 0.8512, "FPR": [0.022222222222222223, 0.01838235294117647], "FPR whole": 0.02077562326869806, "FPR ratio": 1.208888888888889, "PPR": [0.7916666666666666, 0.8333333333333334], "PPR whole": 0.8076923076923077, "PPR ratio": 0.95}, "0.05-0.8": {"roc": 0.930210774912991, "flag_rate": [0.09, 0.11], "flag_rate_ratio": 0.8181818181818181, "TPR": [0.72, 0.8392857142857143], "TPR whole": 0.7628205128205128, "TPR ratio": 0.8578723404255318, "FPR": [0.02, 0.034926470588235295], "FPR whole": 0.025623268698060944, "FPR ratio": 0.5726315789473684, "PPR": [0.8, 0.7121212121212122], "PPR whole": 0.7628205128205128, "PPR ratio": 1.123404255319149}, "0.2-0.01": {"roc": 0.9675092336103417, "flag_rate": [0.098, 0.09666666666666666], "flag_rate_ratio": 1.013793103448276, "TPR": [0.77, 0.875], "TPR whole": 0.8076923076923077, "TPR ratio": 0.88, "FPR": [0.023333333333333334, 0.016544117647058824], "FPR whole": 0.02077562326869806, "FPR ratio": 1.4103703703703705, "PPR": [0.7857142857142857, 0.8448275862068966], "PPR whole": 0.8076923076923077, "PPR ratio": 0.9300291545189504}, "0.2-0.2": {"roc": 0.9598826266070033, "flag_rate": [0.096, 0.1], "flag_rate_ratio": 0.96, "TPR": [0.77, 0.8928571428571429], "TPR whole": 0.8141025641025641, "TPR ratio": 0.8623999999999999, "FPR": [0.021111111111111112, 0.01838235294117647], "FPR whole": 0.02008310249307479, "FPR ratio": 1.1484444444444444, "PPR": [0.8020833333333334, 0.8333333333333334], "PPR whole": 0.8141025641025641, "PPR ratio": 0.9625}, "0.2-0.5": {"roc": 0.9549062433411464, "flag_rate": [0.096, 0.1], "flag_rate_ratio": 0.96, "TPR": [0.71, 0.875], "TPR whole": 0.7692307692307693, "TPR ratio": 0.8114285714285714, "FPR": [0.027777777777777776, 0.02022058823529412], "FPR whole": 0.024930747922437674, "FPR ratio": 1.3737373737373737, "PPR": [0.7395833333333334, 0.8166666666666667], "PPR whole": 0.7692307692307693, "PPR ratio": 0.9056122448979592}, "0.2-0.8": {"roc": 0.9552791391434051, "flag_rate": [0.098, 0.09666666666666666], "flag_rate_ratio": 1.013793103448276, "TPR": [0.76, 0.8571428571428571], "TPR whole": 0.7948717948717948, "TPR ratio": 0.8866666666666667, "FPR": [0.024444444444444446, 0.01838235294117647], "FPR whole": 0.0221606648199446, "FPR ratio": 1.3297777777777777, "PPR": [0.7755102040816326, 0.8275862068965517], "PPR whole": 0.7948717948717948, "PPR ratio": 0.9370748299319728}, "0.5-0.01": {"roc": 0.9698487108459408, "flag_rate": [0.093, 0.105], "flag_rate_ratio": 0.8857142857142858, "TPR": [0.77, 0.9107142857142857], "TPR whole": 0.8205128205128205, "TPR ratio": 0.8454901960784315, "FPR": [0.017777777777777778, 0.022058823529411766], "FPR whole": 0.019390581717451522, "FPR ratio": 0.8059259259259258, "PPR": [0.8279569892473119, 0.8095238095238095], "PPR whole": 0.8205128205128205, "PPR ratio": 1.0227703984819734}, "0.5-0.2": {"roc": 0.9620844875346259, "flag_rate": [0.096, 0.1], "flag_rate_ratio": 0.96, "TPR": [0.74, 0.8928571428571429], "TPR whole": 0.7948717948717948, "TPR ratio": 0.8288, "FPR": [0.024444444444444446, 0.01838235294117647], "FPR whole": 0.0221606648199446, "FPR ratio": 1.3297777777777777, "PPR": [0.7708333333333334, 0.8333333333333334], "PPR whole": 0.7948717948717948, "PPR ratio": 0.925}, "0.5-0.5": {"roc": 0.9600601960366504, "flag_rate": [0.09, 0.11], "flag_rate_ratio": 0.8181818181818181, "TPR": [0.72, 0.9285714285714286], "TPR whole": 0.7948717948717948, "TPR ratio": 0.7753846153846153, "FPR": [0.02, 0.025735294117647058], "FPR whole": 0.0221606648199446, "FPR ratio": 0.7771428571428572, "PPR": [0.8, 0.7878787878787878], "PPR whole": 0.7948717948717948, "PPR ratio": 1.0153846153846156}, "0.5-0.8": {"roc": 0.9624263086866965, "flag_rate": [0.092, 0.10666666666666667], "flag_rate_ratio": 0.8624999999999999, "TPR": [0.73, 0.9107142857142857], "TPR whole": 0.7948717948717948, "TPR ratio": 0.8015686274509803, "FPR": [0.021111111111111112, 0.02389705882352941], "FPR whole": 0.0221606648199446, "FPR ratio": 0.8834188034188035, "PPR": [0.7934782608695652, 0.796875], "PPR whole": 0.7948717948717948, "PPR ratio": 0.9957374254049446}, "0.8-0.01": {"roc": 0.9666613395837772, "flag_rate": [0.096, 0.1], "flag_rate_ratio": 0.96, "TPR": [0.79, 0.8928571428571429], "TPR whole": 0.8269230769230769, "TPR ratio": 0.8848, "FPR": [0.01888888888888889, 0.01838235294117647], "FPR whole": 0.018698060941828253, "FPR ratio": 1.0275555555555556, "PPR": [0.8229166666666666, 0.8333333333333334], "PPR whole": 0.8269230769230769, "PPR ratio": 0.9874999999999999}, "0.8-0.2": {"roc": 0.9588749200937567, "flag_rate": [0.095, 0.10166666666666667], "flag_rate_ratio": 0.9344262295081968, "TPR": [0.71, 0.9107142857142857], "TPR whole": 0.782051282051282, "TPR ratio": 0.7796078431372548, "FPR": [0.02666666666666667, 0.01838235294117647], "FPR whole": 0.023545706371191136, "FPR ratio": 1.4506666666666668, "PPR": [0.7473684210526316, 0.8360655737704918], "PPR whole": 0.782051282051282, "PPR ratio": 0.8939112487100103}, "0.8-0.5": {"roc": 0.9617337879110732, "flag_rate": [0.095, 0.10166666666666667], "flag_rate_ratio": 0.9344262295081968, "TPR": [0.75, 0.9107142857142857], "TPR whole": 0.8076923076923077, "TPR ratio": 0.8235294117647058,