{"0.01-0.01": {"roc": 0.9491770595994724, "flag_rate": [0.098, 0.13], "flag_rate_ratio": 0.7538461538461538, "TPR": [0.75, 0.9166666666666666], "TPR whole": 0.782258064516129, "TPR ratio": 0.8181818181818182, "FPR": [0.025555555555555557, 0.022727272727272728], "FPR whole": 0.02509293680297398, "FPR ratio": 1.1244444444444446, "PPR": [0.7653061224489796, 0.8461538461538461], "PPR whole": 0.782258064516129, "PPR ratio": 0.9044526901669758}, "0.01-0.2": {"roc": 0.9407902626214174, "flag_rate": [0.101, 0.115], "flag_rate_ratio": 0.8782608695652174, "TPR": [0.75, 0.8333333333333334], "TPR whole": 0.7661290322580645, "TPR ratio": 0.8999999999999999, "FPR": [0.028888888888888888, 0.017045454545454544], "FPR whole": 0.02695167286245353, "FPR ratio": 1.6948148148148148, "PPR": [0.7425742574257426, 0.8695652173913043], "PPR whole": 0.7661290322580645, "PPR ratio": 0.8539603960396039}, "0.01-0.5": {"roc": 0.9465013790622376, "flag_rate": [0.101, 0.115], "flag_rate_ratio": 0.8782608695652174, "TPR": [0.74, 0.875], "TPR whole": 0.7661290322580645, "TPR ratio": 0.8457142857142858, "FPR": [0.03, 0.011363636363636364], "FPR whole": 0.02695167286245353, "FPR ratio": 2.6399999999999997, "PPR": [0.7326732673267327, 0.9130434782608695], "PPR whole": 0.7661290322580645, "PPR ratio": 0.8024516737388024}, "0.01-0.8": {"roc": 0.9494318863173042, "flag_rate": [0.1, 0.12], "flag_rate_ratio": 0.8333333333333334, "TPR": [0.78, 0.875], "TPR whole": 0.7983870967741935, "TPR ratio": 0.8914285714285715, "FPR": [0.024444444444444446, 0.017045454545454544], "FPR whole": 0.023234200743494422, "FPR ratio": 1.4340740740740743, "PPR": [0.78, 0.875], "PPR whole": 0.7983870967741935, "PPR ratio": 0.8914285714285715}, "0.05-0.01": {"roc": 0.9404604868689291, "flag_rate": [0.099, 0.125], "flag_rate_ratio": 0.792, "TPR": [0.76, 0.875], "TPR whole": 0.782258064516129, "TPR ratio": 0.8685714285714285, "FPR": [0.025555555555555557, 0.022727272727272728], "FPR whole": 0.02509293680297398, "FPR ratio": 1.1244444444444446, "PPR": [0.7676767676767676, 0.84], "PPR whole": 0.782258064516129, "PPR ratio": 0.9139009139009139}, "0.05-0.2": {"roc": 0.9494693608346324, "flag_rate": [0.102, 0.11], "flag_rate_ratio": 0.9272727272727272, "TPR": [0.75, 0.8333333333333334], "TPR whole": 0.7661290322580645, "TPR ratio": 0.8999999999999999, "FPR": [0.03, 0.011363636363636364], "FPR whole": 0.02695167286245353, "FPR ratio": 2.6399999999999997, "PPR": [0.7352941176470589, 0.9090909090909091], "PPR whole": 0.7661290322580645, "PPR ratio": 0.8088235294117648}, "0.05-0.5": {"roc": 0.939980813047128, "flag_rate": [0.098, 0.13], "flag_rate_ratio": 0.7538461538461538, "TPR": [0.77, 0.9166666666666666], "TPR whole": 0.7983870967741935, "TPR ratio": 0.8400000000000001, "FPR": [0.023333333333333334, 0.022727272727272728], "FPR whole": 0.023234200743494422, "FPR ratio": 1.0266666666666666, "PPR": [0.7857142857142857, 0.8461538461538461], "PPR whole": 0.7983870967741935, "PPR ratio": 0.9285714285714286}, "0.05-0.8": {"roc": 0.9422442738937523, "flag_rate": [0.1, 0.12], "flag_rate_ratio": 0.8333333333333334, "TPR": [0.76, 0.875], "TPR whole": 0.782258064516129, "TPR ratio": 0.8685714285714285, "FPR": [0.02666666666666667, 0.017045454545454544], "FPR whole": 0.02509293680297398, "FPR ratio": 1.5644444444444447, "PPR": [0.76, 0.875], "PPR whole": 0.782258064516129, "PPR ratio": 0.8685714285714285}, "0.2-0.01": {"roc": 0.9479478954311068, "flag_rate": [0.099, 0.125], "flag_rate_ratio": 0.792, "TPR": [0.81, 0.875], "TPR whole": 0.8225806451612904, "TPR ratio": 0.9257142857142858, "FPR": [0.02, 0.022727272727272728], "FPR whole": 0.020446096654275093, "FPR ratio": 0.88, "PPR": [0.8181818181818182, 0.84], "PPR whole": 0.8225806451612904, "PPR ratio": 0.9740259740259741}, "0.2-0.2": {"roc": 0.9491021105648159, "flag_rate": [0.101, 0.115], "flag_rate_ratio": 0.8782608695652174, "TPR": [0.79, 0.875], "TPR whole": 0.8064516129032258, "TPR ratio": 0.9028571428571429, "FPR": [0.024444444444444446, 0.011363636363636364], "FPR whole": 0.022304832713754646, "FPR ratio": 2.151111111111111, "PPR": [0.7821782178217822, 0.9130434782608695], "PPR whole": 0.8064516129032258, "PPR ratio": 0.8566713814238568}, "0.2-0.5": {"roc": 0.9173536994843506, "flag_rate": [0.101, 0.115], "flag_rate_ratio": 0.8782608695652174, "TPR": [0.72, 0.875], "TPR whole": 0.75, "TPR ratio": 0.8228571428571428, "FPR": [0.03222222222222222, 0.011363636363636364], "FPR whole": 0.028810408921933085, "FPR ratio": 2.8355555555555556, "PPR": [0.7128712871287128, 0.9130434782608695], "PPR whole": 0.75, "PPR ratio": 0.7807637906647807}, "0.2-0.8": {"roc": 0.9404679817723948, "flag_rate": [0.099, 0.125], "flag_rate_ratio": 0.792, "TPR": [0.75, 0.875], "TPR whole": 0.7741935483870968, "TPR ratio": 0.8571428571428571, "FPR": [0.02666666666666667, 0.022727272727272728], "FPR whole": 0.026022304832713755, "FPR ratio": 1.1733333333333333, "PPR": [0.7575757575757576, 0.84], "PPR whole": 0.7741935483870968, "PPR ratio": 0.9018759018759019}, "0.5-0.01": {"roc": 0.9548507015229645, "flag_rate": [0.101, 0.115], "flag_rate_ratio": 0.8782608695652174, "TPR": [0.79, 0.875], "TPR whole": 0.8064516129032258, "TPR ratio": 0.9028571428571429, "FPR": [0.024444444444444446, 0.011363636363636364], "FPR whole": 0.022304832713754646, "FPR ratio": 2.151111111111111, "PPR": [0.7821782178217822, 0.9130434782608695], "PPR whole": 0.8064516129032258, "PPR ratio": 0.8566713814238568}, "0.5-0.2": {"roc": 0.9473857776711836, "flag_rate": [0.101, 0.115], "flag_rate_ratio": 0.8782608695652174, "TPR": [0.79, 0.875], "TPR whole": 0.8064516129032258, "TPR ratio": 0.9028571428571429, "FPR": [0.024444444444444446, 0.011363636363636364], "FPR whole": 0.022304832713754646, "FPR ratio": 2.151111111111111, "PPR": [0.7821782178217822, 0.9130434782608695], "PPR whole": 0.8064516129032258, "PPR ratio": 0.8566713814238568}, "0.5-0.5": {"roc": 0.9411575128912341, "flag_rate": [0.101, 0.115], "flag_rate_ratio": 0.8782608695652174, "TPR": [0.72, 0.875], "TPR whole": 0.75, "TPR ratio": 0.8228571428571428, "FPR": [0.03222222222222222, 0.011363636363636364], "FPR whole": 0.028810408921933085, "FPR ratio": 2.8355555555555556, "PPR": [0.7128712871287128, 0.9130434782608695], "PPR whole": 0.75, "PPR ratio": 0.7807637906647807}, "0.5-0.8": {"roc": 0.9456994243914139, "flag_rate": [0.1, 0.12], "flag_rate_ratio": 0.8333333333333334, "TPR": [0.73, 0.875], "TPR whole": 0.7580645161290323, "TPR ratio": 0.8342857142857143, "FPR": [0.03, 0.017045454545454544], "FPR whole": 0.027881040892193308, "FPR ratio": 1.76, "PPR": [0.73, 0.875], "PPR whole": 0.7580645161290323, "PPR ratio": 0.8342857142857143}, "0.8-0.01": {"roc": 0.9503012951193188, "flag_rate": [0.101, 0.115], "flag_rate_ratio": 0.8782608695652174, "TPR": [0.78, 0.875], "TPR whole": 0.7983870967741935, "TPR ratio": 0.8914285714285715, "FPR": [0.025555555555555557, 0.011363636363636364], "FPR whole": 0.023234200743494422, "FPR ratio": 2.248888888888889, "PPR": [0.7722772277227723, 0.9130434782608695], "PPR whole": 0.7983870967741935, "PPR ratio": 0.8458274398868459}, "0.8-0.2": {"roc": 0.9437357596834153, "flag_rate": [0.098, 0.13], "flag_rate_ratio": 0.7538461538461538, "TPR": [0.74, 0.9166666666666666], "TPR whole": 0.7741935483870968, "TPR ratio": 0.8072727272727273, "FPR": [0.02666666666666667, 0.022727272727272728], "FPR whole": 0.026022304832713755, "FPR ratio": 1.1733333333333333, "PPR": [0.7551020408163265, 0.8461538461538461], "PPR whole": 0.7741935483870968, "PPR ratio": 0.8923933209647494}, "0.8-0.5": {"roc": 0.9356487588439861, "flag_rate": [0.101, 0.115], "flag_rate_ratio": 0.8782608695652174, "TPR": [0.78, 0.875], "TPR whole": 0.7983870967741935, "TPR ratio": 0.8914285714285715, "FPR": [0.025555555555555557, 0.011363636363636364], "FPR whole": 0.023234200743494422, "FPR ratio": 2.248888888888889, "PPR": [0.7722772277227723, 0.9130434782608695], "PPR whole": 0.7983870967741935, "PPR ratio": 0.8458274398868459}, "0.8-0.8": {"roc": 0.9502638206019907,