{"0.01-0.01": {"roc": 0.9676564245810056, "flag_rate": [0.097, 0.10404040404040404], "flag_rate_ratio": 0.9323300970873787, "TPR": [0.79, 0.86], "TPR whole": 0.825, "TPR ratio": 0.9186046511627908, "FPR": [0.02, 0.019101123595505618], "FPR whole": 0.019553072625698324, "FPR ratio": 1.0470588235294118, "PPR": [0.8144329896907216, 0.8349514563106796], "PPR whole": 0.825, "PPR ratio": 0.9754255574202829}, "0.01-0.2": {"roc": 0.9570754189944134, "flag_rate": [0.099, 0.10202020202020202], "flag_rate_ratio": 0.9703960396039604, "TPR": [0.77, 0.86], "TPR whole": 0.815, "TPR ratio": 0.8953488372093024, "FPR": [0.024444444444444446, 0.016853932584269662], "FPR whole": 0.020670391061452513, "FPR ratio": 1.4503703703703705, "PPR": [0.7777777777777778, 0.8514851485148515], "PPR whole": 0.815, "PPR ratio": 0.91343669250646}, "0.01-0.5": {"roc": 0.9514217877094973, "flag_rate": [0.092, 0.10909090909090909], "flag_rate_ratio": 0.8433333333333334, "TPR": [0.74, 0.86], "TPR whole": 0.8, "TPR ratio": 0.8604651162790697, "FPR": [0.02, 0.024719101123595506], "FPR whole": 0.0223463687150838, "FPR ratio": 0.8090909090909091, "PPR": [0.8043478260869565, 0.7962962962962963], "PPR whole": 0.8, "PPR ratio": 1.0101112234580385}, "0.01-0.8": {"roc": 0.9401480446927374, "flag_rate": [0.102, 0.09898989898989899], "flag_rate_ratio": 1.0304081632653062, "TPR": [0.75, 0.85], "TPR whole": 0.8, "TPR ratio": 0.8823529411764706, "FPR": [0.03, 0.014606741573033709], "FPR whole": 0.0223463687150838, "FPR ratio": 2.0538461538461537, "PPR": [0.7352941176470589, 0.8673469387755102], "PPR whole": 0.8, "PPR ratio": 0.8477508650519032}, "0.05-0.01": {"roc": 0.9627346368715084, "flag_rate": [0.094, 0.10707070707070707], "flag_rate_ratio": 0.8779245283018868, "TPR": [0.78, 0.85], "TPR whole": 0.815, "TPR ratio": 0.9176470588235295, "FPR": [0.017777777777777778, 0.02359550561797753], "FPR whole": 0.020670391061452513, "FPR ratio": 0.7534391534391534, "PPR": [0.8297872340425532, 0.8018867924528302], "PPR whole": 0.815, "PPR ratio": 1.034793491864831}, "0.05-0.2": {"roc": 0.9601424581005586, "flag_rate": [0.098, 0.10303030303030303], "flag_rate_ratio": 0.9511764705882354, "TPR": [0.77, 0.87], "TPR whole": 0.82, "TPR ratio": 0.8850574712643678, "FPR": [0.023333333333333334, 0.016853932584269662], "FPR whole": 0.02011173184357542, "FPR ratio": 1.3844444444444446, "PPR": [0.7857142857142857, 0.8529411764705882], "PPR whole": 0.82, "PPR ratio": 0.9211822660098522}, "0.05-0.5": {"roc": 0.9405139664804468, "flag_rate": [0.102, 0.09898989898989899], "flag_rate_ratio": 1.0304081632653062, "TPR": [0.73, 0.85], "TPR whole": 0.79, "TPR ratio": 0.8588235294117647, "FPR": [0.03222222222222222, 0.014606741573033709], "FPR whole": 0.02346368715083799, "FPR ratio": 2.2059829059829057, "PPR": [0.7156862745098039, 0.8673469387755102], "PPR whole": 0.79, "PPR ratio": 0.8251441753171858}, "0.05-0.8": {"roc": 0.9410698324022346, "flag_rate": [0.1, 0.10101010101010101], "flag_rate_ratio": 0.9900000000000001, "TPR": [0.75, 0.83], "TPR whole": 0.79, "TPR ratio": 0.9036144578313253, "FPR": [0.027777777777777776, 0.019101123595505618], "FPR whole": 0.02346368715083799, "FPR ratio": 1.4542483660130718, "PPR": [0.75, 0.83], "PPR whole": 0.79, "PPR ratio": 0.9036144578313253}, "0.2-0.01": {"roc": 0.9694720670391062, "flag_rate": [0.092, 0.10909090909090909], "flag_rate_ratio": 0.8433333333333334, "TPR": [0.8, 0.89], "TPR whole": 0.845, "TPR ratio": 0.8988764044943821, "FPR": [0.013333333333333334, 0.021348314606741574], "FPR whole": 0.017318435754189943, "FPR ratio": 0.624561403508772, "PPR": [0.8695652173913043, 0.8240740740740741], "PPR whole": 0.845, "PPR ratio": 1.0552027357107963}, "0.2-0.2": {"roc": 0.9556089385474861, "flag_rate": [0.098, 0.10303030303030303], "flag_rate_ratio": 0.9511764705882354, "TPR": [0.75, 0.86], "TPR whole": 0.805, "TPR ratio": 0.872093023255814, "FPR": [0.025555555555555557, 0.017977528089887642], "FPR whole": 0.021787709497206705, "FPR ratio": 1.4215277777777777, "PPR": [0.7653061224489796, 0.8431372549019608], "PPR whole": 0.805, "PPR ratio": 0.9076886568580921}, "0.2-0.5": {"roc": 0.9444581005586592, "flag_rate": [0.099, 0.10202020202020202], "flag_rate_ratio": 0.9703960396039604, "TPR": [0.74, 0.84], "TPR whole": 0.79, "TPR ratio": 0.8809523809523809, "FPR": [0.027777777777777776, 0.019101123595505618], "FPR whole": 0.02346368715083799, "FPR ratio": 1.4542483660130718, "PPR": [0.7474747474747475, 0.8316831683168316], "PPR whole": 0.79, "PPR ratio": 0.8987493987493989}, "0.2-0.8": {"roc": 0.941159217877095, "flag_rate": [0.096, 0.10505050505050505], "flag_rate_ratio": 0.9138461538461539, "TPR": [0.73, 0.84], "TPR whole": 0.785, "TPR ratio": 0.8690476190476191, "FPR": [0.025555555555555557, 0.02247191011235955], "FPR whole": 0.024022346368715083, "FPR ratio": 1.1372222222222224, "PPR": [0.7604166666666666, 0.8076923076923077], "PPR whole": 0.785, "PPR ratio": 0.941468253968254}, "0.5-0.01": {"roc": 0.9659944134078213, "flag_rate": [0.096, 0.10505050505050505], "flag_rate_ratio": 0.9138461538461539, "TPR": [0.78, 0.89], "TPR whole": 0.835, "TPR ratio": 0.8764044943820225, "FPR": [0.02, 0.016853932584269662], "FPR whole": 0.018435754189944135, "FPR ratio": 1.1866666666666668, "PPR": [0.8125, 0.8557692307692307], "PPR whole": 0.835, "PPR ratio": 0.9494382022471911}, "0.5-0.2": {"roc": 0.9520921787709498, "flag_rate": [0.098, 0.10303030303030303], "flag_rate_ratio": 0.9511764705882354, "TPR": [0.74, 0.86], "TPR whole": 0.8, "TPR ratio": 0.8604651162790697, "FPR": [0.02666666666666667, 0.017977528089887642], "FPR whole": 0.0223463687150838, "FPR ratio": 1.4833333333333334, "PPR": [0.7551020408163265, 0.8431372549019608], "PPR whole": 0.8, "PPR ratio": 0.8955861414333175}, "0.5-0.5": {"roc": 0.9434189944134078, "flag_rate": [0.101, 0.1], "flag_rate_ratio": 1.01, "TPR": [0.73, 0.82], "TPR whole": 0.775, "TPR ratio": 0.8902439024390244, "FPR": [0.03111111111111111, 0.019101123595505618], "FPR whole": 0.025139664804469275, "FPR ratio": 1.6287581699346405, "PPR": [0.7227722772277227, 0.8282828282828283], "PPR whole": 0.775, "PPR ratio": 0.872615310311519}, "0.5-0.8": {"roc": 0.9389022346368714, "flag_rate": [0.101, 0.1], "flag_rate_ratio": 1.01, "TPR": [0.73, 0.8], "TPR whole": 0.765, "TPR ratio": 0.9125, "FPR": [0.03111111111111111, 0.021348314606741574], "FPR whole": 0.026256983240223464, "FPR ratio": 1.4573099415204678, "PPR": [0.7227722772277227, 0.8080808080808081], "PPR whole": 0.765, "PPR ratio": 0.8944306930693069}, "0.8-0.01": {"roc": 0.9704078212290502, "flag_rate": [0.092, 0.10909090909090909], "flag_rate_ratio": 0.8433333333333334, "TPR": [0.78, 0.88], "TPR whole": 0.83, "TPR ratio": 0.8863636363636364, "FPR": [0.015555555555555555, 0.02247191011235955], "FPR whole": 0.01899441340782123, "FPR ratio": 0.6922222222222222, "PPR": [0.8478260869565217, 0.8148148148148148], "PPR whole": 0.83, "PPR ratio": 1.040513833992095}, "0.8-0.2": {"roc": 0.948913407821229, "flag_rate": [0.099, 0.10202020202020202], "flag_rate_ratio": 0.9703960396039604, "TPR": [0.74, 0.82], "TPR whole": 0.78, "TPR ratio": 0.9024390243902439, "FPR": [0.027777777777777776, 0.021348314606741574], "FPR whole": 0.024581005586592177, "FPR ratio": 1.3011695906432748, "PPR": [0.7474747474747475, 0.8118811881188119], "PPR whole": 0.78, "PPR ratio": 0.920670115792067}, "0.8-0.5": {"roc": 0.9381899441340782, "flag_rate": [0.103, 0.09797979797979799], "flag_rate_ratio": 1.0512371134020617, "TPR": [0.71, 0.84], "TPR whole": 0.775, "TPR ratio": 0.8452380952380952, "FPR": [0.035555555555555556, 0.014606741573033709], "FPR whole": 0.025139664804469275, "FPR ratio": 2.434188034188034, "PPR": [0.6893203883495146, 0.865979381443299], "PPR whole": 0.775, "PPR ratio": 0.7960009246417014}, "0.8-0.8": {"roc": 0.9406173184357541, "flag_rate": [0.1, 0.10101010101010101], "flag_rate_ratio": 0.9900000000000001, "TPR": [0.72, 0.85], "TPR whole": 0.785, "TPR ratio": 0.8470588235294118, "FPR": [0.03111111111111111, 0.016853932584269662],