{"0.01-0.01": {"roc": 0.9883114922934867, "flag_rate": [0.108, 0.08], "flag_rate_ratio": 1.3499999999999999, "TPR": [0.95, 0.625], "TPR whole": 0.8333333333333334, "TPR ratio": 1.52, "FPR": [0.014444444444444444, 0.02389705882352941], "FPR whole": 0.018005540166204988, "FPR ratio": 0.6044444444444445, "PPR": [0.8796296296296297, 0.7291666666666666], "PPR whole": 0.8333333333333334, "PPR ratio": 1.2063492063492065}, "0.01-0.2": {"roc": 0.9903846153846153, "flag_rate": [0.1, 0.09333333333333334], "flag_rate_ratio": 1.0714285714285714, "TPR": [0.86, 0.8035714285714286], "TPR whole": 0.8397435897435898, "TPR ratio": 1.0702222222222222, "FPR": [0.015555555555555555, 0.02022058823529412], "FPR whole": 0.01731301939058172, "FPR ratio": 0.7692929292929293, "PPR": [0.86, 0.8035714285714286], "PPR whole": 0.8397435897435898, "PPR ratio": 1.0702222222222222}, "0.01-0.5": {"roc": 0.9896077491299098, "flag_rate": [0.099, 0.095], "flag_rate_ratio": 1.0421052631578949, "TPR": [0.85, 0.8035714285714286], "TPR whole": 0.8333333333333334, "TPR ratio": 1.0577777777777777, "FPR": [0.015555555555555555, 0.022058823529411766], "FPR whole": 0.018005540166204988, "FPR ratio": 0.7051851851851851, "PPR": [0.8585858585858586, 0.7894736842105263], "PPR whole": 0.8333333333333334, "PPR ratio": 1.0875420875420876}, "0.01-0.8": {"roc": 0.9894523758789686, "flag_rate": [0.098, 0.09666666666666666], "flag_rate_ratio": 1.013793103448276, "TPR": [0.83, 0.8214285714285714], "TPR whole": 0.8269230769230769, "TPR ratio": 1.0104347826086957, "FPR": [0.016666666666666666, 0.022058823529411766], "FPR whole": 0.018698060941828253, "FPR ratio": 0.7555555555555555, "PPR": [0.8469387755102041, 0.7931034482758621], "PPR whole": 0.8269230769230769, "PPR ratio": 1.0678793256433008}, "0.05-0.01": {"roc": 0.9906998011222389, "flag_rate": [0.106, 0.08333333333333333], "flag_rate_ratio": 1.272, "TPR": [0.94, 0.6607142857142857], "TPR whole": 0.8397435897435898, "TPR ratio": 1.4227027027027026, "FPR": [0.013333333333333334, 0.02389705882352941], "FPR whole": 0.01731301939058172, "FPR ratio": 0.557948717948718, "PPR": [0.8867924528301887, 0.74], "PPR whole": 0.8397435897435898, "PPR ratio": 1.198368179500255}, "0.05-0.2": {"roc": 0.9896210668371334, "flag_rate": [0.098, 0.09666666666666666], "flag_rate_ratio": 1.013793103448276, "TPR": [0.84, 0.8035714285714286], "TPR whole": 0.8269230769230769, "TPR ratio": 1.0453333333333332, "FPR": [0.015555555555555555, 0.02389705882352941], "FPR whole": 0.018698060941828253, "FPR ratio": 0.650940170940171, "PPR": [0.8571428571428571, 0.7758620689655172], "PPR whole": 0.8269230769230769, "PPR ratio": 1.1047619047619046}, "0.05-0.5": {"roc": 0.9904423254492507, "flag_rate": [0.099, 0.095], "flag_rate_ratio": 1.0421052631578949, "TPR": [0.84, 0.8035714285714286], "TPR whole": 0.8269230769230769, "TPR ratio": 1.0453333333333332, "FPR": [0.016666666666666666, 0.022058823529411766], "FPR whole": 0.018698060941828253, "FPR ratio": 0.7555555555555555, "PPR": [0.8484848484848485, 0.7894736842105263], "PPR whole": 0.8269230769230769, "PPR ratio": 1.0747474747474748}, "0.05-0.8": {"roc": 0.9902114851907096, "flag_rate": [0.096, 0.1], "flag_rate_ratio": 0.96, "TPR": [0.82, 0.875], "TPR whole": 0.8397435897435898, "TPR ratio": 0.937142857142857, "FPR": [0.015555555555555555, 0.02022058823529412], "FPR whole": 0.01731301939058172, "FPR ratio": 0.7692929292929293, "PPR": [0.8541666666666666, 0.8166666666666667], "PPR whole": 0.8397435897435898, "PPR ratio": 1.0459183673469388}, "0.2-0.01": {"roc": 0.9893458342211805, "flag_rate": [0.105, 0.085], "flag_rate_ratio": 1.2352941176470587, "TPR": [0.94, 0.6428571428571429], "TPR whole": 0.8333333333333334, "TPR ratio": 1.462222222222222, "FPR": [0.012222222222222223, 0.027573529411764705], "FPR whole": 0.018005540166204988, "FPR ratio": 0.4432592592592593, "PPR": [0.8952380952380953, 0.7058823529411765], "PPR whole": 0.8333333333333334, "PPR ratio": 1.2682539682539682}, "0.2-0.2": {"roc": 0.990908445202074, "flag_rate": [0.1, 0.09333333333333334], "flag_rate_ratio": 1.0714285714285714, "TPR": [0.86, 0.8035714285714286], "TPR whole": 0.8397435897435898, "TPR ratio": 1.0702222222222222, "FPR": [0.015555555555555555, 0.02022058823529412], "FPR whole": 0.01731301939058172, "FPR ratio": 0.7692929292929293, "PPR": [0.86, 0.8035714285714286], "PPR whole": 0.8397435897435898, "PPR ratio": 1.0702222222222222}, "0.2-0.5": {"roc": 0.9904778393351801, "flag_rate": [0.099, 0.095], "flag_rate_ratio": 1.0421052631578949, "TPR": [0.85, 0.8035714285714286], "TPR whole": 0.8333333333333334, "TPR ratio": 1.0577777777777777, "FPR": [0.015555555555555555, 0.022058823529411766], "FPR whole": 0.018005540166204988, "FPR ratio": 0.7051851851851851, "PPR": [0.8585858585858586, 0.7894736842105263], "PPR whole": 0.8333333333333334, "PPR ratio": 1.0875420875420876}, "0.2-0.8": {"roc": 0.9895189644150861, "flag_rate": [0.099, 0.095], "flag_rate_ratio": 1.0421052631578949, "TPR": [0.83, 0.8035714285714286], "TPR whole": 0.8205128205128205, "TPR ratio": 1.0328888888888887, "FPR": [0.017777777777777778, 0.022058823529411766], "FPR whole": 0.019390581717451522, "FPR ratio": 0.8059259259259258, "PPR": [0.8383838383838383, 0.7894736842105263], "PPR whole": 0.8205128205128205, "PPR ratio": 1.061952861952862}, "0.5-0.01": {"roc": 0.9895589175367568, "flag_rate": [0.106, 0.08333333333333333], "flag_rate_ratio": 1.272, "TPR": [0.94, 0.6785714285714286], "TPR whole": 0.8461538461538461, "TPR ratio": 1.3852631578947368, "FPR": [0.013333333333333334, 0.022058823529411766], "FPR whole": 0.01662049861495845, "FPR ratio": 0.6044444444444445, "PPR": [0.8867924528301887, 0.76], "PPR whole": 0.8461538461538461, "PPR ratio": 1.166832174776564}, "0.5-0.2": {"roc": 0.9887065842744513, "flag_rate": [0.097, 0.09833333333333333], "flag_rate_ratio": 0.9864406779661018, "TPR": [0.82, 0.8392857142857143], "TPR whole": 0.8269230769230769, "TPR ratio": 0.9770212765957446, "FPR": [0.016666666666666666, 0.022058823529411766], "FPR whole": 0.018698060941828253, "FPR ratio": 0.7555555555555555, "PPR": [0.845360824742268, 0.7966101694915254], "PPR whole": 0.8269230769230769, "PPR ratio": 1.0611976310594429}, "0.5-0.5": {"roc": 0.990375736913133, "flag_rate": [0.098, 0.09666666666666666], "flag_rate_ratio": 1.013793103448276, "TPR": [0.84, 0.8214285714285714], "TPR whole": 0.8333333333333334, "TPR ratio": 1.0226086956521738, "FPR": [0.015555555555555555, 0.022058823529411766], "FPR whole": 0.018005540166204988, "FPR ratio": 0.7051851851851851, "PPR": [0.8571428571428571, 0.7931034482758621], "PPR whole": 0.8333333333333334, "PPR ratio": 1.0807453416149067}, "0.5-0.8": {"roc": 0.9895455998295334, "flag_rate": [0.099, 0.095], "flag_rate_ratio": 1.0421052631578949, "TPR": [0.84, 0.8035714285714286], "TPR whole": 0.8269230769230769, "TPR ratio": 1.0453333333333332, "FPR": [0.016666666666666666, 0.022058823529411766], "FPR whole": 0.018698060941828253, "FPR ratio": 0.7555555555555555, "PPR": [0.8484848484848485, 0.7894736842105263], "PPR whole": 0.8269230769230769, "PPR ratio": 1.0747474747474748}, "0.8-0.01": {"roc": 0.9917874138788265, "flag_rate": [0.1, 0.09333333333333334], "flag_rate_ratio": 1.0714285714285714, "TPR": [0.88, 0.7857142857142857], "TPR whole": 0.8461538461538461, "TPR ratio": 1.12, "FPR": [0.013333333333333334, 0.022058823529411766], "FPR whole": 0.01662049861495845, "FPR ratio": 0.6044444444444445, "PPR": [0.88, 0.7857142857142857], "PPR whole": 0.8461538461538461, "PPR ratio": 1.12}, "0.8-0.2": {"roc": 0.9889596207116983, "flag_rate": [0.098, 0.09666666666666666], "flag_rate_ratio": 1.013793103448276, "TPR": [0.84, 0.8035714285714286], "TPR whole": 0.8269230769230769, "TPR ratio": 1.0453333333333332, "FPR": [0.015555555555555555, 0.02389705882352941], "FPR whole": 0.018698060941828253, "FPR ratio": 0.650940170940171, "PPR": [0.8571428571428571, 0.7758620689655172], "PPR whole": 0.8269230769230769, "PPR ratio": 1.1047619047619046}, "0.8-0.5": {"roc": 0.9895278428865686,