{"0.01-0.01": {"roc": 0.990826474622771, "flag_rate": [0.103, 0.09625], "flag_rate_ratio": 1.07012987012987, "TPR": [0.92, 0.7625], "TPR whole": 0.85, "TPR ratio": 1.2065573770491804, "FPR": [0.012222222222222223, 0.022222222222222223], "FPR whole": 0.016666666666666666, "FPR ratio": 0.55, "PPR": [0.8932038834951457, 0.7922077922077922], "PPR whole": 0.85, "PPR ratio": 1.127486869329938}, "0.01-0.2": {"roc": 0.9914951989026063, "flag_rate": [0.1, 0.1], "flag_rate_ratio": 1.0, "TPR": [0.86, 0.825], "TPR whole": 0.8444444444444444, "TPR ratio": 1.0424242424242425, "FPR": [0.015555555555555555, 0.019444444444444445], "FPR whole": 0.01728395061728395, "FPR ratio": 0.7999999999999999, "PPR": [0.86, 0.825], "PPR whole": 0.8444444444444444, "PPR ratio": 1.0424242424242425}, "0.01-0.5": {"roc": 0.9920541838134431, "flag_rate": [0.098, 0.1025], "flag_rate_ratio": 0.9560975609756098, "TPR": [0.84, 0.85], "TPR whole": 0.8444444444444444, "TPR ratio": 0.9882352941176471, "FPR": [0.015555555555555555, 0.019444444444444445], "FPR whole": 0.01728395061728395, "FPR ratio": 0.7999999999999999, "PPR": [0.8571428571428571, 0.8292682926829268], "PPR whole": 0.8444444444444444, "PPR ratio": 1.0336134453781514}, "0.01-0.8": {"roc": 0.9910802469135802, "flag_rate": [0.098, 0.1025], "flag_rate_ratio": 0.9560975609756098, "TPR": [0.84, 0.85], "TPR whole": 0.8444444444444444, "TPR ratio": 0.9882352941176471, "FPR": [0.015555555555555555, 0.019444444444444445], "FPR whole": 0.01728395061728395, "FPR ratio": 0.7999999999999999, "PPR": [0.8571428571428571, 0.8292682926829268], "PPR whole": 0.8444444444444444, "PPR ratio": 1.0336134453781514}, "0.05-0.01": {"roc": 0.9906344307270233, "flag_rate": [0.105, 0.09375], "flag_rate_ratio": 1.1199999999999999, "TPR": [0.93, 0.7625], "TPR whole": 0.8555555555555555, "TPR ratio": 1.2196721311475411, "FPR": [0.013333333333333334, 0.019444444444444445], "FPR whole": 0.016049382716049384, "FPR ratio": 0.6857142857142857, "PPR": [0.8857142857142857, 0.8133333333333334], "PPR whole": 0.8555555555555555, "PPR ratio": 1.0889929742388758}, "0.05-0.2": {"roc": 0.9914849108367627, "flag_rate": [0.1, 0.1], "flag_rate_ratio": 1.0, "TPR": [0.86, 0.8375], "TPR whole": 0.85, "TPR ratio": 1.026865671641791, "FPR": [0.015555555555555555, 0.018055555555555554], "FPR whole": 0.016666666666666666, "FPR ratio": 0.8615384615384616, "PPR": [0.86, 0.8375], "PPR whole": 0.85, "PPR ratio": 1.026865671641791}, "0.05-0.5": {"roc": 0.9920301783264747, "flag_rate": [0.1, 0.1], "flag_rate_ratio": 1.0, "TPR": [0.86, 0.825], "TPR whole": 0.8444444444444444, "TPR ratio": 1.0424242424242425, "FPR": [0.015555555555555555, 0.019444444444444445], "FPR whole": 0.01728395061728395, "FPR ratio": 0.7999999999999999, "PPR": [0.86, 0.825], "PPR whole": 0.8444444444444444, "PPR ratio": 1.0424242424242425}, "0.05-0.8": {"roc": 0.9919272976680383, "flag_rate": [0.097, 0.10375], "flag_rate_ratio": 0.9349397590361447, "TPR": [0.84, 0.8625], "TPR whole": 0.85, "TPR ratio": 0.9739130434782608, "FPR": [0.014444444444444444, 0.019444444444444445], "FPR whole": 0.016666666666666666, "FPR ratio": 0.7428571428571428, "PPR": [0.865979381443299, 0.8313253012048193], "PPR whole": 0.85, "PPR ratio": 1.0416853428955626}, "0.2-0.01": {"roc": 0.9900377229080933, "flag_rate": [0.104, 0.095], "flag_rate_ratio": 1.094736842105263, "TPR": [0.93, 0.7625], "TPR whole": 0.8555555555555555, "TPR ratio": 1.2196721311475411, "FPR": [0.012222222222222223, 0.020833333333333332], "FPR whole": 0.016049382716049384, "FPR ratio": 0.5866666666666668, "PPR": [0.8942307692307693, 0.8026315789473685], "PPR whole": 0.8555555555555555, "PPR ratio": 1.114123581336696}, "0.2-0.2": {"roc": 0.9918072702331961, "flag_rate": [0.099, 0.10125], "flag_rate_ratio": 0.9777777777777777, "TPR": [0.85, 0.8375], "TPR whole": 0.8444444444444444, "TPR ratio": 1.0149253731343284, "FPR": [0.015555555555555555, 0.019444444444444445], "FPR whole": 0.01728395061728395, "FPR ratio": 0.7999999999999999, "PPR": [0.8585858585858586, 0.8271604938271605], "PPR whole": 0.8444444444444444, "PPR ratio": 1.0379918588873813}, "0.2-0.5": {"roc": 0.991574074074074, "flag_rate": [0.099, 0.10125], "flag_rate_ratio": 0.9777777777777777, "TPR": [0.85, 0.85], "TPR whole": 0.85, "TPR ratio": 1.0, "FPR": [0.015555555555555555, 0.018055555555555554], "FPR whole": 0.016666666666666666, "FPR ratio": 0.8615384615384616, "PPR": [0.8585858585858586, 0.8395061728395061], "PPR whole": 0.85, "PPR ratio": 1.0227272727272727}, "0.2-0.8": {"roc": 0.991838134430727, "flag_rate": [0.098, 0.1025], "flag_rate_ratio": 0.9560975609756098, "TPR": [0.85, 0.85], "TPR whole": 0.85, "TPR ratio": 1.0, "FPR": [0.014444444444444444, 0.019444444444444445], "FPR whole": 0.016666666666666666, "FPR ratio": 0.7428571428571428, "PPR": [0.8673469387755102, 0.8292682926829268], "PPR whole": 0.85, "PPR ratio": 1.0459183673469388}, "0.5-0.01": {"roc": 0.9922530864197531, "flag_rate": [0.105, 0.09375], "flag_rate_ratio": 1.1199999999999999, "TPR": [0.92, 0.7875], "TPR whole": 0.8611111111111112, "TPR ratio": 1.1682539682539683, "FPR": [0.014444444444444444, 0.016666666666666666], "FPR whole": 0.015432098765432098, "FPR ratio": 0.8666666666666666, "PPR": [0.8761904761904762, 0.84], "PPR whole": 0.8611111111111112, "PPR ratio": 1.0430839002267573}, "0.5-0.2": {"roc": 0.991574074074074, "flag_rate": [0.099, 0.10125], "flag_rate_ratio": 0.9777777777777777, "TPR": [0.85, 0.85], "TPR whole": 0.85, "TPR ratio": 1.0, "FPR": [0.015555555555555555, 0.018055555555555554], "FPR whole": 0.016666666666666666, "FPR ratio": 0.8615384615384616, "PPR": [0.8585858585858586, 0.8395061728395061], "PPR whole": 0.85, "PPR ratio": 1.0227272727272727}, "0.5-0.5": {"roc": 0.9912311385459533, "flag_rate": [0.098, 0.1025], "flag_rate_ratio": 0.9560975609756098, "TPR": [0.84, 0.85], "TPR whole": 0.8444444444444444, "TPR ratio": 0.9882352941176471, "FPR": [0.015555555555555555, 0.019444444444444445], "FPR whole": 0.01728395061728395, "FPR ratio": 0.7999999999999999, "PPR": [0.8571428571428571, 0.8292682926829268], "PPR whole": 0.8444444444444444, "PPR ratio": 1.0336134453781514}, "0.5-0.8": {"roc": 0.9910185185185184, "flag_rate": [0.097, 0.10375], "flag_rate_ratio": 0.9349397590361447, "TPR": [0.83, 0.85], "TPR whole": 0.8388888888888889, "TPR ratio": 0.9764705882352941, "FPR": [0.015555555555555555, 0.020833333333333332], "FPR whole": 0.017901234567901235, "FPR ratio": 0.7466666666666667, "PPR": [0.8556701030927835, 0.8192771084337349], "PPR whole": 0.8388888888888889, "PPR ratio": 1.0444208611279564}, "0.8-0.01": {"roc": 0.9909396433470508, "flag_rate": [0.103, 0.09625], "flag_rate_ratio": 1.07012987012987, "TPR": [0.89, 0.8], "TPR whole": 0.85, "TPR ratio": 1.1125, "FPR": [0.015555555555555555, 0.018055555555555554], "FPR whole": 0.016666666666666666, "FPR ratio": 0.8615384615384616, "PPR": [0.8640776699029126, 0.8311688311688312], "PPR whole": 0.85, "PPR ratio": 1.0395934466019416}, "0.8-0.2": {"roc": 0.9918724279835391, "flag_rate": [0.098, 0.1025], "flag_rate_ratio": 0.9560975609756098, "TPR": [0.84, 0.85], "TPR whole": 0.8444444444444444, "TPR ratio": 0.9882352941176471, "FPR": [0.015555555555555555, 0.019444444444444445], "FPR whole": 0.01728395061728395, "FPR ratio": 0.7999999999999999, "PPR": [0.8571428571428571, 0.8292682926829268], "PPR whole": 0.8444444444444444, "PPR ratio": 1.0336134453781514}, "0.8-0.5": {"roc": 0.991886145404664, "flag_rate": [0.095, 0.10625], "flag_rate_ratio": 0.8941176470588236, "TPR": [0.82, 0.8875], "TPR whole": 0.85, "TPR ratio": 0.923943661971831, "FPR": [0.014444444444444444, 0.019444444444444445], "FPR whole": 0.016666666666666666, "FPR ratio": 0.7428571428571428, "PPR": [0.8631578947368421, 0.8352941176470589], "PPR whole": 0.85, "PPR ratio": 1.033358042994811}, "0.8-0.8": {"roc": 0.9915260631001372, "flag_rate": [0.098, 0.1025], "flag_rate_ratio": 0.9560975609756098, "TPR": [0.84, 0.85], "TPR whole": 0.8444444444444444, "TPR ratio": 0.9882352941176471,