{"0.01-0.01": {"roc": 0.9912765363128492, "flag_rate": [0.105, 0.09595959595959595], "flag_rate_ratio": 1.0942105263157895, "TPR": [0.89, 0.81], "TPR whole": 0.85, "TPR ratio": 1.0987654320987654, "FPR": [0.017777777777777778, 0.015730337078651686], "FPR whole": 0.01675977653631285, "FPR ratio": 1.1301587301587301, "PPR": [0.8476190476190476, 0.8526315789473684], "PPR whole": 0.85, "PPR ratio": 0.9941211052322163}, "0.01-0.2": {"roc": 0.9877458100558659, "flag_rate": [0.105, 0.09595959595959595], "flag_rate_ratio": 1.0942105263157895, "TPR": [0.87, 0.81], "TPR whole": 0.84, "TPR ratio": 1.074074074074074, "FPR": [0.02, 0.015730337078651686], "FPR whole": 0.017877094972067038, "FPR ratio": 1.2714285714285714, "PPR": [0.8285714285714286, 0.8526315789473684], "PPR whole": 0.84, "PPR ratio": 0.9717813051146386}, "0.01-0.5": {"roc": 0.9856033519553072, "flag_rate": [0.106, 0.09494949494949495], "flag_rate_ratio": 1.1163829787234043, "TPR": [0.86, 0.78], "TPR whole": 0.82, "TPR ratio": 1.1025641025641024, "FPR": [0.022222222222222223, 0.017977528089887642], "FPR whole": 0.02011173184357542, "FPR ratio": 1.2361111111111112, "PPR": [0.8113207547169812, 0.8297872340425532], "PPR whole": 0.82, "PPR ratio": 0.9777455249153363}, "0.01-0.8": {"roc": 0.9849720670391061, "flag_rate": [0.105, 0.09595959595959595], "flag_rate_ratio": 1.0942105263157895, "TPR": [0.85, 0.79], "TPR whole": 0.82, "TPR ratio": 1.0759493670886076, "FPR": [0.022222222222222223, 0.017977528089887642], "FPR whole": 0.02011173184357542, "FPR ratio": 1.2361111111111112, "PPR": [0.8095238095238095, 0.8315789473684211], "PPR whole": 0.82, "PPR ratio": 0.9734779987944545}, "0.05-0.01": {"roc": 0.9886089385474861, "flag_rate": [0.102, 0.09898989898989899], "flag_rate_ratio": 1.0304081632653062, "TPR": [0.86, 0.81], "TPR whole": 0.835, "TPR ratio": 1.0617283950617282, "FPR": [0.017777777777777778, 0.019101123595505618], "FPR whole": 0.018435754189944135, "FPR ratio": 0.930718954248366, "PPR": [0.8431372549019608, 0.826530612244898], "PPR whole": 0.835, "PPR ratio": 1.0200919874122487}, "0.05-0.2": {"roc": 0.9880307262569832, "flag_rate": [0.103, 0.09797979797979799], "flag_rate_ratio": 1.0512371134020617, "TPR": [0.86, 0.81], "TPR whole": 0.835, "TPR ratio": 1.0617283950617282, "FPR": [0.01888888888888889, 0.017977528089887642], "FPR whole": 0.018435754189944135, "FPR ratio": 1.0506944444444444, "PPR": [0.8349514563106796, 0.8350515463917526], "PPR whole": 0.835, "PPR ratio": 0.999880139038715}, "0.05-0.5": {"roc": 0.9826284916201118, "flag_rate": [0.102, 0.09898989898989899], "flag_rate_ratio": 1.0304081632653062, "TPR": [0.83, 0.79], "TPR whole": 0.81, "TPR ratio": 1.050632911392405, "FPR": [0.021111111111111112, 0.021348314606741574], "FPR whole": 0.021229050279329607, "FPR ratio": 0.9888888888888889, "PPR": [0.8137254901960784, 0.8061224489795918], "PPR whole": 0.81, "PPR ratio": 1.0094316207495657}, "0.05-0.8": {"roc": 0.9831256983240224, "flag_rate": [0.102, 0.09898989898989899], "flag_rate_ratio": 1.0304081632653062, "TPR": [0.82, 0.77], "TPR whole": 0.795, "TPR ratio": 1.0649350649350648, "FPR": [0.022222222222222223, 0.02359550561797753], "FPR whole": 0.022905027932960894, "FPR ratio": 0.9417989417989417, "PPR": [0.803921568627451, 0.7857142857142857], "PPR whole": 0.795, "PPR ratio": 1.0231729055258467}, "0.2-0.01": {"roc": 0.9853659217877095, "flag_rate": [0.104, 0.09696969696969697], "flag_rate_ratio": 1.0725, "TPR": [0.85, 0.8], "TPR whole": 0.825, "TPR ratio": 1.0625, "FPR": [0.021111111111111112, 0.017977528089887642], "FPR whole": 0.019553072625698324, "FPR ratio": 1.1743055555555555, "PPR": [0.8173076923076923, 0.8333333333333334], "PPR whole": 0.825, "PPR ratio": 0.9807692307692307}, "0.2-0.2": {"roc": 0.987536312849162, "flag_rate": [0.104, 0.09696969696969697], "flag_rate_ratio": 1.0725, "TPR": [0.87, 0.81], "TPR whole": 0.84, "TPR ratio": 1.074074074074074, "FPR": [0.01888888888888889, 0.016853932584269662], "FPR whole": 0.017877094972067038, "FPR ratio": 1.1207407407407408, "PPR": [0.8365384615384616, 0.84375], "PPR whole": 0.84, "PPR ratio": 0.9914529914529915}, "0.2-0.5": {"roc": 0.9842737430167599, "flag_rate": [0.099, 0.10202020202020202], "flag_rate_ratio": 0.9703960396039604, "TPR": [0.8, 0.8], "TPR whole": 0.8, "TPR ratio": 1.0, "FPR": [0.021111111111111112, 0.02359550561797753], "FPR whole": 0.0223463687150838, "FPR ratio": 0.8947089947089947, "PPR": [0.8080808080808081, 0.7920792079207921], "PPR whole": 0.8, "PPR ratio": 1.02020202020202}, "0.2-0.8": {"roc": 0.9862346368715083, "flag_rate": [0.1, 0.10101010101010101], "flag_rate_ratio": 0.9900000000000001, "TPR": [0.84, 0.81], "TPR whole": 0.825, "TPR ratio": 1.037037037037037, "FPR": [0.017777777777777778, 0.021348314606741574], "FPR whole": 0.019553072625698324, "FPR ratio": 0.8327485380116959, "PPR": [0.84, 0.81], "PPR whole": 0.825, "PPR ratio": 1.037037037037037}, "0.5-0.01": {"roc": 0.987391061452514, "flag_rate": [0.101, 0.1], "flag_rate_ratio": 1.01, "TPR": [0.86, 0.81], "TPR whole": 0.835, "TPR ratio": 1.0617283950617282, "FPR": [0.016666666666666666, 0.020224719101123594], "FPR whole": 0.018435754189944135, "FPR ratio": 0.8240740740740741, "PPR": [0.8514851485148515, 0.8181818181818182], "PPR whole": 0.835, "PPR ratio": 1.0407040704070407}, "0.5-0.2": {"roc": 0.9823966480446927, "flag_rate": [0.103, 0.09797979797979799], "flag_rate_ratio": 1.0512371134020617, "TPR": [0.83, 0.77], "TPR whole": 0.8, "TPR ratio": 1.077922077922078, "FPR": [0.022222222222222223, 0.02247191011235955], "FPR whole": 0.0223463687150838, "FPR ratio": 0.9888888888888889, "PPR": [0.8058252427184466, 0.7938144329896907], "PPR whole": 0.8, "PPR ratio": 1.0151305005673938}, "0.5-0.5": {"roc": 0.9863966480446927, "flag_rate": [0.101, 0.1], "flag_rate_ratio": 1.01, "TPR": [0.83, 0.81], "TPR whole": 0.82, "TPR ratio": 1.0246913580246912, "FPR": [0.02, 0.020224719101123594], "FPR whole": 0.02011173184357542, "FPR ratio": 0.9888888888888889, "PPR": [0.8217821782178217, 0.8181818181818182], "PPR whole": 0.82, "PPR ratio": 1.0044004400440043}, "0.5-0.8": {"roc": 0.9846899441340782, "flag_rate": [0.1, 0.10101010101010101], "flag_rate_ratio": 0.9900000000000001, "TPR": [0.82, 0.8], "TPR whole": 0.81, "TPR ratio": 1.025, "FPR": [0.02, 0.02247191011235955], "FPR whole": 0.021229050279329607, "FPR ratio": 0.89, "PPR": [0.82, 0.8], "PPR whole": 0.81, "PPR ratio": 1.025}, "0.8-0.01": {"roc": 0.9865698324022346, "flag_rate": [0.106, 0.09494949494949495], "flag_rate_ratio": 1.1163829787234043, "TPR": [0.86, 0.8], "TPR whole": 0.83, "TPR ratio": 1.075, "FPR": [0.022222222222222223, 0.015730337078651686], "FPR whole": 0.01899441340782123, "FPR ratio": 1.4126984126984126, "PPR": [0.8113207547169812, 0.851063829787234], "PPR whole": 0.83, "PPR ratio": 0.9533018867924529}, "0.8-0.2": {"roc": 0.9836815642458101, "flag_rate": [0.099, 0.10202020202020202], "flag_rate_ratio": 0.9703960396039604, "TPR": [0.81, 0.8], "TPR whole": 0.805, "TPR ratio": 1.0125, "FPR": [0.02, 0.02359550561797753], "FPR whole": 0.021787709497206705, "FPR ratio": 0.8476190476190476, "PPR": [0.8181818181818182, 0.7920792079207921], "PPR whole": 0.805, "PPR ratio": 1.0329545454545455}, "0.8-0.5": {"roc": 0.9853603351955308, "flag_rate": [0.101, 0.1], "flag_rate_ratio": 1.01, "TPR": [0.82, 0.8], "TPR whole": 0.81, "TPR ratio": 1.025, "FPR": [0.021111111111111112, 0.021348314606741574], "FPR whole": 0.021229050279329607, "FPR ratio": 0.9888888888888889, "PPR": [0.8118811881188119, 0.8080808080808081], "PPR whole": 0.81, "PPR ratio": 1.0047029702970298}, "0.8-0.8": {"roc": 0.9878910614525138, "flag_rate": [0.103, 0.09797979797979799], "flag_rate_ratio": 1.0512371134020617, "TPR": [0.86, 0.8], "TPR whole": 0.83, "TPR ratio": 1.075, "FPR": [0.01888888888888889, 0.019101123595505618], "FPR whole": 0.01899441340782123, "FPR ratio": 0.9888888888888889, "PPR": [0.8349514563106796, 0.8247422680412371], "PPR whole": 0.83, "PPR ratio": 1.012378640776699}}