{"0.01-0.01": {"roc": 0.9946087016242574, "flag_rate": [0.104, 0.09222222222222222], "flag_rate_ratio": 1.127710843373494, "TPR": [0.91, 0.8505747126436781], "TPR whole": 0.8823529411764706, "TPR ratio": 1.069864864864865, "FPR": [0.014444444444444444, 0.01107011070110701], "FPR whole": 0.01284296555750146, "FPR ratio": 1.3048148148148149, "PPR": [0.875, 0.891566265060241], "PPR whole": 0.8823529411764706, "PPR ratio": 0.981418918918919}, "0.01-0.2": {"roc": 0.9876752484149208, "flag_rate": [0.1, 0.09666666666666666], "flag_rate_ratio": 1.0344827586206897, "TPR": [0.84, 0.8160919540229885], "TPR whole": 0.8288770053475936, "TPR ratio": 1.0292957746478872, "FPR": [0.017777777777777778, 0.01968019680196802], "FPR whole": 0.018680677174547577, "FPR ratio": 0.9033333333333333, "PPR": [0.84, 0.8160919540229885], "PPR whole": 0.8288770053475936, "PPR ratio": 1.0292957746478872}, "0.01-0.5": {"roc": 0.9878812852955223, "flag_rate": [0.102, 0.09444444444444444], "flag_rate_ratio": 1.0799999999999998, "TPR": [0.86, 0.8160919540229885], "TPR whole": 0.839572192513369, "TPR ratio": 1.0538028169014084, "FPR": [0.017777777777777778, 0.017220172201722016], "FPR whole": 0.017513134851138354, "FPR ratio": 1.0323809523809524, "PPR": [0.8431372549019608, 0.8352941176470589], "PPR whole": 0.839572192513369, "PPR ratio": 1.0093896713615023}, "0.01-0.8": {"roc": 0.9880186432159235, "flag_rate": [0.1, 0.09666666666666666], "flag_rate_ratio": 1.0344827586206897, "TPR": [0.84, 0.8160919540229885], "TPR whole": 0.8288770053475936, "TPR ratio": 1.0292957746478872, "FPR": [0.017777777777777778, 0.01968019680196802], "FPR whole": 0.018680677174547577, "FPR ratio": 0.9033333333333333, "PPR": [0.84, 0.8160919540229885], "PPR whole": 0.8288770053475936, "PPR ratio": 1.0292957746478872}, "0.05-0.01": {"roc": 0.9904411374484517, "flag_rate": [0.103, 0.09333333333333334], "flag_rate_ratio": 1.1035714285714284, "TPR": [0.86, 0.8160919540229885], "TPR whole": 0.839572192513369, "TPR ratio": 1.0538028169014084, "FPR": [0.01888888888888889, 0.015990159901599015], "FPR whole": 0.017513134851138354, "FPR ratio": 1.1812820512820514, "PPR": [0.8349514563106796, 0.8452380952380952], "PPR whole": 0.839572192513369, "PPR ratio": 0.9878298919731984}, "0.05-0.2": {"roc": 0.9881591229072428, "flag_rate": [0.101, 0.09555555555555556], "flag_rate_ratio": 1.0569767441860465, "TPR": [0.85, 0.8160919540229885], "TPR whole": 0.8342245989304813, "TPR ratio": 1.041549295774648, "FPR": [0.017777777777777778, 0.01845018450184502], "FPR whole": 0.018096906012842966, "FPR ratio": 0.9635555555555556, "PPR": [0.8415841584158416, 0.8255813953488372], "PPR whole": 0.8342245989304813, "PPR ratio": 1.0193836285036955}, "0.05-0.5": {"roc": 0.9860363186828623, "flag_rate": [0.101, 0.09555555555555556], "flag_rate_ratio": 1.0569767441860465, "TPR": [0.83, 0.8160919540229885], "TPR whole": 0.8235294117647058, "TPR ratio": 1.0170422535211268, "FPR": [0.02, 0.01845018450184502], "FPR whole": 0.01926444833625219, "FPR ratio": 1.084, "PPR": [0.8217821782178217, 0.8255813953488372], "PPR whole": 0.8235294117647058, "PPR ratio": 0.9953981313624319}, "0.05-0.8": {"roc": 0.9864234182767201, "flag_rate": [0.102, 0.09444444444444444], "flag_rate_ratio": 1.0799999999999998, "TPR": [0.84, 0.8045977011494253], "TPR whole": 0.8235294117647058, "TPR ratio": 1.044, "FPR": [0.02, 0.01845018450184502], "FPR whole": 0.01926444833625219, "FPR ratio": 1.084, "PPR": [0.8235294117647058, 0.8235294117647058], "PPR whole": 0.8235294117647058, "PPR ratio": 1.0}, "0.2-0.01": {"roc": 0.9936565614942043, "flag_rate": [0.104, 0.09222222222222222], "flag_rate_ratio": 1.127710843373494, "TPR": [0.9, 0.8160919540229885], "TPR whole": 0.8609625668449198, "TPR ratio": 1.1028169014084508, "FPR": [0.015555555555555555, 0.014760147601476014], "FPR whole": 0.015178050204319907, "FPR ratio": 1.0538888888888889, "PPR": [0.8653846153846154, 0.8554216867469879], "PPR whole": 0.8609625668449198, "PPR ratio": 1.011646803900325}, "0.2-0.2": {"roc": 0.9891986726230055, "flag_rate": [0.103, 0.09333333333333334], "flag_rate_ratio": 1.1035714285714284, "TPR": [0.87, 0.8160919540229885], "TPR whole": 0.8449197860962567, "TPR ratio": 1.066056338028169, "FPR": [0.017777777777777778, 0.015990159901599015], "FPR whole": 0.016929363689433742, "FPR ratio": 1.1117948717948718, "PPR": [0.8446601941747572, 0.8452380952380952], "PPR whole": 0.8449197860962567, "PPR ratio": 0.9993162860659099}, "0.2-0.5": {"roc": 0.9861112411848993, "flag_rate": [0.103, 0.09333333333333334], "flag_rate_ratio": 1.1035714285714284, "TPR": [0.84, 0.8045977011494253], "TPR whole": 0.8235294117647058, "TPR ratio": 1.044, "FPR": [0.021111111111111112, 0.017220172201722016], "FPR whole": 0.01926444833625219, "FPR ratio": 1.2259523809523811, "PPR": [0.8155339805825242, 0.8333333333333334], "PPR whole": 0.8235294117647058, "PPR ratio": 0.978640776699029}, "0.2-0.8": {"roc": 0.9878469458154222, "flag_rate": [0.1, 0.09666666666666666], "flag_rate_ratio": 1.0344827586206897, "TPR": [0.84, 0.8160919540229885], "TPR whole": 0.8288770053475936, "TPR ratio": 1.0292957746478872, "FPR": [0.017777777777777778, 0.01968019680196802], "FPR whole": 0.018680677174547577, "FPR ratio": 0.9033333333333333, "PPR": [0.84, 0.8160919540229885], "PPR whole": 0.8288770053475936, "PPR ratio": 1.0292957746478872}, "0.5-0.01": {"roc": 0.9907096097474175, "flag_rate": [0.101, 0.09555555555555556], "flag_rate_ratio": 1.0569767441860465, "TPR": [0.87, 0.8160919540229885], "TPR whole": 0.8449197860962567, "TPR ratio": 1.066056338028169, "FPR": [0.015555555555555555, 0.01845018450184502], "FPR whole": 0.016929363689433742, "FPR ratio": 0.8431111111111111, "PPR": [0.8613861386138614, 0.8255813953488372], "PPR whole": 0.8449197860962567, "PPR ratio": 1.0433691256449589}, "0.5-0.2": {"roc": 0.9871102078787255, "flag_rate": [0.102, 0.09444444444444444], "flag_rate_ratio": 1.0799999999999998, "TPR": [0.85, 0.8160919540229885], "TPR whole": 0.8342245989304813, "TPR ratio": 1.041549295774648, "FPR": [0.01888888888888889, 0.017220172201722016], "FPR whole": 0.018096906012842966, "FPR ratio": 1.096904761904762, "PPR": [0.8333333333333334, 0.8352941176470589], "PPR whole": 0.8342245989304813, "PPR ratio": 0.9976525821596244}, "0.5-0.5": {"roc": 0.9877158314368575, "flag_rate": [0.101, 0.09555555555555556], "flag_rate_ratio": 1.0569767441860465, "TPR": [0.85, 0.8045977011494253], "TPR whole": 0.8288770053475936, "TPR ratio": 1.0564285714285713, "FPR": [0.017777777777777778, 0.01968019680196802], "FPR whole": 0.018680677174547577, "FPR ratio": 0.9033333333333333, "PPR": [0.8415841584158416, 0.813953488372093], "PPR whole": 0.8288770053475936, "PPR ratio": 1.033946251768034}, "0.5-0.8": {"roc": 0.9887116763597654, "flag_rate": [0.1, 0.09666666666666666], "flag_rate_ratio": 1.0344827586206897, "TPR": [0.86, 0.8160919540229885], "TPR whole": 0.839572192513369, "TPR ratio": 1.0538028169014084, "FPR": [0.015555555555555555, 0.01968019680196802], "FPR whole": 0.017513134851138354, "FPR ratio": 0.7904166666666667, "PPR": [0.86, 0.8160919540229885], "PPR whole": 0.839572192513369, "PPR ratio": 1.0538028169014084}, "0.8-0.01": {"roc": 0.9858989607624613, "flag_rate": [0.098, 0.09888888888888889], "flag_rate_ratio": 0.9910112359550562, "TPR": [0.81, 0.8160919540229885], "TPR whole": 0.8128342245989305, "TPR ratio": 0.9925352112676057, "FPR": [0.01888888888888889, 0.02214022140221402], "FPR whole": 0.020431990659661413, "FPR ratio": 0.8531481481481482, "PPR": [0.826530612244898, 0.797752808988764], "PPR whole": 0.8128342245989305, "PPR ratio": 1.0360735843633229}, "0.8-0.2": {"roc": 0.9861081194139811, "flag_rate": [0.103, 0.09333333333333334], "flag_rate_ratio": 1.1035714285714284, "TPR": [0.86, 0.7931034482758621], "TPR whole": 0.8288770053475936, "TPR ratio": 1.0843478260869566, "FPR": [0.01888888888888889, 0.01845018450184502], "FPR whole": 0.018680677174547577, "FPR ratio": 1.023777777777778, "PPR": [0.8349514563106796, 0.8214285714285714],