{"0.01-0.01": {"roc": 0.9880437017324905, "flag_rate": [0.095, 0.10736842105263159], "flag_rate_ratio": 0.8848039215686274, "TPR": [0.78, 0.845360824742268], "TPR whole": 0.8121827411167513, "TPR ratio": 0.9226829268292683, "FPR": [0.01888888888888889, 0.023446658851113716], "FPR whole": 0.021106674272675412, "FPR ratio": 0.8056111111111112, "PPR": [0.8210526315789474, 0.803921568627451], "PPR whole": 0.8121827411167513, "PPR ratio": 1.0213093709884467}, "0.01-0.2": {"roc": 0.9876180355069337, "flag_rate": [0.11, 0.09157894736842105], "flag_rate_ratio": 1.2011494252873562, "TPR": [0.9, 0.7319587628865979], "TPR whole": 0.817258883248731, "TPR ratio": 1.2295774647887325, "FPR": [0.022222222222222223, 0.01875732708089097], "FPR whole": 0.02053622361665716, "FPR ratio": 1.1847222222222225, "PPR": [0.8181818181818182, 0.8160919540229885], "PPR whole": 0.817258883248731, "PPR ratio": 1.002560819462228}, "0.01-0.5": {"roc": 0.9869665055698571, "flag_rate": [0.099, 0.1031578947368421], "flag_rate_ratio": 0.9596938775510205, "TPR": [0.83, 0.7835051546391752], "TPR whole": 0.8071065989847716, "TPR ratio": 1.0593421052631578, "FPR": [0.017777777777777778, 0.02579132473622509], "FPR whole": 0.02167712492869367, "FPR ratio": 0.6892929292929293, "PPR": [0.8383838383838383, 0.7755102040816326], "PPR whole": 0.8071065989847716, "PPR ratio": 1.0810738968633706}, "0.01-0.8": {"roc": 0.9868767392229709, "flag_rate": [0.106, 0.09578947368421052], "flag_rate_ratio": 1.1065934065934067, "TPR": [0.9, 0.7422680412371134], "TPR whole": 0.8223350253807107, "TPR ratio": 1.2125, "FPR": [0.017777777777777778, 0.022274325908558032], "FPR whole": 0.019965772960638905, "FPR ratio": 0.7981286549707601, "PPR": [0.8490566037735849, 0.7912087912087912], "PPR whole": 0.8223350253807107, "PPR ratio": 1.0731132075471699}, "0.05-0.01": {"roc": 0.9868072426963495, "flag_rate": [0.106, 0.09578947368421052], "flag_rate_ratio": 1.1065934065934067, "TPR": [0.9, 0.7216494845360825], "TPR whole": 0.8121827411167513, "TPR ratio": 1.247142857142857, "FPR": [0.017777777777777778, 0.0246189917936694], "FPR whole": 0.021106674272675412, "FPR ratio": 0.7221164021164022, "PPR": [0.8490566037735849, 0.7692307692307693], "PPR whole": 0.8121827411167513, "PPR ratio": 1.1037735849056605}, "0.05-0.2": {"roc": 0.9876556794588538, "flag_rate": [0.1, 0.10210526315789474], "flag_rate_ratio": 0.9793814432989691, "TPR": [0.86, 0.7731958762886598], "TPR whole": 0.817258883248731, "TPR ratio": 1.1122666666666665, "FPR": [0.015555555555555555, 0.02579132473622509], "FPR whole": 0.02053622361665716, "FPR ratio": 0.6031313131313131, "PPR": [0.86, 0.7731958762886598], "PPR whole": 0.817258883248731, "PPR ratio": 1.1122666666666665}, "0.05-0.5": {"roc": 0.9869375486837647, "flag_rate": [0.108, 0.09368421052631579], "flag_rate_ratio": 1.152808988764045, "TPR": [0.89, 0.7422680412371134], "TPR whole": 0.817258883248731, "TPR ratio": 1.1990277777777778, "FPR": [0.021111111111111112, 0.01992966002344666], "FPR whole": 0.02053622361665716, "FPR ratio": 1.059281045751634, "PPR": [0.8240740740740741, 0.8089887640449438], "PPR whole": 0.817258883248731, "PPR ratio": 1.0186471193415638}, "0.05-0.8": {"roc": 0.9857590034198083, "flag_rate": [0.108, 0.09368421052631579], "flag_rate_ratio": 1.152808988764045, "TPR": [0.91, 0.7216494845360825], "TPR whole": 0.817258883248731, "TPR ratio": 1.2610000000000001, "FPR": [0.01888888888888889, 0.022274325908558032], "FPR whole": 0.02053622361665716, "FPR ratio": 0.8480116959064327, "PPR": [0.8425925925925926, 0.7865168539325843], "PPR whole": 0.817258883248731, "PPR ratio": 1.0712962962962962}, "0.2-0.01": {"roc": 0.9846760158799563, "flag_rate": [0.109, 0.09263157894736843], "flag_rate_ratio": 1.1767045454545453, "TPR": [0.91, 0.6907216494845361], "TPR whole": 0.8020304568527918, "TPR ratio": 1.3174626865671641, "FPR": [0.02, 0.0246189917936694], "FPR whole": 0.022247575584711923, "FPR ratio": 0.8123809523809524, "PPR": [0.8348623853211009, 0.7613636363636364], "PPR whole": 0.8020304568527918, "PPR ratio": 1.0965356702724907}, "0.2-0.2": {"roc": 0.9869607141926386, "flag_rate": [0.102, 0.1], "flag_rate_ratio": 1.0199999999999998, "TPR": [0.86, 0.7525773195876289], "TPR whole": 0.8071065989847716, "TPR ratio": 1.1427397260273973, "FPR": [0.017777777777777778, 0.02579132473622509], "FPR whole": 0.02167712492869367, "FPR ratio": 0.6892929292929293, "PPR": [0.8431372549019608, 0.7684210526315789], "PPR whole": 0.8071065989847716, "PPR ratio": 1.0972334139135107}, "0.2-0.5": {"roc": 0.9842590367202273, "flag_rate": [0.108, 0.09368421052631579], "flag_rate_ratio": 1.152808988764045, "TPR": [0.9, 0.7010309278350515], "TPR whole": 0.8020304568527918, "TPR ratio": 1.2838235294117648, "FPR": [0.02, 0.0246189917936694], "FPR whole": 0.022247575584711923, "FPR ratio": 0.8123809523809524, "PPR": [0.8333333333333334, 0.7640449438202247], "PPR whole": 0.8020304568527918, "PPR ratio": 1.090686274509804}, "0.2-0.8": {"roc": 0.9890137574165825, "flag_rate": [0.099, 0.1031578947368421], "flag_rate_ratio": 0.9596938775510205, "TPR": [0.86, 0.8041237113402062], "TPR whole": 0.8324873096446701, "TPR ratio": 1.0694871794871794, "FPR": [0.014444444444444444, 0.023446658851113716], "FPR whole": 0.018824871648602397, "FPR ratio": 0.6160555555555556, "PPR": [0.8686868686868687, 0.7959183673469388], "PPR whole": 0.8324873096446701, "PPR ratio": 1.0914270914270914}, "0.5-0.01": {"roc": 0.9852841104878945, "flag_rate": [0.108, 0.09368421052631579], "flag_rate_ratio": 1.152808988764045, "TPR": [0.89, 0.7010309278350515], "TPR whole": 0.7969543147208121, "TPR ratio": 1.269558823529412, "FPR": [0.021111111111111112, 0.0246189917936694], "FPR whole": 0.022818026240730177, "FPR ratio": 0.8575132275132276, "PPR": [0.8240740740740741, 0.7640449438202247], "PPR whole": 0.7969543147208121, "PPR ratio": 1.0785675381263617}, "0.5-0.2": {"roc": 0.9850148114472361, "flag_rate": [0.107, 0.09473684210526316], "flag_rate_ratio": 1.1294444444444445, "TPR": [0.88, 0.7319587628865979], "TPR whole": 0.8071065989847716, "TPR ratio": 1.2022535211267606, "FPR": [0.021111111111111112, 0.022274325908558032], "FPR whole": 0.02167712492869367, "FPR ratio": 0.9477777777777777, "PPR": [0.822429906542056, 0.7888888888888889], "PPR whole": 0.8071065989847716, "PPR ratio": 1.0425167829406345}, "0.5-0.5": {"roc": 0.9856981939590144, "flag_rate": [0.1, 0.10210526315789474], "flag_rate_ratio": 0.9793814432989691, "TPR": [0.82, 0.7731958762886598], "TPR whole": 0.7969543147208121, "TPR ratio": 1.0605333333333333, "FPR": [0.02, 0.02579132473622509], "FPR whole": 0.022818026240730177, "FPR ratio": 0.7754545454545454, "PPR": [0.82, 0.7731958762886598], "PPR whole": 0.7969543147208121, "PPR ratio": 1.0605333333333333}, "0.5-0.8": {"roc": 0.9844935874975749, "flag_rate": [0.107, 0.09473684210526316], "flag_rate_ratio": 1.1294444444444445, "TPR": [0.87, 0.7319587628865979], "TPR whole": 0.8020304568527918, "TPR ratio": 1.1885915492957748, "FPR": [0.022222222222222223, 0.022274325908558032], "FPR whole": 0.022247575584711923, "FPR ratio": 0.9976608187134502, "PPR": [0.8130841121495327, 0.7888888888888889], "PPR whole": 0.8020304568527918, "PPR ratio": 1.030670001316309}, "0.8-0.01": {"roc": 0.9851740743207439, "flag_rate": [0.106, 0.09578947368421052], "flag_rate_ratio": 1.1065934065934067, "TPR": [0.86, 0.7422680412371134], "TPR whole": 0.8020304568527918, "TPR ratio": 1.158611111111111, "FPR": [0.022222222222222223, 0.022274325908558032], "FPR whole": 0.022247575584711923, "FPR ratio": 0.9976608187134502, "PPR": [0.8113207547169812, 0.7912087912087912], "PPR whole": 0.8020304568527918, "PPR ratio": 1.0254192872117402}, "0.8-0.2": {"roc": 0.9839434066618212, "flag_rate": [0.108, 0.09368421052631579], "flag_rate_ratio": 1.152808988764045, "TPR": [0.87, 0.711340206185567], "TPR whole": 0.7918781725888325, "TPR ratio": 1.2230434782608695, "FPR": [0.023333333333333334, 0.023446658851113716], "FPR whole": 0.02338847689674843, "FPR ratio": 0.9951666666666668,