{"0.01-0.01": {"roc": 0.9626631578947369, "flag_rate": [0.039, 0.061], "flag_rate_ratio": 0.639344262295082, "TPR": [0.76, 0.7466666666666667], "TPR whole": 0.75, "TPR ratio": 1.0178571428571428, "FPR": [0.020512820512820513, 0.005405405405405406], "FPR whole": 0.013157894736842105, "FPR ratio": 3.7948717948717947, "PPR": [0.48717948717948717, 0.9180327868852459], "PPR whole": 0.75, "PPR ratio": 0.5306776556776557}, "0.01-0.2": {"roc": 0.9483263157894737, "flag_rate": [0.04, 0.06], "flag_rate_ratio": 0.6666666666666667, "TPR": [0.68, 0.7333333333333333], "TPR whole": 0.72, "TPR ratio": 0.9272727272727274, "FPR": [0.02358974358974359, 0.005405405405405406], "FPR whole": 0.014736842105263158, "FPR ratio": 4.364102564102564, "PPR": [0.425, 0.9166666666666666], "PPR whole": 0.72, "PPR ratio": 0.4636363636363636}, "0.01-0.5": {"roc": 0.937342105263158, "flag_rate": [0.043, 0.057], "flag_rate_ratio": 0.7543859649122806, "TPR": [0.68, 0.6933333333333334], "TPR whole": 0.69, "TPR ratio": 0.9807692307692308, "FPR": [0.02666666666666667, 0.005405405405405406], "FPR whole": 0.01631578947368421, "FPR ratio": 4.933333333333334, "PPR": [0.3953488372093023, 0.9122807017543859], "PPR whole": 0.69, "PPR ratio": 0.43336314847942753}, "0.01-0.8": {"roc": 0.9259105263157895, "flag_rate": [0.045, 0.055], "flag_rate_ratio": 0.8181818181818181, "TPR": [0.68, 0.6666666666666666], "TPR whole": 0.67, "TPR ratio": 1.0200000000000002, "FPR": [0.028717948717948718, 0.005405405405405406], "FPR whole": 0.017368421052631578, "FPR ratio": 5.312820512820513, "PPR": [0.37777777777777777, 0.9090909090909091], "PPR whole": 0.67, "PPR ratio": 0.41555555555555557}, "0.05-0.01": {"roc": 0.9570157894736843, "flag_rate": [0.035, 0.065], "flag_rate_ratio": 0.5384615384615385, "TPR": [0.68, 0.76], "TPR whole": 0.74, "TPR ratio": 0.8947368421052632, "FPR": [0.018461538461538463, 0.008648648648648649], "FPR whole": 0.01368421052631579, "FPR ratio": 2.1346153846153846, "PPR": [0.4857142857142857, 0.8769230769230769], "PPR whole": 0.74, "PPR ratio": 0.5538847117794486}, "0.05-0.2": {"roc": 0.9527, "flag_rate": [0.041, 0.059], "flag_rate_ratio": 0.6949152542372882, "TPR": [0.72, 0.72], "TPR whole": 0.72, "TPR ratio": 1.0, "FPR": [0.02358974358974359, 0.005405405405405406], "FPR whole": 0.014736842105263158, "FPR ratio": 4.364102564102564, "PPR": [0.43902439024390244, 0.9152542372881356], "PPR whole": 0.72, "PPR ratio": 0.4796747967479675}, "0.05-0.5": {"roc": 0.9297842105263159, "flag_rate": [0.043, 0.057], "flag_rate_ratio": 0.7543859649122806, "TPR": [0.76, 0.72], "TPR whole": 0.73, "TPR ratio": 1.0555555555555556, "FPR": [0.024615384615384615, 0.003243243243243243], "FPR whole": 0.014210526315789474, "FPR ratio": 7.58974358974359, "PPR": [0.4418604651162791, 0.9473684210526315], "PPR whole": 0.73, "PPR ratio": 0.46640826873385016}, "0.05-0.8": {"roc": 0.9407631578947369, "flag_rate": [0.042, 0.058], "flag_rate_ratio": 0.7241379310344828, "TPR": [0.68, 0.7066666666666667], "TPR whole": 0.7, "TPR ratio": 0.9622641509433963, "FPR": [0.02564102564102564, 0.005405405405405406], "FPR whole": 0.015789473684210527, "FPR ratio": 4.743589743589743, "PPR": [0.40476190476190477, 0.9137931034482759], "PPR whole": 0.7, "PPR ratio": 0.44294699011680144}, "0.2-0.01": {"roc": 0.9688631578947369, "flag_rate": [0.037, 0.063], "flag_rate_ratio": 0.5873015873015872, "TPR": [0.72, 0.7466666666666667], "TPR whole": 0.74, "TPR ratio": 0.9642857142857142, "FPR": [0.019487179487179488, 0.0075675675675675675], "FPR whole": 0.01368421052631579, "FPR ratio": 2.5750915750915753, "PPR": [0.4864864864864865, 0.8888888888888888], "PPR whole": 0.74, "PPR ratio": 0.5472972972972974}, "0.2-0.2": {"roc": 0.9429368421052632, "flag_rate": [0.039, 0.061], "flag_rate_ratio": 0.639344262295082, "TPR": [0.68, 0.72], "TPR whole": 0.71, "TPR ratio": 0.9444444444444445, "FPR": [0.022564102564102566, 0.0075675675675675675], "FPR whole": 0.015263157894736841, "FPR ratio": 2.9816849816849818, "PPR": [0.4358974358974359, 0.8852459016393442], "PPR whole": 0.71, "PPR ratio": 0.49240265906932573}, "0.2-0.5": {"roc": 0.926278947368421, "flag_rate": [0.043, 0.057], "flag_rate_ratio": 0.7543859649122806, "TPR": [0.68, 0.68], "TPR whole": 0.68, "TPR ratio": 1.0, "FPR": [0.02666666666666667, 0.006486486486486486], "FPR whole": 0.016842105263157894, "FPR ratio": 4.111111111111112, "PPR": [0.3953488372093023, 0.8947368421052632], "PPR whole": 0.68, "PPR ratio": 0.441860465116279}, "0.2-0.8": {"roc": 0.931221052631579, "flag_rate": [0.043, 0.057], "flag_rate_ratio": 0.7543859649122806, "TPR": [0.64, 0.68], "TPR whole": 0.67, "TPR ratio": 0.9411764705882353, "FPR": [0.027692307692307693, 0.006486486486486486], "FPR whole": 0.017368421052631578, "FPR ratio": 4.269230769230769, "PPR": [0.37209302325581395, 0.8947368421052632], "PPR whole": 0.67, "PPR ratio": 0.4158686730506156}, "0.5-0.01": {"roc": 0.9574105263157895, "flag_rate": [0.034, 0.066], "flag_rate_ratio": 0.5151515151515151, "TPR": [0.68, 0.7866666666666666], "TPR whole": 0.76, "TPR ratio": 0.8644067796610171, "FPR": [0.017435897435897435, 0.0075675675675675675], "FPR whole": 0.01263157894736842, "FPR ratio": 2.304029304029304, "PPR": [0.5, 0.8939393939393939], "PPR whole": 0.76, "PPR ratio": 0.5593220338983051}, "0.5-0.2": {"roc": 0.9368, "flag_rate": [0.049, 0.051], "flag_rate_ratio": 0.9607843137254903, "TPR": [0.72, 0.6533333333333333], "TPR whole": 0.67, "TPR ratio": 1.1020408163265305, "FPR": [0.031794871794871796, 0.002162162162162162], "FPR whole": 0.017368421052631578, "FPR ratio": 14.705128205128206, "PPR": [0.3673469387755102, 0.9607843137254902], "PPR whole": 0.67, "PPR ratio": 0.3823406913785923}, "0.5-0.5": {"roc": 0.9334052631578947, "flag_rate": [0.04, 0.06], "flag_rate_ratio": 0.6666666666666667, "TPR": [0.68, 0.6933333333333334], "TPR whole": 0.69, "TPR ratio": 0.9807692307692308, "FPR": [0.02358974358974359, 0.008648648648648649], "FPR whole": 0.01631578947368421, "FPR ratio": 2.7275641025641026, "PPR": [0.425, 0.8666666666666667], "PPR whole": 0.69, "PPR ratio": 0.49038461538461536}, "0.5-0.8": {"roc": 0.9246157894736842, "flag_rate": [0.046, 0.054], "flag_rate_ratio": 0.8518518518518519, "TPR": [0.72, 0.68], "TPR whole": 0.69, "TPR ratio": 1.0588235294117645, "FPR": [0.028717948717948718, 0.003243243243243243], "FPR whole": 0.01631578947368421, "FPR ratio": 8.854700854700855, "PPR": [0.391304347826087, 0.9444444444444444], "PPR whole": 0.69, "PPR ratio": 0.4143222506393862}, "0.8-0.01": {"roc": 0.9595368421052631, "flag_rate": [0.037, 0.063], "flag_rate_ratio": 0.5873015873015872, "TPR": [0.72, 0.7466666666666667], "TPR whole": 0.74, "TPR ratio": 0.9642857142857142, "FPR": [0.019487179487179488, 0.0075675675675675675], "FPR whole": 0.01368421052631579, "FPR ratio": 2.5750915750915753, "PPR": [0.4864864864864865, 0.8888888888888888], "PPR whole": 0.74, "PPR ratio": 0.5472972972972974}, "0.8-0.2": {"roc": 0.9248368421052632, "flag_rate": [0.043, 0.057], "flag_rate_ratio": 0.7543859649122806, "TPR": [0.68, 0.6666666666666666], "TPR whole": 0.67, "TPR ratio": 1.0200000000000002, "FPR": [0.02666666666666667, 0.0075675675675675675], "FPR whole": 0.017368421052631578, "FPR ratio": 3.523809523809524, "PPR": [0.3953488372093023, 0.8771929824561403], "PPR whole": 0.67, "PPR ratio": 0.45069767441860464}, "0.8-0.5": {"roc": 0.9301684210526315, "flag_rate": [0.044, 0.056], "flag_rate_ratio": 0.7857142857142857, "TPR": [0.68, 0.6666666666666666], "TPR whole": 0.67, "TPR ratio": 1.0200000000000002, "FPR": [0.027692307692307693, 0.006486486486486486], "FPR whole": 0.017368421052631578, "FPR ratio": 4.269230769230769, "PPR": [0.38636363636363635, 0.8928571428571429], "PPR whole": 0.67, "PPR ratio": 0.4327272727272727}, "0.8-0.8": {"roc": 0.9191842105263157, "flag_rate": [0.049, 0.051], "flag_rate_ratio": 0.9607843137254903, "TPR": [0.72, 0.64], "TPR whole": 0.66, "TPR ratio": 1.125, "FPR": [0.031794871794871796, 0.003243243243243243], "FPR whole": 0.017894736842105262,