{"0.01-0.01": {"roc": 0.9491947368421053, "flag_rate": [0.035, 0.065], "flag_rate_ratio": 0.5384615384615385, "TPR": [0.8, 0.775], "TPR whole": 0.78, "TPR ratio": 1.032258064516129, "FPR": [0.019387755102040816, 0.003260869565217391], "FPR whole": 0.011578947368421053, "FPR ratio": 5.945578231292517, "PPR": [0.45714285714285713, 0.9538461538461539], "PPR whole": 0.78, "PPR ratio": 0.4792626728110599}, "0.01-0.2": {"roc": 0.9630263157894737, "flag_rate": [0.037, 0.063], "flag_rate_ratio": 0.5873015873015872, "TPR": [0.75, 0.7625], "TPR whole": 0.76, "TPR ratio": 0.9836065573770493, "FPR": [0.022448979591836733, 0.002173913043478261], "FPR whole": 0.01263157894736842, "FPR ratio": 10.326530612244897, "PPR": [0.40540540540540543, 0.9682539682539683], "PPR whole": 0.76, "PPR ratio": 0.4186973859105007}, "0.01-0.5": {"roc": 0.9549526315789474, "flag_rate": [0.041, 0.059], "flag_rate_ratio": 0.6949152542372882, "TPR": [0.75, 0.725], "TPR whole": 0.73, "TPR ratio": 1.0344827586206897, "FPR": [0.026530612244897958, 0.0010869565217391304], "FPR whole": 0.014210526315789474, "FPR ratio": 24.408163265306122, "PPR": [0.36585365853658536, 0.9830508474576272], "PPR whole": 0.73, "PPR ratio": 0.372161480235492}, "0.01-0.8": {"roc": 0.9486263157894737, "flag_rate": [0.039, 0.061], "flag_rate_ratio": 0.639344262295082, "TPR": [0.75, 0.75], "TPR whole": 0.75, "TPR ratio": 1.0, "FPR": [0.024489795918367346, 0.0010869565217391304], "FPR whole": 0.013157894736842105, "FPR ratio": 22.53061224489796, "PPR": [0.38461538461538464, 0.9836065573770492], "PPR whole": 0.75, "PPR ratio": 0.3910256410256411}, "0.05-0.01": {"roc": 0.9661263157894736, "flag_rate": [0.034, 0.066], "flag_rate_ratio": 0.5151515151515151, "TPR": [0.75, 0.775], "TPR whole": 0.77, "TPR ratio": 0.9677419354838709, "FPR": [0.019387755102040816, 0.004347826086956522], "FPR whole": 0.012105263157894737, "FPR ratio": 4.459183673469387, "PPR": [0.4411764705882353, 0.9393939393939394], "PPR whole": 0.77, "PPR ratio": 0.46963946869070206}, "0.05-0.2": {"roc": 0.9563631578947369, "flag_rate": [0.035, 0.065], "flag_rate_ratio": 0.5384615384615385, "TPR": [0.75, 0.7375], "TPR whole": 0.74, "TPR ratio": 1.0169491525423728, "FPR": [0.02040816326530612, 0.006521739130434782], "FPR whole": 0.01368421052631579, "FPR ratio": 3.129251700680272, "PPR": [0.42857142857142855, 0.9076923076923077], "PPR whole": 0.74, "PPR ratio": 0.4721549636803874}, "0.05-0.5": {"roc": 0.954642105263158, "flag_rate": [0.044, 0.056], "flag_rate_ratio": 0.7857142857142857, "TPR": [0.75, 0.6875], "TPR whole": 0.7, "TPR ratio": 1.0909090909090908, "FPR": [0.02959183673469388, 0.0010869565217391304], "FPR whole": 0.015789473684210527, "FPR ratio": 27.22448979591837, "PPR": [0.3409090909090909, 0.9821428571428571], "PPR whole": 0.7, "PPR ratio": 0.34710743801652894}, "0.05-0.8": {"roc": 0.944757894736842, "flag_rate": [0.044, 0.056], "flag_rate_ratio": 0.7857142857142857, "TPR": [0.75, 0.7], "TPR whole": 0.71, "TPR ratio": 1.0714285714285714, "FPR": [0.02959183673469388, 0.0], "FPR whole": 0.015263157894736841, "FPR ratio": 2.959183673469388e-07, "PPR": [0.3409090909090909, 1.0], "PPR whole": 0.71, "PPR ratio": 0.3409090909090909}, "0.2-0.01": {"roc": 0.9490526315789474, "flag_rate": [0.035, 0.065], "flag_rate_ratio": 0.5384615384615385, "TPR": [0.75, 0.7625], "TPR whole": 0.76, "TPR ratio": 0.9836065573770493, "FPR": [0.02040816326530612, 0.004347826086956522], "FPR whole": 0.01263157894736842, "FPR ratio": 4.693877551020408, "PPR": [0.42857142857142855, 0.9384615384615385], "PPR whole": 0.76, "PPR ratio": 0.45667447306791564}, "0.2-0.2": {"roc": 0.9601421052631578, "flag_rate": [0.041, 0.059], "flag_rate_ratio": 0.6949152542372882, "TPR": [0.75, 0.7], "TPR whole": 0.71, "TPR ratio": 1.0714285714285714, "FPR": [0.026530612244897958, 0.003260869565217391], "FPR whole": 0.015263157894736841, "FPR ratio": 8.136054421768707, "PPR": [0.36585365853658536, 0.9491525423728814], "PPR whole": 0.71, "PPR ratio": 0.38545296167247384}, "0.2-0.5": {"roc": 0.9532736842105264, "flag_rate": [0.042, 0.058], "flag_rate_ratio": 0.7241379310344828, "TPR": [0.75, 0.7], "TPR whole": 0.71, "TPR ratio": 1.0714285714285714, "FPR": [0.027551020408163266, 0.002173913043478261], "FPR whole": 0.015263157894736841, "FPR ratio": 12.673469387755102, "PPR": [0.35714285714285715, 0.9655172413793104], "PPR whole": 0.71, "PPR ratio": 0.36989795918367346}, "0.2-0.8": {"roc": 0.9431263157894737, "flag_rate": [0.045, 0.055], "flag_rate_ratio": 0.8181818181818181, "TPR": [0.75, 0.675], "TPR whole": 0.69, "TPR ratio": 1.111111111111111, "FPR": [0.030612244897959183, 0.0010869565217391304], "FPR whole": 0.01631578947368421, "FPR ratio": 28.163265306122447, "PPR": [0.3333333333333333, 0.9818181818181818], "PPR whole": 0.69, "PPR ratio": 0.3395061728395062}, "0.5-0.01": {"roc": 0.9640263157894737, "flag_rate": [0.036, 0.064], "flag_rate_ratio": 0.5625, "TPR": [0.75, 0.7625], "TPR whole": 0.76, "TPR ratio": 0.9836065573770493, "FPR": [0.02142857142857143, 0.003260869565217391], "FPR whole": 0.01263157894736842, "FPR ratio": 6.571428571428572, "PPR": [0.4166666666666667, 0.953125], "PPR whole": 0.76, "PPR ratio": 0.43715846994535523}, "0.5-0.2": {"roc": 0.9585052631578947, "flag_rate": [0.038, 0.062], "flag_rate_ratio": 0.6129032258064516, "TPR": [0.8, 0.725], "TPR whole": 0.74, "TPR ratio": 1.103448275862069, "FPR": [0.022448979591836733, 0.004347826086956522], "FPR whole": 0.01368421052631579, "FPR ratio": 5.163265306122448, "PPR": [0.42105263157894735, 0.9354838709677419], "PPR whole": 0.74, "PPR ratio": 0.4500907441016334}, "0.5-0.5": {"roc": 0.9514421052631579, "flag_rate": [0.044, 0.056], "flag_rate_ratio": 0.7857142857142857, "TPR": [0.75, 0.6875], "TPR whole": 0.7, "TPR ratio": 1.0909090909090908, "FPR": [0.02959183673469388, 0.0010869565217391304], "FPR whole": 0.015789473684210527, "FPR ratio": 27.22448979591837, "PPR": [0.3409090909090909, 0.9821428571428571], "PPR whole": 0.7, "PPR ratio": 0.34710743801652894}, "0.5-0.8": {"roc": 0.9455789473684212, "flag_rate": [0.043, 0.057], "flag_rate_ratio": 0.7543859649122806, "TPR": [0.75, 0.7125], "TPR whole": 0.72, "TPR ratio": 1.0526315789473684, "FPR": [0.02857142857142857, 0.0], "FPR whole": 0.014736842105263158, "FPR ratio": 2.857142857142857e-07, "PPR": [0.3488372093023256, 1.0], "PPR whole": 0.72, "PPR ratio": 0.3488372093023256}, "0.8-0.01": {"roc": 0.9635578947368421, "flag_rate": [0.035, 0.065], "flag_rate_ratio": 0.5384615384615385, "TPR": [0.8, 0.7625], "TPR whole": 0.77, "TPR ratio": 1.0491803278688525, "FPR": [0.019387755102040816, 0.004347826086956522], "FPR whole": 0.012105263157894737, "FPR ratio": 4.459183673469387, "PPR": [0.45714285714285713, 0.9384615384615385], "PPR whole": 0.77, "PPR ratio": 0.48711943793911006}, "0.8-0.2": {"roc": 0.9546368421052631, "flag_rate": [0.043, 0.057], "flag_rate_ratio": 0.7543859649122806, "TPR": [0.75, 0.675], "TPR whole": 0.69, "TPR ratio": 1.111111111111111, "FPR": [0.02857142857142857, 0.003260869565217391], "FPR whole": 0.01631578947368421, "FPR ratio": 8.761904761904763, "PPR": [0.3488372093023256, 0.9473684210526315], "PPR whole": 0.69, "PPR ratio": 0.36821705426356593}, "0.8-0.5": {"roc": 0.9397894736842105, "flag_rate": [0.042, 0.058], "flag_rate_ratio": 0.7241379310344828, "TPR": [0.75, 0.7125], "TPR whole": 0.72, "TPR ratio": 1.0526315789473684, "FPR": [0.027551020408163266, 0.0010869565217391304], "FPR whole": 0.014736842105263158, "FPR ratio": 25.346938775510203, "PPR": [0.35714285714285715, 0.9827586206896551], "PPR whole": 0.72, "PPR ratio": 0.3634085213032582}, "0.8-0.8": {"roc": 0.9597210526315789, "flag_rate": [0.034, 0.066], "flag_rate_ratio": 0.5151515151515151, "TPR": [0.75, 0.7625], "TPR whole": 0.76, "TPR ratio": 0.9836065573770493, "FPR": [0.019387755102040816, 0.005434782608695652], "FPR whole": 0.01263157894736842, "FPR ratio": 3.5673469387755103, "PPR": [0.4411764705882353, 0.9242424242424242], "PPR whole": 0.76, "PPR ratio": 0.4773384763741562}}