{"0.01-0.01": {"roc": 0.9494842105263158, "flag_rate": [0.048, 0.052], "flag_rate_ratio": 0.9230769230769231, "TPR": [0.78, 0.8], "TPR whole": 0.79, "TPR ratio": 0.975, "FPR": [0.009473684210526316, 0.01263157894736842], "FPR whole": 0.011052631578947368, "FPR ratio": 0.7500000000000001, "PPR": [0.8125, 0.7692307692307693], "PPR whole": 0.79, "PPR ratio": 1.05625}, "0.01-0.2": {"roc": 0.9373578947368421, "flag_rate": [0.052, 0.048], "flag_rate_ratio": 1.0833333333333333, "TPR": [0.74, 0.78], "TPR whole": 0.76, "TPR ratio": 0.9487179487179487, "FPR": [0.015789473684210527, 0.009473684210526316], "FPR whole": 0.01263157894736842, "FPR ratio": 1.6666666666666665, "PPR": [0.7115384615384616, 0.8125], "PPR whole": 0.76, "PPR ratio": 0.8757396449704142}, "0.01-0.5": {"roc": 0.9285105263157895, "flag_rate": [0.05, 0.05], "flag_rate_ratio": 1.0, "TPR": [0.76, 0.76], "TPR whole": 0.76, "TPR ratio": 1.0, "FPR": [0.01263157894736842, 0.01263157894736842], "FPR whole": 0.01263157894736842, "FPR ratio": 1.0, "PPR": [0.76, 0.76], "PPR whole": 0.76, "PPR ratio": 1.0}, "0.01-0.8": {"roc": 0.9287421052631579, "flag_rate": [0.05, 0.05], "flag_rate_ratio": 1.0, "TPR": [0.72, 0.76], "TPR whole": 0.74, "TPR ratio": 0.9473684210526315, "FPR": [0.014736842105263158, 0.01263157894736842], "FPR whole": 0.01368421052631579, "FPR ratio": 1.1666666666666667, "PPR": [0.72, 0.76], "PPR whole": 0.74, "PPR ratio": 0.9473684210526315}, "0.05-0.01": {"roc": 0.9495736842105261, "flag_rate": [0.049, 0.051], "flag_rate_ratio": 0.9607843137254903, "TPR": [0.8, 0.8], "TPR whole": 0.8, "TPR ratio": 1.0, "FPR": [0.009473684210526316, 0.011578947368421053], "FPR whole": 0.010526315789473684, "FPR ratio": 0.8181818181818182, "PPR": [0.8163265306122449, 0.7843137254901961], "PPR whole": 0.8, "PPR ratio": 1.0408163265306123}, "0.05-0.2": {"roc": 0.9341473684210526, "flag_rate": [0.045, 0.055], "flag_rate_ratio": 0.8181818181818181, "TPR": [0.7, 0.78], "TPR whole": 0.74, "TPR ratio": 0.8974358974358974, "FPR": [0.010526315789473684, 0.016842105263157894], "FPR whole": 0.01368421052631579, "FPR ratio": 0.625, "PPR": [0.7777777777777778, 0.7090909090909091], "PPR whole": 0.74, "PPR ratio": 1.0968660968660968}, "0.05-0.5": {"roc": 0.9318421052631578, "flag_rate": [0.043, 0.057], "flag_rate_ratio": 0.7543859649122806, "TPR": [0.74, 0.78], "TPR whole": 0.76, "TPR ratio": 0.9487179487179487, "FPR": [0.00631578947368421, 0.018947368421052633], "FPR whole": 0.01263157894736842, "FPR ratio": 0.3333333333333333, "PPR": [0.8604651162790697, 0.6842105263157895], "PPR whole": 0.76, "PPR ratio": 1.257602862254025}, "0.05-0.8": {"roc": 0.9331999999999999, "flag_rate": [0.048, 0.052], "flag_rate_ratio": 0.9230769230769231, "TPR": [0.68, 0.76], "TPR whole": 0.72, "TPR ratio": 0.8947368421052632, "FPR": [0.014736842105263158, 0.014736842105263158], "FPR whole": 0.014736842105263158, "FPR ratio": 1.0, "PPR": [0.7083333333333334, 0.7307692307692307], "PPR whole": 0.72, "PPR ratio": 0.9692982456140352}, "0.2-0.01": {"roc": 0.9496052631578947, "flag_rate": [0.049, 0.051], "flag_rate_ratio": 0.9607843137254903, "TPR": [0.82, 0.8], "TPR whole": 0.81, "TPR ratio": 1.025, "FPR": [0.008421052631578947, 0.011578947368421053], "FPR whole": 0.01, "FPR ratio": 0.7272727272727272, "PPR": [0.8367346938775511, 0.7843137254901961], "PPR whole": 0.81, "PPR ratio": 1.0668367346938776}, "0.2-0.2": {"roc": 0.9341105263157895, "flag_rate": [0.05, 0.05], "flag_rate_ratio": 1.0, "TPR": [0.76, 0.78], "TPR whole": 0.77, "TPR ratio": 0.9743589743589743, "FPR": [0.01263157894736842, 0.011578947368421053], "FPR whole": 0.012105263157894737, "FPR ratio": 1.0909090909090908, "PPR": [0.76, 0.78], "PPR whole": 0.77, "PPR ratio": 0.9743589743589743}, "0.2-0.5": {"roc": 0.9299842105263159, "flag_rate": [0.047, 0.053], "flag_rate_ratio": 0.8867924528301887, "TPR": [0.7, 0.74], "TPR whole": 0.72, "TPR ratio": 0.9459459459459459, "FPR": [0.01263157894736842, 0.016842105263157894], "FPR whole": 0.014736842105263158, "FPR ratio": 0.75, "PPR": [0.7446808510638298, 0.6981132075471698], "PPR whole": 0.72, "PPR ratio": 1.0667050028752156}, "0.2-0.8": {"roc": 0.9324, "flag_rate": [0.046, 0.054], "flag_rate_ratio": 0.8518518518518519, "TPR": [0.7, 0.74], "TPR whole": 0.72, "TPR ratio": 0.9459459459459459, "FPR": [0.011578947368421053, 0.017894736842105262], "FPR whole": 0.014736842105263158, "FPR ratio": 0.6470588235294118, "PPR": [0.7608695652173914, 0.6851851851851852], "PPR whole": 0.72, "PPR ratio": 1.1104582843713278}, "0.5-0.01": {"roc": 0.9485736842105262, "flag_rate": [0.052, 0.048], "flag_rate_ratio": 1.0833333333333333, "TPR": [0.84, 0.8], "TPR whole": 0.82, "TPR ratio": 1.0499999999999998, "FPR": [0.010526315789473684, 0.008421052631578947], "FPR whole": 0.009473684210526316, "FPR ratio": 1.25, "PPR": [0.8076923076923077, 0.8333333333333334], "PPR whole": 0.82, "PPR ratio": 0.9692307692307692}, "0.5-0.2": {"roc": 0.9387421052631579, "flag_rate": [0.051, 0.049], "flag_rate_ratio": 1.040816326530612, "TPR": [0.72, 0.78], "TPR whole": 0.75, "TPR ratio": 0.923076923076923, "FPR": [0.015789473684210527, 0.010526315789473684], "FPR whole": 0.013157894736842105, "FPR ratio": 1.5, "PPR": [0.7058823529411765, 0.7959183673469388], "PPR whole": 0.75, "PPR ratio": 0.8868778280542987}, "0.5-0.5": {"roc": 0.9354578947368422, "flag_rate": [0.05, 0.05], "flag_rate_ratio": 1.0, "TPR": [0.72, 0.76], "TPR whole": 0.74, "TPR ratio": 0.9473684210526315, "FPR": [0.014736842105263158, 0.01263157894736842], "FPR whole": 0.01368421052631579, "FPR ratio": 1.1666666666666667, "PPR": [0.72, 0.76], "PPR whole": 0.74, "PPR ratio": 0.9473684210526315}, "0.5-0.8": {"roc": 0.9301421052631579, "flag_rate": [0.05, 0.05], "flag_rate_ratio": 1.0, "TPR": [0.68, 0.74], "TPR whole": 0.71, "TPR ratio": 0.918918918918919, "FPR": [0.016842105263157894, 0.01368421052631579], "FPR whole": 0.015263157894736841, "FPR ratio": 1.2307692307692306, "PPR": [0.68, 0.74], "PPR whole": 0.71, "PPR ratio": 0.918918918918919}, "0.8-0.01": {"roc": 0.9496736842105263, "flag_rate": [0.048, 0.052], "flag_rate_ratio": 0.9230769230769231, "TPR": [0.78, 0.82], "TPR whole": 0.8, "TPR ratio": 0.951219512195122, "FPR": [0.009473684210526316, 0.011578947368421053], "FPR whole": 0.010526315789473684, "FPR ratio": 0.8181818181818182, "PPR": [0.8125, 0.7884615384615384], "PPR whole": 0.8, "PPR ratio": 1.0304878048780488}, "0.8-0.2": {"roc": 0.9366526315789474, "flag_rate": [0.044, 0.056], "flag_rate_ratio": 0.7857142857142857, "TPR": [0.7, 0.74], "TPR whole": 0.72, "TPR ratio": 0.9459459459459459, "FPR": [0.009473684210526316, 0.02], "FPR whole": 0.014736842105263158, "FPR ratio": 0.4736842105263158, "PPR": [0.7954545454545454, 0.6607142857142857], "PPR whole": 0.72, "PPR ratio": 1.203931203931204}, "0.8-0.5": {"roc": 0.9255, "flag_rate": [0.048, 0.052], "flag_rate_ratio": 0.9230769230769231, "TPR": [0.72, 0.74], "TPR whole": 0.73, "TPR ratio": 0.9729729729729729, "FPR": [0.01263157894736842, 0.015789473684210527], "FPR whole": 0.014210526315789474, "FPR ratio": 0.7999999999999999, "PPR": [0.75, 0.7115384615384616], "PPR whole": 0.73, "PPR ratio": 1.054054054054054}, "0.8-0.8": {"roc": 0.9287684210526315, "flag_rate": [0.051, 0.049], "flag_rate_ratio": 1.040816326530612, "TPR": [0.72, 0.76], "TPR whole": 0.74, "TPR ratio": 0.9473684210526315, "FPR": [0.015789473684210527, 0.011578947368421053], "FPR whole": 0.01368421052631579, "FPR ratio": 1.3636363636363635, "PPR": [0.7058823529411765, 0.7755102040816326], "PPR whole": 0.74, "PPR ratio": 0.9102167182662539}}