{"alpha_list": [0.01, 0.05, 0.5, 0.01, 0.01, 0.05, 0.01], "gamma_list": [0.8, 0.5, 0.8, 0.5, 0.8, 0.5, 0.8], "auroc": [0.9812670391061452, 0.9874083876516254, 0.9827053891131362, 0.989818244170096, 0.988546771787769, 0.9692269347401652, 0.9882614821921093]}