{"0.01-0.01": {"roc": 0.9809017308766053, "flag_rate": [0.103, 0.0960960960960961], "flag_rate_ratio": 1.07184375, "TPR": [0.79, 0.8181818181818182], "TPR whole": 0.8040201005025126, "TPR ratio": 0.9655555555555555, "FPR": [0.02666666666666667, 0.016666666666666666], "FPR whole": 0.021666666666666667, "FPR ratio": 1.6, "PPR": [0.7669902912621359, 0.84375], "PPR whole": 0.8040201005025126, "PPR ratio": 0.9090255303847536}, "0.01-0.2": {"roc": 0.9735399218313792, "flag_rate": [0.1, 0.0990990990990991], "flag_rate_ratio": 1.009090909090909, "TPR": [0.74, 0.7676767676767676], "TPR whole": 0.7537688442211056, "TPR ratio": 0.9639473684210527, "FPR": [0.028888888888888888, 0.025555555555555557], "FPR whole": 0.02722222222222222, "FPR ratio": 1.1304347826086956, "PPR": [0.74, 0.7676767676767676], "PPR whole": 0.7537688442211056, "PPR ratio": 0.9639473684210527}, "0.01-0.5": {"roc": 0.9805053042992742, "flag_rate": [0.106, 0.09309309309309309], "flag_rate_ratio": 1.1386451612903226, "TPR": [0.81, 0.7878787878787878], "TPR whole": 0.7989949748743719, "TPR ratio": 1.028076923076923, "FPR": [0.027777777777777776, 0.016666666666666666], "FPR whole": 0.022222222222222223, "FPR ratio": 1.6666666666666665, "PPR": [0.7641509433962265, 0.8387096774193549], "PPR whole": 0.7989949748743719, "PPR ratio": 0.9111030478955008}, "0.01-0.8": {"roc": 0.977211055276382, "flag_rate": [0.1, 0.0990990990990991], "flag_rate_ratio": 1.009090909090909, "TPR": [0.75, 0.7777777777777778], "TPR whole": 0.7638190954773869, "TPR ratio": 0.9642857142857143, "FPR": [0.027777777777777776, 0.024444444444444446], "FPR whole": 0.026111111111111113, "FPR ratio": 1.1363636363636362, "PPR": [0.75, 0.7777777777777778], "PPR whole": 0.7638190954773869, "PPR ratio": 0.9642857142857143}, "0.05-0.01": {"roc": 0.9844751535455053, "flag_rate": [0.1, 0.0990990990990991], "flag_rate_ratio": 1.009090909090909, "TPR": [0.79, 0.8484848484848485], "TPR whole": 0.8190954773869347, "TPR ratio": 0.9310714285714285, "FPR": [0.023333333333333334, 0.016666666666666666], "FPR whole": 0.02, "FPR ratio": 1.4000000000000001, "PPR": [0.79, 0.8484848484848485], "PPR whole": 0.8190954773869347, "PPR ratio": 0.9310714285714285}, "0.05-0.2": {"roc": 0.977035175879397, "flag_rate": [0.1, 0.0990990990990991], "flag_rate_ratio": 1.009090909090909, "TPR": [0.75, 0.797979797979798], "TPR whole": 0.7738693467336684, "TPR ratio": 0.939873417721519, "FPR": [0.027777777777777776, 0.022222222222222223], "FPR whole": 0.025, "FPR ratio": 1.2499999999999998, "PPR": [0.75, 0.797979797979798], "PPR whole": 0.7738693467336684, "PPR ratio": 0.939873417721519}, "0.05-0.5": {"roc": 0.9799078726968173, "flag_rate": [0.105, 0.0940940940940941], "flag_rate_ratio": 1.115904255319149, "TPR": [0.8, 0.7878787878787878], "TPR whole": 0.7939698492462312, "TPR ratio": 1.0153846153846156, "FPR": [0.027777777777777776, 0.017777777777777778], "FPR whole": 0.02277777777777778, "FPR ratio": 1.5625, "PPR": [0.7619047619047619, 0.8297872340425532], "PPR whole": 0.7939698492462312, "PPR ratio": 0.9181929181929182}, "0.05-0.8": {"roc": 0.980926856504746, "flag_rate": [0.1, 0.0990990990990991], "flag_rate_ratio": 1.009090909090909, "TPR": [0.78, 0.797979797979798], "TPR whole": 0.7889447236180904, "TPR ratio": 0.9774683544303797, "FPR": [0.024444444444444446, 0.022222222222222223], "FPR whole": 0.023333333333333334, "FPR ratio": 1.1, "PPR": [0.78, 0.797979797979798], "PPR whole": 0.7889447236180904, "PPR ratio": 0.9774683544303797}, "0.2-0.01": {"roc": 0.9818648799553322, "flag_rate": [0.1, 0.0990990990990991], "flag_rate_ratio": 1.009090909090909, "TPR": [0.79, 0.8080808080808081], "TPR whole": 0.7989949748743719, "TPR ratio": 0.9776250000000001, "FPR": [0.023333333333333334, 0.021111111111111112], "FPR whole": 0.022222222222222223, "FPR ratio": 1.105263157894737, "PPR": [0.79, 0.8080808080808081], "PPR whole": 0.7989949748743719, "PPR ratio": 0.9776250000000001}, "0.2-0.2": {"roc": 0.9775293132328308, "flag_rate": [0.101, 0.0980980980980981], "flag_rate_ratio": 1.0295816326530614, "TPR": [0.77, 0.7777777777777778], "TPR whole": 0.7738693467336684, "TPR ratio": 0.99, "FPR": [0.02666666666666667, 0.023333333333333334], "FPR whole": 0.025, "FPR ratio": 1.1428571428571428, "PPR": [0.7623762376237624, 0.7857142857142857], "PPR whole": 0.7738693467336684, "PPR ratio": 0.9702970297029704}, "0.2-0.5": {"roc": 0.9773422668900055, "flag_rate": [0.102, 0.0970970970970971], "flag_rate_ratio": 1.0504948453608247, "TPR": [0.76, 0.7878787878787878], "TPR whole": 0.7738693467336684, "TPR ratio": 0.9646153846153847, "FPR": [0.028888888888888888, 0.021111111111111112], "FPR whole": 0.025, "FPR ratio": 1.3684210526315788, "PPR": [0.7450980392156863, 0.8041237113402062], "PPR whole": 0.7738693467336684, "PPR ratio": 0.926596279537456}, "0.2-0.8": {"roc": 0.9778084868788386, "flag_rate": [0.1, 0.0990990990990991], "flag_rate_ratio": 1.009090909090909, "TPR": [0.75, 0.7878787878787878], "TPR whole": 0.7688442211055276, "TPR ratio": 0.951923076923077, "FPR": [0.027777777777777776, 0.023333333333333334], "FPR whole": 0.025555555555555557, "FPR ratio": 1.1904761904761905, "PPR": [0.75, 0.7878787878787878], "PPR whole": 0.7688442211055276, "PPR ratio": 0.951923076923077}, "0.5-0.01": {"roc": 0.9843718592964824, "flag_rate": [0.099, 0.1001001001001001], "flag_rate_ratio": 0.98901, "TPR": [0.79, 0.8383838383838383], "TPR whole": 0.8140703517587939, "TPR ratio": 0.9422891566265061, "FPR": [0.022222222222222223, 0.01888888888888889], "FPR whole": 0.020555555555555556, "FPR ratio": 1.1764705882352942, "PPR": [0.797979797979798, 0.83], "PPR whole": 0.8140703517587939, "PPR ratio": 0.9614214433491542}, "0.5-0.2": {"roc": 0.9804048017867114, "flag_rate": [0.103, 0.0960960960960961], "flag_rate_ratio": 1.07184375, "TPR": [0.8, 0.7878787878787878], "TPR whole": 0.7939698492462312, "TPR ratio": 1.0153846153846156, "FPR": [0.025555555555555557, 0.02], "FPR whole": 0.02277777777777778, "FPR ratio": 1.277777777777778, "PPR": [0.7766990291262136, 0.8125], "PPR whole": 0.7939698492462312, "PPR ratio": 0.9559372666168783}, "0.5-0.5": {"roc": 0.9802289223897264, "flag_rate": [0.104, 0.09509509509509509], "flag_rate_ratio": 1.093642105263158, "TPR": [0.78, 0.797979797979798], "TPR whole": 0.7889447236180904, "TPR ratio": 0.9774683544303797, "FPR": [0.028888888888888888, 0.017777777777777778], "FPR whole": 0.023333333333333334, "FPR ratio": 1.625, "PPR": [0.75, 0.8315789473684211], "PPR whole": 0.7889447236180904, "PPR ratio": 0.9018987341772151}, "0.5-0.8": {"roc": 0.9770100502512563, "flag_rate": [0.102, 0.0970970970970971], "flag_rate_ratio": 1.0504948453608247, "TPR": [0.78, 0.7575757575757576], "TPR whole": 0.7688442211055276, "TPR ratio": 1.0296, "FPR": [0.02666666666666667, 0.024444444444444446], "FPR whole": 0.025555555555555557, "FPR ratio": 1.0909090909090908, "PPR": [0.7647058823529411, 0.7731958762886598], "PPR whole": 0.7688442211055276, "PPR ratio": 0.9890196078431371}, "0.8-0.01": {"roc": 0.9802568397543271, "flag_rate": [0.101, 0.0980980980980981], "flag_rate_ratio": 1.0295816326530614, "TPR": [0.79, 0.797979797979798], "TPR whole": 0.7939698492462312, "TPR ratio": 0.99, "FPR": [0.024444444444444446, 0.021111111111111112], "FPR whole": 0.02277777777777778, "FPR ratio": 1.1578947368421053, "PPR": [0.7821782178217822, 0.8061224489795918], "PPR whole": 0.7939698492462312, "PPR ratio": 0.9702970297029703}, "0.8-0.2": {"roc": 0.9801535455053043, "flag_rate": [0.1, 0.0990990990990991], "flag_rate_ratio": 1.009090909090909, "TPR": [0.76, 0.797979797979798], "TPR whole": 0.7788944723618091, "TPR ratio": 0.9524050632911392, "FPR": [0.02666666666666667, 0.022222222222222223], "FPR whole": 0.024444444444444446, "FPR ratio": 1.2, "PPR": [0.76, 0.797979797979798], "PPR whole": 0.7788944723618091, "PPR ratio": 0.9524050632911392}, "0.8-0.5": {"roc": 0.9754466778336125, "flag_rate": [0.102, 0.0970970970970971], "flag_rate_ratio": 1.0504948453608247, "TPR": [0.76, 0.7676767676767676],