{"0.01-0.01": {"roc": 0.9909829059829061, "flag_rate": [0.093, 0.10251256281407035], "flag_rate_ratio": 0.9072058823529412, "TPR": [0.8, 0.9263157894736842], "TPR whole": 0.8615384615384616, "TPR ratio": 0.8636363636363636, "FPR": [0.014444444444444444, 0.015555555555555555], "FPR whole": 0.015, "FPR ratio": 0.9285714285714286, "PPR": [0.8602150537634409, 0.8627450980392157], "PPR whole": 0.8615384615384616, "PPR ratio": 0.9970674486803519}, "0.01-0.2": {"roc": 0.988048433048433, "flag_rate": [0.096, 0.09949748743718594], "flag_rate_ratio": 0.9648484848484848, "TPR": [0.78, 0.9157894736842105], "TPR whole": 0.8461538461538461, "TPR ratio": 0.8517241379310345, "FPR": [0.02, 0.013333333333333334], "FPR whole": 0.016666666666666666, "FPR ratio": 1.5, "PPR": [0.8125, 0.8787878787878788], "PPR whole": 0.8461538461538461, "PPR ratio": 0.9245689655172414}, "0.01-0.5": {"roc": 0.9926182336182336, "flag_rate": [0.104, 0.0914572864321608], "flag_rate_ratio": 1.137142857142857, "TPR": [0.89, 0.8736842105263158], "TPR whole": 0.882051282051282, "TPR ratio": 1.0186746987951807, "FPR": [0.016666666666666666, 0.008888888888888889], "FPR whole": 0.012777777777777779, "FPR ratio": 1.875, "PPR": [0.8557692307692307, 0.9120879120879121], "PPR whole": 0.882051282051282, "PPR ratio": 0.9382530120481928}, "0.01-0.8": {"roc": 0.9919145299145299, "flag_rate": [0.1, 0.09547738693467336], "flag_rate_ratio": 1.0473684210526317, "TPR": [0.85, 0.9052631578947369], "TPR whole": 0.8769230769230769, "TPR ratio": 0.9389534883720929, "FPR": [0.016666666666666666, 0.01], "FPR whole": 0.013333333333333334, "FPR ratio": 1.6666666666666665, "PPR": [0.85, 0.9052631578947369], "PPR whole": 0.8769230769230769, "PPR ratio": 0.9389534883720929}, "0.05-0.01": {"roc": 0.9914358974358974, "flag_rate": [0.099, 0.0964824120603015], "flag_rate_ratio": 1.02609375, "TPR": [0.8, 0.9157894736842105], "TPR whole": 0.8564102564102564, "TPR ratio": 0.8735632183908046, "FPR": [0.021111111111111112, 0.01], "FPR whole": 0.015555555555555555, "FPR ratio": 2.111111111111111, "PPR": [0.8080808080808081, 0.90625], "PPR whole": 0.8564102564102564, "PPR ratio": 0.8916753744339951}, "0.05-0.2": {"roc": 0.9912022792022792, "flag_rate": [0.095, 0.10050251256281408], "flag_rate_ratio": 0.9452499999999999, "TPR": [0.81, 0.9263157894736842], "TPR whole": 0.8666666666666667, "TPR ratio": 0.8744318181818183, "FPR": [0.015555555555555555, 0.013333333333333334], "FPR whole": 0.014444444444444444, "FPR ratio": 1.1666666666666665, "PPR": [0.8526315789473684, 0.88], "PPR whole": 0.8666666666666667, "PPR ratio": 0.9688995215311005}, "0.05-0.5": {"roc": 0.9887749287749288, "flag_rate": [0.096, 0.09949748743718594], "flag_rate_ratio": 0.9648484848484848, "TPR": [0.79, 0.9052631578947369], "TPR whole": 0.8461538461538461, "TPR ratio": 0.8726744186046511, "FPR": [0.01888888888888889, 0.014444444444444444], "FPR whole": 0.016666666666666666, "FPR ratio": 1.3076923076923077, "PPR": [0.8229166666666666, 0.8686868686868687], "PPR whole": 0.8461538461538461, "PPR ratio": 0.9473110465116278}, "0.05-0.8": {"roc": 0.9899202279202279, "flag_rate": [0.096, 0.09949748743718594], "flag_rate_ratio": 0.9648484848484848, "TPR": [0.81, 0.9052631578947369], "TPR whole": 0.8564102564102564, "TPR ratio": 0.8947674418604651, "FPR": [0.016666666666666666, 0.014444444444444444], "FPR whole": 0.015555555555555555, "FPR ratio": 1.153846153846154, "PPR": [0.84375, 0.8686868686868687], "PPR whole": 0.8564102564102564, "PPR ratio": 0.9712936046511628}, "0.2-0.01": {"roc": 0.9923732193732193, "flag_rate": [0.098, 0.09748743718592964], "flag_rate_ratio": 1.005257731958763, "TPR": [0.84, 0.9157894736842105], "TPR whole": 0.8769230769230769, "TPR ratio": 0.9172413793103449, "FPR": [0.015555555555555555, 0.011111111111111112], "FPR whole": 0.013333333333333334, "FPR ratio": 1.4, "PPR": [0.8571428571428571, 0.8969072164948454], "PPR whole": 0.8769230769230769, "PPR ratio": 0.9556650246305418}, "0.2-0.2": {"roc": 0.9915612535612535, "flag_rate": [0.096, 0.09949748743718594], "flag_rate_ratio": 0.9648484848484848, "TPR": [0.82, 0.9052631578947369], "TPR whole": 0.8615384615384616, "TPR ratio": 0.905813953488372, "FPR": [0.015555555555555555, 0.014444444444444444], "FPR whole": 0.015, "FPR ratio": 1.0769230769230769, "PPR": [0.8541666666666666, 0.8686868686868687], "PPR whole": 0.8615384615384616, "PPR ratio": 0.9832848837209301}, "0.2-0.5": {"roc": 0.993091168091168, "flag_rate": [0.102, 0.09346733668341708], "flag_rate_ratio": 1.0912903225806452, "TPR": [0.88, 0.8842105263157894], "TPR whole": 0.882051282051282, "TPR ratio": 0.9952380952380953, "FPR": [0.015555555555555555, 0.01], "FPR whole": 0.012777777777777779, "FPR ratio": 1.5555555555555556, "PPR": [0.8627450980392157, 0.9032258064516129], "PPR whole": 0.882051282051282, "PPR ratio": 0.9551820728291317}, "0.2-0.8": {"roc": 0.9904330484330485, "flag_rate": [0.098, 0.09748743718592964], "flag_rate_ratio": 1.005257731958763, "TPR": [0.83, 0.8842105263157894], "TPR whole": 0.8564102564102564, "TPR ratio": 0.9386904761904762, "FPR": [0.016666666666666666, 0.014444444444444444], "FPR whole": 0.015555555555555555, "FPR ratio": 1.153846153846154, "PPR": [0.8469387755102041, 0.865979381443299], "PPR whole": 0.8564102564102564, "PPR ratio": 0.9780126336248786}, "0.5-0.01": {"roc": 0.9916524216524216, "flag_rate": [0.1, 0.09547738693467336], "flag_rate_ratio": 1.0473684210526317, "TPR": [0.84, 0.8947368421052632], "TPR whole": 0.8666666666666667, "TPR ratio": 0.9388235294117646, "FPR": [0.017777777777777778, 0.011111111111111112], "FPR whole": 0.014444444444444444, "FPR ratio": 1.5999999999999999, "PPR": [0.84, 0.8947368421052632], "PPR whole": 0.8666666666666667, "PPR ratio": 0.9388235294117646}, "0.5-0.2": {"roc": 0.9932649572649573, "flag_rate": [0.099, 0.0964824120603015], "flag_rate_ratio": 1.02609375, "TPR": [0.88, 0.8842105263157894], "TPR whole": 0.882051282051282, "TPR ratio": 0.9952380952380953, "FPR": [0.012222222222222223, 0.013333333333333334], "FPR whole": 0.012777777777777779, "FPR ratio": 0.9166666666666666, "PPR": [0.8888888888888888, 0.875], "PPR whole": 0.882051282051282, "PPR ratio": 1.0158730158730158}, "0.5-0.5": {"roc": 0.9898433048433048, "flag_rate": [0.098, 0.09748743718592964], "flag_rate_ratio": 1.005257731958763, "TPR": [0.82, 0.9052631578947369], "TPR whole": 0.8615384615384616, "TPR ratio": 0.905813953488372, "FPR": [0.017777777777777778, 0.012222222222222223], "FPR whole": 0.015, "FPR ratio": 1.4545454545454544, "PPR": [0.8367346938775511, 0.8865979381443299], "PPR whole": 0.8615384615384616, "PPR ratio": 0.9437588989084007}, "0.5-0.8": {"roc": 0.9932792022792023, "flag_rate": [0.105, 0.09045226130653267], "flag_rate_ratio": 1.1608333333333332, "TPR": [0.91, 0.8421052631578947], "TPR whole": 0.8769230769230769, "TPR ratio": 1.0806250000000002, "FPR": [0.015555555555555555, 0.011111111111111112], "FPR whole": 0.013333333333333334, "FPR ratio": 1.4, "PPR": [0.8666666666666667, 0.8888888888888888], "PPR whole": 0.8769230769230769, "PPR ratio": 0.9750000000000001}, "0.8-0.01": {"roc": 0.9918603988603989, "flag_rate": [0.1, 0.09547738693467336], "flag_rate_ratio": 1.0473684210526317, "TPR": [0.87, 0.9052631578947369], "TPR whole": 0.8871794871794871, "TPR ratio": 0.9610465116279069, "FPR": [0.014444444444444444, 0.01], "FPR whole": 0.012222222222222223, "FPR ratio": 1.4444444444444444, "PPR": [0.87, 0.9052631578947369], "PPR whole": 0.8871794871794871, "PPR ratio": 0.9610465116279069}, "0.8-0.2": {"roc": 0.9868603988603989, "flag_rate": [0.092, 0.1035175879396985], "flag_rate_ratio": 0.8887378640776699, "TPR": [0.73, 0.9263157894736842], "TPR whole": 0.8256410256410256, "TPR ratio": 0.7880681818181818, "FPR": [0.021111111111111112, 0.016666666666666666], "FPR whole": 0.01888888888888889, "FPR ratio": 1.2666666666666668, "PPR": [0.7934782608695652, 0.8543689320388349], "PPR whole": 0.8256410256410256, "PPR ratio": 0.9287302371541503}, "0.8-0.5": {"roc": 0.990071225071225,