{"0.01-0.01": {"roc": 0.9937103174603175, "flag_rate": [0.093, 0.05], "flag_rate_ratio": 1.8599999999999999, "TPR": [0.82, 0.95], "TPR whole": 0.8571428571428571, "TPR ratio": 0.8631578947368421, "FPR": [0.012222222222222223, 0.01], "FPR whole": 0.011111111111111112, "FPR ratio": 1.2222222222222223, "PPR": [0.8817204301075269, 0.8085106382978723], "PPR whole": 0.8571428571428571, "PPR ratio": 1.0905489530277306}, "0.01-0.2": {"roc": 0.9931666666666668, "flag_rate": [0.092, 0.05106382978723404], "flag_rate_ratio": 1.8016666666666667, "TPR": [0.83, 0.975], "TPR whole": 0.8714285714285714, "TPR ratio": 0.8512820512820513, "FPR": [0.01, 0.01], "FPR whole": 0.01, "FPR ratio": 1.0, "PPR": [0.9021739130434783, 0.8125], "PPR whole": 0.8714285714285714, "PPR ratio": 1.1103678929765886}, "0.01-0.5": {"roc": 0.9885833333333334, "flag_rate": [0.092, 0.05106382978723404], "flag_rate_ratio": 1.8016666666666667, "TPR": [0.79, 0.875], "TPR whole": 0.8142857142857143, "TPR ratio": 0.9028571428571429, "FPR": [0.014444444444444444, 0.014444444444444444], "FPR whole": 0.014444444444444444, "FPR ratio": 1.0, "PPR": [0.8586956521739131, 0.7291666666666666], "PPR whole": 0.8142857142857143, "PPR ratio": 1.1776397515527952}, "0.01-0.8": {"roc": 0.9891071428571429, "flag_rate": [0.087, 0.05638297872340425], "flag_rate_ratio": 1.5430188679245282, "TPR": [0.75, 0.95], "TPR whole": 0.8071428571428572, "TPR ratio": 0.7894736842105263, "FPR": [0.013333333333333334, 0.016666666666666666], "FPR whole": 0.015, "FPR ratio": 0.8, "PPR": [0.8620689655172413, 0.7169811320754716], "PPR whole": 0.8071428571428572, "PPR ratio": 1.2023593466424682}, "0.05-0.01": {"roc": 0.9901269841269841, "flag_rate": [0.092, 0.05106382978723404], "flag_rate_ratio": 1.8016666666666667, "TPR": [0.81, 0.875], "TPR whole": 0.8285714285714286, "TPR ratio": 0.9257142857142858, "FPR": [0.012222222222222223, 0.014444444444444444], "FPR whole": 0.013333333333333334, "FPR ratio": 0.8461538461538463, "PPR": [0.8804347826086957, 0.7291666666666666], "PPR whole": 0.8285714285714286, "PPR ratio": 1.2074534161490684}, "0.05-0.2": {"roc": 0.9943968253968254, "flag_rate": [0.092, 0.05106382978723404], "flag_rate_ratio": 1.8016666666666667, "TPR": [0.83, 1.0], "TPR whole": 0.8785714285714286, "TPR ratio": 0.83, "FPR": [0.01, 0.008888888888888889], "FPR whole": 0.009444444444444445, "FPR ratio": 1.125, "PPR": [0.9021739130434783, 0.8333333333333334], "PPR whole": 0.8785714285714286, "PPR ratio": 1.0826086956521739}, "0.05-0.5": {"roc": 0.9915555555555555, "flag_rate": [0.091, 0.052127659574468084], "flag_rate_ratio": 1.7457142857142858, "TPR": [0.78, 0.975], "TPR whole": 0.8357142857142857, "TPR ratio": 0.8, "FPR": [0.014444444444444444, 0.011111111111111112], "FPR whole": 0.012777777777777779, "FPR ratio": 1.2999999999999998, "PPR": [0.8571428571428571, 0.7959183673469388], "PPR whole": 0.8357142857142857, "PPR ratio": 1.0769230769230769}, "0.05-0.8": {"roc": 0.9952777777777777, "flag_rate": [0.095, 0.047872340425531915], "flag_rate_ratio": 1.9844444444444445, "TPR": [0.85, 0.975], "TPR whole": 0.8857142857142857, "TPR ratio": 0.8717948717948718, "FPR": [0.011111111111111112, 0.006666666666666667], "FPR whole": 0.008888888888888889, "FPR ratio": 1.6666666666666665, "PPR": [0.8947368421052632, 0.8666666666666667], "PPR whole": 0.8857142857142857, "PPR ratio": 1.0323886639676112}, "0.2-0.01": {"roc": 0.9911468253968254, "flag_rate": [0.088, 0.05531914893617021], "flag_rate_ratio": 1.5907692307692307, "TPR": [0.77, 0.975], "TPR whole": 0.8285714285714286, "TPR ratio": 0.7897435897435898, "FPR": [0.012222222222222223, 0.014444444444444444], "FPR whole": 0.013333333333333334, "FPR ratio": 0.8461538461538463, "PPR": [0.875, 0.75], "PPR whole": 0.8285714285714286, "PPR ratio": 1.1666666666666667}, "0.2-0.2": {"roc": 0.9941190476190477, "flag_rate": [0.093, 0.05], "flag_rate_ratio": 1.8599999999999999, "TPR": [0.83, 0.975], "TPR whole": 0.8714285714285714, "TPR ratio": 0.8512820512820513, "FPR": [0.011111111111111112, 0.008888888888888889], "FPR whole": 0.01, "FPR ratio": 1.25, "PPR": [0.8924731182795699, 0.8297872340425532], "PPR whole": 0.8714285714285714, "PPR ratio": 1.0755445271574304}, "0.2-0.5": {"roc": 0.993829365079365, "flag_rate": [0.093, 0.05], "flag_rate_ratio": 1.8599999999999999, "TPR": [0.83, 1.0], "TPR whole": 0.8785714285714286, "TPR ratio": 0.83, "FPR": [0.011111111111111112, 0.0077777777777777776], "FPR whole": 0.009444444444444445, "FPR ratio": 1.4285714285714286, "PPR": [0.8924731182795699, 0.851063829787234], "PPR whole": 0.8785714285714286, "PPR ratio": 1.0486559139784946}, "0.2-0.8": {"roc": 0.989015873015873, "flag_rate": [0.087, 0.05638297872340425], "flag_rate_ratio": 1.5430188679245282, "TPR": [0.73, 1.0], "TPR whole": 0.8071428571428572, "TPR ratio": 0.73, "FPR": [0.015555555555555555, 0.014444444444444444], "FPR whole": 0.015, "FPR ratio": 1.0769230769230769, "PPR": [0.8390804597701149, 0.7547169811320755], "PPR whole": 0.8071428571428572, "PPR ratio": 1.1117816091954023}, "0.5-0.01": {"roc": 0.9901626984126984, "flag_rate": [0.09, 0.05319148936170213], "flag_rate_ratio": 1.692, "TPR": [0.79, 0.925], "TPR whole": 0.8285714285714286, "TPR ratio": 0.8540540540540541, "FPR": [0.012222222222222223, 0.014444444444444444], "FPR whole": 0.013333333333333334, "FPR ratio": 0.8461538461538463, "PPR": [0.8777777777777778, 0.74], "PPR whole": 0.8285714285714286, "PPR ratio": 1.1861861861861862}, "0.5-0.2": {"roc": 0.9922619047619048, "flag_rate": [0.09, 0.05319148936170213], "flag_rate_ratio": 1.692, "TPR": [0.8, 0.975], "TPR whole": 0.85, "TPR ratio": 0.8205128205128206, "FPR": [0.011111111111111112, 0.012222222222222223], "FPR whole": 0.011666666666666667, "FPR ratio": 0.9090909090909091, "PPR": [0.8888888888888888, 0.78], "PPR whole": 0.85, "PPR ratio": 1.1396011396011394}, "0.5-0.5": {"roc": 0.992281746031746, "flag_rate": [0.091, 0.052127659574468084], "flag_rate_ratio": 1.7457142857142858, "TPR": [0.79, 1.0], "TPR whole": 0.85, "TPR ratio": 0.79, "FPR": [0.013333333333333334, 0.01], "FPR whole": 0.011666666666666667, "FPR ratio": 1.3333333333333335, "PPR": [0.8681318681318682, 0.8163265306122449], "PPR whole": 0.85, "PPR ratio": 1.0634615384615385}, "0.5-0.8": {"roc": 0.9950793650793651, "flag_rate": [0.098, 0.04468085106382979], "flag_rate_ratio": 2.1933333333333334, "TPR": [0.87, 0.9], "TPR whole": 0.8785714285714286, "TPR ratio": 0.9666666666666667, "FPR": [0.012222222222222223, 0.006666666666666667], "FPR whole": 0.009444444444444445, "FPR ratio": 1.8333333333333333, "PPR": [0.8877551020408163, 0.8571428571428571], "PPR whole": 0.8785714285714286, "PPR ratio": 1.0357142857142858}, "0.8-0.01": {"roc": 0.9934642857142857, "flag_rate": [0.093, 0.05], "flag_rate_ratio": 1.8599999999999999, "TPR": [0.83, 0.95], "TPR whole": 0.8642857142857143, "TPR ratio": 0.8736842105263158, "FPR": [0.011111111111111112, 0.01], "FPR whole": 0.010555555555555556, "FPR ratio": 1.1111111111111112, "PPR": [0.8924731182795699, 0.8085106382978723], "PPR whole": 0.8642857142857143, "PPR ratio": 1.1038483305036786}, "0.8-0.2": {"roc": 0.9949087301587302, "flag_rate": [0.098, 0.04468085106382979], "flag_rate_ratio": 2.1933333333333334, "TPR": [0.89, 0.875], "TPR whole": 0.8857142857142857, "TPR ratio": 1.0171428571428571, "FPR": [0.01, 0.0077777777777777776], "FPR whole": 0.008888888888888889, "FPR ratio": 1.2857142857142858, "PPR": [0.9081632653061225, 0.8333333333333334], "PPR whole": 0.8857142857142857, "PPR ratio": 1.089795918367347}, "0.8-0.5": {"roc": 0.9952301587301586, "flag_rate": [0.098, 0.04468085106382979], "flag_rate_ratio": 2.1933333333333334, "TPR": [0.88, 0.875], "TPR whole": 0.8785714285714286, "TPR ratio": 1.0057142857142858, "FPR": [0.011111111111111112, 0.0077777777777777776], "FPR whole": 0.009444444444444445, "FPR ratio": 1.4285714285714286, "PPR": [0.8979591836734694, 0.8333333333333334], "PPR whole": 0.8785714285714286, "PPR ratio": 1.0775510204081633}, "0.8-0.8": {"roc": 0.9923055555555556,