{"0.01-0.01": {"roc": 0.99296783625731, "flag_rate": [0.099, 0.09191919191919191], "flag_rate_ratio": 1.0770329670329672, "TPR": [0.84, 0.9111111111111111], "TPR whole": 0.8736842105263158, "TPR ratio": 0.921951219512195, "FPR": [0.016666666666666666, 0.01], "FPR whole": 0.013333333333333334, "FPR ratio": 1.6666666666666665, "PPR": [0.8484848484848485, 0.9010989010989011], "PPR whole": 0.8736842105263158, "PPR ratio": 0.9416112342941612}, "0.01-0.2": {"roc": 0.9917807017543859, "flag_rate": [0.097, 0.09393939393939393], "flag_rate_ratio": 1.0325806451612904, "TPR": [0.83, 0.9111111111111111], "TPR whole": 0.868421052631579, "TPR ratio": 0.9109756097560975, "FPR": [0.015555555555555555, 0.012222222222222223], "FPR whole": 0.013888888888888888, "FPR ratio": 1.2727272727272727, "PPR": [0.8556701030927835, 0.8817204301075269], "PPR whole": 0.868421052631579, "PPR ratio": 0.9704551169223032}, "0.01-0.5": {"roc": 0.9851959064327485, "flag_rate": [0.091, 0.1], "flag_rate_ratio": 0.9099999999999999, "TPR": [0.67, 0.9222222222222223], "TPR whole": 0.7894736842105263, "TPR ratio": 0.7265060240963855, "FPR": [0.02666666666666667, 0.017777777777777778], "FPR whole": 0.022222222222222223, "FPR ratio": 1.5, "PPR": [0.7362637362637363, 0.8383838383838383], "PPR whole": 0.7894736842105263, "PPR ratio": 0.8781940950615651}, "0.01-0.8": {"roc": 0.9896929824561403, "flag_rate": [0.094, 0.09696969696969697], "flag_rate_ratio": 0.969375, "TPR": [0.79, 0.9222222222222223], "TPR whole": 0.8526315789473684, "TPR ratio": 0.8566265060240964, "FPR": [0.016666666666666666, 0.014444444444444444], "FPR whole": 0.015555555555555555, "FPR ratio": 1.153846153846154, "PPR": [0.8404255319148937, 0.8645833333333334], "PPR whole": 0.8526315789473684, "PPR ratio": 0.9720584465521661}, "0.05-0.01": {"roc": 0.9765058479532164, "flag_rate": [0.087, 0.10404040404040404], "flag_rate_ratio": 0.8362135922330096, "TPR": [0.62, 0.9333333333333333], "TPR whole": 0.7684210526315789, "TPR ratio": 0.6642857142857143, "FPR": [0.027777777777777776, 0.021111111111111112], "FPR whole": 0.024444444444444446, "FPR ratio": 1.3157894736842104, "PPR": [0.7126436781609196, 0.8155339805825242], "PPR whole": 0.7684210526315789, "PPR ratio": 0.8738368910782705}, "0.05-0.2": {"roc": 0.9872690058479532, "flag_rate": [0.093, 0.09797979797979799], "flag_rate_ratio": 0.9491752577319587, "TPR": [0.73, 0.9], "TPR whole": 0.8105263157894737, "TPR ratio": 0.8111111111111111, "FPR": [0.022222222222222223, 0.017777777777777778], "FPR whole": 0.02, "FPR ratio": 1.25, "PPR": [0.7849462365591398, 0.8350515463917526], "PPR whole": 0.8105263157894737, "PPR ratio": 0.9399973450152661}, "0.05-0.5": {"roc": 0.988859649122807, "flag_rate": [0.096, 0.09494949494949495], "flag_rate_ratio": 1.011063829787234, "TPR": [0.78, 0.9111111111111111], "TPR whole": 0.8421052631578947, "TPR ratio": 0.8560975609756099, "FPR": [0.02, 0.013333333333333334], "FPR whole": 0.016666666666666666, "FPR ratio": 1.5, "PPR": [0.8125, 0.8723404255319149], "PPR whole": 0.8421052631578947, "PPR ratio": 0.9314024390243902}, "0.05-0.8": {"roc": 0.9869707602339182, "flag_rate": [0.092, 0.09898989898989899], "flag_rate_ratio": 0.9293877551020409, "TPR": [0.69, 0.9222222222222223], "TPR whole": 0.8, "TPR ratio": 0.7481927710843372, "FPR": [0.025555555555555557, 0.016666666666666666], "FPR whole": 0.021111111111111112, "FPR ratio": 1.5333333333333334, "PPR": [0.75, 0.8469387755102041], "PPR whole": 0.8, "PPR ratio": 0.8855421686746987}, "0.2-0.01": {"roc": 0.9841812865497076, "flag_rate": [0.088, 0.10303030303030303], "flag_rate_ratio": 0.8541176470588235, "TPR": [0.68, 0.9444444444444444], "TPR whole": 0.8052631578947368, "TPR ratio": 0.7200000000000001, "FPR": [0.022222222222222223, 0.01888888888888889], "FPR whole": 0.020555555555555556, "FPR ratio": 1.1764705882352942, "PPR": [0.7727272727272727, 0.8333333333333334], "PPR whole": 0.8052631578947368, "PPR ratio": 0.9272727272727272}, "0.2-0.2": {"roc": 0.9855818713450293, "flag_rate": [0.092, 0.09898989898989899], "flag_rate_ratio": 0.9293877551020409, "TPR": [0.68, 0.9222222222222223], "TPR whole": 0.7947368421052632, "TPR ratio": 0.7373493975903614, "FPR": [0.02666666666666667, 0.016666666666666666], "FPR whole": 0.021666666666666667, "FPR ratio": 1.6, "PPR": [0.7391304347826086, 0.8469387755102041], "PPR whole": 0.7947368421052632, "PPR ratio": 0.8727082242011523}, "0.2-0.5": {"roc": 0.9889561403508771, "flag_rate": [0.095, 0.09595959595959595], "flag_rate_ratio": 0.9900000000000001, "TPR": [0.77, 0.8888888888888888], "TPR whole": 0.8263157894736842, "TPR ratio": 0.8662500000000001, "FPR": [0.02, 0.016666666666666666], "FPR whole": 0.018333333333333333, "FPR ratio": 1.2, "PPR": [0.8105263157894737, 0.8421052631578947], "PPR whole": 0.8263157894736842, "PPR ratio": 0.9625}, "0.2-0.8": {"roc": 0.9907017543859649, "flag_rate": [0.095, 0.09595959595959595], "flag_rate_ratio": 0.9900000000000001, "TPR": [0.79, 0.9222222222222223], "TPR whole": 0.8526315789473684, "TPR ratio": 0.8566265060240964, "FPR": [0.017777777777777778, 0.013333333333333334], "FPR whole": 0.015555555555555555, "FPR ratio": 1.3333333333333333, "PPR": [0.8315789473684211, 0.8736842105263158], "PPR whole": 0.8526315789473684, "PPR ratio": 0.9518072289156626}, "0.5-0.01": {"roc": 0.9903304093567251, "flag_rate": [0.098, 0.09292929292929293], "flag_rate_ratio": 1.0545652173913043, "TPR": [0.82, 0.8666666666666667], "TPR whole": 0.8421052631578947, "TPR ratio": 0.946153846153846, "FPR": [0.017777777777777778, 0.015555555555555555], "FPR whole": 0.016666666666666666, "FPR ratio": 1.1428571428571428, "PPR": [0.8367346938775511, 0.8478260869565217], "PPR whole": 0.8421052631578947, "PPR ratio": 0.9869178440607013}, "0.5-0.2": {"roc": 0.989111111111111, "flag_rate": [0.094, 0.09696969696969697], "flag_rate_ratio": 0.969375, "TPR": [0.75, 0.9222222222222223], "TPR whole": 0.8315789473684211, "TPR ratio": 0.8132530120481927, "FPR": [0.021111111111111112, 0.014444444444444444], "FPR whole": 0.017777777777777778, "FPR ratio": 1.4615384615384617, "PPR": [0.7978723404255319, 0.8645833333333334], "PPR whole": 0.8315789473684211, "PPR ratio": 0.9228402973596513}, "0.5-0.5": {"roc": 0.9856637426900584, "flag_rate": [0.089, 0.10202020202020202], "flag_rate_ratio": 0.8723762376237623, "TPR": [0.66, 0.9333333333333333], "TPR whole": 0.7894736842105263, "TPR ratio": 0.7071428571428572, "FPR": [0.025555555555555557, 0.01888888888888889], "FPR whole": 0.022222222222222223, "FPR ratio": 1.3529411764705883, "PPR": [0.7415730337078652, 0.8316831683168316], "PPR whole": 0.7894736842105263, "PPR ratio": 0.8916532905296951}, "0.5-0.8": {"roc": 0.9855233918128654, "flag_rate": [0.088, 0.10303030303030303], "flag_rate_ratio": 0.8541176470588235, "TPR": [0.67, 0.9444444444444444], "TPR whole": 0.8, "TPR ratio": 0.7094117647058824, "FPR": [0.023333333333333334, 0.01888888888888889], "FPR whole": 0.021111111111111112, "FPR ratio": 1.2352941176470589, "PPR": [0.7613636363636364, 0.8333333333333334], "PPR whole": 0.8, "PPR ratio": 0.9136363636363636}, "0.8-0.01": {"roc": 0.988312865497076, "flag_rate": [0.093, 0.09797979797979799], "flag_rate_ratio": 0.9491752577319587, "TPR": [0.74, 0.9222222222222223], "TPR whole": 0.8263157894736842, "TPR ratio": 0.8024096385542168, "FPR": [0.021111111111111112, 0.015555555555555555], "FPR whole": 0.018333333333333333, "FPR ratio": 1.3571428571428572, "PPR": [0.7956989247311828, 0.8556701030927835], "PPR whole": 0.8263157894736842, "PPR ratio": 0.9299132011918643}, "0.8-0.2": {"roc": 0.9858333333333333, "flag_rate": [0.091, 0.1], "flag_rate_ratio": 0.9099999999999999, "TPR": [0.67, 0.9222222222222223], "TPR whole": 0.7894736842105263, "TPR ratio": 0.7265060240963855, "FPR": [0.02666666666666667, 0.017777777777777778], "FPR whole": 0.022222222222222223, "FPR ratio": 1.5, "PPR": [0.7362637362637363, 0.8383838383838383], "PPR whole": 0.7894736842105263, "PPR ratio": 0.8781940950615651}, "0.8-0.5": {"roc": 0.9871081871345029,