{"0.01-0.01": {"roc": 0.9899814814814815, "flag_rate": [0.085, 0.03804347826086957], "flag_rate_ratio": 2.2342857142857144, "TPR": [0.75, 1.0], "TPR whole": 0.7916666666666666, "TPR ratio": 0.75, "FPR": [0.011111111111111112, 0.016666666666666666], "FPR whole": 0.013888888888888888, "FPR ratio": 0.6666666666666667, "PPR": [0.8823529411764706, 0.5714285714285714], "PPR whole": 0.7916666666666666, "PPR ratio": 1.5441176470588236}, "0.01-0.2": {"roc": 0.9840185185185186, "flag_rate": [0.082, 0.041304347826086954], "flag_rate_ratio": 1.985263157894737, "TPR": [0.68, 1.0], "TPR whole": 0.7333333333333333, "TPR ratio": 0.68, "FPR": [0.015555555555555555, 0.02], "FPR whole": 0.017777777777777778, "FPR ratio": 0.7777777777777778, "PPR": [0.8292682926829268, 0.5263157894736842], "PPR whole": 0.7333333333333333, "PPR ratio": 1.575609756097561}, "0.01-0.5": {"roc": 0.9768009259259259, "flag_rate": [0.078, 0.04565217391304348], "flag_rate_ratio": 1.7085714285714286, "TPR": [0.59, 1.0], "TPR whole": 0.6583333333333333, "TPR ratio": 0.59, "FPR": [0.021111111111111112, 0.024444444444444446], "FPR whole": 0.02277777777777778, "FPR ratio": 0.8636363636363636, "PPR": [0.7564102564102564, 0.47619047619047616], "PPR whole": 0.6583333333333333, "PPR ratio": 1.5884615384615386}, "0.01-0.8": {"roc": 0.9799305555555556, "flag_rate": [0.081, 0.042391304347826085], "flag_rate_ratio": 1.910769230769231, "TPR": [0.68, 1.0], "TPR whole": 0.7333333333333333, "TPR ratio": 0.68, "FPR": [0.014444444444444444, 0.021111111111111112], "FPR whole": 0.017777777777777778, "FPR ratio": 0.6842105263157894, "PPR": [0.8395061728395061, 0.5128205128205128], "PPR whole": 0.7333333333333333, "PPR ratio": 1.637037037037037}, "0.05-0.01": {"roc": 0.9847916666666667, "flag_rate": [0.081, 0.042391304347826085], "flag_rate_ratio": 1.910769230769231, "TPR": [0.7, 1.0], "TPR whole": 0.75, "TPR ratio": 0.7, "FPR": [0.012222222222222223, 0.021111111111111112], "FPR whole": 0.016666666666666666, "FPR ratio": 0.5789473684210527, "PPR": [0.8641975308641975, 0.5128205128205128], "PPR whole": 0.75, "PPR ratio": 1.6851851851851853}, "0.05-0.2": {"roc": 0.9856805555555554, "flag_rate": [0.082, 0.041304347826086954], "flag_rate_ratio": 1.985263157894737, "TPR": [0.7, 1.0], "TPR whole": 0.75, "TPR ratio": 0.7, "FPR": [0.013333333333333334, 0.02], "FPR whole": 0.016666666666666666, "FPR ratio": 0.6666666666666667, "PPR": [0.8536585365853658, 0.5263157894736842], "PPR whole": 0.75, "PPR ratio": 1.6219512195121952}, "0.05-0.5": {"roc": 0.9851064814814814, "flag_rate": [0.084, 0.0391304347826087], "flag_rate_ratio": 2.1466666666666665, "TPR": [0.71, 1.0], "TPR whole": 0.7583333333333333, "TPR ratio": 0.71, "FPR": [0.014444444444444444, 0.017777777777777778], "FPR whole": 0.01611111111111111, "FPR ratio": 0.8125, "PPR": [0.8452380952380952, 0.5555555555555556], "PPR whole": 0.7583333333333333, "PPR ratio": 1.5214285714285714}, "0.05-0.8": {"roc": 0.9780833333333333, "flag_rate": [0.078, 0.04565217391304348], "flag_rate_ratio": 1.7085714285714286, "TPR": [0.62, 1.0], "TPR whole": 0.6833333333333333, "TPR ratio": 0.62, "FPR": [0.017777777777777778, 0.024444444444444446], "FPR whole": 0.021111111111111112, "FPR ratio": 0.7272727272727272, "PPR": [0.7948717948717948, 0.47619047619047616], "PPR whole": 0.6833333333333333, "PPR ratio": 1.6692307692307693}, "0.2-0.01": {"roc": 0.9809629629629629, "flag_rate": [0.08, 0.043478260869565216], "flag_rate_ratio": 1.84, "TPR": [0.67, 1.0], "TPR whole": 0.725, "TPR ratio": 0.67, "FPR": [0.014444444444444444, 0.022222222222222223], "FPR whole": 0.018333333333333333, "FPR ratio": 0.6499999999999999, "PPR": [0.8375, 0.5], "PPR whole": 0.725, "PPR ratio": 1.675}, "0.2-0.2": {"roc": 0.984537037037037, "flag_rate": [0.083, 0.04021739130434782], "flag_rate_ratio": 2.063783783783784, "TPR": [0.7, 1.0], "TPR whole": 0.75, "TPR ratio": 0.7, "FPR": [0.014444444444444444, 0.01888888888888889], "FPR whole": 0.016666666666666666, "FPR ratio": 0.7647058823529411, "PPR": [0.8433734939759037, 0.5405405405405406], "PPR whole": 0.75, "PPR ratio": 1.5602409638554218}, "0.2-0.5": {"roc": 0.9803518518518518, "flag_rate": [0.08, 0.043478260869565216], "flag_rate_ratio": 1.84, "TPR": [0.64, 1.0], "TPR whole": 0.7, "TPR ratio": 0.64, "FPR": [0.017777777777777778, 0.022222222222222223], "FPR whole": 0.02, "FPR ratio": 0.7999999999999999, "PPR": [0.8, 0.5], "PPR whole": 0.7, "PPR ratio": 1.6}, "0.2-0.8": {"roc": 0.9802314814814815, "flag_rate": [0.08, 0.043478260869565216], "flag_rate_ratio": 1.84, "TPR": [0.63, 1.0], "TPR whole": 0.6916666666666667, "TPR ratio": 0.63, "FPR": [0.01888888888888889, 0.022222222222222223], "FPR whole": 0.020555555555555556, "FPR ratio": 0.85, "PPR": [0.7875, 0.5], "PPR whole": 0.6916666666666667, "PPR ratio": 1.575}, "0.5-0.01": {"roc": 0.9872824074074075, "flag_rate": [0.083, 0.04021739130434782], "flag_rate_ratio": 2.063783783783784, "TPR": [0.72, 1.0], "TPR whole": 0.7666666666666667, "TPR ratio": 0.72, "FPR": [0.012222222222222223, 0.01888888888888889], "FPR whole": 0.015555555555555555, "FPR ratio": 0.6470588235294118, "PPR": [0.8674698795180723, 0.5405405405405406], "PPR whole": 0.7666666666666667, "PPR ratio": 1.6048192771084338}, "0.5-0.2": {"roc": 0.981125, "flag_rate": [0.081, 0.042391304347826085], "flag_rate_ratio": 1.910769230769231, "TPR": [0.67, 1.0], "TPR whole": 0.725, "TPR ratio": 0.67, "FPR": [0.015555555555555555, 0.021111111111111112], "FPR whole": 0.018333333333333333, "FPR ratio": 0.7368421052631579, "PPR": [0.8271604938271605, 0.5128205128205128], "PPR whole": 0.725, "PPR ratio": 1.6129629629629632}, "0.5-0.5": {"roc": 0.9798796296296296, "flag_rate": [0.08, 0.043478260869565216], "flag_rate_ratio": 1.84, "TPR": [0.65, 1.0], "TPR whole": 0.7083333333333334, "TPR ratio": 0.65, "FPR": [0.016666666666666666, 0.022222222222222223], "FPR whole": 0.019444444444444445, "FPR ratio": 0.75, "PPR": [0.8125, 0.5], "PPR whole": 0.7083333333333334, "PPR ratio": 1.625}, "0.5-0.8": {"roc": 0.9868935185185185, "flag_rate": [0.083, 0.04021739130434782], "flag_rate_ratio": 2.063783783783784, "TPR": [0.72, 1.0], "TPR whole": 0.7666666666666667, "TPR ratio": 0.72, "FPR": [0.012222222222222223, 0.01888888888888889], "FPR whole": 0.015555555555555555, "FPR ratio": 0.6470588235294118, "PPR": [0.8674698795180723, 0.5405405405405406], "PPR whole": 0.7666666666666667, "PPR ratio": 1.6048192771084338}, "0.8-0.01": {"roc": 0.9819490740740741, "flag_rate": [0.081, 0.042391304347826085], "flag_rate_ratio": 1.910769230769231, "TPR": [0.68, 1.0], "TPR whole": 0.7333333333333333, "TPR ratio": 0.68, "FPR": [0.014444444444444444, 0.021111111111111112], "FPR whole": 0.017777777777777778, "FPR ratio": 0.6842105263157894, "PPR": [0.8395061728395061, 0.5128205128205128], "PPR whole": 0.7333333333333333, "PPR ratio": 1.637037037037037}, "0.8-0.2": {"roc": 0.9893101851851851, "flag_rate": [0.086, 0.03695652173913044], "flag_rate_ratio": 2.3270588235294114, "TPR": [0.75, 1.0], "TPR whole": 0.7916666666666666, "TPR ratio": 0.75, "FPR": [0.012222222222222223, 0.015555555555555555], "FPR whole": 0.013888888888888888, "FPR ratio": 0.7857142857142858, "PPR": [0.872093023255814, 0.5882352941176471], "PPR whole": 0.7916666666666666, "PPR ratio": 1.4825581395348837}, "0.8-0.5": {"roc": 0.9806666666666667, "flag_rate": [0.08, 0.043478260869565216], "flag_rate_ratio": 1.84, "TPR": [0.66, 1.0], "TPR whole": 0.7166666666666667, "TPR ratio": 0.66, "FPR": [0.015555555555555555, 0.022222222222222223], "FPR whole": 0.01888888888888889, "FPR ratio": 0.7, "PPR": [0.825, 0.5], "PPR whole": 0.7166666666666667, "PPR ratio": 1.65}, "0.8-0.8": {"roc": 0.9849907407407407, "flag_rate": [0.084, 0.0391304347826087], "flag_rate_ratio": 2.1466666666666665, "TPR": [0.72, 1.0], "TPR whole": 0.7666666666666667, "TPR ratio": 0.72, "FPR": [0.013333333333333334, 0.017777777777777778], "FPR whole": 0.015555555555555555, "FPR ratio": 0.75, "PPR": [0.8571428571428571, 0.5555555555555556], "PPR whole": 0.7666666666666667,