{"0.01-0.01": {"roc": 0.9706861111111111, "flag_rate": [0.107, 0.093], "flag_rate_ratio": 1.1505376344086022, "TPR": [0.94, 0.55], "TPR whole": 0.745, "TPR ratio": 1.7090909090909088, "FPR": [0.014444444444444444, 0.042222222222222223], "FPR whole": 0.028333333333333332, "FPR ratio": 0.3421052631578947, "PPR": [0.8785046728971962, 0.5913978494623656], "PPR whole": 0.745, "PPR ratio": 1.4854715378079864}, "0.01-0.2": {"roc": 0.9623999999999999, "flag_rate": [0.109, 0.091], "flag_rate_ratio": 1.1978021978021978, "TPR": [0.93, 0.47], "TPR whole": 0.7, "TPR ratio": 1.9787234042553195, "FPR": [0.017777777777777778, 0.04888888888888889], "FPR whole": 0.03333333333333333, "FPR ratio": 0.3636363636363636, "PPR": [0.8532110091743119, 0.5164835164835165], "PPR whole": 0.7, "PPR ratio": 1.6519617411672847}, "0.01-0.5": {"roc": 0.9650027777777779, "flag_rate": [0.104, 0.096], "flag_rate_ratio": 1.0833333333333333, "TPR": [0.91, 0.51], "TPR whole": 0.71, "TPR ratio": 1.7843137254901962, "FPR": [0.014444444444444444, 0.05], "FPR whole": 0.03222222222222222, "FPR ratio": 0.28888888888888886, "PPR": [0.875, 0.53125], "PPR whole": 0.71, "PPR ratio": 1.6470588235294117}, "0.01-0.8": {"roc": 0.9469277777777778, "flag_rate": [0.049, 0.151], "flag_rate_ratio": 0.3245033112582782, "TPR": [0.49, 0.72], "TPR whole": 0.605, "TPR ratio": 0.6805555555555556, "FPR": [0.0, 0.08777777777777777], "FPR whole": 0.04388888888888889, "FPR ratio": 0.0, "PPR": [1.0, 0.4768211920529801], "PPR whole": 0.605, "PPR ratio": 2.0972222222222223}, "0.05-0.01": {"roc": 0.9709611111111112, "flag_rate": [0.107, 0.093], "flag_rate_ratio": 1.1505376344086022, "TPR": [0.95, 0.55], "TPR whole": 0.75, "TPR ratio": 1.727272727272727, "FPR": [0.013333333333333334, 0.042222222222222223], "FPR whole": 0.027777777777777776, "FPR ratio": 0.31578947368421056, "PPR": [0.8878504672897196, 0.5913978494623656], "PPR whole": 0.75, "PPR ratio": 1.5012744265080713}, "0.05-0.2": {"roc": 0.9644555555555555, "flag_rate": [0.107, 0.093], "flag_rate_ratio": 1.1505376344086022, "TPR": [0.93, 0.48], "TPR whole": 0.705, "TPR ratio": 1.9375000000000002, "FPR": [0.015555555555555555, 0.05], "FPR whole": 0.03277777777777778, "FPR ratio": 0.31111111111111106, "PPR": [0.8691588785046729, 0.5161290322580645], "PPR whole": 0.705, "PPR ratio": 1.6839953271028039}, "0.05-0.5": {"roc": 0.9649777777777778, "flag_rate": [0.104, 0.096], "flag_rate_ratio": 1.0833333333333333, "TPR": [0.9, 0.52], "TPR whole": 0.71, "TPR ratio": 1.7307692307692308, "FPR": [0.015555555555555555, 0.04888888888888889], "FPR whole": 0.03222222222222222, "FPR ratio": 0.3181818181818182, "PPR": [0.8653846153846154, 0.5416666666666666], "PPR whole": 0.71, "PPR ratio": 1.5976331360946747}, "0.05-0.8": {"roc": 0.9653555555555556, "flag_rate": [0.103, 0.097], "flag_rate_ratio": 1.0618556701030928, "TPR": [0.92, 0.51], "TPR whole": 0.715, "TPR ratio": 1.803921568627451, "FPR": [0.012222222222222223, 0.051111111111111114], "FPR whole": 0.03166666666666667, "FPR ratio": 0.2391304347826087, "PPR": [0.8932038834951457, 0.5257731958762887], "PPR whole": 0.715, "PPR ratio": 1.6988387588044926}, "0.2-0.01": {"roc": 0.9711916666666667, "flag_rate": [0.106, 0.094], "flag_rate_ratio": 1.127659574468085, "TPR": [0.94, 0.56], "TPR whole": 0.75, "TPR ratio": 1.6785714285714284, "FPR": [0.013333333333333334, 0.042222222222222223], "FPR whole": 0.027777777777777776, "FPR ratio": 0.31578947368421056, "PPR": [0.8867924528301887, 0.5957446808510638], "PPR whole": 0.75, "PPR ratio": 1.4885444743935312}, "0.2-0.2": {"roc": 0.9636083333333333, "flag_rate": [0.108, 0.092], "flag_rate_ratio": 1.173913043478261, "TPR": [0.93, 0.49], "TPR whole": 0.71, "TPR ratio": 1.8979591836734695, "FPR": [0.016666666666666666, 0.04777777777777778], "FPR whole": 0.03222222222222222, "FPR ratio": 0.34883720930232553, "PPR": [0.8611111111111112, 0.532608695652174], "PPR whole": 0.71, "PPR ratio": 1.616780045351474}, "0.2-0.5": {"roc": 0.9680527777777778, "flag_rate": [0.104, 0.096], "flag_rate_ratio": 1.0833333333333333, "TPR": [0.93, 0.51], "TPR whole": 0.72, "TPR ratio": 1.8235294117647058, "FPR": [0.012222222222222223, 0.05], "FPR whole": 0.03111111111111111, "FPR ratio": 0.24444444444444444, "PPR": [0.8942307692307693, 0.53125], "PPR whole": 0.72, "PPR ratio": 1.6832579185520362}, "0.2-0.8": {"roc": 0.9124472222222222, "flag_rate": [0.03, 0.17], "flag_rate_ratio": 0.1764705882352941, "TPR": [0.3, 0.78], "TPR whole": 0.54, "TPR ratio": 0.3846153846153846, "FPR": [0.0, 0.10222222222222223], "FPR whole": 0.051111111111111114, "FPR ratio": 0.0, "PPR": [1.0, 0.4588235294117647], "PPR whole": 0.54, "PPR ratio": 2.1794871794871797}, "0.5-0.01": {"roc": 0.9736666666666667, "flag_rate": [0.104, 0.096], "flag_rate_ratio": 1.0833333333333333, "TPR": [0.94, 0.58], "TPR whole": 0.76, "TPR ratio": 1.620689655172414, "FPR": [0.011111111111111112, 0.042222222222222223], "FPR whole": 0.02666666666666667, "FPR ratio": 0.2631578947368421, "PPR": [0.9038461538461539, 0.6041666666666666], "PPR whole": 0.76, "PPR ratio": 1.4960212201591514}, "0.5-0.2": {"roc": 0.9634, "flag_rate": [0.104, 0.096], "flag_rate_ratio": 1.0833333333333333, "TPR": [0.9, 0.51], "TPR whole": 0.705, "TPR ratio": 1.7647058823529411, "FPR": [0.015555555555555555, 0.05], "FPR whole": 0.03277777777777778, "FPR ratio": 0.31111111111111106, "PPR": [0.8653846153846154, 0.53125], "PPR whole": 0.705, "PPR ratio": 1.6289592760180995}, "0.5-0.5": {"roc": 0.9051833333333335, "flag_rate": [0.026, 0.174], "flag_rate_ratio": 0.14942528735632185, "TPR": [0.26, 0.78], "TPR whole": 0.52, "TPR ratio": 0.3333333333333333, "FPR": [0.0, 0.10666666666666667], "FPR whole": 0.05333333333333334, "FPR ratio": 0.0, "PPR": [1.0, 0.4482758620689655], "PPR whole": 0.52, "PPR ratio": 2.230769230769231}, "0.5-0.8": {"roc": 0.8489249999999999, "flag_rate": [0.015, 0.185], "flag_rate_ratio": 0.08108108108108109, "TPR": [0.15, 0.76], "TPR whole": 0.455, "TPR ratio": 0.19736842105263158, "FPR": [0.0, 0.12111111111111111], "FPR whole": 0.06055555555555556, "FPR ratio": 0.0, "PPR": [1.0, 0.41081081081081083], "PPR whole": 0.455, "PPR ratio": 2.4342105263157894}, "0.8-0.01": {"roc": 0.9743555555555556, "flag_rate": [0.106, 0.094], "flag_rate_ratio": 1.127659574468085, "TPR": [0.96, 0.58], "TPR whole": 0.77, "TPR ratio": 1.6551724137931034, "FPR": [0.011111111111111112, 0.04], "FPR whole": 0.025555555555555557, "FPR ratio": 0.2777777777777778, "PPR": [0.9056603773584906, 0.6170212765957447], "PPR whole": 0.77, "PPR ratio": 1.4677944046844502}, "0.8-0.2": {"roc": 0.8829583333333333, "flag_rate": [0.02, 0.18], "flag_rate_ratio": 0.11111111111111112, "TPR": [0.2, 0.78], "TPR whole": 0.49, "TPR ratio": 0.25641025641025644, "FPR": [0.0, 0.11333333333333333], "FPR whole": 0.056666666666666664, "FPR ratio": 0.0, "PPR": [1.0, 0.43333333333333335], "PPR whole": 0.49, "PPR ratio": 2.3076923076923075}, "0.8-0.5": {"roc": 0.8458972222222222, "flag_rate": [0.015, 0.185], "flag_rate_ratio": 0.08108108108108109, "TPR": [0.15, 0.76], "TPR whole": 0.455, "TPR ratio": 0.19736842105263158, "FPR": [0.0, 0.12111111111111111], "FPR whole": 0.06055555555555556, "FPR ratio": 0.0, "PPR": [1.0, 0.41081081081081083], "PPR whole": 0.455, "PPR ratio": 2.4342105263157894}, "0.8-0.8": {"roc": 0.8469777777777778, "flag_rate": [0.015, 0.185], "flag_rate_ratio": 0.08108108108108109, "TPR": [0.15, 0.76], "TPR whole": 0.455, "TPR ratio": 0.19736842105263158, "FPR": [0.0, 0.12111111111111111], "FPR whole": 0.06055555555555556, "FPR ratio": 0.0, "PPR": [1.0, 0.41081081081081083], "PPR whole": 0.455, "PPR ratio": 2.4342105263157894}}