{"0.01-0.01": {"roc": 0.9581999999999999, "flag_rate": [0.095, 0.105], "flag_rate_ratio": 0.9047619047619048, "TPR": [0.86, 0.47], "TPR whole": 0.665, "TPR ratio": 1.8297872340425532, "FPR": [0.01, 0.06444444444444444], "FPR whole": 0.03722222222222222, "FPR ratio": 0.15517241379310345, "PPR": [0.9052631578947369, 0.44761904761904764], "PPR whole": 0.665, "PPR ratio": 2.0223964165733483}, "0.01-0.2": {"roc": 0.9544499999999999, "flag_rate": [0.088, 0.112], "flag_rate_ratio": 0.7857142857142857, "TPR": [0.79, 0.51], "TPR whole": 0.65, "TPR ratio": 1.5490196078431373, "FPR": [0.01, 0.06777777777777778], "FPR whole": 0.03888888888888889, "FPR ratio": 0.14754098360655737, "PPR": [0.8977272727272727, 0.45535714285714285], "PPR whole": 0.65, "PPR ratio": 1.9714795008912656}, "0.01-0.5": {"roc": 0.9525152777777778, "flag_rate": [0.085, 0.115], "flag_rate_ratio": 0.7391304347826088, "TPR": [0.76, 0.52], "TPR whole": 0.64, "TPR ratio": 1.4615384615384615, "FPR": [0.01, 0.07], "FPR whole": 0.04, "FPR ratio": 0.14285714285714285, "PPR": [0.8941176470588236, 0.45217391304347826], "PPR whole": 0.64, "PPR ratio": 1.9773755656108598}, "0.01-0.8": {"roc": 0.9519194444444445, "flag_rate": [0.083, 0.117], "flag_rate_ratio": 0.7094017094017094, "TPR": [0.74, 0.51], "TPR whole": 0.625, "TPR ratio": 1.4509803921568627, "FPR": [0.01, 0.07333333333333333], "FPR whole": 0.041666666666666664, "FPR ratio": 0.13636363636363635, "PPR": [0.891566265060241, 0.4358974358974359], "PPR whole": 0.625, "PPR ratio": 2.0453579021970234}, "0.05-0.01": {"roc": 0.9580861111111112, "flag_rate": [0.095, 0.105], "flag_rate_ratio": 0.9047619047619048, "TPR": [0.86, 0.48], "TPR whole": 0.67, "TPR ratio": 1.7916666666666667, "FPR": [0.01, 0.06333333333333334], "FPR whole": 0.03666666666666667, "FPR ratio": 0.15789473684210525, "PPR": [0.9052631578947369, 0.45714285714285713], "PPR whole": 0.67, "PPR ratio": 1.980263157894737}, "0.05-0.2": {"roc": 0.9544083333333333, "flag_rate": [0.085, 0.115], "flag_rate_ratio": 0.7391304347826088, "TPR": [0.77, 0.51], "TPR whole": 0.64, "TPR ratio": 1.5098039215686274, "FPR": [0.008888888888888889, 0.07111111111111111], "FPR whole": 0.04, "FPR ratio": 0.125, "PPR": [0.9058823529411765, 0.4434782608695652], "PPR whole": 0.64, "PPR ratio": 2.0426758938869667}, "0.05-0.5": {"roc": 0.9563861111111112, "flag_rate": [0.085, 0.115], "flag_rate_ratio": 0.7391304347826088, "TPR": [0.76, 0.53], "TPR whole": 0.645, "TPR ratio": 1.4339622641509433, "FPR": [0.01, 0.06888888888888889], "FPR whole": 0.03944444444444444, "FPR ratio": 0.14516129032258066, "PPR": [0.8941176470588236, 0.4608695652173913], "PPR whole": 0.645, "PPR ratio": 1.9400665926748057}, "0.05-0.8": {"roc": 0.9662722222222223, "flag_rate": [0.089, 0.111], "flag_rate_ratio": 0.8018018018018017, "TPR": [0.81, 0.57], "TPR whole": 0.69, "TPR ratio": 1.4210526315789476, "FPR": [0.008888888888888889, 0.06], "FPR whole": 0.034444444444444444, "FPR ratio": 0.14814814814814814, "PPR": [0.9101123595505618, 0.5135135135135135], "PPR whole": 0.69, "PPR ratio": 1.7723240685984625}, "0.2-0.01": {"roc": 0.9575361111111111, "flag_rate": [0.095, 0.105], "flag_rate_ratio": 0.9047619047619048, "TPR": [0.86, 0.48], "TPR whole": 0.67, "TPR ratio": 1.7916666666666667, "FPR": [0.01, 0.06333333333333334], "FPR whole": 0.03666666666666667, "FPR ratio": 0.15789473684210525, "PPR": [0.9052631578947369, 0.45714285714285713], "PPR whole": 0.67, "PPR ratio": 1.980263157894737}, "0.2-0.2": {"roc": 0.955363888888889, "flag_rate": [0.088, 0.112], "flag_rate_ratio": 0.7857142857142857, "TPR": [0.79, 0.51], "TPR whole": 0.65, "TPR ratio": 1.5490196078431373, "FPR": [0.01, 0.06777777777777778], "FPR whole": 0.03888888888888889, "FPR ratio": 0.14754098360655737, "PPR": [0.8977272727272727, 0.45535714285714285], "PPR whole": 0.65, "PPR ratio": 1.9714795008912656}, "0.2-0.5": {"roc": 0.9569027777777779, "flag_rate": [0.085, 0.115], "flag_rate_ratio": 0.7391304347826088, "TPR": [0.77, 0.52], "TPR whole": 0.645, "TPR ratio": 1.4807692307692308, "FPR": [0.008888888888888889, 0.07], "FPR whole": 0.03944444444444444, "FPR ratio": 0.12698412698412698, "PPR": [0.9058823529411765, 0.45217391304347826], "PPR whole": 0.645, "PPR ratio": 2.003393665158371}, "0.2-0.8": {"roc": 0.9527611111111112, "flag_rate": [0.084, 0.116], "flag_rate_ratio": 0.7241379310344828, "TPR": [0.76, 0.52], "TPR whole": 0.64, "TPR ratio": 1.4615384615384615, "FPR": [0.008888888888888889, 0.07111111111111111], "FPR whole": 0.04, "FPR ratio": 0.125, "PPR": [0.9047619047619048, 0.4482758620689655], "PPR whole": 0.64, "PPR ratio": 2.0183150183150182}, "0.5-0.01": {"roc": 0.961211111111111, "flag_rate": [0.095, 0.105], "flag_rate_ratio": 0.9047619047619048, "TPR": [0.86, 0.51], "TPR whole": 0.685, "TPR ratio": 1.6862745098039216, "FPR": [0.01, 0.06], "FPR whole": 0.035, "FPR ratio": 0.16666666666666669, "PPR": [0.9052631578947369, 0.4857142857142857], "PPR whole": 0.685, "PPR ratio": 1.863777089783282}, "0.5-0.2": {"roc": 0.9613527777777777, "flag_rate": [0.09, 0.11], "flag_rate_ratio": 0.8181818181818181, "TPR": [0.81, 0.53], "TPR whole": 0.67, "TPR ratio": 1.528301886792453, "FPR": [0.01, 0.06333333333333334], "FPR whole": 0.03666666666666667, "FPR ratio": 0.15789473684210525, "PPR": [0.9, 0.4818181818181818], "PPR whole": 0.67, "PPR ratio": 1.8679245283018868}, "0.5-0.5": {"roc": 0.9548166666666666, "flag_rate": [0.083, 0.117], "flag_rate_ratio": 0.7094017094017094, "TPR": [0.75, 0.53], "TPR whole": 0.64, "TPR ratio": 1.4150943396226414, "FPR": [0.008888888888888889, 0.07111111111111111], "FPR whole": 0.04, "FPR ratio": 0.125, "PPR": [0.9036144578313253, 0.452991452991453], "PPR whole": 0.64, "PPR ratio": 1.9947715389861334}, "0.5-0.8": {"roc": 0.9526555555555555, "flag_rate": [0.063, 0.137], "flag_rate_ratio": 0.45985401459854014, "TPR": [0.58, 0.61], "TPR whole": 0.595, "TPR ratio": 0.9508196721311475, "FPR": [0.005555555555555556, 0.08444444444444445], "FPR whole": 0.045, "FPR ratio": 0.06578947368421052, "PPR": [0.9206349206349206, 0.44525547445255476], "PPR whole": 0.595, "PPR ratio": 2.067655477491543}, "0.8-0.01": {"roc": 0.9619416666666667, "flag_rate": [0.088, 0.112], "flag_rate_ratio": 0.7857142857142857, "TPR": [0.82, 0.52], "TPR whole": 0.67, "TPR ratio": 1.5769230769230769, "FPR": [0.006666666666666667, 0.06666666666666667], "FPR whole": 0.03666666666666667, "FPR ratio": 0.1, "PPR": [0.9318181818181818, 0.4642857142857143], "PPR whole": 0.67, "PPR ratio": 2.0069930069930066}, "0.8-0.2": {"roc": 0.9514361111111111, "flag_rate": [0.08, 0.12], "flag_rate_ratio": 0.6666666666666667, "TPR": [0.72, 0.54], "TPR whole": 0.63, "TPR ratio": 1.3333333333333333, "FPR": [0.008888888888888889, 0.07333333333333333], "FPR whole": 0.04111111111111111, "FPR ratio": 0.12121212121212122, "PPR": [0.9, 0.45], "PPR whole": 0.63, "PPR ratio": 2.0}, "0.8-0.5": {"roc": 0.9462138888888888, "flag_rate": [0.049, 0.151], "flag_rate_ratio": 0.3245033112582782, "TPR": [0.46, 0.71], "TPR whole": 0.585, "TPR ratio": 0.647887323943662, "FPR": [0.0033333333333333335, 0.08888888888888889], "FPR whole": 0.04611111111111111, "FPR ratio": 0.0375, "PPR": [0.9387755102040817, 0.47019867549668876], "PPR whole": 0.585, "PPR ratio": 1.996550732969244}, "0.8-0.8": {"roc": 0.9378277777777778, "flag_rate": [0.042, 0.158], "flag_rate_ratio": 0.2658227848101266, "TPR": [0.39, 0.7], "TPR whole": 0.545, "TPR ratio": 0.5571428571428572, "FPR": [0.0033333333333333335, 0.09777777777777778], "FPR whole": 0.050555555555555555, "FPR ratio": 0.03409090909090909, "PPR": [0.9285714285714286, 0.4430379746835443], "PPR whole": 0.545, "PPR ratio": 2.095918367346939}}