{"0.01-0.01": {"roc": 0.9745833333333334, "flag_rate": [0.096, 0.104], "flag_rate_ratio": 0.9230769230769231, "TPR": [0.82, 0.62], "TPR whole": 0.72, "TPR ratio": 1.3225806451612903, "FPR": [0.015555555555555555, 0.04666666666666667], "FPR whole": 0.03111111111111111, "FPR ratio": 0.3333333333333333, "PPR": [0.8541666666666666, 0.5961538461538461], "PPR whole": 0.72, "PPR ratio": 1.4327956989247312}, "0.01-0.2": {"roc": 0.9790277777777778, "flag_rate": [0.085, 0.115], "flag_rate_ratio": 0.7391304347826088, "TPR": [0.73, 0.79], "TPR whole": 0.76, "TPR ratio": 0.9240506329113923, "FPR": [0.013333333333333334, 0.04], "FPR whole": 0.02666666666666667, "FPR ratio": 0.33333333333333337, "PPR": [0.8588235294117647, 0.6869565217391305], "PPR whole": 0.76, "PPR ratio": 1.2501861504095308}, "0.01-0.5": {"roc": 0.9782916666666667, "flag_rate": [0.092, 0.108], "flag_rate_ratio": 0.8518518518518519, "TPR": [0.8, 0.71], "TPR whole": 0.755, "TPR ratio": 1.1267605633802817, "FPR": [0.013333333333333334, 0.04111111111111111], "FPR whole": 0.02722222222222222, "FPR ratio": 0.32432432432432434, "PPR": [0.8695652173913043, 0.6574074074074074], "PPR whole": 0.755, "PPR ratio": 1.3227189222290263}, "0.01-0.8": {"roc": 0.9766444444444444, "flag_rate": [0.09, 0.11], "flag_rate_ratio": 0.8181818181818181, "TPR": [0.79, 0.7], "TPR whole": 0.745, "TPR ratio": 1.1285714285714288, "FPR": [0.012222222222222223, 0.044444444444444446], "FPR whole": 0.028333333333333332, "FPR ratio": 0.275, "PPR": [0.8777777777777778, 0.6363636363636364], "PPR whole": 0.745, "PPR ratio": 1.3793650793650793}, "0.05-0.01": {"roc": 0.9784694444444444, "flag_rate": [0.096, 0.104], "flag_rate_ratio": 0.9230769230769231, "TPR": [0.86, 0.66], "TPR whole": 0.76, "TPR ratio": 1.303030303030303, "FPR": [0.011111111111111112, 0.042222222222222223], "FPR whole": 0.02666666666666667, "FPR ratio": 0.2631578947368421, "PPR": [0.8958333333333334, 0.6346153846153846], "PPR whole": 0.76, "PPR ratio": 1.4116161616161618}, "0.05-0.2": {"roc": 0.9777222222222223, "flag_rate": [0.088, 0.112], "flag_rate_ratio": 0.7857142857142857, "TPR": [0.77, 0.73], "TPR whole": 0.75, "TPR ratio": 1.0547945205479452, "FPR": [0.012222222222222223, 0.043333333333333335], "FPR whole": 0.027777777777777776, "FPR ratio": 0.28205128205128205, "PPR": [0.875, 0.6517857142857143], "PPR whole": 0.75, "PPR ratio": 1.3424657534246576}, "0.05-0.5": {"roc": 0.9731805555555555, "flag_rate": [0.092, 0.108], "flag_rate_ratio": 0.8518518518518519, "TPR": [0.75, 0.67], "TPR whole": 0.71, "TPR ratio": 1.1194029850746268, "FPR": [0.01888888888888889, 0.04555555555555556], "FPR whole": 0.03222222222222222, "FPR ratio": 0.4146341463414634, "PPR": [0.8152173913043478, 0.6203703703703703], "PPR whole": 0.71, "PPR ratio": 1.3140817650876053}, "0.05-0.8": {"roc": 0.9785833333333334, "flag_rate": [0.084, 0.116], "flag_rate_ratio": 0.7241379310344828, "TPR": [0.72, 0.78], "TPR whole": 0.75, "TPR ratio": 0.923076923076923, "FPR": [0.013333333333333334, 0.042222222222222223], "FPR whole": 0.027777777777777776, "FPR ratio": 0.31578947368421056, "PPR": [0.8571428571428571, 0.6724137931034483], "PPR whole": 0.75, "PPR ratio": 1.2747252747252746}, "0.2-0.01": {"roc": 0.9822472222222223, "flag_rate": [0.094, 0.106], "flag_rate_ratio": 0.8867924528301887, "TPR": [0.83, 0.7], "TPR whole": 0.765, "TPR ratio": 1.1857142857142857, "FPR": [0.012222222222222223, 0.04], "FPR whole": 0.026111111111111113, "FPR ratio": 0.3055555555555556, "PPR": [0.8829787234042553, 0.660377358490566], "PPR whole": 0.765, "PPR ratio": 1.337082066869301}, "0.2-0.2": {"roc": 0.9768722222222223, "flag_rate": [0.091, 0.109], "flag_rate_ratio": 0.8348623853211009, "TPR": [0.79, 0.7], "TPR whole": 0.745, "TPR ratio": 1.1285714285714288, "FPR": [0.013333333333333334, 0.043333333333333335], "FPR whole": 0.028333333333333332, "FPR ratio": 0.3076923076923077, "PPR": [0.8681318681318682, 0.6422018348623854], "PPR whole": 0.745, "PPR ratio": 1.3518053375196233}, "0.2-0.5": {"roc": 0.976261111111111, "flag_rate": [0.087, 0.113], "flag_rate_ratio": 0.7699115044247787, "TPR": [0.75, 0.73], "TPR whole": 0.74, "TPR ratio": 1.0273972602739727, "FPR": [0.013333333333333334, 0.044444444444444446], "FPR whole": 0.028888888888888888, "FPR ratio": 0.3, "PPR": [0.8620689655172413, 0.6460176991150443], "PPR whole": 0.74, "PPR ratio": 1.3344355219650448}, "0.2-0.8": {"roc": 0.9778138888888889, "flag_rate": [0.086, 0.114], "flag_rate_ratio": 0.7543859649122806, "TPR": [0.74, 0.74], "TPR whole": 0.74, "TPR ratio": 1.0, "FPR": [0.013333333333333334, 0.044444444444444446], "FPR whole": 0.028888888888888888, "FPR ratio": 0.3, "PPR": [0.8604651162790697, 0.6491228070175439], "PPR whole": 0.74, "PPR ratio": 1.3255813953488371}, "0.5-0.01": {"roc": 0.979038888888889, "flag_rate": [0.089, 0.111], "flag_rate_ratio": 0.8018018018018017, "TPR": [0.78, 0.73], "TPR whole": 0.755, "TPR ratio": 1.0684931506849316, "FPR": [0.012222222222222223, 0.042222222222222223], "FPR whole": 0.02722222222222222, "FPR ratio": 0.2894736842105263, "PPR": [0.8764044943820225, 0.6576576576576577], "PPR whole": 0.755, "PPR ratio": 1.3326150531014314}, "0.5-0.2": {"roc": 0.9814527777777778, "flag_rate": [0.089, 0.111], "flag_rate_ratio": 0.8018018018018017, "TPR": [0.79, 0.74], "TPR whole": 0.765, "TPR ratio": 1.0675675675675675, "FPR": [0.011111111111111112, 0.04111111111111111], "FPR whole": 0.026111111111111113, "FPR ratio": 0.2702702702702703, "PPR": [0.8876404494382022, 0.6666666666666666], "PPR whole": 0.765, "PPR ratio": 1.3314606741573034}, "0.5-0.5": {"roc": 0.9734888888888888, "flag_rate": [0.095, 0.105], "flag_rate_ratio": 0.9047619047619048, "TPR": [0.81, 0.64], "TPR whole": 0.725, "TPR ratio": 1.265625, "FPR": [0.015555555555555555, 0.04555555555555556], "FPR whole": 0.030555555555555555, "FPR ratio": 0.3414634146341463, "PPR": [0.8526315789473684, 0.6095238095238096], "PPR whole": 0.725, "PPR ratio": 1.398848684210526}, "0.5-0.8": {"roc": 0.9734861111111112, "flag_rate": [0.086, 0.114], "flag_rate_ratio": 0.7543859649122806, "TPR": [0.7, 0.72], "TPR whole": 0.71, "TPR ratio": 0.9722222222222222, "FPR": [0.017777777777777778, 0.04666666666666667], "FPR whole": 0.03222222222222222, "FPR ratio": 0.38095238095238093, "PPR": [0.813953488372093, 0.631578947368421], "PPR whole": 0.71, "PPR ratio": 1.2887596899224807}, "0.8-0.01": {"roc": 0.9720333333333333, "flag_rate": [0.091, 0.109], "flag_rate_ratio": 0.8348623853211009, "TPR": [0.76, 0.64], "TPR whole": 0.7, "TPR ratio": 1.1875, "FPR": [0.016666666666666666, 0.05], "FPR whole": 0.03333333333333333, "FPR ratio": 0.3333333333333333, "PPR": [0.8351648351648352, 0.5871559633027523], "PPR whole": 0.7, "PPR ratio": 1.42239010989011}, "0.8-0.2": {"roc": 0.9750083333333333, "flag_rate": [0.086, 0.114], "flag_rate_ratio": 0.7543859649122806, "TPR": [0.74, 0.71], "TPR whole": 0.725, "TPR ratio": 1.0422535211267605, "FPR": [0.013333333333333334, 0.04777777777777778], "FPR whole": 0.030555555555555555, "FPR ratio": 0.27906976744186046, "PPR": [0.8604651162790697, 0.6228070175438597], "PPR whole": 0.725, "PPR ratio": 1.38159187684245}, "0.8-0.5": {"roc": 0.9753861111111112, "flag_rate": [0.094, 0.106], "flag_rate_ratio": 0.8867924528301887, "TPR": [0.8, 0.65], "TPR whole": 0.725, "TPR ratio": 1.2307692307692308, "FPR": [0.015555555555555555, 0.04555555555555556], "FPR whole": 0.030555555555555555, "FPR ratio": 0.3414634146341463, "PPR": [0.851063829787234, 0.6132075471698113], "PPR whole": 0.725, "PPR ratio": 1.3878887070376433}, "0.8-0.8": {"roc": 0.9814333333333334, "flag_rate": [0.088, 0.112], "flag_rate_ratio": 0.7857142857142857, "TPR": [0.81, 0.73], "TPR whole": 0.77, "TPR ratio": 1.1095890410958904, "FPR": [0.0077777777777777776, 0.043333333333333335], "FPR whole": 0.025555555555555557, "FPR ratio": 0.1794871794871795, "PPR": [0.9204545454545454, 0.6517857142857143], "PPR whole": 0.77, "PPR ratio": 1.4122042341220422}}