{"0.01-0.01": {"roc": 0.9921777777777777, "flag_rate": [0.105, 0.095], "flag_rate_ratio": 1.1052631578947367, "TPR": [0.89, 0.82], "TPR whole": 0.855, "TPR ratio": 1.0853658536585367, "FPR": [0.017777777777777778, 0.014444444444444444], "FPR whole": 0.01611111111111111, "FPR ratio": 1.2307692307692308, "PPR": [0.8476190476190476, 0.8631578947368421], "PPR whole": 0.855, "PPR ratio": 0.9819976771196283}, "0.01-0.2": {"roc": 0.9877611111111111, "flag_rate": [0.102, 0.098], "flag_rate_ratio": 1.040816326530612, "TPR": [0.86, 0.82], "TPR whole": 0.84, "TPR ratio": 1.048780487804878, "FPR": [0.017777777777777778, 0.017777777777777778], "FPR whole": 0.017777777777777778, "FPR ratio": 1.0, "PPR": [0.8431372549019608, 0.8367346938775511], "PPR whole": 0.84, "PPR ratio": 1.0076518412242945}, "0.01-0.5": {"roc": 0.9871416666666667, "flag_rate": [0.102, 0.098], "flag_rate_ratio": 1.040816326530612, "TPR": [0.86, 0.82], "TPR whole": 0.84, "TPR ratio": 1.048780487804878, "FPR": [0.017777777777777778, 0.017777777777777778], "FPR whole": 0.017777777777777778, "FPR ratio": 1.0, "PPR": [0.8431372549019608, 0.8367346938775511], "PPR whole": 0.84, "PPR ratio": 1.0076518412242945}, "0.01-0.8": {"roc": 0.9837444444444444, "flag_rate": [0.101, 0.099], "flag_rate_ratio": 1.02020202020202, "TPR": [0.83, 0.8], "TPR whole": 0.815, "TPR ratio": 1.0374999999999999, "FPR": [0.02, 0.021111111111111112], "FPR whole": 0.020555555555555556, "FPR ratio": 0.9473684210526315, "PPR": [0.8217821782178217, 0.8080808080808081], "PPR whole": 0.815, "PPR ratio": 1.0169554455445544}, "0.05-0.01": {"roc": 0.9895902777777777, "flag_rate": [0.103, 0.097], "flag_rate_ratio": 1.0618556701030928, "TPR": [0.89, 0.82], "TPR whole": 0.855, "TPR ratio": 1.0853658536585367, "FPR": [0.015555555555555555, 0.016666666666666666], "FPR whole": 0.01611111111111111, "FPR ratio": 0.9333333333333333, "PPR": [0.8640776699029126, 0.845360824742268], "PPR whole": 0.855, "PPR ratio": 1.0221406582997867}, "0.05-0.2": {"roc": 0.9888027777777778, "flag_rate": [0.102, 0.098], "flag_rate_ratio": 1.040816326530612, "TPR": [0.86, 0.82], "TPR whole": 0.84, "TPR ratio": 1.048780487804878, "FPR": [0.017777777777777778, 0.017777777777777778], "FPR whole": 0.017777777777777778, "FPR ratio": 1.0, "PPR": [0.8431372549019608, 0.8367346938775511], "PPR whole": 0.84, "PPR ratio": 1.0076518412242945}, "0.05-0.5": {"roc": 0.986688888888889, "flag_rate": [0.101, 0.099], "flag_rate_ratio": 1.02020202020202, "TPR": [0.84, 0.81], "TPR whole": 0.825, "TPR ratio": 1.037037037037037, "FPR": [0.01888888888888889, 0.02], "FPR whole": 0.019444444444444445, "FPR ratio": 0.9444444444444444, "PPR": [0.8316831683168316, 0.8181818181818182], "PPR whole": 0.825, "PPR ratio": 1.0165016501650164}, "0.05-0.8": {"roc": 0.9869652777777778, "flag_rate": [0.1, 0.1], "flag_rate_ratio": 1.0, "TPR": [0.85, 0.81], "TPR whole": 0.83, "TPR ratio": 1.0493827160493827, "FPR": [0.016666666666666666, 0.021111111111111112], "FPR whole": 0.01888888888888889, "FPR ratio": 0.7894736842105263, "PPR": [0.85, 0.81], "PPR whole": 0.83, "PPR ratio": 1.0493827160493827}, "0.2-0.01": {"roc": 0.988113888888889, "flag_rate": [0.102, 0.098], "flag_rate_ratio": 1.040816326530612, "TPR": [0.86, 0.82], "TPR whole": 0.84, "TPR ratio": 1.048780487804878, "FPR": [0.017777777777777778, 0.017777777777777778], "FPR whole": 0.017777777777777778, "FPR ratio": 1.0, "PPR": [0.8431372549019608, 0.8367346938775511], "PPR whole": 0.84, "PPR ratio": 1.0076518412242945}, "0.2-0.2": {"roc": 0.9872805555555555, "flag_rate": [0.103, 0.097], "flag_rate_ratio": 1.0618556701030928, "TPR": [0.86, 0.82], "TPR whole": 0.84, "TPR ratio": 1.048780487804878, "FPR": [0.01888888888888889, 0.016666666666666666], "FPR whole": 0.017777777777777778, "FPR ratio": 1.1333333333333333, "PPR": [0.8349514563106796, 0.845360824742268], "PPR whole": 0.84, "PPR ratio": 0.9876864788065356}, "0.2-0.5": {"roc": 0.9845722222222222, "flag_rate": [0.102, 0.098], "flag_rate_ratio": 1.040816326530612, "TPR": [0.84, 0.8], "TPR whole": 0.82, "TPR ratio": 1.0499999999999998, "FPR": [0.02, 0.02], "FPR whole": 0.02, "FPR ratio": 1.0, "PPR": [0.8235294117647058, 0.8163265306122449], "PPR whole": 0.82, "PPR ratio": 1.0088235294117647}, "0.2-0.8": {"roc": 0.9858472222222222, "flag_rate": [0.101, 0.099], "flag_rate_ratio": 1.02020202020202, "TPR": [0.84, 0.81], "TPR whole": 0.825, "TPR ratio": 1.037037037037037, "FPR": [0.01888888888888889, 0.02], "FPR whole": 0.019444444444444445, "FPR ratio": 0.9444444444444444, "PPR": [0.8316831683168316, 0.8181818181818182], "PPR whole": 0.825, "PPR ratio": 1.0165016501650164}, "0.5-0.01": {"roc": 0.9820388888888889, "flag_rate": [0.099, 0.101], "flag_rate_ratio": 0.9801980198019802, "TPR": [0.81, 0.8], "TPR whole": 0.805, "TPR ratio": 1.0125, "FPR": [0.02, 0.023333333333333334], "FPR whole": 0.021666666666666667, "FPR ratio": 0.8571428571428571, "PPR": [0.8181818181818182, 0.7920792079207921], "PPR whole": 0.805, "PPR ratio": 1.0329545454545455}, "0.5-0.2": {"roc": 0.9872944444444445, "flag_rate": [0.103, 0.097], "flag_rate_ratio": 1.0618556701030928, "TPR": [0.87, 0.81], "TPR whole": 0.84, "TPR ratio": 1.074074074074074, "FPR": [0.017777777777777778, 0.017777777777777778], "FPR whole": 0.017777777777777778, "FPR ratio": 1.0, "PPR": [0.8446601941747572, 0.8350515463917526], "PPR whole": 0.84, "PPR ratio": 1.0115066522833511}, "0.5-0.5": {"roc": 0.9846444444444444, "flag_rate": [0.103, 0.097], "flag_rate_ratio": 1.0618556701030928, "TPR": [0.84, 0.79], "TPR whole": 0.815, "TPR ratio": 1.0632911392405062, "FPR": [0.021111111111111112, 0.02], "FPR whole": 0.020555555555555556, "FPR ratio": 1.0555555555555556, "PPR": [0.8155339805825242, 0.8144329896907216], "PPR whole": 0.815, "PPR ratio": 1.0013518495760108}, "0.5-0.8": {"roc": 0.9866444444444444, "flag_rate": [0.102, 0.098], "flag_rate_ratio": 1.040816326530612, "TPR": [0.85, 0.8], "TPR whole": 0.825, "TPR ratio": 1.0625, "FPR": [0.01888888888888889, 0.02], "FPR whole": 0.019444444444444445, "FPR ratio": 0.9444444444444444, "PPR": [0.8333333333333334, 0.8163265306122449], "PPR whole": 0.825, "PPR ratio": 1.0208333333333333}, "0.8-0.01": {"roc": 0.9845055555555556, "flag_rate": [0.1, 0.1], "flag_rate_ratio": 1.0, "TPR": [0.83, 0.81], "TPR whole": 0.82, "TPR ratio": 1.0246913580246912, "FPR": [0.01888888888888889, 0.021111111111111112], "FPR whole": 0.02, "FPR ratio": 0.8947368421052632, "PPR": [0.83, 0.81], "PPR whole": 0.82, "PPR ratio": 1.0246913580246912}, "0.8-0.2": {"roc": 0.985125, "flag_rate": [0.101, 0.099], "flag_rate_ratio": 1.02020202020202, "TPR": [0.82, 0.79], "TPR whole": 0.805, "TPR ratio": 1.0379746835443038, "FPR": [0.021111111111111112, 0.022222222222222223], "FPR whole": 0.021666666666666667, "FPR ratio": 0.95, "PPR": [0.8118811881188119, 0.797979797979798], "PPR whole": 0.805, "PPR ratio": 1.0174207294147137}, "0.8-0.5": {"roc": 0.9859861111111111, "flag_rate": [0.1, 0.1], "flag_rate_ratio": 1.0, "TPR": [0.84, 0.81], "TPR whole": 0.825, "TPR ratio": 1.037037037037037, "FPR": [0.017777777777777778, 0.021111111111111112], "FPR whole": 0.019444444444444445, "FPR ratio": 0.8421052631578947, "PPR": [0.84, 0.81], "PPR whole": 0.825, "PPR ratio": 1.037037037037037}, "0.8-0.8": {"roc": 0.9848416666666667, "flag_rate": [0.097, 0.103], "flag_rate_ratio": 0.941747572815534, "TPR": [0.81, 0.81], "TPR whole": 0.81, "TPR ratio": 1.0, "FPR": [0.017777777777777778, 0.024444444444444446], "FPR whole": 0.021111111111111112, "FPR ratio": 0.7272727272727272, "PPR": [0.8350515463917526, 0.7864077669902912], "PPR whole": 0.81, "PPR ratio": 1.0618556701030928}}