{"0.01-0.01": {"roc": 0.9858068118369626, "flag_rate": [0.097, 0.1021021021021021], "flag_rate_ratio": 0.9500294117647059, "TPR": [0.86, 0.7676767676767676], "TPR whole": 0.8140703517587939, "TPR ratio": 1.1202631578947368, "FPR": [0.012222222222222223, 0.028888888888888888], "FPR whole": 0.020555555555555556, "FPR ratio": 0.42307692307692313, "PPR": [0.8865979381443299, 0.7450980392156863], "PPR whole": 0.8140703517587939, "PPR ratio": 1.1899077590884426}, "0.01-0.2": {"roc": 0.9863176996091569, "flag_rate": [0.105, 0.0940940940940941], "flag_rate_ratio": 1.115904255319149, "TPR": [0.91, 0.7272727272727273], "TPR whole": 0.8190954773869347, "TPR ratio": 1.25125, "FPR": [0.015555555555555555, 0.024444444444444446], "FPR whole": 0.02, "FPR ratio": 0.6363636363636364, "PPR": [0.8666666666666667, 0.7659574468085106], "PPR whole": 0.8190954773869347, "PPR ratio": 1.1314814814814815}, "0.01-0.5": {"roc": 0.9851032942490229, "flag_rate": [0.105, 0.0940940940940941], "flag_rate_ratio": 1.115904255319149, "TPR": [0.89, 0.7272727272727273], "TPR whole": 0.8090452261306532, "TPR ratio": 1.22375, "FPR": [0.017777777777777778, 0.024444444444444446], "FPR whole": 0.021111111111111112, "FPR ratio": 0.7272727272727272, "PPR": [0.8476190476190476, 0.7659574468085106], "PPR whole": 0.8090452261306532, "PPR ratio": 1.1066137566137566}, "0.01-0.8": {"roc": 0.9842908989391401, "flag_rate": [0.108, 0.09109109109109109], "flag_rate_ratio": 1.1856263736263737, "TPR": [0.9, 0.7171717171717171], "TPR whole": 0.8090452261306532, "TPR ratio": 1.2549295774647888, "FPR": [0.02, 0.022222222222222223], "FPR whole": 0.021111111111111112, "FPR ratio": 0.9, "PPR": [0.8333333333333334, 0.7802197802197802], "PPR whole": 0.8090452261306532, "PPR ratio": 1.068075117370892}, "0.05-0.01": {"roc": 0.9859491903964266, "flag_rate": [0.102, 0.0970970970970971], "flag_rate_ratio": 1.0504948453608247, "TPR": [0.89, 0.7474747474747475], "TPR whole": 0.8190954773869347, "TPR ratio": 1.1906756756756756, "FPR": [0.014444444444444444, 0.025555555555555557], "FPR whole": 0.02, "FPR ratio": 0.5652173913043478, "PPR": [0.8725490196078431, 0.7628865979381443], "PPR whole": 0.8190954773869347, "PPR ratio": 1.143746687864335}, "0.05-0.2": {"roc": 0.9865633724176438, "flag_rate": [0.106, 0.09309309309309309], "flag_rate_ratio": 1.1386451612903226, "TPR": [0.9, 0.7272727272727273], "TPR whole": 0.8140703517587939, "TPR ratio": 1.2375, "FPR": [0.017777777777777778, 0.023333333333333334], "FPR whole": 0.020555555555555556, "FPR ratio": 0.7619047619047619, "PPR": [0.8490566037735849, 0.7741935483870968], "PPR whole": 0.8140703517587939, "PPR ratio": 1.0966981132075473}, "0.05-0.5": {"roc": 0.9819207146845338, "flag_rate": [0.105, 0.0940940940940941], "flag_rate_ratio": 1.115904255319149, "TPR": [0.88, 0.7070707070707071], "TPR whole": 0.7939698492462312, "TPR ratio": 1.2445714285714287, "FPR": [0.01888888888888889, 0.02666666666666667], "FPR whole": 0.02277777777777778, "FPR ratio": 0.7083333333333333, "PPR": [0.8380952380952381, 0.7446808510638298], "PPR whole": 0.7939698492462312, "PPR ratio": 1.1254421768707483}, "0.05-0.8": {"roc": 0.9835482970407593, "flag_rate": [0.105, 0.0940940940940941], "flag_rate_ratio": 1.115904255319149, "TPR": [0.88, 0.7272727272727273], "TPR whole": 0.8040201005025126, "TPR ratio": 1.21, "FPR": [0.01888888888888889, 0.024444444444444446], "FPR whole": 0.021666666666666667, "FPR ratio": 0.7727272727272727, "PPR": [0.8380952380952381, 0.7659574468085106], "PPR whole": 0.8040201005025126, "PPR ratio": 1.0941798941798941}, "0.2-0.01": {"roc": 0.9886348408710217, "flag_rate": [0.104, 0.09509509509509509], "flag_rate_ratio": 1.093642105263158, "TPR": [0.91, 0.7676767676767676], "TPR whole": 0.8391959798994975, "TPR ratio": 1.1853947368421054, "FPR": [0.014444444444444444, 0.021111111111111112], "FPR whole": 0.017777777777777778, "FPR ratio": 0.6842105263157894, "PPR": [0.875, 0.8], "PPR whole": 0.8391959798994975, "PPR ratio": 1.09375}, "0.2-0.2": {"roc": 0.9831323283082077, "flag_rate": [0.102, 0.0970970970970971], "flag_rate_ratio": 1.0504948453608247, "TPR": [0.87, 0.7272727272727273], "TPR whole": 0.7989949748743719, "TPR ratio": 1.19625, "FPR": [0.016666666666666666, 0.027777777777777776], "FPR whole": 0.022222222222222223, "FPR ratio": 0.6, "PPR": [0.8529411764705882, 0.7422680412371134], "PPR whole": 0.7989949748743719, "PPR ratio": 1.1491013071895424}, "0.2-0.5": {"roc": 0.9853126744835288, "flag_rate": [0.102, 0.0970970970970971], "flag_rate_ratio": 1.0504948453608247, "TPR": [0.87, 0.7373737373737373], "TPR whole": 0.8040201005025126, "TPR ratio": 1.1798630136986301, "FPR": [0.016666666666666666, 0.02666666666666667], "FPR whole": 0.021666666666666667, "FPR ratio": 0.625, "PPR": [0.8529411764705882, 0.7525773195876289], "PPR whole": 0.8040201005025126, "PPR ratio": 1.1333601933924253}, "0.2-0.8": {"roc": 0.9832188721384701, "flag_rate": [0.106, 0.09309309309309309], "flag_rate_ratio": 1.1386451612903226, "TPR": [0.88, 0.7070707070707071], "TPR whole": 0.7939698492462312, "TPR ratio": 1.2445714285714287, "FPR": [0.02, 0.025555555555555557], "FPR whole": 0.02277777777777778, "FPR ratio": 0.7826086956521738, "PPR": [0.8301886792452831, 0.7526881720430108], "PPR whole": 0.7939698492462312, "PPR ratio": 1.1029649595687332}, "0.5-0.01": {"roc": 0.9880374092685651, "flag_rate": [0.104, 0.09509509509509509], "flag_rate_ratio": 1.093642105263158, "TPR": [0.9, 0.7676767676767676], "TPR whole": 0.8341708542713567, "TPR ratio": 1.1723684210526317, "FPR": [0.015555555555555555, 0.021111111111111112], "FPR whole": 0.018333333333333333, "FPR ratio": 0.7368421052631579, "PPR": [0.8653846153846154, 0.8], "PPR whole": 0.8341708542713567, "PPR ratio": 1.0817307692307692}, "0.5-0.2": {"roc": 0.9856253489670574, "flag_rate": [0.106, 0.09309309309309309], "flag_rate_ratio": 1.1386451612903226, "TPR": [0.89, 0.7171717171717171], "TPR whole": 0.8040201005025126, "TPR ratio": 1.240985915492958, "FPR": [0.01888888888888889, 0.024444444444444446], "FPR whole": 0.021666666666666667, "FPR ratio": 0.7727272727272727, "PPR": [0.839622641509434, 0.7634408602150538], "PPR whole": 0.8040201005025126, "PPR ratio": 1.0997874036672868}, "0.5-0.5": {"roc": 0.9842462311557789, "flag_rate": [0.103, 0.0960960960960961], "flag_rate_ratio": 1.07184375, "TPR": [0.88, 0.7171717171717171], "TPR whole": 0.7989949748743719, "TPR ratio": 1.227042253521127, "FPR": [0.016666666666666666, 0.027777777777777776], "FPR whole": 0.022222222222222223, "FPR ratio": 0.6, "PPR": [0.8543689320388349, 0.7395833333333334], "PPR whole": 0.7989949748743719, "PPR ratio": 1.1552030630384247}, "0.5-0.8": {"roc": 0.9865689558905639, "flag_rate": [0.103, 0.0960960960960961], "flag_rate_ratio": 1.07184375, "TPR": [0.89, 0.7474747474747475], "TPR whole": 0.8190954773869347, "TPR ratio": 1.1906756756756756, "FPR": [0.015555555555555555, 0.024444444444444446], "FPR whole": 0.02, "FPR ratio": 0.6363636363636364, "PPR": [0.8640776699029126, 0.7708333333333334], "PPR whole": 0.8190954773869347, "PPR ratio": 1.1209656258199947}, "0.8-0.01": {"roc": 0.9859882747068677, "flag_rate": [0.102, 0.0970970970970971], "flag_rate_ratio": 1.0504948453608247, "TPR": [0.88, 0.7474747474747475], "TPR whole": 0.8140703517587939, "TPR ratio": 1.1772972972972973, "FPR": [0.015555555555555555, 0.025555555555555557], "FPR whole": 0.020555555555555556, "FPR ratio": 0.608695652173913, "PPR": [0.8627450980392157, 0.7628865979381443], "PPR whole": 0.8140703517587939, "PPR ratio": 1.130895601483837}, "0.8-0.2": {"roc": 0.9844974874371859, "flag_rate": [0.104, 0.09509509509509509], "flag_rate_ratio": 1.093642105263158, "TPR": [0.88, 0.7171717171717171], "TPR whole": 0.7989949748743719, "TPR ratio": 1.227042253521127, "FPR": [0.017777777777777778, 0.02666666666666667], "FPR whole": 0.022222222222222223, "FPR ratio": 0.6666666666666666, "PPR": [0.8461538461538461, 0.7473684210526316], "PPR whole": 0.7989949748743719, "PPR ratio": 1.132177681473456},