{"0.01-0.01": {"roc": 0.991170634920635, "flag_rate": [0.082, 0.06170212765957447], "flag_rate_ratio": 1.3289655172413795, "TPR": [0.77, 0.975], "TPR whole": 0.8285714285714286, "TPR ratio": 0.7897435897435898, "FPR": [0.005555555555555556, 0.021111111111111112], "FPR whole": 0.013333333333333334, "FPR ratio": 0.2631578947368421, "PPR": [0.9390243902439024, 0.6724137931034483], "PPR whole": 0.8285714285714286, "PPR ratio": 1.3964978111319575}, "0.01-0.2": {"roc": 0.9945277777777778, "flag_rate": [0.083, 0.06063829787234042], "flag_rate_ratio": 1.3687719298245615, "TPR": [0.79, 1.0], "TPR whole": 0.85, "TPR ratio": 0.79, "FPR": [0.0044444444444444444, 0.01888888888888889], "FPR whole": 0.011666666666666667, "FPR ratio": 0.23529411764705882, "PPR": [0.9518072289156626, 0.7017543859649122], "PPR whole": 0.85, "PPR ratio": 1.3563253012048193}, "0.01-0.5": {"roc": 0.9944087301587301, "flag_rate": [0.085, 0.05851063829787234], "flag_rate_ratio": 1.4527272727272729, "TPR": [0.81, 1.0], "TPR whole": 0.8642857142857143, "TPR ratio": 0.81, "FPR": [0.0044444444444444444, 0.016666666666666666], "FPR whole": 0.010555555555555556, "FPR ratio": 0.26666666666666666, "PPR": [0.9529411764705882, 0.7272727272727273], "PPR whole": 0.8642857142857143, "PPR ratio": 1.3102941176470586}, "0.01-0.8": {"roc": 0.9946666666666666, "flag_rate": [0.085, 0.05851063829787234], "flag_rate_ratio": 1.4527272727272729, "TPR": [0.8, 1.0], "TPR whole": 0.8571428571428571, "TPR ratio": 0.8, "FPR": [0.005555555555555556, 0.016666666666666666], "FPR whole": 0.011111111111111112, "FPR ratio": 0.33333333333333337, "PPR": [0.9411764705882353, 0.7272727272727273], "PPR whole": 0.8571428571428571, "PPR ratio": 1.2941176470588234}, "0.05-0.01": {"roc": 0.9899206349206349, "flag_rate": [0.083, 0.06063829787234042], "flag_rate_ratio": 1.3687719298245615, "TPR": [0.75, 0.925], "TPR whole": 0.8, "TPR ratio": 0.8108108108108107, "FPR": [0.008888888888888889, 0.022222222222222223], "FPR whole": 0.015555555555555555, "FPR ratio": 0.39999999999999997, "PPR": [0.9036144578313253, 0.6491228070175439], "PPR whole": 0.8, "PPR ratio": 1.3920547053077172}, "0.05-0.2": {"roc": 0.993611111111111, "flag_rate": [0.083, 0.06063829787234042], "flag_rate_ratio": 1.3687719298245615, "TPR": [0.78, 1.0], "TPR whole": 0.8428571428571429, "TPR ratio": 0.78, "FPR": [0.005555555555555556, 0.01888888888888889], "FPR whole": 0.012222222222222223, "FPR ratio": 0.29411764705882354, "PPR": [0.9397590361445783, 0.7017543859649122], "PPR whole": 0.8428571428571429, "PPR ratio": 1.3391566265060242}, "0.05-0.5": {"roc": 0.9950833333333333, "flag_rate": [0.084, 0.059574468085106386], "flag_rate_ratio": 1.41, "TPR": [0.8, 1.0], "TPR whole": 0.8571428571428571, "TPR ratio": 0.8, "FPR": [0.0044444444444444444, 0.017777777777777778], "FPR whole": 0.011111111111111112, "FPR ratio": 0.25, "PPR": [0.9523809523809523, 0.7142857142857143], "PPR whole": 0.8571428571428571, "PPR ratio": 1.3333333333333333}, "0.05-0.8": {"roc": 0.9921269841269841, "flag_rate": [0.086, 0.0574468085106383], "flag_rate_ratio": 1.497037037037037, "TPR": [0.79, 0.925], "TPR whole": 0.8285714285714286, "TPR ratio": 0.8540540540540541, "FPR": [0.0077777777777777776, 0.01888888888888889], "FPR whole": 0.013333333333333334, "FPR ratio": 0.4117647058823529, "PPR": [0.9186046511627907, 0.6851851851851852], "PPR whole": 0.8285714285714286, "PPR ratio": 1.3406662476429916}, "0.2-0.01": {"roc": 0.9924007936507936, "flag_rate": [0.086, 0.0574468085106383], "flag_rate_ratio": 1.497037037037037, "TPR": [0.79, 0.925], "TPR whole": 0.8285714285714286, "TPR ratio": 0.8540540540540541, "FPR": [0.0077777777777777776, 0.01888888888888889], "FPR whole": 0.013333333333333334, "FPR ratio": 0.4117647058823529, "PPR": [0.9186046511627907, 0.6851851851851852], "PPR whole": 0.8285714285714286, "PPR ratio": 1.3406662476429916}, "0.2-0.2": {"roc": 0.995095238095238, "flag_rate": [0.086, 0.0574468085106383], "flag_rate_ratio": 1.497037037037037, "TPR": [0.81, 1.0], "TPR whole": 0.8642857142857143, "TPR ratio": 0.81, "FPR": [0.005555555555555556, 0.015555555555555555], "FPR whole": 0.010555555555555556, "FPR ratio": 0.35714285714285715, "PPR": [0.9418604651162791, 0.7407407407407407], "PPR whole": 0.8642857142857143, "PPR ratio": 1.271511627906977}, "0.2-0.5": {"roc": 0.9926706349206349, "flag_rate": [0.084, 0.059574468085106386], "flag_rate_ratio": 1.41, "TPR": [0.77, 1.0], "TPR whole": 0.8357142857142857, "TPR ratio": 0.77, "FPR": [0.0077777777777777776, 0.017777777777777778], "FPR whole": 0.012777777777777779, "FPR ratio": 0.4375, "PPR": [0.9166666666666666, 0.7142857142857143], "PPR whole": 0.8357142857142857, "PPR ratio": 1.2833333333333332}, "0.2-0.8": {"roc": 0.992015873015873, "flag_rate": [0.083, 0.06063829787234042], "flag_rate_ratio": 1.3687719298245615, "TPR": [0.77, 1.0], "TPR whole": 0.8357142857142857, "TPR ratio": 0.77, "FPR": [0.006666666666666667, 0.01888888888888889], "FPR whole": 0.012777777777777779, "FPR ratio": 0.35294117647058826, "PPR": [0.927710843373494, 0.7017543859649122], "PPR whole": 0.8357142857142857, "PPR ratio": 1.321987951807229}, "0.5-0.01": {"roc": 0.9914960317460317, "flag_rate": [0.083, 0.06063829787234042], "flag_rate_ratio": 1.3687719298245615, "TPR": [0.77, 0.975], "TPR whole": 0.8285714285714286, "TPR ratio": 0.7897435897435898, "FPR": [0.006666666666666667, 0.02], "FPR whole": 0.013333333333333334, "FPR ratio": 0.33333333333333337, "PPR": [0.927710843373494, 0.6842105263157895], "PPR whole": 0.8285714285714286, "PPR ratio": 1.355885078776645}, "0.5-0.2": {"roc": 0.9961230158730158, "flag_rate": [0.09, 0.05319148936170213], "flag_rate_ratio": 1.692, "TPR": [0.86, 0.975], "TPR whole": 0.8928571428571429, "TPR ratio": 0.882051282051282, "FPR": [0.0044444444444444444, 0.012222222222222223], "FPR whole": 0.008333333333333333, "FPR ratio": 0.3636363636363636, "PPR": [0.9555555555555556, 0.78], "PPR whole": 0.8928571428571429, "PPR ratio": 1.225071225071225}, "0.5-0.5": {"roc": 0.9958214285714285, "flag_rate": [0.084, 0.059574468085106386], "flag_rate_ratio": 1.41, "TPR": [0.81, 1.0], "TPR whole": 0.8642857142857143, "TPR ratio": 0.81, "FPR": [0.0033333333333333335, 0.017777777777777778], "FPR whole": 0.010555555555555556, "FPR ratio": 0.1875, "PPR": [0.9642857142857143, 0.7142857142857143], "PPR whole": 0.8642857142857143, "PPR ratio": 1.35}, "0.5-0.8": {"roc": 0.9925079365079365, "flag_rate": [0.092, 0.05106382978723404], "flag_rate_ratio": 1.8016666666666667, "TPR": [0.86, 0.725], "TPR whole": 0.8214285714285714, "TPR ratio": 1.186206896551724, "FPR": [0.006666666666666667, 0.021111111111111112], "FPR whole": 0.013888888888888888, "FPR ratio": 0.31578947368421056, "PPR": [0.9347826086956522, 0.6041666666666666], "PPR whole": 0.8214285714285714, "PPR ratio": 1.547226386806597}, "0.8-0.01": {"roc": 0.9915515873015873, "flag_rate": [0.081, 0.0627659574468085], "flag_rate_ratio": 1.2905084745762714, "TPR": [0.75, 1.0], "TPR whole": 0.8214285714285714, "TPR ratio": 0.75, "FPR": [0.006666666666666667, 0.021111111111111112], "FPR whole": 0.013888888888888888, "FPR ratio": 0.31578947368421056, "PPR": [0.9259259259259259, 0.6779661016949152], "PPR whole": 0.8214285714285714, "PPR ratio": 1.3657407407407407}, "0.8-0.2": {"roc": 0.9940833333333333, "flag_rate": [0.084, 0.059574468085106386], "flag_rate_ratio": 1.41, "TPR": [0.79, 1.0], "TPR whole": 0.85, "TPR ratio": 0.79, "FPR": [0.005555555555555556, 0.017777777777777778], "FPR whole": 0.011666666666666667, "FPR ratio": 0.3125, "PPR": [0.9404761904761905, 0.7142857142857143], "PPR whole": 0.85, "PPR ratio": 1.3166666666666667}, "0.8-0.5": {"roc": 0.9974880952380953, "flag_rate": [0.101, 0.04148936170212766], "flag_rate_ratio": 2.434358974358975, "TPR": [0.94, 0.775], "TPR whole": 0.8928571428571429, "TPR ratio": 1.2129032258064516, "FPR": [0.0077777777777777776, 0.008888888888888889], "FPR whole": 0.008333333333333333, "FPR ratio": 0.875, "PPR": [0.9306930693069307, 0.7948717948717948],