{"0.01-0.01": {"roc": 0.9869373219373219, "flag_rate": [0.107, 0.08844221105527639], "flag_rate_ratio": 1.2098295454545454, "TPR": [0.9, 0.7263157894736842], "TPR whole": 0.8153846153846154, "TPR ratio": 1.2391304347826086, "FPR": [0.01888888888888889, 0.021111111111111112], "FPR whole": 0.02, "FPR ratio": 0.8947368421052632, "PPR": [0.8411214953271028, 0.7840909090909091], "PPR whole": 0.8153846153846154, "PPR ratio": 1.0727346607070296}, "0.01-0.2": {"roc": 0.9805982905982906, "flag_rate": [0.102, 0.09346733668341708], "flag_rate_ratio": 1.0912903225806452, "TPR": [0.85, 0.7052631578947368], "TPR whole": 0.7794871794871795, "TPR ratio": 1.205223880597015, "FPR": [0.01888888888888889, 0.028888888888888888], "FPR whole": 0.02388888888888889, "FPR ratio": 0.6538461538461539, "PPR": [0.8333333333333334, 0.7204301075268817], "PPR whole": 0.7794871794871795, "PPR ratio": 1.1567164179104479}, "0.01-0.5": {"roc": 0.9862962962962963, "flag_rate": [0.101, 0.09447236180904522], "flag_rate_ratio": 1.0690957446808511, "TPR": [0.89, 0.7684210526315789], "TPR whole": 0.8307692307692308, "TPR ratio": 1.1582191780821918, "FPR": [0.013333333333333334, 0.023333333333333334], "FPR whole": 0.018333333333333333, "FPR ratio": 0.5714285714285714, "PPR": [0.8811881188118812, 0.776595744680851], "PPR whole": 0.8307692307692308, "PPR ratio": 1.1346805913468059}, "0.01-0.8": {"roc": 0.9882421652421652, "flag_rate": [0.104, 0.0914572864321608], "flag_rate_ratio": 1.137142857142857, "TPR": [0.9, 0.7578947368421053], "TPR whole": 0.8307692307692308, "TPR ratio": 1.1875, "FPR": [0.015555555555555555, 0.021111111111111112], "FPR whole": 0.018333333333333333, "FPR ratio": 0.7368421052631579, "PPR": [0.8653846153846154, 0.7912087912087912], "PPR whole": 0.8307692307692308, "PPR ratio": 1.09375}, "0.05-0.01": {"roc": 0.9897264957264957, "flag_rate": [0.103, 0.09246231155778895], "flag_rate_ratio": 1.1139673913043477, "TPR": [0.91, 0.7684210526315789], "TPR whole": 0.841025641025641, "TPR ratio": 1.1842465753424658, "FPR": [0.013333333333333334, 0.021111111111111112], "FPR whole": 0.017222222222222222, "FPR ratio": 0.6315789473684211, "PPR": [0.883495145631068, 0.7934782608695652], "PPR whole": 0.841025641025641, "PPR ratio": 1.1134459369597023}, "0.05-0.2": {"roc": 0.9852079772079773, "flag_rate": [0.101, 0.09447236180904522], "flag_rate_ratio": 1.0690957446808511, "TPR": [0.88, 0.7368421052631579], "TPR whole": 0.8102564102564103, "TPR ratio": 1.1942857142857144, "FPR": [0.014444444444444444, 0.02666666666666667], "FPR whole": 0.020555555555555556, "FPR ratio": 0.5416666666666666, "PPR": [0.8712871287128713, 0.7446808510638298], "PPR whole": 0.8102564102564103, "PPR ratio": 1.1700141442715701}, "0.05-0.5": {"roc": 0.9859458689458689, "flag_rate": [0.101, 0.09447236180904522], "flag_rate_ratio": 1.0690957446808511, "TPR": [0.88, 0.7368421052631579], "TPR whole": 0.8102564102564103, "TPR ratio": 1.1942857142857144, "FPR": [0.014444444444444444, 0.02666666666666667], "FPR whole": 0.020555555555555556, "FPR ratio": 0.5416666666666666, "PPR": [0.8712871287128713, 0.7446808510638298], "PPR whole": 0.8102564102564103, "PPR ratio": 1.1700141442715701}, "0.05-0.8": {"roc": 0.9841794871794872, "flag_rate": [0.1, 0.09547738693467336], "flag_rate_ratio": 1.0473684210526317, "TPR": [0.86, 0.7473684210526316], "TPR whole": 0.8051282051282052, "TPR ratio": 1.1507042253521127, "FPR": [0.015555555555555555, 0.02666666666666667], "FPR whole": 0.021111111111111112, "FPR ratio": 0.5833333333333333, "PPR": [0.86, 0.7473684210526316], "PPR whole": 0.8051282051282052, "PPR ratio": 1.1507042253521127}, "0.2-0.01": {"roc": 0.9907037037037038, "flag_rate": [0.103, 0.09246231155778895], "flag_rate_ratio": 1.1139673913043477, "TPR": [0.92, 0.7684210526315789], "TPR whole": 0.8461538461538461, "TPR ratio": 1.1972602739726028, "FPR": [0.012222222222222223, 0.021111111111111112], "FPR whole": 0.016666666666666666, "FPR ratio": 0.5789473684210527, "PPR": [0.8932038834951457, 0.7934782608695652], "PPR whole": 0.8461538461538461, "PPR ratio": 1.125681606596622}, "0.2-0.2": {"roc": 0.986128205128205, "flag_rate": [0.103, 0.09246231155778895], "flag_rate_ratio": 1.1139673913043477, "TPR": [0.89, 0.7263157894736842], "TPR whole": 0.8102564102564103, "TPR ratio": 1.2253623188405796, "FPR": [0.015555555555555555, 0.025555555555555557], "FPR whole": 0.020555555555555556, "FPR ratio": 0.608695652173913, "PPR": [0.8640776699029126, 0.75], "PPR whole": 0.8102564102564103, "PPR ratio": 1.15210355987055}, "0.2-0.5": {"roc": 0.9845042735042735, "flag_rate": [0.102, 0.09346733668341708], "flag_rate_ratio": 1.0912903225806452, "TPR": [0.87, 0.7263157894736842], "TPR whole": 0.8, "TPR ratio": 1.1978260869565216, "FPR": [0.016666666666666666, 0.02666666666666667], "FPR whole": 0.021666666666666667, "FPR ratio": 0.625, "PPR": [0.8529411764705882, 0.7419354838709677], "PPR whole": 0.8, "PPR ratio": 1.1496163682864449}, "0.2-0.8": {"roc": 0.9853646723646724, "flag_rate": [0.104, 0.0914572864321608], "flag_rate_ratio": 1.137142857142857, "TPR": [0.88, 0.7368421052631579], "TPR whole": 0.8102564102564103, "TPR ratio": 1.1942857142857144, "FPR": [0.017777777777777778, 0.023333333333333334], "FPR whole": 0.020555555555555556, "FPR ratio": 0.7619047619047619, "PPR": [0.8461538461538461, 0.7692307692307693], "PPR whole": 0.8102564102564103, "PPR ratio": 1.0999999999999999}, "0.5-0.01": {"roc": 0.986037037037037, "flag_rate": [0.101, 0.09447236180904522], "flag_rate_ratio": 1.0690957446808511, "TPR": [0.88, 0.7578947368421053], "TPR whole": 0.8205128205128205, "TPR ratio": 1.161111111111111, "FPR": [0.014444444444444444, 0.024444444444444446], "FPR whole": 0.019444444444444445, "FPR ratio": 0.5909090909090908, "PPR": [0.8712871287128713, 0.7659574468085106], "PPR whole": 0.8205128205128205, "PPR ratio": 1.1375137513751374}, "0.5-0.2": {"roc": 0.9875726495726497, "flag_rate": [0.101, 0.09447236180904522], "flag_rate_ratio": 1.0690957446808511, "TPR": [0.89, 0.7578947368421053], "TPR whole": 0.8256410256410256, "TPR ratio": 1.1743055555555555, "FPR": [0.013333333333333334, 0.024444444444444446], "FPR whole": 0.01888888888888889, "FPR ratio": 0.5454545454545454, "PPR": [0.8811881188118812, 0.7659574468085106], "PPR whole": 0.8256410256410256, "PPR ratio": 1.1504400440044005}, "0.5-0.5": {"roc": 0.9862877492877493, "flag_rate": [0.102, 0.09346733668341708], "flag_rate_ratio": 1.0912903225806452, "TPR": [0.89, 0.7473684210526316], "TPR whole": 0.8205128205128205, "TPR ratio": 1.1908450704225353, "FPR": [0.014444444444444444, 0.024444444444444446], "FPR whole": 0.019444444444444445, "FPR ratio": 0.5909090909090908, "PPR": [0.8725490196078431, 0.7634408602150538], "PPR whole": 0.8205128205128205, "PPR ratio": 1.1429163214581608}, "0.5-0.8": {"roc": 0.9847065527065527, "flag_rate": [0.105, 0.09045226130653267], "flag_rate_ratio": 1.1608333333333332, "TPR": [0.89, 0.7157894736842105], "TPR whole": 0.8051282051282052, "TPR ratio": 1.2433823529411765, "FPR": [0.017777777777777778, 0.024444444444444446], "FPR whole": 0.021111111111111112, "FPR ratio": 0.7272727272727272, "PPR": [0.8476190476190476, 0.7555555555555555], "PPR whole": 0.8051282051282052, "PPR ratio": 1.1218487394957983}, "0.8-0.01": {"roc": 0.9855925925925927, "flag_rate": [0.104, 0.0914572864321608], "flag_rate_ratio": 1.137142857142857, "TPR": [0.9, 0.7263157894736842], "TPR whole": 0.8153846153846154, "TPR ratio": 1.2391304347826086, "FPR": [0.015555555555555555, 0.024444444444444446], "FPR whole": 0.02, "FPR ratio": 0.6363636363636364, "PPR": [0.8653846153846154, 0.7582417582417582], "PPR whole": 0.8153846153846154, "PPR ratio": 1.1413043478260871}, "0.8-0.2": {"roc": 0.9860911680911681, "flag_rate": [0.104, 0.0914572864321608], "flag_rate_ratio": 1.137142857142857, "TPR": [0.89, 0.7263157894736842], "TPR whole": 0.8102564102564103, "TPR ratio": 1.2253623188405796, "FPR": [0.016666666666666666, 0.024444444444444446], "FPR whole": 0.020555555555555556, "FPR ratio": 0.6818181818181818,