{"0.01-0.01": {"roc": 0.9896111111111111, "flag_rate": [0.079, 0.04456521739130435], "flag_rate_ratio": 1.7726829268292683, "TPR": [0.74, 1.0], "TPR whole": 0.7833333333333333, "TPR ratio": 0.74, "FPR": [0.005555555555555556, 0.023333333333333334], "FPR whole": 0.014444444444444444, "FPR ratio": 0.23809523809523808, "PPR": [0.9367088607594937, 0.4878048780487805], "PPR whole": 0.7833333333333333, "PPR ratio": 1.920253164556962}, "0.01-0.2": {"roc": 0.9899953703703704, "flag_rate": [0.08, 0.043478260869565216], "flag_rate_ratio": 1.84, "TPR": [0.75, 1.0], "TPR whole": 0.7916666666666666, "TPR ratio": 0.75, "FPR": [0.005555555555555556, 0.022222222222222223], "FPR whole": 0.013888888888888888, "FPR ratio": 0.25, "PPR": [0.9375, 0.5], "PPR whole": 0.7916666666666666, "PPR ratio": 1.875}, "0.01-0.5": {"roc": 0.9883657407407407, "flag_rate": [0.079, 0.04456521739130435], "flag_rate_ratio": 1.7726829268292683, "TPR": [0.73, 1.0], "TPR whole": 0.775, "TPR ratio": 0.73, "FPR": [0.006666666666666667, 0.023333333333333334], "FPR whole": 0.015, "FPR ratio": 0.2857142857142857, "PPR": [0.9240506329113924, 0.4878048780487805], "PPR whole": 0.775, "PPR ratio": 1.8943037974683545}, "0.01-0.8": {"roc": 0.9911111111111112, "flag_rate": [0.082, 0.041304347826086954], "flag_rate_ratio": 1.985263157894737, "TPR": [0.76, 1.0], "TPR whole": 0.8, "TPR ratio": 0.76, "FPR": [0.006666666666666667, 0.02], "FPR whole": 0.013333333333333334, "FPR ratio": 0.33333333333333337, "PPR": [0.926829268292683, 0.5263157894736842], "PPR whole": 0.8, "PPR ratio": 1.7609756097560978}, "0.05-0.01": {"roc": 0.9910277777777778, "flag_rate": [0.079, 0.04456521739130435], "flag_rate_ratio": 1.7726829268292683, "TPR": [0.76, 1.0], "TPR whole": 0.8, "TPR ratio": 0.76, "FPR": [0.0033333333333333335, 0.023333333333333334], "FPR whole": 0.013333333333333334, "FPR ratio": 0.14285714285714285, "PPR": [0.9620253164556962, 0.4878048780487805], "PPR whole": 0.8, "PPR ratio": 1.9721518987341773}, "0.05-0.2": {"roc": 0.9895972222222221, "flag_rate": [0.08, 0.043478260869565216], "flag_rate_ratio": 1.84, "TPR": [0.74, 1.0], "TPR whole": 0.7833333333333333, "TPR ratio": 0.74, "FPR": [0.006666666666666667, 0.022222222222222223], "FPR whole": 0.014444444444444444, "FPR ratio": 0.3, "PPR": [0.925, 0.5], "PPR whole": 0.7833333333333333, "PPR ratio": 1.85}, "0.05-0.5": {"roc": 0.9903518518518518, "flag_rate": [0.08, 0.043478260869565216], "flag_rate_ratio": 1.84, "TPR": [0.76, 1.0], "TPR whole": 0.8, "TPR ratio": 0.76, "FPR": [0.0044444444444444444, 0.022222222222222223], "FPR whole": 0.013333333333333334, "FPR ratio": 0.19999999999999998, "PPR": [0.95, 0.5], "PPR whole": 0.8, "PPR ratio": 1.9}, "0.05-0.8": {"roc": 0.9896203703703703, "flag_rate": [0.08, 0.043478260869565216], "flag_rate_ratio": 1.84, "TPR": [0.75, 1.0], "TPR whole": 0.7916666666666666, "TPR ratio": 0.75, "FPR": [0.005555555555555556, 0.022222222222222223], "FPR whole": 0.013888888888888888, "FPR ratio": 0.25, "PPR": [0.9375, 0.5], "PPR whole": 0.7916666666666666, "PPR ratio": 1.875}, "0.2-0.01": {"roc": 0.9895787037037037, "flag_rate": [0.078, 0.04565217391304348], "flag_rate_ratio": 1.7085714285714286, "TPR": [0.74, 1.0], "TPR whole": 0.7833333333333333, "TPR ratio": 0.74, "FPR": [0.0044444444444444444, 0.024444444444444446], "FPR whole": 0.014444444444444444, "FPR ratio": 0.1818181818181818, "PPR": [0.9487179487179487, 0.47619047619047616], "PPR whole": 0.7833333333333333, "PPR ratio": 1.9923076923076923}, "0.2-0.2": {"roc": 0.990361111111111, "flag_rate": [0.081, 0.042391304347826085], "flag_rate_ratio": 1.910769230769231, "TPR": [0.75, 1.0], "TPR whole": 0.7916666666666666, "TPR ratio": 0.75, "FPR": [0.006666666666666667, 0.021111111111111112], "FPR whole": 0.013888888888888888, "FPR ratio": 0.31578947368421056, "PPR": [0.9259259259259259, 0.5128205128205128], "PPR whole": 0.7916666666666666, "PPR ratio": 1.8055555555555558}, "0.2-0.5": {"roc": 0.9901018518518518, "flag_rate": [0.08, 0.043478260869565216], "flag_rate_ratio": 1.84, "TPR": [0.75, 1.0], "TPR whole": 0.7916666666666666, "TPR ratio": 0.75, "FPR": [0.005555555555555556, 0.022222222222222223], "FPR whole": 0.013888888888888888, "FPR ratio": 0.25, "PPR": [0.9375, 0.5], "PPR whole": 0.7916666666666666, "PPR ratio": 1.875}, "0.2-0.8": {"roc": 0.990175925925926, "flag_rate": [0.081, 0.042391304347826085], "flag_rate_ratio": 1.910769230769231, "TPR": [0.76, 1.0], "TPR whole": 0.8, "TPR ratio": 0.76, "FPR": [0.005555555555555556, 0.021111111111111112], "FPR whole": 0.013333333333333334, "FPR ratio": 0.2631578947368421, "PPR": [0.9382716049382716, 0.5128205128205128], "PPR whole": 0.8, "PPR ratio": 1.8296296296296297}, "0.5-0.01": {"roc": 0.9877499999999999, "flag_rate": [0.076, 0.04782608695652174], "flag_rate_ratio": 1.589090909090909, "TPR": [0.71, 1.0], "TPR whole": 0.7583333333333333, "TPR ratio": 0.71, "FPR": [0.005555555555555556, 0.02666666666666667], "FPR whole": 0.01611111111111111, "FPR ratio": 0.20833333333333331, "PPR": [0.9342105263157895, 0.45454545454545453], "PPR whole": 0.7583333333333333, "PPR ratio": 2.055263157894737}, "0.5-0.2": {"roc": 0.9880648148148148, "flag_rate": [0.079, 0.04456521739130435], "flag_rate_ratio": 1.7726829268292683, "TPR": [0.73, 1.0], "TPR whole": 0.775, "TPR ratio": 0.73, "FPR": [0.006666666666666667, 0.023333333333333334], "FPR whole": 0.015, "FPR ratio": 0.2857142857142857, "PPR": [0.9240506329113924, 0.4878048780487805], "PPR whole": 0.775, "PPR ratio": 1.8943037974683545}, "0.5-0.5": {"roc": 0.9909166666666667, "flag_rate": [0.08, 0.043478260869565216], "flag_rate_ratio": 1.84, "TPR": [0.76, 1.0], "TPR whole": 0.8, "TPR ratio": 0.76, "FPR": [0.0044444444444444444, 0.022222222222222223], "FPR whole": 0.013333333333333334, "FPR ratio": 0.19999999999999998, "PPR": [0.95, 0.5], "PPR whole": 0.8, "PPR ratio": 1.9}, "0.5-0.8": {"roc": 0.9909398148148149, "flag_rate": [0.081, 0.042391304347826085], "flag_rate_ratio": 1.910769230769231, "TPR": [0.75, 1.0], "TPR whole": 0.7916666666666666, "TPR ratio": 0.75, "FPR": [0.006666666666666667, 0.021111111111111112], "FPR whole": 0.013888888888888888, "FPR ratio": 0.31578947368421056, "PPR": [0.9259259259259259, 0.5128205128205128], "PPR whole": 0.7916666666666666, "PPR ratio": 1.8055555555555558}, "0.8-0.01": {"roc": 0.9890416666666667, "flag_rate": [0.078, 0.04565217391304348], "flag_rate_ratio": 1.7085714285714286, "TPR": [0.73, 1.0], "TPR whole": 0.775, "TPR ratio": 0.73, "FPR": [0.005555555555555556, 0.024444444444444446], "FPR whole": 0.015, "FPR ratio": 0.22727272727272727, "PPR": [0.9358974358974359, 0.47619047619047616], "PPR whole": 0.775, "PPR ratio": 1.9653846153846155}, "0.8-0.2": {"roc": 0.9897592592592593, "flag_rate": [0.08, 0.043478260869565216], "flag_rate_ratio": 1.84, "TPR": [0.75, 1.0], "TPR whole": 0.7916666666666666, "TPR ratio": 0.75, "FPR": [0.005555555555555556, 0.022222222222222223], "FPR whole": 0.013888888888888888, "FPR ratio": 0.25, "PPR": [0.9375, 0.5], "PPR whole": 0.7916666666666666, "PPR ratio": 1.875}, "0.8-0.5": {"roc": 0.9891481481481481, "flag_rate": [0.08, 0.043478260869565216], "flag_rate_ratio": 1.84, "TPR": [0.73, 1.0], "TPR whole": 0.775, "TPR ratio": 0.73, "FPR": [0.0077777777777777776, 0.022222222222222223], "FPR whole": 0.015, "FPR ratio": 0.35, "PPR": [0.9125, 0.5], "PPR whole": 0.775, "PPR ratio": 1.825}, "0.8-0.8": {"roc": 0.9907638888888888, "flag_rate": [0.082, 0.041304347826086954], "flag_rate_ratio": 1.985263157894737, "TPR": [0.75, 1.0], "TPR whole": 0.7916666666666666, "TPR ratio": 0.75, "FPR": [0.0077777777777777776, 0.02], "FPR whole": 0.013888888888888888, "FPR ratio": 0.3888888888888889, "PPR": [0.9146341463414634, 0.5263157894736842], "PPR whole": 0.7916666666666666, "PPR ratio": 1.7378048780487807}}