{"0.01-0.01": {"roc": 0.9916076388888889, "flag_rate": [0.085, 0.078125], "flag_rate_ratio": 1.088, "TPR": [0.79, 0.8833333333333333], "TPR whole": 0.825, "TPR ratio": 0.8943396226415095, "FPR": [0.006666666666666667, 0.024444444444444446], "FPR whole": 0.015555555555555555, "FPR ratio": 0.2727272727272727, "PPR": [0.9294117647058824, 0.7066666666666667], "PPR whole": 0.825, "PPR ratio": 1.3152053274139845}, "0.01-0.2": {"roc": 0.9901805555555555, "flag_rate": [0.084, 0.07916666666666666], "flag_rate_ratio": 1.0610526315789475, "TPR": [0.77, 0.85], "TPR whole": 0.8, "TPR ratio": 0.9058823529411765, "FPR": [0.0077777777777777776, 0.027777777777777776], "FPR whole": 0.017777777777777778, "FPR ratio": 0.28, "PPR": [0.9166666666666666, 0.6710526315789473], "PPR whole": 0.8, "PPR ratio": 1.3660130718954249}, "0.01-0.5": {"roc": 0.9921215277777777, "flag_rate": [0.087, 0.07604166666666666], "flag_rate_ratio": 1.144109589041096, "TPR": [0.8, 0.8666666666666667], "TPR whole": 0.825, "TPR ratio": 0.9230769230769231, "FPR": [0.0077777777777777776, 0.023333333333333334], "FPR whole": 0.015555555555555555, "FPR ratio": 0.3333333333333333, "PPR": [0.9195402298850575, 0.7123287671232876], "PPR whole": 0.825, "PPR ratio": 1.2908930150309461}, "0.01-0.8": {"roc": 0.9889444444444444, "flag_rate": [0.086, 0.07708333333333334], "flag_rate_ratio": 1.1156756756756756, "TPR": [0.76, 0.8333333333333334], "TPR whole": 0.7875, "TPR ratio": 0.9119999999999999, "FPR": [0.011111111111111112, 0.02666666666666667], "FPR whole": 0.01888888888888889, "FPR ratio": 0.41666666666666663, "PPR": [0.8837209302325582, 0.6756756756756757], "PPR whole": 0.7875, "PPR ratio": 1.3079069767441862}, "0.05-0.01": {"roc": 0.9845798611111111, "flag_rate": [0.09, 0.07291666666666667], "flag_rate_ratio": 1.2342857142857142, "TPR": [0.79, 0.7166666666666667], "TPR whole": 0.7625, "TPR ratio": 1.102325581395349, "FPR": [0.012222222222222223, 0.03], "FPR whole": 0.021111111111111112, "FPR ratio": 0.40740740740740744, "PPR": [0.8777777777777778, 0.6142857142857143], "PPR whole": 0.7625, "PPR ratio": 1.4289405684754521}, "0.05-0.2": {"roc": 0.9917534722222223, "flag_rate": [0.086, 0.07708333333333334], "flag_rate_ratio": 1.1156756756756756, "TPR": [0.8, 0.85], "TPR whole": 0.81875, "TPR ratio": 0.9411764705882354, "FPR": [0.006666666666666667, 0.025555555555555557], "FPR whole": 0.01611111111111111, "FPR ratio": 0.2608695652173913, "PPR": [0.9302325581395349, 0.6891891891891891], "PPR whole": 0.81875, "PPR ratio": 1.349749202006384}, "0.05-0.5": {"roc": 0.9878229166666667, "flag_rate": [0.086, 0.07708333333333334], "flag_rate_ratio": 1.1156756756756756, "TPR": [0.74, 0.8166666666666667], "TPR whole": 0.76875, "TPR ratio": 0.9061224489795918, "FPR": [0.013333333333333334, 0.027777777777777776], "FPR whole": 0.020555555555555556, "FPR ratio": 0.48000000000000004, "PPR": [0.8604651162790697, 0.6621621621621622], "PPR whole": 0.76875, "PPR ratio": 1.2994779307071664}, "0.05-0.8": {"roc": 0.9898055555555555, "flag_rate": [0.088, 0.075], "flag_rate_ratio": 1.1733333333333333, "TPR": [0.79, 0.8166666666666667], "TPR whole": 0.8, "TPR ratio": 0.9673469387755103, "FPR": [0.01, 0.025555555555555557], "FPR whole": 0.017777777777777778, "FPR ratio": 0.3913043478260869, "PPR": [0.8977272727272727, 0.6805555555555556], "PPR whole": 0.8, "PPR ratio": 1.3191094619666048}, "0.2-0.01": {"roc": 0.987625, "flag_rate": [0.087, 0.07604166666666666], "flag_rate_ratio": 1.144109589041096, "TPR": [0.78, 0.7833333333333333], "TPR whole": 0.78125, "TPR ratio": 0.9957446808510638, "FPR": [0.01, 0.028888888888888888], "FPR whole": 0.019444444444444445, "FPR ratio": 0.3461538461538462, "PPR": [0.896551724137931, 0.6438356164383562], "PPR whole": 0.78125, "PPR ratio": 1.392516507703595}, "0.2-0.2": {"roc": 0.9903541666666666, "flag_rate": [0.083, 0.08020833333333334], "flag_rate_ratio": 1.0348051948051948, "TPR": [0.76, 0.9], "TPR whole": 0.8125, "TPR ratio": 0.8444444444444444, "FPR": [0.0077777777777777776, 0.025555555555555557], "FPR whole": 0.016666666666666666, "FPR ratio": 0.3043478260869565, "PPR": [0.9156626506024096, 0.7012987012987013], "PPR whole": 0.8125, "PPR ratio": 1.3056671128960284}, "0.2-0.5": {"roc": 0.9897951388888888, "flag_rate": [0.086, 0.07708333333333334], "flag_rate_ratio": 1.1156756756756756, "TPR": [0.79, 0.85], "TPR whole": 0.8125, "TPR ratio": 0.9294117647058824, "FPR": [0.0077777777777777776, 0.025555555555555557], "FPR whole": 0.016666666666666666, "FPR ratio": 0.3043478260869565, "PPR": [0.9186046511627907, 0.6891891891891891], "PPR whole": 0.8125, "PPR ratio": 1.3328773369813043}, "0.2-0.8": {"roc": 0.9907569444444444, "flag_rate": [0.086, 0.07708333333333334], "flag_rate_ratio": 1.1156756756756756, "TPR": [0.78, 0.85], "TPR whole": 0.80625, "TPR ratio": 0.9176470588235295, "FPR": [0.008888888888888889, 0.025555555555555557], "FPR whole": 0.017222222222222222, "FPR ratio": 0.34782608695652173, "PPR": [0.9069767441860465, 0.6891891891891891], "PPR whole": 0.80625, "PPR ratio": 1.3160054719562244}, "0.5-0.01": {"roc": 0.9852569444444444, "flag_rate": [0.089, 0.07395833333333333], "flag_rate_ratio": 1.2033802816901407, "TPR": [0.8, 0.7166666666666667], "TPR whole": 0.76875, "TPR ratio": 1.1162790697674418, "FPR": [0.01, 0.03111111111111111], "FPR whole": 0.020555555555555556, "FPR ratio": 0.32142857142857145, "PPR": [0.898876404494382, 0.6056338028169014], "PPR whole": 0.76875, "PPR ratio": 1.4841912725372355}, "0.5-0.2": {"roc": 0.9895625, "flag_rate": [0.085, 0.078125], "flag_rate_ratio": 1.088, "TPR": [0.76, 0.85], "TPR whole": 0.79375, "TPR ratio": 0.8941176470588236, "FPR": [0.01, 0.02666666666666667], "FPR whole": 0.018333333333333333, "FPR ratio": 0.375, "PPR": [0.8941176470588236, 0.68], "PPR whole": 0.79375, "PPR ratio": 1.314878892733564}, "0.5-0.5": {"roc": 0.990763888888889, "flag_rate": [0.086, 0.07708333333333334], "flag_rate_ratio": 1.1156756756756756, "TPR": [0.78, 0.8666666666666667], "TPR whole": 0.8125, "TPR ratio": 0.9, "FPR": [0.008888888888888889, 0.024444444444444446], "FPR whole": 0.016666666666666666, "FPR ratio": 0.3636363636363636, "PPR": [0.9069767441860465, 0.7027027027027027], "PPR whole": 0.8125, "PPR ratio": 1.2906976744186045}, "0.5-0.8": {"roc": 0.9911527777777778, "flag_rate": [0.088, 0.075], "flag_rate_ratio": 1.1733333333333333, "TPR": [0.79, 0.85], "TPR whole": 0.8125, "TPR ratio": 0.9294117647058824, "FPR": [0.01, 0.023333333333333334], "FPR whole": 0.016666666666666666, "FPR ratio": 0.42857142857142855, "PPR": [0.8977272727272727, 0.7083333333333334], "PPR whole": 0.8125, "PPR ratio": 1.267379679144385}, "0.8-0.01": {"roc": 0.9891666666666667, "flag_rate": [0.089, 0.07395833333333333], "flag_rate_ratio": 1.2033802816901407, "TPR": [0.78, 0.7833333333333333], "TPR whole": 0.78125, "TPR ratio": 0.9957446808510638, "FPR": [0.012222222222222223, 0.02666666666666667], "FPR whole": 0.019444444444444445, "FPR ratio": 0.4583333333333333, "PPR": [0.8764044943820225, 0.6619718309859155], "PPR whole": 0.78125, "PPR ratio": 1.3239301936409276}, "0.8-0.2": {"roc": 0.9888402777777778, "flag_rate": [0.087, 0.07604166666666666], "flag_rate_ratio": 1.144109589041096, "TPR": [0.77, 0.85], "TPR whole": 0.8, "TPR ratio": 0.9058823529411765, "FPR": [0.011111111111111112, 0.024444444444444446], "FPR whole": 0.017777777777777778, "FPR ratio": 0.45454545454545453, "PPR": [0.8850574712643678, 0.6986301369863014], "PPR whole": 0.8, "PPR ratio": 1.2668469686725266}, "0.8-0.5": {"roc": 0.9890451388888889, "flag_rate": [0.091, 0.071875], "flag_rate_ratio": 1.2660869565217392, "TPR": [0.81, 0.7666666666666667], "TPR whole": 0.79375, "TPR ratio": 1.0565217391304347, "FPR": [0.011111111111111112, 0.025555555555555557], "FPR whole": 0.018333333333333333, "FPR ratio": 0.43478260869565216, "PPR": [0.8901098901098901, 0.6666666666666666], "PPR whole": 0.79375, "PPR ratio": 1.335164835164835}, "0.8-0.8": {"roc": 0.9916284722222223, "flag_rate": [0.09, 0.07291666666666667],