{"0.01-0.01": {"roc": 0.9576722222222223, "flag_rate": [0.073, 0.127], "flag_rate_ratio": 0.5748031496062992, "TPR": [0.49, 0.76], "TPR whole": 0.625, "TPR ratio": 0.6447368421052632, "FPR": [0.02666666666666667, 0.056666666666666664], "FPR whole": 0.041666666666666664, "FPR ratio": 0.4705882352941177, "PPR": [0.6712328767123288, 0.5984251968503937], "PPR whole": 0.625, "PPR ratio": 1.121665465032444}, "0.01-0.2": {"roc": 0.9431777777777779, "flag_rate": [0.076, 0.124], "flag_rate_ratio": 0.6129032258064516, "TPR": [0.49, 0.64], "TPR whole": 0.565, "TPR ratio": 0.765625, "FPR": [0.03, 0.06666666666666667], "FPR whole": 0.04833333333333333, "FPR ratio": 0.45, "PPR": [0.6447368421052632, 0.5161290322580645], "PPR whole": 0.565, "PPR ratio": 1.2491776315789473}, "0.01-0.5": {"roc": 0.9456805555555555, "flag_rate": [0.072, 0.128], "flag_rate_ratio": 0.5625, "TPR": [0.47, 0.65], "TPR whole": 0.56, "TPR ratio": 0.7230769230769231, "FPR": [0.027777777777777776, 0.07], "FPR whole": 0.04888888888888889, "FPR ratio": 0.39682539682539675, "PPR": [0.6527777777777778, 0.5078125], "PPR whole": 0.56, "PPR ratio": 1.2854700854700856}, "0.01-0.8": {"roc": 0.9511222222222222, "flag_rate": [0.071, 0.129], "flag_rate_ratio": 0.5503875968992248, "TPR": [0.5, 0.69], "TPR whole": 0.595, "TPR ratio": 0.7246376811594204, "FPR": [0.023333333333333334, 0.06666666666666667], "FPR whole": 0.045, "FPR ratio": 0.35000000000000003, "PPR": [0.704225352112676, 0.5348837209302325], "PPR whole": 0.595, "PPR ratio": 1.3165952235150031}, "0.05-0.01": {"roc": 0.9621638888888889, "flag_rate": [0.074, 0.126], "flag_rate_ratio": 0.5873015873015872, "TPR": [0.52, 0.79], "TPR whole": 0.655, "TPR ratio": 0.6582278481012658, "FPR": [0.024444444444444446, 0.052222222222222225], "FPR whole": 0.03833333333333333, "FPR ratio": 0.46808510638297873, "PPR": [0.7027027027027027, 0.626984126984127], "PPR whole": 0.655, "PPR ratio": 1.1207663359562094}, "0.05-0.2": {"roc": 0.9490999999999999, "flag_rate": [0.074, 0.126], "flag_rate_ratio": 0.5873015873015872, "TPR": [0.52, 0.65], "TPR whole": 0.585, "TPR ratio": 0.8, "FPR": [0.024444444444444446, 0.06777777777777778], "FPR whole": 0.04611111111111111, "FPR ratio": 0.36065573770491804, "PPR": [0.7027027027027027, 0.5158730158730159], "PPR whole": 0.585, "PPR ratio": 1.362162162162162}, "0.05-0.5": {"roc": 0.9391777777777777, "flag_rate": [0.072, 0.128], "flag_rate_ratio": 0.5625, "TPR": [0.47, 0.64], "TPR whole": 0.555, "TPR ratio": 0.7343749999999999, "FPR": [0.027777777777777776, 0.07111111111111111], "FPR whole": 0.049444444444444444, "FPR ratio": 0.390625, "PPR": [0.6527777777777778, 0.5], "PPR whole": 0.555, "PPR ratio": 1.3055555555555556}, "0.05-0.8": {"roc": 0.946863888888889, "flag_rate": [0.072, 0.128], "flag_rate_ratio": 0.5625, "TPR": [0.48, 0.66], "TPR whole": 0.57, "TPR ratio": 0.7272727272727272, "FPR": [0.02666666666666667, 0.06888888888888889], "FPR whole": 0.04777777777777778, "FPR ratio": 0.38709677419354843, "PPR": [0.6666666666666666, 0.515625], "PPR whole": 0.57, "PPR ratio": 1.2929292929292928}, "0.2-0.01": {"roc": 0.9619055555555556, "flag_rate": [0.075, 0.125], "flag_rate_ratio": 0.6, "TPR": [0.53, 0.79], "TPR whole": 0.66, "TPR ratio": 0.6708860759493671, "FPR": [0.024444444444444446, 0.051111111111111114], "FPR whole": 0.03777777777777778, "FPR ratio": 0.4782608695652174, "PPR": [0.7066666666666667, 0.632], "PPR whole": 0.66, "PPR ratio": 1.1181434599156117}, "0.2-0.2": {"roc": 0.9455611111111111, "flag_rate": [0.075, 0.125], "flag_rate_ratio": 0.6, "TPR": [0.52, 0.64], "TPR whole": 0.58, "TPR ratio": 0.8125, "FPR": [0.025555555555555557, 0.06777777777777778], "FPR whole": 0.04666666666666667, "FPR ratio": 0.3770491803278688, "PPR": [0.6933333333333334, 0.512], "PPR whole": 0.58, "PPR ratio": 1.3541666666666667}, "0.2-0.5": {"roc": 0.9457027777777778, "flag_rate": [0.072, 0.128], "flag_rate_ratio": 0.5625, "TPR": [0.47, 0.65], "TPR whole": 0.56, "TPR ratio": 0.7230769230769231, "FPR": [0.027777777777777776, 0.07], "FPR whole": 0.04888888888888889, "FPR ratio": 0.39682539682539675, "PPR": [0.6527777777777778, 0.5078125], "PPR whole": 0.56, "PPR ratio": 1.2854700854700856}, "0.2-0.8": {"roc": 0.9459972222222223, "flag_rate": [0.074, 0.126], "flag_rate_ratio": 0.5873015873015872, "TPR": [0.49, 0.64], "TPR whole": 0.565, "TPR ratio": 0.765625, "FPR": [0.027777777777777776, 0.06888888888888889], "FPR whole": 0.04833333333333333, "FPR ratio": 0.4032258064516129, "PPR": [0.6621621621621622, 0.5079365079365079], "PPR whole": 0.565, "PPR ratio": 1.3036317567567568}, "0.5-0.01": {"roc": 0.95575, "flag_rate": [0.075, 0.125], "flag_rate_ratio": 0.6, "TPR": [0.51, 0.73], "TPR whole": 0.62, "TPR ratio": 0.6986301369863014, "FPR": [0.02666666666666667, 0.057777777777777775], "FPR whole": 0.042222222222222223, "FPR ratio": 0.46153846153846156, "PPR": [0.68, 0.584], "PPR whole": 0.62, "PPR ratio": 1.1643835616438358}, "0.5-0.2": {"roc": 0.9499444444444444, "flag_rate": [0.073, 0.127], "flag_rate_ratio": 0.5748031496062992, "TPR": [0.51, 0.65], "TPR whole": 0.58, "TPR ratio": 0.7846153846153846, "FPR": [0.024444444444444446, 0.06888888888888889], "FPR whole": 0.04666666666666667, "FPR ratio": 0.3548387096774194, "PPR": [0.6986301369863014, 0.5118110236220472], "PPR whole": 0.58, "PPR ratio": 1.3650158061116966}, "0.5-0.5": {"roc": 0.9487833333333333, "flag_rate": [0.073, 0.127], "flag_rate_ratio": 0.5748031496062992, "TPR": [0.5, 0.66], "TPR whole": 0.58, "TPR ratio": 0.7575757575757576, "FPR": [0.025555555555555557, 0.06777777777777778], "FPR whole": 0.04666666666666667, "FPR ratio": 0.3770491803278688, "PPR": [0.684931506849315, 0.5196850393700787], "PPR whole": 0.58, "PPR ratio": 1.3179742631797426}, "0.5-0.8": {"roc": 0.9462583333333333, "flag_rate": [0.074, 0.126], "flag_rate_ratio": 0.5873015873015872, "TPR": [0.49, 0.65], "TPR whole": 0.57, "TPR ratio": 0.7538461538461538, "FPR": [0.027777777777777776, 0.06777777777777778], "FPR whole": 0.04777777777777778, "FPR ratio": 0.40983606557377045, "PPR": [0.6621621621621622, 0.5158730158730159], "PPR whole": 0.57, "PPR ratio": 1.2835758835758835}, "0.8-0.01": {"roc": 0.9571166666666667, "flag_rate": [0.078, 0.122], "flag_rate_ratio": 0.639344262295082, "TPR": [0.55, 0.7], "TPR whole": 0.625, "TPR ratio": 0.7857142857142858, "FPR": [0.025555555555555557, 0.057777777777777775], "FPR whole": 0.041666666666666664, "FPR ratio": 0.44230769230769235, "PPR": [0.7051282051282052, 0.5737704918032787], "PPR whole": 0.625, "PPR ratio": 1.228937728937729}, "0.8-0.2": {"roc": 0.9460388888888889, "flag_rate": [0.071, 0.129], "flag_rate_ratio": 0.5503875968992248, "TPR": [0.47, 0.65], "TPR whole": 0.56, "TPR ratio": 0.7230769230769231, "FPR": [0.02666666666666667, 0.07111111111111111], "FPR whole": 0.04888888888888889, "FPR ratio": 0.375, "PPR": [0.6619718309859155, 0.5038759689922481], "PPR whole": 0.56, "PPR ratio": 1.313759479956663}, "0.8-0.5": {"roc": 0.94435, "flag_rate": [0.081, 0.119], "flag_rate_ratio": 0.680672268907563, "TPR": [0.53, 0.64], "TPR whole": 0.585, "TPR ratio": 0.828125, "FPR": [0.03111111111111111, 0.06111111111111111], "FPR whole": 0.04611111111111111, "FPR ratio": 0.509090909090909, "PPR": [0.654320987654321, 0.5378151260504201], "PPR whole": 0.585, "PPR ratio": 1.2166280864197532}, "0.8-0.8": {"roc": 0.9291916666666666, "flag_rate": [0.1, 0.1], "flag_rate_ratio": 1.0, "TPR": [0.61, 0.51], "TPR whole": 0.56, "TPR ratio": 1.196078431372549, "FPR": [0.043333333333333335, 0.05444444444444444], "FPR whole": 0.04888888888888889, "FPR ratio": 0.7959183673469389, "PPR": [0.61, 0.51], "PPR whole": 0.56, "PPR ratio": 1.196078431372549}}