{"0.01-0.01": {"roc": 0.9752833333333333, "flag_rate": [0.088, 0.112], "flag_rate_ratio": 0.7857142857142857, "TPR": [0.78, 0.71], "TPR whole": 0.745, "TPR ratio": 1.0985915492957747, "FPR": [0.011111111111111112, 0.04555555555555556], "FPR whole": 0.028333333333333332, "FPR ratio": 0.24390243902439024, "PPR": [0.8863636363636364, 0.6339285714285714], "PPR whole": 0.745, "PPR ratio": 1.3982074263764406}, "0.01-0.2": {"roc": 0.9687, "flag_rate": [0.081, 0.119], "flag_rate_ratio": 0.680672268907563, "TPR": [0.7, 0.69], "TPR whole": 0.695, "TPR ratio": 1.0144927536231885, "FPR": [0.012222222222222223, 0.05555555555555555], "FPR whole": 0.03388888888888889, "FPR ratio": 0.22000000000000003, "PPR": [0.8641975308641975, 0.5798319327731093], "PPR whole": 0.695, "PPR ratio": 1.490427625693326}, "0.01-0.5": {"roc": 0.9675194444444445, "flag_rate": [0.082, 0.118], "flag_rate_ratio": 0.6949152542372882, "TPR": [0.7, 0.68], "TPR whole": 0.69, "TPR ratio": 1.0294117647058822, "FPR": [0.013333333333333334, 0.05555555555555555], "FPR whole": 0.034444444444444444, "FPR ratio": 0.24000000000000002, "PPR": [0.8536585365853658, 0.576271186440678], "PPR whole": 0.69, "PPR ratio": 1.4813486370157818}, "0.01-0.8": {"roc": 0.9678305555555555, "flag_rate": [0.078, 0.122], "flag_rate_ratio": 0.639344262295082, "TPR": [0.66, 0.69], "TPR whole": 0.675, "TPR ratio": 0.9565217391304349, "FPR": [0.013333333333333334, 0.058888888888888886], "FPR whole": 0.03611111111111111, "FPR ratio": 0.22641509433962267, "PPR": [0.8461538461538461, 0.5655737704918032], "PPR whole": 0.675, "PPR ratio": 1.4960981047937572}, "0.05-0.01": {"roc": 0.9762805555555556, "flag_rate": [0.09, 0.11], "flag_rate_ratio": 0.8181818181818181, "TPR": [0.8, 0.7], "TPR whole": 0.75, "TPR ratio": 1.142857142857143, "FPR": [0.011111111111111112, 0.044444444444444446], "FPR whole": 0.027777777777777776, "FPR ratio": 0.25, "PPR": [0.8888888888888888, 0.6363636363636364], "PPR whole": 0.75, "PPR ratio": 1.3968253968253967}, "0.05-0.2": {"roc": 0.9707194444444445, "flag_rate": [0.084, 0.116], "flag_rate_ratio": 0.7241379310344828, "TPR": [0.73, 0.69], "TPR whole": 0.71, "TPR ratio": 1.0579710144927537, "FPR": [0.012222222222222223, 0.052222222222222225], "FPR whole": 0.03222222222222222, "FPR ratio": 0.23404255319148937, "PPR": [0.8690476190476191, 0.5948275862068966], "PPR whole": 0.71, "PPR ratio": 1.4610075914423741}, "0.05-0.5": {"roc": 0.9697583333333334, "flag_rate": [0.084, 0.116], "flag_rate_ratio": 0.7241379310344828, "TPR": [0.73, 0.68], "TPR whole": 0.705, "TPR ratio": 1.0735294117647058, "FPR": [0.012222222222222223, 0.05333333333333334], "FPR whole": 0.03277777777777778, "FPR ratio": 0.22916666666666666, "PPR": [0.8690476190476191, 0.5862068965517241], "PPR whole": 0.705, "PPR ratio": 1.4824929971988796}, "0.05-0.8": {"roc": 0.9686583333333333, "flag_rate": [0.077, 0.123], "flag_rate_ratio": 0.6260162601626016, "TPR": [0.66, 0.69], "TPR whole": 0.675, "TPR ratio": 0.9565217391304349, "FPR": [0.012222222222222223, 0.06], "FPR whole": 0.03611111111111111, "FPR ratio": 0.20370370370370372, "PPR": [0.8571428571428571, 0.5609756097560976], "PPR whole": 0.675, "PPR ratio": 1.527950310559006}, "0.2-0.01": {"roc": 0.9747166666666667, "flag_rate": [0.088, 0.112], "flag_rate_ratio": 0.7857142857142857, "TPR": [0.78, 0.71], "TPR whole": 0.745, "TPR ratio": 1.0985915492957747, "FPR": [0.011111111111111112, 0.04555555555555556], "FPR whole": 0.028333333333333332, "FPR ratio": 0.24390243902439024, "PPR": [0.8863636363636364, 0.6339285714285714], "PPR whole": 0.745, "PPR ratio": 1.3982074263764406}, "0.2-0.2": {"roc": 0.9675583333333333, "flag_rate": [0.079, 0.121], "flag_rate_ratio": 0.6528925619834711, "TPR": [0.68, 0.69], "TPR whole": 0.685, "TPR ratio": 0.9855072463768118, "FPR": [0.012222222222222223, 0.057777777777777775], "FPR whole": 0.035, "FPR ratio": 0.21153846153846156, "PPR": [0.8607594936708861, 0.5702479338842975], "PPR whole": 0.685, "PPR ratio": 1.5094478077416988}, "0.2-0.5": {"roc": 0.9671944444444445, "flag_rate": [0.075, 0.125], "flag_rate_ratio": 0.6, "TPR": [0.64, 0.69], "TPR whole": 0.665, "TPR ratio": 0.9275362318840581, "FPR": [0.012222222222222223, 0.06222222222222222], "FPR whole": 0.03722222222222222, "FPR ratio": 0.19642857142857145, "PPR": [0.8533333333333334, 0.552], "PPR whole": 0.665, "PPR ratio": 1.5458937198067633}, "0.2-0.8": {"roc": 0.9692111111111111, "flag_rate": [0.078, 0.122], "flag_rate_ratio": 0.639344262295082, "TPR": [0.67, 0.69], "TPR whole": 0.68, "TPR ratio": 0.9710144927536233, "FPR": [0.012222222222222223, 0.058888888888888886], "FPR whole": 0.035555555555555556, "FPR ratio": 0.20754716981132076, "PPR": [0.8589743589743589, 0.5655737704918032], "PPR whole": 0.68, "PPR ratio": 1.5187662578966927}, "0.5-0.01": {"roc": 0.9736777777777779, "flag_rate": [0.088, 0.112], "flag_rate_ratio": 0.7857142857142857, "TPR": [0.78, 0.69], "TPR whole": 0.735, "TPR ratio": 1.1304347826086958, "FPR": [0.011111111111111112, 0.04777777777777778], "FPR whole": 0.029444444444444443, "FPR ratio": 0.23255813953488372, "PPR": [0.8863636363636364, 0.6160714285714286], "PPR whole": 0.735, "PPR ratio": 1.4387351778656126}, "0.5-0.2": {"roc": 0.970111111111111, "flag_rate": [0.083, 0.117], "flag_rate_ratio": 0.7094017094017094, "TPR": [0.73, 0.68], "TPR whole": 0.705, "TPR ratio": 1.0735294117647058, "FPR": [0.011111111111111112, 0.05444444444444444], "FPR whole": 0.03277777777777778, "FPR ratio": 0.20408163265306126, "PPR": [0.8795180722891566, 0.5811965811965812], "PPR whole": 0.705, "PPR ratio": 1.513288447909284}, "0.5-0.5": {"roc": 0.9678694444444446, "flag_rate": [0.078, 0.122], "flag_rate_ratio": 0.639344262295082, "TPR": [0.67, 0.69], "TPR whole": 0.68, "TPR ratio": 0.9710144927536233, "FPR": [0.012222222222222223, 0.058888888888888886], "FPR whole": 0.035555555555555556, "FPR ratio": 0.20754716981132076, "PPR": [0.8589743589743589, 0.5655737704918032], "PPR whole": 0.68, "PPR ratio": 1.5187662578966927}, "0.5-0.8": {"roc": 0.9582027777777777, "flag_rate": [0.05, 0.15], "flag_rate_ratio": 0.33333333333333337, "TPR": [0.48, 0.75], "TPR whole": 0.615, "TPR ratio": 0.64, "FPR": [0.0022222222222222222, 0.08333333333333333], "FPR whole": 0.042777777777777776, "FPR ratio": 0.02666666666666667, "PPR": [0.96, 0.5], "PPR whole": 0.615, "PPR ratio": 1.92}, "0.8-0.01": {"roc": 0.9719111111111111, "flag_rate": [0.085, 0.115], "flag_rate_ratio": 0.7391304347826088, "TPR": [0.75, 0.69], "TPR whole": 0.72, "TPR ratio": 1.0869565217391306, "FPR": [0.011111111111111112, 0.051111111111111114], "FPR whole": 0.03111111111111111, "FPR ratio": 0.21739130434782608, "PPR": [0.8823529411764706, 0.6], "PPR whole": 0.72, "PPR ratio": 1.4705882352941178}, "0.8-0.2": {"roc": 0.9676055555555556, "flag_rate": [0.078, 0.122], "flag_rate_ratio": 0.639344262295082, "TPR": [0.66, 0.68], "TPR whole": 0.67, "TPR ratio": 0.9705882352941176, "FPR": [0.013333333333333334, 0.06], "FPR whole": 0.03666666666666667, "FPR ratio": 0.22222222222222224, "PPR": [0.8461538461538461, 0.5573770491803278], "PPR whole": 0.67, "PPR ratio": 1.5180995475113124}, "0.8-0.5": {"roc": 0.9551805555555555, "flag_rate": [0.048, 0.152], "flag_rate_ratio": 0.31578947368421056, "TPR": [0.46, 0.75], "TPR whole": 0.605, "TPR ratio": 0.6133333333333334, "FPR": [0.0022222222222222222, 0.08555555555555555], "FPR whole": 0.04388888888888889, "FPR ratio": 0.025974025974025976, "PPR": [0.9583333333333334, 0.4934210526315789], "PPR whole": 0.605, "PPR ratio": 1.9422222222222223}, "0.8-0.8": {"roc": 0.9442611111111111, "flag_rate": [0.039, 0.161], "flag_rate_ratio": 0.24223602484472048, "TPR": [0.38, 0.74], "TPR whole": 0.56, "TPR ratio": 0.5135135135135135, "FPR": [0.0011111111111111111, 0.09666666666666666], "FPR whole": 0.04888888888888889, "FPR ratio": 0.011494252873563218, "PPR": [0.9743589743589743, 0.45962732919254656], "PPR whole": 0.56, "PPR ratio": 2.11988911988912}}