{"0.01-0.01": {"roc": 0.954003350083752, "flag_rate": [0.098, 0.1011011011011011], "flag_rate_ratio": 0.9693267326732674, "TPR": [0.83, 0.7777777777777778], "TPR whole": 0.8040201005025126, "TPR ratio": 1.0671428571428572, "FPR": [0.016666666666666666, 0.02666666666666667], "FPR whole": 0.021666666666666667, "FPR ratio": 0.625, "PPR": [0.8469387755102041, 0.7623762376237624], "PPR whole": 0.8040201005025126, "PPR ratio": 1.1109196925523457}, "0.01-0.2": {"roc": 0.9499357900614183, "flag_rate": [0.101, 0.0980980980980981], "flag_rate_ratio": 1.0295816326530614, "TPR": [0.82, 0.7676767676767676], "TPR whole": 0.7939698492462312, "TPR ratio": 1.0681578947368422, "FPR": [0.021111111111111112, 0.024444444444444446], "FPR whole": 0.02277777777777778, "FPR ratio": 0.8636363636363636, "PPR": [0.8118811881188119, 0.7755102040816326], "PPR whole": 0.7939698492462312, "PPR ratio": 1.0468994267847838}, "0.01-0.5": {"roc": 0.9417225013958682, "flag_rate": [0.104, 0.09509509509509509], "flag_rate_ratio": 1.093642105263158, "TPR": [0.84, 0.7575757575757576], "TPR whole": 0.7989949748743719, "TPR ratio": 1.1088, "FPR": [0.022222222222222223, 0.022222222222222223], "FPR whole": 0.022222222222222223, "FPR ratio": 1.0, "PPR": [0.8076923076923077, 0.7894736842105263], "PPR whole": 0.7989949748743719, "PPR ratio": 1.023076923076923}, "0.01-0.8": {"roc": 0.9366275823562256, "flag_rate": [0.097, 0.1021021021021021], "flag_rate_ratio": 0.9500294117647059, "TPR": [0.79, 0.7272727272727273], "TPR whole": 0.7587939698492462, "TPR ratio": 1.08625, "FPR": [0.02, 0.03333333333333333], "FPR whole": 0.02666666666666667, "FPR ratio": 0.6, "PPR": [0.8144329896907216, 0.7058823529411765], "PPR whole": 0.7587939698492462, "PPR ratio": 1.1537800687285222}, "0.05-0.01": {"roc": 0.9535510887772195, "flag_rate": [0.096, 0.1031031031031031], "flag_rate_ratio": 0.9311067961165049, "TPR": [0.84, 0.7777777777777778], "TPR whole": 0.8090452261306532, "TPR ratio": 1.0799999999999998, "FPR": [0.013333333333333334, 0.028888888888888888], "FPR whole": 0.021111111111111112, "FPR ratio": 0.46153846153846156, "PPR": [0.875, 0.7475728155339806], "PPR whole": 0.8090452261306532, "PPR ratio": 1.1704545454545454}, "0.05-0.2": {"roc": 0.9350027917364602, "flag_rate": [0.093, 0.1061061061061061], "flag_rate_ratio": 0.8764811320754717, "TPR": [0.76, 0.7474747474747475], "TPR whole": 0.7537688442211056, "TPR ratio": 1.0167567567567568, "FPR": [0.01888888888888889, 0.035555555555555556], "FPR whole": 0.02722222222222222, "FPR ratio": 0.53125, "PPR": [0.8172043010752689, 0.6981132075471698], "PPR whole": 0.7537688442211056, "PPR ratio": 1.1705899447834933}, "0.05-0.5": {"roc": 0.933179787828029, "flag_rate": [0.094, 0.10510510510510511], "flag_rate_ratio": 0.8943428571428571, "TPR": [0.78, 0.7272727272727273], "TPR whole": 0.7537688442211056, "TPR ratio": 1.0725, "FPR": [0.017777777777777778, 0.03666666666666667], "FPR whole": 0.02722222222222222, "FPR ratio": 0.48484848484848486, "PPR": [0.8297872340425532, 0.6857142857142857], "PPR whole": 0.7537688442211056, "PPR ratio": 1.2101063829787233}, "0.05-0.8": {"roc": 0.9389140145170296, "flag_rate": [0.095, 0.1041041041041041], "flag_rate_ratio": 0.9125480769230769, "TPR": [0.79, 0.7676767676767676], "TPR whole": 0.7788944723618091, "TPR ratio": 1.0290789473684212, "FPR": [0.017777777777777778, 0.03111111111111111], "FPR whole": 0.024444444444444446, "FPR ratio": 0.5714285714285714, "PPR": [0.8315789473684211, 0.7307692307692307], "PPR whole": 0.7788944723618091, "PPR ratio": 1.1379501385041553}, "0.2-0.01": {"roc": 0.9549860413176996, "flag_rate": [0.1, 0.0990990990990991], "flag_rate_ratio": 1.009090909090909, "TPR": [0.86, 0.7878787878787878], "TPR whole": 0.8241206030150754, "TPR ratio": 1.0915384615384616, "FPR": [0.015555555555555555, 0.023333333333333334], "FPR whole": 0.019444444444444445, "FPR ratio": 0.6666666666666666, "PPR": [0.86, 0.7878787878787878], "PPR whole": 0.8241206030150754, "PPR ratio": 1.0915384615384616}, "0.2-0.2": {"roc": 0.9394332774986042, "flag_rate": [0.1, 0.0990990990990991], "flag_rate_ratio": 1.009090909090909, "TPR": [0.79, 0.7373737373737373], "TPR whole": 0.7638190954773869, "TPR ratio": 1.0713698630136987, "FPR": [0.023333333333333334, 0.028888888888888888], "FPR whole": 0.026111111111111113, "FPR ratio": 0.8076923076923078, "PPR": [0.79, 0.7373737373737373], "PPR whole": 0.7638190954773869, "PPR ratio": 1.0713698630136987}, "0.2-0.5": {"roc": 0.9382774986041317, "flag_rate": [0.101, 0.0980980980980981], "flag_rate_ratio": 1.0295816326530614, "TPR": [0.79, 0.7272727272727273], "TPR whole": 0.7587939698492462, "TPR ratio": 1.08625, "FPR": [0.024444444444444446, 0.028888888888888888], "FPR whole": 0.02666666666666667, "FPR ratio": 0.8461538461538463, "PPR": [0.7821782178217822, 0.7346938775510204], "PPR whole": 0.7587939698492462, "PPR ratio": 1.0646314631463145}, "0.2-0.8": {"roc": 0.9417252931323281, "flag_rate": [0.093, 0.1061061061061061], "flag_rate_ratio": 0.8764811320754717, "TPR": [0.78, 0.7373737373737373], "TPR whole": 0.7587939698492462, "TPR ratio": 1.0578082191780822, "FPR": [0.016666666666666666, 0.03666666666666667], "FPR whole": 0.02666666666666667, "FPR ratio": 0.45454545454545453, "PPR": [0.8387096774193549, 0.6886792452830188], "PPR whole": 0.7587939698492462, "PPR ratio": 1.2178524083075564}, "0.5-0.01": {"roc": 0.9523171412618648, "flag_rate": [0.094, 0.10510510510510511], "flag_rate_ratio": 0.8943428571428571, "TPR": [0.85, 0.7676767676767676], "TPR whole": 0.8090452261306532, "TPR ratio": 1.1072368421052632, "FPR": [0.01, 0.03222222222222222], "FPR whole": 0.021111111111111112, "FPR ratio": 0.3103448275862069, "PPR": [0.9042553191489362, 0.7238095238095238], "PPR whole": 0.8090452261306532, "PPR ratio": 1.249300111982083}, "0.5-0.2": {"roc": 0.9467476270240089, "flag_rate": [0.096, 0.1031031031031031], "flag_rate_ratio": 0.9311067961165049, "TPR": [0.79, 0.7676767676767676], "TPR whole": 0.7788944723618091, "TPR ratio": 1.0290789473684212, "FPR": [0.01888888888888889, 0.03], "FPR whole": 0.024444444444444446, "FPR ratio": 0.6296296296296297, "PPR": [0.8229166666666666, 0.7378640776699029], "PPR whole": 0.7788944723618091, "PPR ratio": 1.1152686403508771}, "0.5-0.5": {"roc": 0.9426633165829146, "flag_rate": [0.102, 0.0970970970970971], "flag_rate_ratio": 1.0504948453608247, "TPR": [0.79, 0.7474747474747475], "TPR whole": 0.7688442211055276, "TPR ratio": 1.056891891891892, "FPR": [0.025555555555555557, 0.025555555555555557], "FPR whole": 0.025555555555555557, "FPR ratio": 1.0, "PPR": [0.7745098039215687, 0.7628865979381443], "PPR whole": 0.7688442211055276, "PPR ratio": 1.0152358240593535}, "0.5-0.8": {"roc": 0.9326605248464545, "flag_rate": [0.109, 0.09009009009009009], "flag_rate_ratio": 1.2099, "TPR": [0.79, 0.7272727272727273], "TPR whole": 0.7587939698492462, "TPR ratio": 1.08625, "FPR": [0.03333333333333333, 0.02], "FPR whole": 0.02666666666666667, "FPR ratio": 1.6666666666666665, "PPR": [0.7247706422018348, 0.8], "PPR whole": 0.7587939698492462, "PPR ratio": 0.9059633027522935}, "0.8-0.01": {"roc": 0.9556197654941373, "flag_rate": [0.097, 0.1021021021021021], "flag_rate_ratio": 0.9500294117647059, "TPR": [0.85, 0.7676767676767676], "TPR whole": 0.8090452261306532, "TPR ratio": 1.1072368421052632, "FPR": [0.013333333333333334, 0.028888888888888888], "FPR whole": 0.021111111111111112, "FPR ratio": 0.46153846153846156, "PPR": [0.8762886597938144, 0.7450980392156863], "PPR whole": 0.8090452261306532, "PPR ratio": 1.1760716223548562}, "0.8-0.2": {"roc": 0.9386152987158012, "flag_rate": [0.099, 0.1001001001001001], "flag_rate_ratio": 0.98901, "TPR": [0.77, 0.7272727272727273], "TPR whole": 0.7487437185929648, "TPR ratio": 1.05875, "FPR": [0.024444444444444446, 0.03111111111111111], "FPR whole": 0.027777777777777776, "FPR ratio": 0.7857142857142858, "PPR": [0.7777777777777778, 0.72], "PPR whole": 0.7487437185929648, "PPR ratio": 1.080246913580247}, "0.8-0.5": {"roc": 0.9383612506979341,