{"0.01-0.01": {"roc": 0.9490396825396826, "flag_rate": [0.08, 0.06382978723404255], "flag_rate_ratio": 1.2533333333333334, "TPR": [0.76, 0.65], "TPR whole": 0.7285714285714285, "TPR ratio": 1.1692307692307693, "FPR": [0.0044444444444444444, 0.03777777777777778], "FPR whole": 0.021111111111111112, "FPR ratio": 0.11764705882352941, "PPR": [0.95, 0.43333333333333335], "PPR whole": 0.7285714285714285, "PPR ratio": 2.192307692307692}, "0.01-0.2": {"roc": 0.9485079365079365, "flag_rate": [0.081, 0.0627659574468085], "flag_rate_ratio": 1.2905084745762714, "TPR": [0.75, 0.65], "TPR whole": 0.7214285714285714, "TPR ratio": 1.1538461538461537, "FPR": [0.006666666666666667, 0.03666666666666667], "FPR whole": 0.021666666666666667, "FPR ratio": 0.18181818181818182, "PPR": [0.9259259259259259, 0.4406779661016949], "PPR whole": 0.7214285714285714, "PPR ratio": 2.101139601139601}, "0.01-0.5": {"roc": 0.9389166666666667, "flag_rate": [0.082, 0.06170212765957447], "flag_rate_ratio": 1.3289655172413795, "TPR": [0.74, 0.6], "TPR whole": 0.7, "TPR ratio": 1.2333333333333334, "FPR": [0.008888888888888889, 0.03777777777777778], "FPR whole": 0.023333333333333334, "FPR ratio": 0.23529411764705882, "PPR": [0.9024390243902439, 0.41379310344827586], "PPR whole": 0.7, "PPR ratio": 2.1808943089430897}, "0.01-0.8": {"roc": 0.9413531746031745, "flag_rate": [0.083, 0.06063829787234042], "flag_rate_ratio": 1.3687719298245615, "TPR": [0.73, 0.55], "TPR whole": 0.6785714285714286, "TPR ratio": 1.3272727272727272, "FPR": [0.011111111111111112, 0.03888888888888889], "FPR whole": 0.025, "FPR ratio": 0.2857142857142857, "PPR": [0.8795180722891566, 0.38596491228070173], "PPR whole": 0.6785714285714286, "PPR ratio": 2.2787513691128147}, "0.05-0.01": {"roc": 0.9426507936507936, "flag_rate": [0.083, 0.06063829787234042], "flag_rate_ratio": 1.3687719298245615, "TPR": [0.78, 0.675], "TPR whole": 0.75, "TPR ratio": 1.1555555555555554, "FPR": [0.005555555555555556, 0.03333333333333333], "FPR whole": 0.019444444444444445, "FPR ratio": 0.16666666666666669, "PPR": [0.9397590361445783, 0.47368421052631576], "PPR whole": 0.75, "PPR ratio": 1.9839357429718878}, "0.05-0.2": {"roc": 0.9551626984126984, "flag_rate": [0.084, 0.059574468085106386], "flag_rate_ratio": 1.41, "TPR": [0.76, 0.65], "TPR whole": 0.7285714285714285, "TPR ratio": 1.1692307692307693, "FPR": [0.008888888888888889, 0.03333333333333333], "FPR whole": 0.021111111111111112, "FPR ratio": 0.26666666666666666, "PPR": [0.9047619047619048, 0.4642857142857143], "PPR whole": 0.7285714285714285, "PPR ratio": 1.9487179487179487}, "0.05-0.5": {"roc": 0.9415992063492064, "flag_rate": [0.083, 0.06063829787234042], "flag_rate_ratio": 1.3687719298245615, "TPR": [0.75, 0.6], "TPR whole": 0.7071428571428572, "TPR ratio": 1.25, "FPR": [0.008888888888888889, 0.03666666666666667], "FPR whole": 0.02277777777777778, "FPR ratio": 0.24242424242424243, "PPR": [0.9036144578313253, 0.42105263157894735], "PPR whole": 0.7071428571428572, "PPR ratio": 2.146084337349398}, "0.05-0.8": {"roc": 0.9355515873015873, "flag_rate": [0.082, 0.06170212765957447], "flag_rate_ratio": 1.3289655172413795, "TPR": [0.73, 0.6], "TPR whole": 0.6928571428571428, "TPR ratio": 1.2166666666666668, "FPR": [0.01, 0.03777777777777778], "FPR whole": 0.02388888888888889, "FPR ratio": 0.2647058823529412, "PPR": [0.8902439024390244, 0.41379310344827586], "PPR whole": 0.6928571428571428, "PPR ratio": 2.1514227642276422}, "0.2-0.01": {"roc": 0.9505515873015872, "flag_rate": [0.084, 0.059574468085106386], "flag_rate_ratio": 1.41, "TPR": [0.77, 0.675], "TPR whole": 0.7428571428571429, "TPR ratio": 1.1407407407407406, "FPR": [0.0077777777777777776, 0.03222222222222222], "FPR whole": 0.02, "FPR ratio": 0.2413793103448276, "PPR": [0.9166666666666666, 0.48214285714285715], "PPR whole": 0.7428571428571429, "PPR ratio": 1.9012345679012344}, "0.2-0.2": {"roc": 0.9467738095238095, "flag_rate": [0.083, 0.06063829787234042], "flag_rate_ratio": 1.3687719298245615, "TPR": [0.77, 0.625], "TPR whole": 0.7285714285714285, "TPR ratio": 1.232, "FPR": [0.006666666666666667, 0.035555555555555556], "FPR whole": 0.021111111111111112, "FPR ratio": 0.1875, "PPR": [0.927710843373494, 0.43859649122807015], "PPR whole": 0.7285714285714285, "PPR ratio": 2.1151807228915662}, "0.2-0.5": {"roc": 0.9451349206349207, "flag_rate": [0.083, 0.06063829787234042], "flag_rate_ratio": 1.3687719298245615, "TPR": [0.75, 0.625], "TPR whole": 0.7142857142857143, "TPR ratio": 1.2, "FPR": [0.008888888888888889, 0.035555555555555556], "FPR whole": 0.022222222222222223, "FPR ratio": 0.25, "PPR": [0.9036144578313253, 0.43859649122807015], "PPR whole": 0.7142857142857143, "PPR ratio": 2.060240963855422}, "0.2-0.8": {"roc": 0.9465753968253968, "flag_rate": [0.081, 0.0627659574468085], "flag_rate_ratio": 1.2905084745762714, "TPR": [0.73, 0.625], "TPR whole": 0.7, "TPR ratio": 1.168, "FPR": [0.008888888888888889, 0.03777777777777778], "FPR whole": 0.023333333333333334, "FPR ratio": 0.23529411764705882, "PPR": [0.9012345679012346, 0.423728813559322], "PPR whole": 0.7, "PPR ratio": 2.1269135802469137}, "0.5-0.01": {"roc": 0.9395476190476192, "flag_rate": [0.082, 0.06170212765957447], "flag_rate_ratio": 1.3289655172413795, "TPR": [0.77, 0.625], "TPR whole": 0.7285714285714285, "TPR ratio": 1.232, "FPR": [0.005555555555555556, 0.03666666666666667], "FPR whole": 0.021111111111111112, "FPR ratio": 0.15151515151515152, "PPR": [0.9390243902439024, 0.43103448275862066], "PPR whole": 0.7285714285714285, "PPR ratio": 2.178536585365854}, "0.5-0.2": {"roc": 0.9487936507936507, "flag_rate": [0.082, 0.06170212765957447], "flag_rate_ratio": 1.3289655172413795, "TPR": [0.75, 0.675], "TPR whole": 0.7285714285714285, "TPR ratio": 1.111111111111111, "FPR": [0.0077777777777777776, 0.034444444444444444], "FPR whole": 0.021111111111111112, "FPR ratio": 0.22580645161290322, "PPR": [0.9146341463414634, 0.46551724137931033], "PPR whole": 0.7285714285714285, "PPR ratio": 1.964769647696477}, "0.5-0.5": {"roc": 0.9407261904761904, "flag_rate": [0.079, 0.06489361702127659], "flag_rate_ratio": 1.217377049180328, "TPR": [0.72, 0.575], "TPR whole": 0.6785714285714286, "TPR ratio": 1.2521739130434784, "FPR": [0.0077777777777777776, 0.042222222222222223], "FPR whole": 0.025, "FPR ratio": 0.18421052631578946, "PPR": [0.9113924050632911, 0.3770491803278688], "PPR whole": 0.6785714285714286, "PPR ratio": 2.417171161254816}, "0.5-0.8": {"roc": 0.9363611111111111, "flag_rate": [0.081, 0.0627659574468085], "flag_rate_ratio": 1.2905084745762714, "TPR": [0.71, 0.6], "TPR whole": 0.6785714285714286, "TPR ratio": 1.1833333333333333, "FPR": [0.011111111111111112, 0.03888888888888889], "FPR whole": 0.025, "FPR ratio": 0.2857142857142857, "PPR": [0.8765432098765432, 0.4067796610169492], "PPR whole": 0.6785714285714286, "PPR ratio": 2.154835390946502}, "0.8-0.01": {"roc": 0.95225, "flag_rate": [0.082, 0.06170212765957447], "flag_rate_ratio": 1.3289655172413795, "TPR": [0.77, 0.625], "TPR whole": 0.7285714285714285, "TPR ratio": 1.232, "FPR": [0.005555555555555556, 0.03666666666666667], "FPR whole": 0.021111111111111112, "FPR ratio": 0.15151515151515152, "PPR": [0.9390243902439024, 0.43103448275862066], "PPR whole": 0.7285714285714285, "PPR ratio": 2.178536585365854}, "0.8-0.2": {"roc": 0.9467301587301588, "flag_rate": [0.087, 0.05638297872340425], "flag_rate_ratio": 1.5430188679245282, "TPR": [0.77, 0.6], "TPR whole": 0.7214285714285714, "TPR ratio": 1.2833333333333334, "FPR": [0.011111111111111112, 0.03222222222222222], "FPR whole": 0.021666666666666667, "FPR ratio": 0.3448275862068966, "PPR": [0.8850574712643678, 0.4528301886792453], "PPR whole": 0.7214285714285714, "PPR ratio": 1.9545019157088124}, "0.8-0.5": {"roc": 0.9399166666666666, "flag_rate": [0.081, 0.0627659574468085], "flag_rate_ratio": 1.2905084745762714, "TPR": [0.73, 0.575], "TPR whole": 0.6857142857142857, "TPR ratio": 1.2695652173913043, "FPR": [0.008888888888888889, 0.04], "FPR whole": 0.024444444444444446,