{"0.01-0.01": {"roc": 0.9415555555555556, "flag_rate": [0.092, 0.08979591836734693], "flag_rate_ratio": 1.0245454545454546, "TPR": [0.76, 0.75], "TPR whole": 0.7555555555555555, "TPR ratio": 1.0133333333333334, "FPR": [0.017777777777777778, 0.03111111111111111], "FPR whole": 0.024444444444444446, "FPR ratio": 0.5714285714285714, "PPR": [0.8260869565217391, 0.6818181818181818], "PPR whole": 0.7555555555555555, "PPR ratio": 1.211594202898551}, "0.01-0.2": {"roc": 0.9257901234567901, "flag_rate": [0.085, 0.09693877551020408], "flag_rate_ratio": 0.876842105263158, "TPR": [0.68, 0.725], "TPR whole": 0.7, "TPR ratio": 0.9379310344827587, "FPR": [0.01888888888888889, 0.04111111111111111], "FPR whole": 0.03, "FPR ratio": 0.45945945945945943, "PPR": [0.8, 0.6105263157894737], "PPR whole": 0.7, "PPR ratio": 1.3103448275862069}, "0.01-0.5": {"roc": 0.9185895061728395, "flag_rate": [0.093, 0.08877551020408163], "flag_rate_ratio": 1.0475862068965518, "TPR": [0.71, 0.7375], "TPR whole": 0.7222222222222222, "TPR ratio": 0.9627118644067796, "FPR": [0.024444444444444446, 0.03111111111111111], "FPR whole": 0.027777777777777776, "FPR ratio": 0.7857142857142858, "PPR": [0.7634408602150538, 0.6781609195402298], "PPR whole": 0.7222222222222222, "PPR ratio": 1.1257517769272827}, "0.01-0.8": {"roc": 0.9302824074074074, "flag_rate": [0.082, 0.1], "flag_rate_ratio": 0.82, "TPR": [0.7, 0.7375], "TPR whole": 0.7166666666666667, "TPR ratio": 0.9491525423728813, "FPR": [0.013333333333333334, 0.043333333333333335], "FPR whole": 0.028333333333333332, "FPR ratio": 0.3076923076923077, "PPR": [0.8536585365853658, 0.6020408163265306], "PPR whole": 0.7166666666666667, "PPR ratio": 1.4179412980570483}, "0.05-0.01": {"roc": 0.9422345679012345, "flag_rate": [0.089, 0.09285714285714286], "flag_rate_ratio": 0.9584615384615384, "TPR": [0.76, 0.7375], "TPR whole": 0.75, "TPR ratio": 1.0305084745762711, "FPR": [0.014444444444444444, 0.035555555555555556], "FPR whole": 0.025, "FPR ratio": 0.40625, "PPR": [0.8539325842696629, 0.6483516483516484], "PPR whole": 0.75, "PPR ratio": 1.3170824604837172}, "0.05-0.2": {"roc": 0.9283580246913581, "flag_rate": [0.084, 0.09795918367346938], "flag_rate_ratio": 0.8575000000000002, "TPR": [0.71, 0.7125], "TPR whole": 0.7111111111111111, "TPR ratio": 0.9964912280701753, "FPR": [0.014444444444444444, 0.043333333333333335], "FPR whole": 0.028888888888888888, "FPR ratio": 0.3333333333333333, "PPR": [0.8452380952380952, 0.59375], "PPR whole": 0.7111111111111111, "PPR ratio": 1.4235588972431077}, "0.05-0.5": {"roc": 0.916145061728395, "flag_rate": [0.094, 0.08775510204081632], "flag_rate_ratio": 1.0711627906976744, "TPR": [0.74, 0.6625], "TPR whole": 0.7055555555555556, "TPR ratio": 1.1169811320754717, "FPR": [0.022222222222222223, 0.03666666666666667], "FPR whole": 0.029444444444444443, "FPR ratio": 0.6060606060606061, "PPR": [0.7872340425531915, 0.6162790697674418], "PPR whole": 0.7055555555555556, "PPR ratio": 1.2773986350863107}, "0.05-0.8": {"roc": 0.9166265432098766, "flag_rate": [0.093, 0.08877551020408163], "flag_rate_ratio": 1.0475862068965518, "TPR": [0.72, 0.65], "TPR whole": 0.6888888888888889, "TPR ratio": 1.1076923076923075, "FPR": [0.023333333333333334, 0.03888888888888889], "FPR whole": 0.03111111111111111, "FPR ratio": 0.6, "PPR": [0.7741935483870968, 0.5977011494252874], "PPR whole": 0.6888888888888889, "PPR ratio": 1.2952853598014886}, "0.2-0.01": {"roc": 0.9403148148148148, "flag_rate": [0.092, 0.08979591836734693], "flag_rate_ratio": 1.0245454545454546, "TPR": [0.77, 0.75], "TPR whole": 0.7611111111111111, "TPR ratio": 1.0266666666666666, "FPR": [0.016666666666666666, 0.03111111111111111], "FPR whole": 0.02388888888888889, "FPR ratio": 0.5357142857142857, "PPR": [0.8369565217391305, 0.6818181818181818], "PPR whole": 0.7611111111111111, "PPR ratio": 1.2275362318840581}, "0.2-0.2": {"roc": 0.9249814814814814, "flag_rate": [0.095, 0.08673469387755102], "flag_rate_ratio": 1.0952941176470588, "TPR": [0.7, 0.6875], "TPR whole": 0.6944444444444444, "TPR ratio": 1.018181818181818, "FPR": [0.027777777777777776, 0.03333333333333333], "FPR whole": 0.030555555555555555, "FPR ratio": 0.8333333333333333, "PPR": [0.7368421052631579, 0.6470588235294118], "PPR whole": 0.6944444444444444, "PPR ratio": 1.138755980861244}, "0.2-0.5": {"roc": 0.9226512345679012, "flag_rate": [0.091, 0.09081632653061225], "flag_rate_ratio": 1.0020224719101123, "TPR": [0.72, 0.6625], "TPR whole": 0.6944444444444444, "TPR ratio": 1.0867924528301887, "FPR": [0.021111111111111112, 0.04], "FPR whole": 0.030555555555555555, "FPR ratio": 0.5277777777777778, "PPR": [0.7912087912087912, 0.5955056179775281], "PPR whole": 0.6944444444444444, "PPR ratio": 1.328633630520423}, "0.2-0.8": {"roc": 0.9191265432098766, "flag_rate": [0.097, 0.08469387755102041], "flag_rate_ratio": 1.1453012048192772, "TPR": [0.67, 0.6625], "TPR whole": 0.6666666666666666, "TPR ratio": 1.0113207547169811, "FPR": [0.03333333333333333, 0.03333333333333333], "FPR whole": 0.03333333333333333, "FPR ratio": 1.0, "PPR": [0.6907216494845361, 0.6385542168674698], "PPR whole": 0.6666666666666666, "PPR ratio": 1.0816961680606887}, "0.5-0.01": {"roc": 0.9363487654320987, "flag_rate": [0.087, 0.09489795918367347], "flag_rate_ratio": 0.9167741935483871, "TPR": [0.74, 0.775], "TPR whole": 0.7555555555555555, "TPR ratio": 0.9548387096774194, "FPR": [0.014444444444444444, 0.034444444444444444], "FPR whole": 0.024444444444444446, "FPR ratio": 0.4193548387096774, "PPR": [0.8505747126436781, 0.6666666666666666], "PPR whole": 0.7555555555555555, "PPR ratio": 1.2758620689655173}, "0.5-0.2": {"roc": 0.9337962962962963, "flag_rate": [0.088, 0.09387755102040816], "flag_rate_ratio": 0.937391304347826, "TPR": [0.7, 0.7375], "TPR whole": 0.7166666666666667, "TPR ratio": 0.9491525423728813, "FPR": [0.02, 0.03666666666666667], "FPR whole": 0.028333333333333332, "FPR ratio": 0.5454545454545454, "PPR": [0.7954545454545454, 0.6413043478260869], "PPR whole": 0.7166666666666667, "PPR ratio": 1.2403697996918337}, "0.5-0.5": {"roc": 0.920817901234568, "flag_rate": [0.099, 0.0826530612244898], "flag_rate_ratio": 1.1977777777777778, "TPR": [0.72, 0.6625], "TPR whole": 0.6944444444444444, "TPR ratio": 1.0867924528301887, "FPR": [0.03, 0.03111111111111111], "FPR whole": 0.030555555555555555, "FPR ratio": 0.9642857142857143, "PPR": [0.7272727272727273, 0.654320987654321], "PPR whole": 0.6944444444444444, "PPR ratio": 1.1114922813036021}, "0.5-0.8": {"roc": 0.9284197530864198, "flag_rate": [0.093, 0.08877551020408163], "flag_rate_ratio": 1.0475862068965518, "TPR": [0.72, 0.7125], "TPR whole": 0.7166666666666667, "TPR ratio": 1.0105263157894737, "FPR": [0.023333333333333334, 0.03333333333333333], "FPR whole": 0.028333333333333332, "FPR ratio": 0.7000000000000001, "PPR": [0.7741935483870968, 0.6551724137931034], "PPR whole": 0.7166666666666667, "PPR ratio": 1.1816638370118846}, "0.8-0.01": {"roc": 0.9425277777777779, "flag_rate": [0.089, 0.09285714285714286], "flag_rate_ratio": 0.9584615384615384, "TPR": [0.76, 0.7625], "TPR whole": 0.7611111111111111, "TPR ratio": 0.9967213114754099, "FPR": [0.014444444444444444, 0.03333333333333333], "FPR whole": 0.02388888888888889, "FPR ratio": 0.4333333333333333, "PPR": [0.8539325842696629, 0.6703296703296703], "PPR whole": 0.7611111111111111, "PPR ratio": 1.2738994289924481}, "0.8-0.2": {"roc": 0.9061697530864198, "flag_rate": [0.088, 0.09387755102040816], "flag_rate_ratio": 0.937391304347826, "TPR": [0.68, 0.6375], "TPR whole": 0.6611111111111111, "TPR ratio": 1.0666666666666669, "FPR": [0.022222222222222223, 0.04555555555555556], "FPR whole": 0.03388888888888889, "FPR ratio": 0.4878048780487805, "PPR": [0.7727272727272727, 0.5543478260869565], "PPR whole": 0.6611111111111111, "PPR ratio": 1.3939393939393938}, "0.8-0.5": {"roc": 0.9109814814814816, "flag_rate": [0.094, 0.08775510204081632], "flag_rate_ratio": 1.0711627906976744, "TPR": [0.71, 0.6625], "TPR whole": 0.6888888888888889, "TPR ratio": 1.0716981132075472,