{"0.01-0.01": {"roc": 0.9535754985754986, "flag_rate": [0.097, 0.09849246231155778], "flag_rate_ratio": 0.9848469387755103, "TPR": [0.8, 0.7789473684210526], "TPR whole": 0.7897435897435897, "TPR ratio": 1.0270270270270272, "FPR": [0.01888888888888889, 0.02666666666666667], "FPR whole": 0.02277777777777778, "FPR ratio": 0.7083333333333333, "PPR": [0.8247422680412371, 0.7551020408163265], "PPR whole": 0.7897435897435897, "PPR ratio": 1.0922262468654222}, "0.01-0.2": {"roc": 0.9586239316239317, "flag_rate": [0.104, 0.0914572864321608], "flag_rate_ratio": 1.137142857142857, "TPR": [0.81, 0.7368421052631579], "TPR whole": 0.7743589743589744, "TPR ratio": 1.0992857142857144, "FPR": [0.025555555555555557, 0.023333333333333334], "FPR whole": 0.024444444444444446, "FPR ratio": 1.0952380952380953, "PPR": [0.7788461538461539, 0.7692307692307693], "PPR whole": 0.7743589743589744, "PPR ratio": 1.0125}, "0.01-0.5": {"roc": 0.9396951566951566, "flag_rate": [0.102, 0.09346733668341708], "flag_rate_ratio": 1.0912903225806452, "TPR": [0.8, 0.7473684210526316], "TPR whole": 0.7743589743589744, "TPR ratio": 1.0704225352112677, "FPR": [0.024444444444444446, 0.024444444444444446], "FPR whole": 0.024444444444444446, "FPR ratio": 1.0, "PPR": [0.7843137254901961, 0.7634408602150538], "PPR whole": 0.7743589743589744, "PPR ratio": 1.027340513670257}, "0.01-0.8": {"roc": 0.9342991452991453, "flag_rate": [0.101, 0.09447236180904522], "flag_rate_ratio": 1.0690957446808511, "TPR": [0.79, 0.7473684210526316], "TPR whole": 0.7692307692307693, "TPR ratio": 1.0570422535211268, "FPR": [0.024444444444444446, 0.025555555555555557], "FPR whole": 0.025, "FPR ratio": 0.9565217391304348, "PPR": [0.7821782178217822, 0.7553191489361702], "PPR whole": 0.7692307692307693, "PPR ratio": 1.0355598940175708}, "0.05-0.01": {"roc": 0.9547948717948718, "flag_rate": [0.093, 0.10251256281407035], "flag_rate_ratio": 0.9072058823529412, "TPR": [0.79, 0.7789473684210526], "TPR whole": 0.7846153846153846, "TPR ratio": 1.0141891891891892, "FPR": [0.015555555555555555, 0.03111111111111111], "FPR whole": 0.023333333333333334, "FPR ratio": 0.5, "PPR": [0.8494623655913979, 0.7254901960784313], "PPR whole": 0.7846153846153846, "PPR ratio": 1.1708805579773323}, "0.05-0.2": {"roc": 0.9579002849002849, "flag_rate": [0.1, 0.09547738693467336], "flag_rate_ratio": 1.0473684210526317, "TPR": [0.83, 0.7789473684210526], "TPR whole": 0.8051282051282052, "TPR ratio": 1.0655405405405405, "FPR": [0.01888888888888889, 0.023333333333333334], "FPR whole": 0.021111111111111112, "FPR ratio": 0.8095238095238095, "PPR": [0.83, 0.7789473684210526], "PPR whole": 0.8051282051282052, "PPR ratio": 1.0655405405405405}, "0.05-0.5": {"roc": 0.9328461538461539, "flag_rate": [0.106, 0.08944723618090453], "flag_rate_ratio": 1.1850561797752808, "TPR": [0.79, 0.6947368421052632], "TPR whole": 0.7435897435897436, "TPR ratio": 1.1371212121212122, "FPR": [0.03, 0.025555555555555557], "FPR whole": 0.027777777777777776, "FPR ratio": 1.1739130434782608, "PPR": [0.7452830188679245, 0.7415730337078652], "PPR whole": 0.7435897435897436, "PPR ratio": 1.0050028587764435}, "0.05-0.8": {"roc": 0.9390968660968659, "flag_rate": [0.091, 0.10452261306532663], "flag_rate_ratio": 0.870625, "TPR": [0.74, 0.7473684210526316], "TPR whole": 0.7435897435897436, "TPR ratio": 0.9901408450704225, "FPR": [0.01888888888888889, 0.03666666666666667], "FPR whole": 0.027777777777777776, "FPR ratio": 0.5151515151515151, "PPR": [0.8131868131868132, 0.6826923076923077], "PPR whole": 0.7435897435897436, "PPR ratio": 1.1911468812877264}, "0.2-0.01": {"roc": 0.9503618233618233, "flag_rate": [0.096, 0.09949748743718594], "flag_rate_ratio": 0.9648484848484848, "TPR": [0.81, 0.7684210526315789], "TPR whole": 0.7897435897435897, "TPR ratio": 1.054109589041096, "FPR": [0.016666666666666666, 0.028888888888888888], "FPR whole": 0.02277777777777778, "FPR ratio": 0.576923076923077, "PPR": [0.84375, 0.7373737373737373], "PPR whole": 0.7897435897435897, "PPR ratio": 1.144263698630137}, "0.2-0.2": {"roc": 0.9472962962962963, "flag_rate": [0.1, 0.09547738693467336], "flag_rate_ratio": 1.0473684210526317, "TPR": [0.75, 0.7368421052631579], "TPR whole": 0.7435897435897436, "TPR ratio": 1.017857142857143, "FPR": [0.027777777777777776, 0.027777777777777776], "FPR whole": 0.027777777777777776, "FPR ratio": 1.0, "PPR": [0.75, 0.7368421052631579], "PPR whole": 0.7435897435897436, "PPR ratio": 1.017857142857143}, "0.2-0.5": {"roc": 0.9280227920227921, "flag_rate": [0.089, 0.10653266331658291], "flag_rate_ratio": 0.8354245283018867, "TPR": [0.73, 0.7894736842105263], "TPR whole": 0.7589743589743589, "TPR ratio": 0.9246666666666666, "FPR": [0.017777777777777778, 0.034444444444444444], "FPR whole": 0.026111111111111113, "FPR ratio": 0.5161290322580645, "PPR": [0.8202247191011236, 0.7075471698113207], "PPR whole": 0.7589743589743589, "PPR ratio": 1.1592509363295882}, "0.2-0.8": {"roc": 0.902997150997151, "flag_rate": [0.082, 0.1135678391959799], "flag_rate_ratio": 0.7220353982300886, "TPR": [0.65, 0.6947368421052632], "TPR whole": 0.6717948717948717, "TPR ratio": 0.9356060606060606, "FPR": [0.01888888888888889, 0.052222222222222225], "FPR whole": 0.035555555555555556, "FPR ratio": 0.36170212765957444, "PPR": [0.7926829268292683, 0.584070796460177], "PPR whole": 0.6717948717948717, "PPR ratio": 1.357169253510717}, "0.5-0.01": {"roc": 0.9594017094017093, "flag_rate": [0.099, 0.0964824120603015], "flag_rate_ratio": 1.02609375, "TPR": [0.81, 0.7789473684210526], "TPR whole": 0.7948717948717948, "TPR ratio": 1.039864864864865, "FPR": [0.02, 0.024444444444444446], "FPR whole": 0.022222222222222223, "FPR ratio": 0.8181818181818181, "PPR": [0.8181818181818182, 0.7708333333333334], "PPR whole": 0.7948717948717948, "PPR ratio": 1.0614250614250615}, "0.5-0.2": {"roc": 0.9373390313390314, "flag_rate": [0.091, 0.10452261306532663], "flag_rate_ratio": 0.870625, "TPR": [0.74, 0.7263157894736842], "TPR whole": 0.7333333333333333, "TPR ratio": 1.018840579710145, "FPR": [0.01888888888888889, 0.03888888888888889], "FPR whole": 0.028888888888888888, "FPR ratio": 0.4857142857142857, "PPR": [0.8131868131868132, 0.6634615384615384], "PPR whole": 0.7333333333333333, "PPR ratio": 1.225672877846791}, "0.5-0.5": {"roc": 0.9337150997150997, "flag_rate": [0.098, 0.09748743718592964], "flag_rate_ratio": 1.005257731958763, "TPR": [0.79, 0.7263157894736842], "TPR whole": 0.7589743589743589, "TPR ratio": 1.0876811594202898, "FPR": [0.021111111111111112, 0.03111111111111111], "FPR whole": 0.026111111111111113, "FPR ratio": 0.6785714285714286, "PPR": [0.8061224489795918, 0.711340206185567], "PPR whole": 0.7589743589743589, "PPR ratio": 1.1332446021887015}, "0.5-0.8": {"roc": 0.9259572649572649, "flag_rate": [0.106, 0.08944723618090453], "flag_rate_ratio": 1.1850561797752808, "TPR": [0.72, 0.6842105263157895], "TPR whole": 0.7025641025641025, "TPR ratio": 1.0523076923076922, "FPR": [0.03777777777777778, 0.02666666666666667], "FPR whole": 0.03222222222222222, "FPR ratio": 1.4166666666666665, "PPR": [0.6792452830188679, 0.7303370786516854], "PPR whole": 0.7025641025641025, "PPR ratio": 0.930043541364296}, "0.8-0.01": {"roc": 0.9525954415954415, "flag_rate": [0.096, 0.09949748743718594], "flag_rate_ratio": 0.9648484848484848, "TPR": [0.83, 0.7789473684210526], "TPR whole": 0.8051282051282052, "TPR ratio": 1.0655405405405405, "FPR": [0.014444444444444444, 0.027777777777777776], "FPR whole": 0.021111111111111112, "FPR ratio": 0.52, "PPR": [0.8645833333333334, 0.7474747474747475], "PPR whole": 0.8051282051282052, "PPR ratio": 1.1566722972972974}, "0.8-0.2": {"roc": 0.9358660968660968, "flag_rate": [0.093, 0.10251256281407035], "flag_rate_ratio": 0.9072058823529412, "TPR": [0.76, 0.7052631578947368], "TPR whole": 0.7333333333333333, "TPR ratio": 1.0776119402985076, "FPR": [0.01888888888888889, 0.03888888888888889], "FPR whole": 0.028888888888888888, "FPR ratio": 0.4857142857142857, "PPR": [0.8172043010752689, 0.6568627450980392],