{"0.01-0.01": {"roc": 0.9424745370370371, "flag_rate": [0.078, 0.04565217391304348], "flag_rate_ratio": 1.7085714285714286, "TPR": [0.75, 0.6], "TPR whole": 0.725, "TPR ratio": 1.25, "FPR": [0.0033333333333333335, 0.03333333333333333], "FPR whole": 0.018333333333333333, "FPR ratio": 0.1, "PPR": [0.9615384615384616, 0.2857142857142857], "PPR whole": 0.725, "PPR ratio": 3.365384615384616}, "0.01-0.2": {"roc": 0.9377916666666667, "flag_rate": [0.074, 0.05], "flag_rate_ratio": 1.4799999999999998, "TPR": [0.71, 0.65], "TPR whole": 0.7, "TPR ratio": 1.0923076923076922, "FPR": [0.0033333333333333335, 0.03666666666666667], "FPR whole": 0.02, "FPR ratio": 0.09090909090909091, "PPR": [0.9594594594594594, 0.2826086956521739], "PPR whole": 0.7, "PPR ratio": 3.395010395010395}, "0.01-0.5": {"roc": 0.9309814814814815, "flag_rate": [0.075, 0.04891304347826087], "flag_rate_ratio": 1.5333333333333332, "TPR": [0.68, 0.65], "TPR whole": 0.675, "TPR ratio": 1.0461538461538462, "FPR": [0.0077777777777777776, 0.035555555555555556], "FPR whole": 0.021666666666666667, "FPR ratio": 0.21875, "PPR": [0.9066666666666666, 0.28888888888888886], "PPR whole": 0.675, "PPR ratio": 3.1384615384615384}, "0.01-0.8": {"roc": 0.9392407407407408, "flag_rate": [0.076, 0.04782608695652174], "flag_rate_ratio": 1.589090909090909, "TPR": [0.69, 0.65], "TPR whole": 0.6833333333333333, "TPR ratio": 1.0615384615384613, "FPR": [0.0077777777777777776, 0.034444444444444444], "FPR whole": 0.021111111111111112, "FPR ratio": 0.22580645161290322, "PPR": [0.9078947368421053, 0.29545454545454547], "PPR whole": 0.6833333333333333, "PPR ratio": 3.0728744939271255}, "0.05-0.01": {"roc": 0.9490277777777778, "flag_rate": [0.076, 0.04782608695652174], "flag_rate_ratio": 1.589090909090909, "TPR": [0.75, 0.65], "TPR whole": 0.7333333333333333, "TPR ratio": 1.1538461538461537, "FPR": [0.0011111111111111111, 0.034444444444444444], "FPR whole": 0.017777777777777778, "FPR ratio": 0.03225806451612903, "PPR": [0.9868421052631579, 0.29545454545454547], "PPR whole": 0.7333333333333333, "PPR ratio": 3.3400809716599187}, "0.05-0.2": {"roc": 0.9419629629629629, "flag_rate": [0.077, 0.04673913043478261], "flag_rate_ratio": 1.6474418604651162, "TPR": [0.75, 0.7], "TPR whole": 0.7416666666666667, "TPR ratio": 1.0714285714285714, "FPR": [0.0022222222222222222, 0.03222222222222222], "FPR whole": 0.017222222222222222, "FPR ratio": 0.06896551724137931, "PPR": [0.974025974025974, 0.32558139534883723], "PPR whole": 0.7416666666666667, "PPR ratio": 2.99165120593692}, "0.05-0.5": {"roc": 0.9361898148148148, "flag_rate": [0.076, 0.04782608695652174], "flag_rate_ratio": 1.589090909090909, "TPR": [0.71, 0.65], "TPR whole": 0.7, "TPR ratio": 1.0923076923076922, "FPR": [0.005555555555555556, 0.034444444444444444], "FPR whole": 0.02, "FPR ratio": 0.16129032258064516, "PPR": [0.9342105263157895, 0.29545454545454547], "PPR whole": 0.7, "PPR ratio": 3.1619433198380564}, "0.05-0.8": {"roc": 0.9294305555555556, "flag_rate": [0.075, 0.04891304347826087], "flag_rate_ratio": 1.5333333333333332, "TPR": [0.73, 0.6], "TPR whole": 0.7083333333333334, "TPR ratio": 1.2166666666666668, "FPR": [0.0022222222222222222, 0.03666666666666667], "FPR whole": 0.019444444444444445, "FPR ratio": 0.06060606060606061, "PPR": [0.9733333333333334, 0.26666666666666666], "PPR whole": 0.7083333333333334, "PPR ratio": 3.6500000000000004}, "0.2-0.01": {"roc": 0.9236574074074075, "flag_rate": [0.072, 0.05217391304347826], "flag_rate_ratio": 1.38, "TPR": [0.7, 0.6], "TPR whole": 0.6833333333333333, "TPR ratio": 1.1666666666666667, "FPR": [0.0022222222222222222, 0.04], "FPR whole": 0.021111111111111112, "FPR ratio": 0.05555555555555555, "PPR": [0.9722222222222222, 0.25], "PPR whole": 0.6833333333333333, "PPR ratio": 3.888888888888889}, "0.2-0.2": {"roc": 0.9396574074074074, "flag_rate": [0.073, 0.051086956521739134], "flag_rate_ratio": 1.4289361702127659, "TPR": [0.71, 0.65], "TPR whole": 0.7, "TPR ratio": 1.0923076923076922, "FPR": [0.0022222222222222222, 0.03777777777777778], "FPR whole": 0.02, "FPR ratio": 0.058823529411764705, "PPR": [0.9726027397260274, 0.2765957446808511], "PPR whole": 0.7, "PPR ratio": 3.5163329820864067}, "0.2-0.5": {"roc": 0.9275185185185185, "flag_rate": [0.075, 0.04891304347826087], "flag_rate_ratio": 1.5333333333333332, "TPR": [0.7, 0.6], "TPR whole": 0.6833333333333333, "TPR ratio": 1.1666666666666667, "FPR": [0.005555555555555556, 0.03666666666666667], "FPR whole": 0.021111111111111112, "FPR ratio": 0.15151515151515152, "PPR": [0.9333333333333333, 0.26666666666666666], "PPR whole": 0.6833333333333333, "PPR ratio": 3.5}, "0.2-0.8": {"roc": 0.9380833333333334, "flag_rate": [0.07, 0.05434782608695652], "flag_rate_ratio": 1.2880000000000003, "TPR": [0.67, 0.65], "TPR whole": 0.6666666666666666, "TPR ratio": 1.0307692307692309, "FPR": [0.0033333333333333335, 0.04111111111111111], "FPR whole": 0.022222222222222223, "FPR ratio": 0.08108108108108109, "PPR": [0.9571428571428572, 0.26], "PPR whole": 0.6666666666666666, "PPR ratio": 3.6813186813186816}, "0.5-0.01": {"roc": 0.9388842592592593, "flag_rate": [0.077, 0.04673913043478261], "flag_rate_ratio": 1.6474418604651162, "TPR": [0.77, 0.65], "TPR whole": 0.75, "TPR ratio": 1.1846153846153846, "FPR": [0.0, 0.03333333333333333], "FPR whole": 0.016666666666666666, "FPR ratio": 0.0, "PPR": [1.0, 0.3023255813953488], "PPR whole": 0.75, "PPR ratio": 3.307692307692308}, "0.5-0.2": {"roc": 0.9353287037037038, "flag_rate": [0.069, 0.05543478260869565], "flag_rate_ratio": 1.2447058823529413, "TPR": [0.66, 0.65], "TPR whole": 0.6583333333333333, "TPR ratio": 1.0153846153846153, "FPR": [0.0033333333333333335, 0.042222222222222223], "FPR whole": 0.02277777777777778, "FPR ratio": 0.07894736842105264, "PPR": [0.9565217391304348, 0.2549019607843137], "PPR whole": 0.6583333333333333, "PPR ratio": 3.7525083612040135}, "0.5-0.5": {"roc": 0.9303564814814815, "flag_rate": [0.073, 0.051086956521739134], "flag_rate_ratio": 1.4289361702127659, "TPR": [0.68, 0.65], "TPR whole": 0.675, "TPR ratio": 1.0461538461538462, "FPR": [0.005555555555555556, 0.03777777777777778], "FPR whole": 0.021666666666666667, "FPR ratio": 0.14705882352941177, "PPR": [0.9315068493150684, 0.2765957446808511], "PPR whole": 0.675, "PPR ratio": 3.3677555321390935}, "0.5-0.8": {"roc": 0.9321111111111111, "flag_rate": [0.077, 0.04673913043478261], "flag_rate_ratio": 1.6474418604651162, "TPR": [0.72, 0.65], "TPR whole": 0.7083333333333334, "TPR ratio": 1.1076923076923075, "FPR": [0.005555555555555556, 0.03333333333333333], "FPR whole": 0.019444444444444445, "FPR ratio": 0.16666666666666669, "PPR": [0.935064935064935, 0.3023255813953488], "PPR whole": 0.7083333333333334, "PPR ratio": 3.092907092907093}, "0.8-0.01": {"roc": 0.9555972222222222, "flag_rate": [0.077, 0.04673913043478261], "flag_rate_ratio": 1.6474418604651162, "TPR": [0.75, 0.6], "TPR whole": 0.725, "TPR ratio": 1.25, "FPR": [0.0022222222222222222, 0.034444444444444444], "FPR whole": 0.018333333333333333, "FPR ratio": 0.06451612903225806, "PPR": [0.974025974025974, 0.27906976744186046], "PPR whole": 0.725, "PPR ratio": 3.49025974025974}, "0.8-0.2": {"roc": 0.9369490740740741, "flag_rate": [0.072, 0.05217391304347826], "flag_rate_ratio": 1.38, "TPR": [0.68, 0.65], "TPR whole": 0.675, "TPR ratio": 1.0461538461538462, "FPR": [0.0044444444444444444, 0.03888888888888889], "FPR whole": 0.021666666666666667, "FPR ratio": 0.11428571428571428, "PPR": [0.9444444444444444, 0.2708333333333333], "PPR whole": 0.675, "PPR ratio": 3.4871794871794872}, "0.8-0.5": {"roc": 0.937861111111111, "flag_rate": [0.07, 0.05434782608695652], "flag_rate_ratio": 1.2880000000000003, "TPR": [0.68, 0.6], "TPR whole": 0.6666666666666666, "TPR ratio": 1.1333333333333335, "FPR": [0.0022222222222222222, 0.042222222222222223], "FPR whole": 0.022222222222222223, "FPR ratio": 0.05263157894736842, "PPR": [0.9714285714285714, 0.24], "PPR whole": 0.6666666666666666, "PPR ratio": 4.0476190476190474}, "0.8-0.8": {"roc": 0.9401527777777778,