{"0.01-0.01": {"roc": 0.96368516915165, "flag_rate": [0.099, 0.1031578947368421], "flag_rate_ratio": 0.9596938775510205, "TPR": [0.83, 0.8350515463917526], "TPR whole": 0.8324873096446701, "TPR ratio": 0.9939506172839505, "FPR": [0.017777777777777778, 0.01992966002344666], "FPR whole": 0.018824871648602397, "FPR ratio": 0.8920261437908497, "PPR": [0.8383838383838383, 0.826530612244898], "PPR whole": 0.8324873096446701, "PPR ratio": 1.0143409402668662}, "0.01-0.2": {"roc": 0.9572683231935971, "flag_rate": [0.099, 0.1031578947368421], "flag_rate_ratio": 0.9596938775510205, "TPR": [0.82, 0.7835051546391752], "TPR whole": 0.8020304568527918, "TPR ratio": 1.046578947368421, "FPR": [0.01888888888888889, 0.02579132473622509], "FPR whole": 0.022247575584711923, "FPR ratio": 0.7323737373737373, "PPR": [0.8282828282828283, 0.7755102040816326], "PPR whole": 0.8020304568527918, "PPR ratio": 1.0680489101541732}, "0.01-0.5": {"roc": 0.9591621035440333, "flag_rate": [0.103, 0.09894736842105263], "flag_rate_ratio": 1.0409574468085105, "TPR": [0.86, 0.8247422680412371], "TPR whole": 0.8426395939086294, "TPR ratio": 1.04275, "FPR": [0.01888888888888889, 0.016412661195779603], "FPR whole": 0.017683970336565887, "FPR ratio": 1.1508730158730158, "PPR": [0.8349514563106796, 0.851063829787234], "PPR whole": 0.8426395939086294, "PPR ratio": 0.9810679611650485}, "0.01-0.8": {"roc": 0.956031864157456, "flag_rate": [0.105, 0.0968421052631579], "flag_rate_ratio": 1.0842391304347825, "TPR": [0.83, 0.7835051546391752], "TPR whole": 0.8071065989847716, "TPR ratio": 1.0593421052631578, "FPR": [0.024444444444444446, 0.01875732708089097], "FPR whole": 0.02167712492869367, "FPR ratio": 1.3031944444444445, "PPR": [0.7904761904761904, 0.8260869565217391], "PPR whole": 0.8071065989847716, "PPR ratio": 0.956892230576441}, "0.05-0.01": {"roc": 0.9618521982620079, "flag_rate": [0.099, 0.1031578947368421], "flag_rate_ratio": 0.9596938775510205, "TPR": [0.82, 0.7835051546391752], "TPR whole": 0.8020304568527918, "TPR ratio": 1.046578947368421, "FPR": [0.01888888888888889, 0.02579132473622509], "FPR whole": 0.022247575584711923, "FPR ratio": 0.7323737373737373, "PPR": [0.8282828282828283, 0.7755102040816326], "PPR whole": 0.8020304568527918, "PPR ratio": 1.0680489101541732}, "0.05-0.2": {"roc": 0.9581515082194122, "flag_rate": [0.107, 0.09473684210526316], "flag_rate_ratio": 1.1294444444444445, "TPR": [0.87, 0.8041237113402062], "TPR whole": 0.8375634517766497, "TPR ratio": 1.081923076923077, "FPR": [0.022222222222222223, 0.01406799531066823], "FPR whole": 0.01825442099258414, "FPR ratio": 1.5796296296296295, "PPR": [0.8130841121495327, 0.8666666666666667], "PPR whole": 0.8375634517766497, "PPR ratio": 0.9381739755571531}, "0.05-0.5": {"roc": 0.9506227178354149, "flag_rate": [0.107, 0.09473684210526316], "flag_rate_ratio": 1.1294444444444445, "TPR": [0.84, 0.8041237113402062], "TPR whole": 0.8223350253807107, "TPR ratio": 1.0446153846153845, "FPR": [0.025555555555555557, 0.01406799531066823], "FPR whole": 0.019965772960638905, "FPR ratio": 1.8165740740740741, "PPR": [0.7850467289719626, 0.8666666666666667], "PPR whole": 0.8223350253807107, "PPR ratio": 0.905823148813803}, "0.05-0.8": {"roc": 0.9575984316950492, "flag_rate": [0.109, 0.09263157894736843], "flag_rate_ratio": 1.1767045454545453, "TPR": [0.86, 0.7835051546391752], "TPR whole": 0.8223350253807107, "TPR ratio": 1.0976315789473685, "FPR": [0.025555555555555557, 0.01406799531066823], "FPR whole": 0.019965772960638905, "FPR ratio": 1.8165740740740741, "PPR": [0.7889908256880734, 0.8636363636363636], "PPR whole": 0.8223350253807107, "PPR ratio": 0.9135683244809272}, "0.2-0.01": {"roc": 0.9469422976130838, "flag_rate": [0.098, 0.10421052631578948], "flag_rate_ratio": 0.9404040404040405, "TPR": [0.8, 0.7835051546391752], "TPR whole": 0.7918781725888325, "TPR ratio": 1.0210526315789474, "FPR": [0.02, 0.026963657678780773], "FPR whole": 0.02338847689674843, "FPR ratio": 0.7417391304347827, "PPR": [0.8163265306122449, 0.7676767676767676], "PPR whole": 0.7918781725888325, "PPR ratio": 1.0633727175080558}, "0.2-0.2": {"roc": 0.9603116919218975, "flag_rate": [0.104, 0.09789473684210526], "flag_rate_ratio": 1.0623655913978496, "TPR": [0.86, 0.7938144329896907], "TPR whole": 0.8274111675126904, "TPR ratio": 1.0833766233766233, "FPR": [0.02, 0.01875732708089097], "FPR whole": 0.01939532230462065, "FPR ratio": 1.0662500000000001, "PPR": [0.8269230769230769, 0.8279569892473119], "PPR whole": 0.8274111675126904, "PPR ratio": 0.9987512487512487}, "0.2-0.5": {"roc": 0.9607026098841436, "flag_rate": [0.096, 0.10631578947368421], "flag_rate_ratio": 0.902970297029703, "TPR": [0.84, 0.7938144329896907], "TPR whole": 0.817258883248731, "TPR ratio": 1.0581818181818181, "FPR": [0.013333333333333334, 0.02813599062133646], "FPR whole": 0.02053622361665716, "FPR ratio": 0.4738888888888889, "PPR": [0.875, 0.7623762376237624], "PPR whole": 0.817258883248731, "PPR ratio": 1.1477272727272727}, "0.2-0.8": {"roc": 0.9543176165007919, "flag_rate": [0.105, 0.0968421052631579], "flag_rate_ratio": 1.0842391304347825, "TPR": [0.83, 0.7525773195876289], "TPR whole": 0.7918781725888325, "TPR ratio": 1.102876712328767, "FPR": [0.024444444444444446, 0.022274325908558032], "FPR whole": 0.02338847689674843, "FPR ratio": 1.0974269005847952, "PPR": [0.7904761904761904, 0.7934782608695652], "PPR whole": 0.7918781725888325, "PPR ratio": 0.9962165688193085}, "0.5-0.01": {"roc": 0.9625008325104751, "flag_rate": [0.102, 0.1], "flag_rate_ratio": 1.0199999999999998, "TPR": [0.82, 0.8247422680412371], "TPR whole": 0.8223350253807107, "TPR ratio": 0.99425, "FPR": [0.022222222222222223, 0.017584994138335287], "FPR whole": 0.019965772960638905, "FPR ratio": 1.2637037037037038, "PPR": [0.803921568627451, 0.8421052631578947], "PPR whole": 0.8223350253807107, "PPR ratio": 0.9546568627450981}, "0.5-0.2": {"roc": 0.9607692107221557, "flag_rate": [0.1, 0.10210526315789474], "flag_rate_ratio": 0.9793814432989691, "TPR": [0.83, 0.7938144329896907], "TPR whole": 0.8121827411167513, "TPR ratio": 1.0455844155844156, "FPR": [0.01888888888888889, 0.023446658851113716], "FPR whole": 0.021106674272675412, "FPR ratio": 0.8056111111111112, "PPR": [0.83, 0.7938144329896907], "PPR whole": 0.8121827411167513, "PPR ratio": 1.0455844155844156}, "0.5-0.5": {"roc": 0.9598310076127653, "flag_rate": [0.108, 0.09368421052631579], "flag_rate_ratio": 1.152808988764045, "TPR": [0.87, 0.7628865979381443], "TPR whole": 0.817258883248731, "TPR ratio": 1.1404054054054054, "FPR": [0.023333333333333334, 0.017584994138335287], "FPR whole": 0.02053622361665716, "FPR ratio": 1.326888888888889, "PPR": [0.8055555555555556, 0.8314606741573034], "PPR whole": 0.817258883248731, "PPR ratio": 0.9688438438438438}, "0.5-0.8": {"roc": 0.9595211689315778, "flag_rate": [0.103, 0.09894736842105263], "flag_rate_ratio": 1.0409574468085105, "TPR": [0.82, 0.7835051546391752], "TPR whole": 0.8020304568527918, "TPR ratio": 1.046578947368421, "FPR": [0.023333333333333334, 0.021101992966002344], "FPR whole": 0.022247575584711923, "FPR ratio": 1.105740740740741, "PPR": [0.7961165048543689, 0.8085106382978723], "PPR whole": 0.8020304568527918, "PPR ratio": 0.9846704138988248}, "0.8-0.01": {"roc": 0.9655847408793049, "flag_rate": [0.101, 0.10105263157894737], "flag_rate_ratio": 0.9994791666666668, "TPR": [0.85, 0.8350515463917526], "TPR whole": 0.8426395939086294, "TPR ratio": 1.0179012345679013, "FPR": [0.017777777777777778, 0.017584994138335287], "FPR whole": 0.017683970336565887, "FPR ratio": 1.010962962962963, "PPR": [0.8415841584158416, 0.84375], "PPR whole": 0.8426395939086294, "PPR ratio": 0.9974330766409975}, "0.8-0.2": {"roc": 0.9600539756356761, "flag_rate": [0.101, 0.10105263157894737], "flag_rate_ratio": 0.9994791666666668, "TPR": [0.85, 0.8144329896907216], "TPR whole": 0.8324873096446701, "TPR ratio": 1.0436708860759494, "FPR": [0.017777777777777778, 0.01992966002344666], "FPR whole": 0.018824871648602397, "FPR ratio": 0.8920261437908497,