{"0.01-0.01": {"roc": 0.9627326159528375, "flag_rate": [0.098, 0.09666666666666666], "flag_rate_ratio": 1.013793103448276, "TPR": [0.85, 0.7857142857142857], "TPR whole": 0.8269230769230769, "TPR ratio": 1.0818181818181818, "FPR": [0.014444444444444444, 0.025735294117647058], "FPR whole": 0.018698060941828253, "FPR ratio": 0.5612698412698413, "PPR": [0.8673469387755102, 0.7586206896551724], "PPR whole": 0.8269230769230769, "PPR ratio": 1.1433209647495362}, "0.01-0.2": {"roc": 0.961960188933873, "flag_rate": [0.098, 0.09666666666666666], "flag_rate_ratio": 1.013793103448276, "TPR": [0.81, 0.8035714285714286], "TPR whole": 0.8076923076923077, "TPR ratio": 1.008, "FPR": [0.01888888888888889, 0.02389705882352941], "FPR whole": 0.02077562326869806, "FPR ratio": 0.7904273504273505, "PPR": [0.826530612244898, 0.7758620689655172], "PPR whole": 0.8076923076923077, "PPR ratio": 1.0653061224489797}, "0.01-0.5": {"roc": 0.9586573975424392, "flag_rate": [0.096, 0.1], "flag_rate_ratio": 0.96, "TPR": [0.83, 0.8035714285714286], "TPR whole": 0.8205128205128205, "TPR ratio": 1.0328888888888887, "FPR": [0.014444444444444444, 0.027573529411764705], "FPR whole": 0.019390581717451522, "FPR ratio": 0.5238518518518518, "PPR": [0.8645833333333334, 0.75], "PPR whole": 0.8205128205128205, "PPR ratio": 1.152777777777778}, "0.01-0.8": {"roc": 0.9593987499112153, "flag_rate": [0.097, 0.09833333333333333], "flag_rate_ratio": 0.9864406779661018, "TPR": [0.82, 0.7678571428571429], "TPR whole": 0.8012820512820513, "TPR ratio": 1.067906976744186, "FPR": [0.016666666666666666, 0.029411764705882353], "FPR whole": 0.02146814404432133, "FPR ratio": 0.5666666666666667, "PPR": [0.845360824742268, 0.7288135593220338], "PPR whole": 0.8012820512820513, "PPR ratio": 1.159913689762647}, "0.05-0.01": {"roc": 0.9665414802187656, "flag_rate": [0.101, 0.09166666666666666], "flag_rate_ratio": 1.101818181818182, "TPR": [0.85, 0.8035714285714286], "TPR whole": 0.8333333333333334, "TPR ratio": 1.0577777777777777, "FPR": [0.017777777777777778, 0.01838235294117647], "FPR whole": 0.018005540166204988, "FPR ratio": 0.967111111111111, "PPR": [0.8415841584158416, 0.8181818181818182], "PPR whole": 0.8333333333333334, "PPR ratio": 1.0286028602860284}, "0.05-0.2": {"roc": 0.9592078627743448, "flag_rate": [0.097, 0.09833333333333333], "flag_rate_ratio": 0.9864406779661018, "TPR": [0.83, 0.8035714285714286], "TPR whole": 0.8205128205128205, "TPR ratio": 1.0328888888888887, "FPR": [0.015555555555555555, 0.025735294117647058], "FPR whole": 0.019390581717451522, "FPR ratio": 0.6044444444444445, "PPR": [0.8556701030927835, 0.7627118644067796], "PPR whole": 0.8205128205128205, "PPR ratio": 1.1218785796105384}, "0.05-0.5": {"roc": 0.9614097237019675, "flag_rate": [0.097, 0.09833333333333333], "flag_rate_ratio": 0.9864406779661018, "TPR": [0.84, 0.75], "TPR whole": 0.8076923076923077, "TPR ratio": 1.1199999999999999, "FPR": [0.014444444444444444, 0.03125], "FPR whole": 0.02077562326869806, "FPR ratio": 0.4622222222222222, "PPR": [0.865979381443299, 0.711864406779661], "PPR whole": 0.8076923076923077, "PPR ratio": 1.2164948453608249}, "0.05-0.8": {"roc": 0.9581158107820158, "flag_rate": [0.098, 0.09666666666666666], "flag_rate_ratio": 1.013793103448276, "TPR": [0.84, 0.7857142857142857], "TPR whole": 0.8205128205128205, "TPR ratio": 1.069090909090909, "FPR": [0.015555555555555555, 0.025735294117647058], "FPR whole": 0.019390581717451522, "FPR ratio": 0.6044444444444445, "PPR": [0.8571428571428571, 0.7586206896551724], "PPR whole": 0.8205128205128205, "PPR ratio": 1.12987012987013}, "0.2-0.01": {"roc": 0.9687966119752824, "flag_rate": [0.098, 0.09666666666666666], "flag_rate_ratio": 1.013793103448276, "TPR": [0.86, 0.7857142857142857], "TPR whole": 0.8333333333333334, "TPR ratio": 1.0945454545454545, "FPR": [0.013333333333333334, 0.025735294117647058], "FPR whole": 0.018005540166204988, "FPR ratio": 0.5180952380952382, "PPR": [0.8775510204081632, 0.7586206896551724], "PPR whole": 0.8333333333333334, "PPR ratio": 1.1567717996289426}, "0.2-0.2": {"roc": 0.9617471056182968, "flag_rate": [0.098, 0.09666666666666666], "flag_rate_ratio": 1.013793103448276, "TPR": [0.86, 0.8214285714285714], "TPR whole": 0.8461538461538461, "TPR ratio": 1.0469565217391306, "FPR": [0.013333333333333334, 0.022058823529411766], "FPR whole": 0.01662049861495845, "FPR ratio": 0.6044444444444445, "PPR": [0.8775510204081632, 0.7931034482758621], "PPR whole": 0.8461538461538461, "PPR ratio": 1.1064773735581188}, "0.2-0.5": {"roc": 0.961476312238085, "flag_rate": [0.097, 0.09833333333333333], "flag_rate_ratio": 0.9864406779661018, "TPR": [0.85, 0.75], "TPR whole": 0.8141025641025641, "TPR ratio": 1.1333333333333333, "FPR": [0.013333333333333334, 0.03125], "FPR whole": 0.02008310249307479, "FPR ratio": 0.4266666666666667, "PPR": [0.8762886597938144, 0.711864406779661], "PPR whole": 0.8141025641025641, "PPR ratio": 1.2309769268532156}, "0.2-0.8": {"roc": 0.9623552809148377, "flag_rate": [0.101, 0.09166666666666666], "flag_rate_ratio": 1.101818181818182, "TPR": [0.85, 0.7678571428571429], "TPR whole": 0.8205128205128205, "TPR ratio": 1.1069767441860465, "FPR": [0.017777777777777778, 0.022058823529411766], "FPR whole": 0.019390581717451522, "FPR ratio": 0.8059259259259258, "PPR": [0.8415841584158416, 0.7818181818181819], "PPR whole": 0.8205128205128205, "PPR ratio": 1.0764448537877043}, "0.5-0.01": {"roc": 0.9723346828609987, "flag_rate": [0.096, 0.1], "flag_rate_ratio": 0.96, "TPR": [0.85, 0.8035714285714286], "TPR whole": 0.8333333333333334, "TPR ratio": 1.0577777777777777, "FPR": [0.012222222222222223, 0.027573529411764705], "FPR whole": 0.018005540166204988, "FPR ratio": 0.4432592592592593, "PPR": [0.8854166666666666, 0.75], "PPR whole": 0.8333333333333334, "PPR ratio": 1.1805555555555556}, "0.5-0.2": {"roc": 0.9615118261240144, "flag_rate": [0.101, 0.09166666666666666], "flag_rate_ratio": 1.101818181818182, "TPR": [0.86, 0.7678571428571429], "TPR whole": 0.8269230769230769, "TPR ratio": 1.1199999999999999, "FPR": [0.016666666666666666, 0.022058823529411766], "FPR whole": 0.018698060941828253, "FPR ratio": 0.7555555555555555, "PPR": [0.8514851485148515, 0.7818181818181819], "PPR whole": 0.8269230769230769, "PPR ratio": 1.089108910891089}, "0.5-0.5": {"roc": 0.9560382484551458, "flag_rate": [0.097, 0.09833333333333333], "flag_rate_ratio": 0.9864406779661018, "TPR": [0.83, 0.7678571428571429], "TPR whole": 0.8076923076923077, "TPR ratio": 1.0809302325581394, "FPR": [0.015555555555555555, 0.029411764705882353], "FPR whole": 0.02077562326869806, "FPR ratio": 0.5288888888888889, "PPR": [0.8556701030927835, 0.7288135593220338], "PPR whole": 0.8076923076923077, "PPR ratio": 1.1740589786621913}, "0.5-0.8": {"roc": 0.9507289225087009, "flag_rate": [0.097, 0.09833333333333333], "flag_rate_ratio": 0.9864406779661018, "TPR": [0.82, 0.7857142857142857], "TPR whole": 0.8076923076923077, "TPR ratio": 1.0436363636363637, "FPR": [0.016666666666666666, 0.027573529411764705], "FPR whole": 0.02077562326869806, "FPR ratio": 0.6044444444444445, "PPR": [0.845360824742268, 0.7457627118644068], "PPR whole": 0.8076923076923077, "PPR ratio": 1.133552014995314}, "0.8-0.01": {"roc": 0.9655692875914483, "flag_rate": [0.095, 0.10166666666666667], "flag_rate_ratio": 0.9344262295081968, "TPR": [0.86, 0.75], "TPR whole": 0.8205128205128205, "TPR ratio": 1.1466666666666667, "FPR": [0.01, 0.034926470588235295], "FPR whole": 0.019390581717451522, "FPR ratio": 0.2863157894736842, "PPR": [0.9052631578947369, 0.6885245901639344], "PPR whole": 0.8205128205128205, "PPR ratio": 1.3147869674185464}, "0.8-0.2": {"roc": 0.9624795795155906, "flag_rate": [0.098, 0.09666666666666666], "flag_rate_ratio": 1.013793103448276, "TPR": [0.84, 0.7857142857142857], "TPR whole": 0.8205128205128205, "TPR ratio": 1.069090909090909, "FPR": [0.015555555555555555, 0.025735294117647058], "FPR whole": 0.019390581717451522, "FPR ratio": 0.6044444444444445, "PPR": [0.8571428571428571, 0.7586206896551724],