{"0.01-0.01": {"roc": 0.9660382541808317, "flag_rate": [0.094, 0.10333333333333333], "flag_rate_ratio": 0.9096774193548387, "TPR": [0.81, 0.8160919540229885], "TPR whole": 0.8128342245989305, "TPR ratio": 0.9925352112676057, "FPR": [0.014444444444444444, 0.02706027060270603], "FPR whole": 0.020431990659661413, "FPR ratio": 0.5337878787878787, "PPR": [0.8617021276595744, 0.7634408602150538], "PPR whole": 0.8128342245989305, "PPR ratio": 1.1287084207371891}, "0.01-0.2": {"roc": 0.9670840474384308, "flag_rate": [0.101, 0.09555555555555556], "flag_rate_ratio": 1.0569767441860465, "TPR": [0.86, 0.7931034482758621], "TPR whole": 0.8288770053475936, "TPR ratio": 1.0843478260869566, "FPR": [0.016666666666666666, 0.020910209102091022], "FPR whole": 0.018680677174547577, "FPR ratio": 0.7970588235294117, "PPR": [0.8514851485148515, 0.8023255813953488], "PPR whole": 0.8288770053475936, "PPR ratio": 1.0612713445257569}, "0.01-0.5": {"roc": 0.9669810289981301, "flag_rate": [0.104, 0.09222222222222222], "flag_rate_ratio": 1.127710843373494, "TPR": [0.86, 0.7586206896551724], "TPR whole": 0.8128342245989305, "TPR ratio": 1.1336363636363638, "FPR": [0.02, 0.020910209102091022], "FPR whole": 0.020431990659661413, "FPR ratio": 0.9564705882352941, "PPR": [0.8269230769230769, 0.7951807228915663], "PPR whole": 0.8128342245989305, "PPR ratio": 1.0399184149184149}, "0.01-0.8": {"roc": 0.9604658930918331, "flag_rate": [0.101, 0.09555555555555556], "flag_rate_ratio": 1.0569767441860465, "TPR": [0.84, 0.8045977011494253], "TPR whole": 0.8235294117647058, "TPR ratio": 1.044, "FPR": [0.01888888888888889, 0.01968019680196802], "FPR whole": 0.01926444833625219, "FPR ratio": 0.9597916666666666, "PPR": [0.8316831683168316, 0.813953488372093], "PPR whole": 0.8235294117647058, "PPR ratio": 1.0217821782178218}, "0.05-0.01": {"roc": 0.9736428881375827, "flag_rate": [0.098, 0.09888888888888889], "flag_rate_ratio": 0.9910112359550562, "TPR": [0.87, 0.8045977011494253], "TPR whole": 0.839572192513369, "TPR ratio": 1.0812857142857142, "FPR": [0.012222222222222223, 0.023370233702337023], "FPR whole": 0.017513134851138354, "FPR ratio": 0.5229824561403509, "PPR": [0.8877551020408163, 0.7865168539325843], "PPR whole": 0.839572192513369, "PPR ratio": 1.1287172011661808}, "0.05-0.2": {"roc": 0.9658571914675756, "flag_rate": [0.093, 0.10444444444444445], "flag_rate_ratio": 0.8904255319148936, "TPR": [0.81, 0.8045977011494253], "TPR whole": 0.8074866310160428, "TPR ratio": 1.0067142857142857, "FPR": [0.013333333333333334, 0.02952029520295203], "FPR whole": 0.021015761821366025, "FPR ratio": 0.4516666666666667, "PPR": [0.8709677419354839, 0.7446808510638298], "PPR whole": 0.8074866310160428, "PPR ratio": 1.1695852534562212}, "0.05-0.5": {"roc": 0.9606063727831524, "flag_rate": [0.104, 0.09222222222222222], "flag_rate_ratio": 1.127710843373494, "TPR": [0.82, 0.7931034482758621], "TPR whole": 0.8074866310160428, "TPR ratio": 1.0339130434782609, "FPR": [0.024444444444444446, 0.017220172201722016], "FPR whole": 0.021015761821366025, "FPR ratio": 1.4195238095238096, "PPR": [0.7884615384615384, 0.8313253012048193], "PPR whole": 0.8074866310160428, "PPR ratio": 0.9484392419175027}, "0.05-0.8": {"roc": 0.961296284156076, "flag_rate": [0.095, 0.10222222222222223], "flag_rate_ratio": 0.9293478260869564, "TPR": [0.82, 0.7701149425287356], "TPR whole": 0.7967914438502673, "TPR ratio": 1.064776119402985, "FPR": [0.014444444444444444, 0.03075030750307503], "FPR whole": 0.022183304144775248, "FPR ratio": 0.46973333333333334, "PPR": [0.8631578947368421, 0.7282608695652174], "PPR whole": 0.7967914438502673, "PPR ratio": 1.1852317360565594}, "0.2-0.01": {"roc": 0.9674055898430061, "flag_rate": [0.099, 0.09777777777777778], "flag_rate_ratio": 1.0125, "TPR": [0.86, 0.8160919540229885], "TPR whole": 0.839572192513369, "TPR ratio": 1.0538028169014084, "FPR": [0.014444444444444444, 0.020910209102091022], "FPR whole": 0.017513134851138354, "FPR ratio": 0.6907843137254901, "PPR": [0.8686868686868687, 0.8068181818181818], "PPR whole": 0.839572192513369, "PPR ratio": 1.076682316118936}, "0.2-0.2": {"roc": 0.9644960993472378, "flag_rate": [0.097, 0.1], "flag_rate_ratio": 0.97, "TPR": [0.86, 0.8045977011494253], "TPR whole": 0.8342245989304813, "TPR ratio": 1.0688571428571427, "FPR": [0.012222222222222223, 0.024600246002460024], "FPR whole": 0.018096906012842966, "FPR ratio": 0.49683333333333335, "PPR": [0.8865979381443299, 0.7777777777777778], "PPR whole": 0.8342245989304813, "PPR ratio": 1.1399116347569955}, "0.2-0.5": {"roc": 0.9587770150250835, "flag_rate": [0.101, 0.09555555555555556], "flag_rate_ratio": 1.0569767441860465, "TPR": [0.82, 0.7931034482758621], "TPR whole": 0.8074866310160428, "TPR ratio": 1.0339130434782609, "FPR": [0.021111111111111112, 0.020910209102091022], "FPR whole": 0.021015761821366025, "FPR ratio": 1.0096078431372548, "PPR": [0.8118811881188119, 0.8023255813953488], "PPR whole": 0.8074866310160428, "PPR ratio": 1.011909886640838}, "0.2-0.8": {"roc": 0.9634253319222928, "flag_rate": [0.098, 0.09888888888888889], "flag_rate_ratio": 0.9910112359550562, "TPR": [0.79, 0.7931034482758621], "TPR whole": 0.7914438502673797, "TPR ratio": 0.9960869565217392, "FPR": [0.021111111111111112, 0.024600246002460024], "FPR whole": 0.02276707530647986, "FPR ratio": 0.8581666666666667, "PPR": [0.8061224489795918, 0.7752808988764045], "PPR whole": 0.7914438502673797, "PPR ratio": 1.0397811298432416}, "0.5-0.01": {"roc": 0.9724066668539729, "flag_rate": [0.098, 0.09888888888888889], "flag_rate_ratio": 0.9910112359550562, "TPR": [0.83, 0.8505747126436781], "TPR whole": 0.839572192513369, "TPR ratio": 0.9758108108108108, "FPR": [0.016666666666666666, 0.01845018450184502], "FPR whole": 0.017513134851138354, "FPR ratio": 0.9033333333333333, "PPR": [0.8469387755102041, 0.8314606741573034], "PPR whole": 0.839572192513369, "PPR ratio": 1.01861555432984}, "0.5-0.2": {"roc": 0.9657729036527842, "flag_rate": [0.096, 0.10111111111111111], "flag_rate_ratio": 0.9494505494505495, "TPR": [0.82, 0.7931034482758621], "TPR whole": 0.8074866310160428, "TPR ratio": 1.0339130434782609, "FPR": [0.015555555555555555, 0.02706027060270603], "FPR whole": 0.021015761821366025, "FPR ratio": 0.5748484848484848, "PPR": [0.8541666666666666, 0.7582417582417582], "PPR whole": 0.8074866310160428, "PPR ratio": 1.1265096618357489}, "0.5-0.5": {"roc": 0.9625418707524404, "flag_rate": [0.103, 0.09333333333333334], "flag_rate_ratio": 1.1035714285714284, "TPR": [0.83, 0.7701149425287356], "TPR whole": 0.8021390374331551, "TPR ratio": 1.0777611940298508, "FPR": [0.022222222222222223, 0.020910209102091022], "FPR whole": 0.021599532983070636, "FPR ratio": 1.0627450980392157, "PPR": [0.8058252427184466, 0.7976190476190477], "PPR whole": 0.8021390374331551, "PPR ratio": 1.0102883640052165}, "0.5-0.8": {"roc": 0.9616022177060602, "flag_rate": [0.107, 0.08888888888888889], "flag_rate_ratio": 1.2037499999999999, "TPR": [0.82, 0.735632183908046], "TPR whole": 0.7807486631016043, "TPR ratio": 1.1146875, "FPR": [0.027777777777777776, 0.01968019680196802], "FPR whole": 0.023934617629889084, "FPR ratio": 1.4114583333333333, "PPR": [0.7663551401869159, 0.8], "PPR whole": 0.7807486631016043, "PPR ratio": 0.9579439252336448}, "0.8-0.01": {"roc": 0.9716449547499305, "flag_rate": [0.097, 0.1], "flag_rate_ratio": 0.97, "TPR": [0.87, 0.7931034482758621], "TPR whole": 0.8342245989304813, "TPR ratio": 1.0969565217391304, "FPR": [0.011111111111111112, 0.025830258302583026], "FPR whole": 0.018096906012842966, "FPR ratio": 0.4301587301587302, "PPR": [0.8969072164948454, 0.7666666666666667], "PPR whole": 0.8342245989304813, "PPR ratio": 1.169878978036755}, "0.8-0.2": {"roc": 0.9561016573481805, "flag_rate": [0.095, 0.10222222222222223], "flag_rate_ratio": 0.9293478260869564, "TPR": [0.77, 0.8045977011494253], "TPR whole": 0.786096256684492, "TPR ratio": 0.957, "FPR": [0.02, 0.02706027060270603], "FPR whole": 0.023350846468184472, "FPR ratio": 0.739090909090909,