{"0.01-0.01": {"roc": 0.9766666666666667, "flag_rate": [0.101, 0.09875], "flag_rate_ratio": 1.0227848101265824, "TPR": [0.88, 0.825], "TPR whole": 0.8555555555555555, "TPR ratio": 1.0666666666666667, "FPR": [0.014444444444444444, 0.018055555555555554], "FPR whole": 0.016049382716049384, "FPR ratio": 0.8, "PPR": [0.8712871287128713, 0.8354430379746836], "PPR whole": 0.8555555555555555, "PPR ratio": 1.0429042904290429}, "0.01-0.2": {"roc": 0.9695130315500686, "flag_rate": [0.098, 0.1025], "flag_rate_ratio": 0.9560975609756098, "TPR": [0.86, 0.825], "TPR whole": 0.8444444444444444, "TPR ratio": 1.0424242424242425, "FPR": [0.013333333333333334, 0.022222222222222223], "FPR whole": 0.01728395061728395, "FPR ratio": 0.6, "PPR": [0.8775510204081632, 0.8048780487804879], "PPR whole": 0.8444444444444444, "PPR ratio": 1.090290661719233}, "0.01-0.5": {"roc": 0.9679698216735254, "flag_rate": [0.096, 0.105], "flag_rate_ratio": 0.9142857142857144, "TPR": [0.84, 0.775], "TPR whole": 0.8111111111111111, "TPR ratio": 1.0838709677419354, "FPR": [0.013333333333333334, 0.030555555555555555], "FPR whole": 0.020987654320987655, "FPR ratio": 0.4363636363636364, "PPR": [0.875, 0.7380952380952381], "PPR whole": 0.8111111111111111, "PPR ratio": 1.1854838709677418}, "0.01-0.8": {"roc": 0.9645267489711935, "flag_rate": [0.093, 0.10875], "flag_rate_ratio": 0.8551724137931035, "TPR": [0.82, 0.7875], "TPR whole": 0.8055555555555556, "TPR ratio": 1.0412698412698413, "FPR": [0.012222222222222223, 0.03333333333333333], "FPR whole": 0.021604938271604937, "FPR ratio": 0.3666666666666667, "PPR": [0.8817204301075269, 0.7241379310344828], "PPR whole": 0.8055555555555556, "PPR ratio": 1.2176139272913467}, "0.05-0.01": {"roc": 0.9696536351165982, "flag_rate": [0.095, 0.10625], "flag_rate_ratio": 0.8941176470588236, "TPR": [0.86, 0.8625], "TPR whole": 0.8611111111111112, "TPR ratio": 0.9971014492753623, "FPR": [0.01, 0.022222222222222223], "FPR whole": 0.015432098765432098, "FPR ratio": 0.45, "PPR": [0.9052631578947369, 0.8117647058823529], "PPR whole": 0.8611111111111112, "PPR ratio": 1.1151792524790236}, "0.05-0.2": {"roc": 0.9754286694101508, "flag_rate": [0.101, 0.09875], "flag_rate_ratio": 1.0227848101265824, "TPR": [0.85, 0.8125], "TPR whole": 0.8333333333333334, "TPR ratio": 1.0461538461538462, "FPR": [0.017777777777777778, 0.019444444444444445], "FPR whole": 0.018518518518518517, "FPR ratio": 0.9142857142857143, "PPR": [0.8415841584158416, 0.8227848101265823], "PPR whole": 0.8333333333333334, "PPR ratio": 1.0228484386900227}, "0.05-0.5": {"roc": 0.9715054869684498, "flag_rate": [0.093, 0.10875], "flag_rate_ratio": 0.8551724137931035, "TPR": [0.82, 0.8125], "TPR whole": 0.8166666666666667, "TPR ratio": 1.0092307692307692, "FPR": [0.012222222222222223, 0.030555555555555555], "FPR whole": 0.020370370370370372, "FPR ratio": 0.4, "PPR": [0.8817204301075269, 0.7471264367816092], "PPR whole": 0.8166666666666667, "PPR ratio": 1.1801488833746898}, "0.05-0.8": {"roc": 0.9728429355281207, "flag_rate": [0.096, 0.105], "flag_rate_ratio": 0.9142857142857144, "TPR": [0.83, 0.8125], "TPR whole": 0.8222222222222222, "TPR ratio": 1.0215384615384615, "FPR": [0.014444444444444444, 0.02638888888888889], "FPR whole": 0.019753086419753086, "FPR ratio": 0.5473684210526315, "PPR": [0.8645833333333334, 0.7738095238095238], "PPR whole": 0.8222222222222222, "PPR ratio": 1.1173076923076923}, "0.2-0.01": {"roc": 0.9727537722908093, "flag_rate": [0.093, 0.10875], "flag_rate_ratio": 0.8551724137931035, "TPR": [0.85, 0.8375], "TPR whole": 0.8444444444444444, "TPR ratio": 1.0149253731343284, "FPR": [0.008888888888888889, 0.027777777777777776], "FPR whole": 0.01728395061728395, "FPR ratio": 0.32, "PPR": [0.9139784946236559, 0.7701149425287356], "PPR whole": 0.8444444444444444, "PPR ratio": 1.1868078960038517}, "0.2-0.2": {"roc": 0.9698799725651577, "flag_rate": [0.099, 0.10125], "flag_rate_ratio": 0.9777777777777777, "TPR": [0.84, 0.8125], "TPR whole": 0.8277777777777777, "TPR ratio": 1.0338461538461539, "FPR": [0.016666666666666666, 0.022222222222222223], "FPR whole": 0.019135802469135803, "FPR ratio": 0.75, "PPR": [0.8484848484848485, 0.8024691358024691], "PPR whole": 0.8277777777777777, "PPR ratio": 1.0573426573426574}, "0.2-0.5": {"roc": 0.9641495198902607, "flag_rate": [0.096, 0.105], "flag_rate_ratio": 0.9142857142857144, "TPR": [0.82, 0.8125], "TPR whole": 0.8166666666666667, "TPR ratio": 1.0092307692307692, "FPR": [0.015555555555555555, 0.02638888888888889], "FPR whole": 0.020370370370370372, "FPR ratio": 0.5894736842105263, "PPR": [0.8541666666666666, 0.7738095238095238], "PPR whole": 0.8166666666666667, "PPR ratio": 1.1038461538461537}, "0.2-0.8": {"roc": 0.9599519890260633, "flag_rate": [0.101, 0.09875], "flag_rate_ratio": 1.0227848101265824, "TPR": [0.84, 0.8125], "TPR whole": 0.8277777777777777, "TPR ratio": 1.0338461538461539, "FPR": [0.01888888888888889, 0.019444444444444445], "FPR whole": 0.019135802469135803, "FPR ratio": 0.9714285714285714, "PPR": [0.8316831683168316, 0.8227848101265823], "PPR whole": 0.8277777777777777, "PPR ratio": 1.0108149276466107}, "0.5-0.01": {"roc": 0.9694513031550068, "flag_rate": [0.096, 0.105], "flag_rate_ratio": 0.9142857142857144, "TPR": [0.86, 0.875], "TPR whole": 0.8666666666666667, "TPR ratio": 0.9828571428571429, "FPR": [0.011111111111111112, 0.019444444444444445], "FPR whole": 0.014814814814814815, "FPR ratio": 0.5714285714285714, "PPR": [0.8958333333333334, 0.8333333333333334], "PPR whole": 0.8666666666666667, "PPR ratio": 1.075}, "0.5-0.2": {"roc": 0.970315500685871, "flag_rate": [0.095, 0.10625], "flag_rate_ratio": 0.8941176470588236, "TPR": [0.85, 0.8], "TPR whole": 0.8277777777777777, "TPR ratio": 1.0625, "FPR": [0.011111111111111112, 0.029166666666666667], "FPR whole": 0.019135802469135803, "FPR ratio": 0.380952380952381, "PPR": [0.8947368421052632, 0.7529411764705882], "PPR whole": 0.8277777777777777, "PPR ratio": 1.1883223684210527}, "0.5-0.5": {"roc": 0.9713614540466393, "flag_rate": [0.096, 0.105], "flag_rate_ratio": 0.9142857142857144, "TPR": [0.84, 0.7875], "TPR whole": 0.8166666666666667, "TPR ratio": 1.0666666666666667, "FPR": [0.013333333333333334, 0.029166666666666667], "FPR whole": 0.020370370370370372, "FPR ratio": 0.4571428571428572, "PPR": [0.875, 0.75], "PPR whole": 0.8166666666666667, "PPR ratio": 1.1666666666666667}, "0.5-0.8": {"roc": 0.9671570644718793, "flag_rate": [0.103, 0.09625], "flag_rate_ratio": 1.07012987012987, "TPR": [0.84, 0.775], "TPR whole": 0.8111111111111111, "TPR ratio": 1.0838709677419354, "FPR": [0.021111111111111112, 0.020833333333333332], "FPR whole": 0.020987654320987655, "FPR ratio": 1.0133333333333334, "PPR": [0.8155339805825242, 0.8051948051948052], "PPR whole": 0.8111111111111111, "PPR ratio": 1.0128405887879737}, "0.8-0.01": {"roc": 0.9747942386831276, "flag_rate": [0.097, 0.10375], "flag_rate_ratio": 0.9349397590361447, "TPR": [0.87, 0.85], "TPR whole": 0.8611111111111112, "TPR ratio": 1.0235294117647058, "FPR": [0.011111111111111112, 0.020833333333333332], "FPR whole": 0.015432098765432098, "FPR ratio": 0.5333333333333334, "PPR": [0.8969072164948454, 0.8192771084337349], "PPR whole": 0.8611111111111112, "PPR ratio": 1.0947543966040025}, "0.8-0.2": {"roc": 0.9696982167352538, "flag_rate": [0.102, 0.0975], "flag_rate_ratio": 1.046153846153846, "TPR": [0.85, 0.775], "TPR whole": 0.8166666666666667, "TPR ratio": 1.096774193548387, "FPR": [0.01888888888888889, 0.022222222222222223], "FPR whole": 0.020370370370370372, "FPR ratio": 0.85, "PPR": [0.8333333333333334, 0.7948717948717948], "PPR whole": 0.8166666666666667, "PPR ratio": 1.0483870967741937}, "0.8-0.5": {"roc": 0.9650137174211249, "flag_rate": [0.095, 0.10625], "flag_rate_ratio": 0.8941176470588236, "TPR": [0.8, 0.8125], "TPR whole": 0.8055555555555556, "TPR ratio": 0.9846153846153847, "FPR": [0.016666666666666666, 0.027777777777777776], "FPR whole": 0.021604938271604937, "FPR ratio": 0.6, "PPR": [0.8421052631578947, 0.7647058823529411],