{"0.01-0.01": {"roc": 0.9672397769516728, "flag_rate": [0.098, 0.13], "flag_rate_ratio": 0.7538461538461538, "TPR": [0.83, 0.875], "TPR whole": 0.8387096774193549, "TPR ratio": 0.9485714285714285, "FPR": [0.016666666666666666, 0.028409090909090908], "FPR whole": 0.01858736059479554, "FPR ratio": 0.5866666666666667, "PPR": [0.8469387755102041, 0.8076923076923077], "PPR whole": 0.8387096774193549, "PPR ratio": 1.0485908649173956}, "0.01-0.2": {"roc": 0.9611988847583643, "flag_rate": [0.099, 0.125], "flag_rate_ratio": 0.792, "TPR": [0.81, 0.8333333333333334], "TPR whole": 0.8145161290322581, "TPR ratio": 0.972, "FPR": [0.02, 0.028409090909090908], "FPR whole": 0.02137546468401487, "FPR ratio": 0.7040000000000001, "PPR": [0.8181818181818182, 0.8], "PPR whole": 0.8145161290322581, "PPR ratio": 1.0227272727272727}, "0.01-0.5": {"roc": 0.9603894351840748, "flag_rate": [0.097, 0.135], "flag_rate_ratio": 0.7185185185185184, "TPR": [0.84, 0.7916666666666666], "TPR whole": 0.8306451612903226, "TPR ratio": 1.0610526315789475, "FPR": [0.014444444444444444, 0.045454545454545456], "FPR whole": 0.019516728624535316, "FPR ratio": 0.31777777777777777, "PPR": [0.865979381443299, 0.7037037037037037], "PPR whole": 0.8306451612903226, "PPR ratio": 1.230602278893109}, "0.01-0.8": {"roc": 0.9649538313946516, "flag_rate": [0.099, 0.125], "flag_rate_ratio": 0.792, "TPR": [0.83, 0.875], "TPR whole": 0.8387096774193549, "TPR ratio": 0.9485714285714285, "FPR": [0.017777777777777778, 0.022727272727272728], "FPR whole": 0.01858736059479554, "FPR ratio": 0.7822222222222222, "PPR": [0.8383838383838383, 0.84], "PPR whole": 0.8387096774193549, "PPR ratio": 0.9980759980759981}, "0.05-0.01": {"roc": 0.9693608346324499, "flag_rate": [0.1, 0.12], "flag_rate_ratio": 0.8333333333333334, "TPR": [0.86, 0.9166666666666666], "TPR whole": 0.8709677419354839, "TPR ratio": 0.9381818181818182, "FPR": [0.015555555555555555, 0.011363636363636364], "FPR whole": 0.01486988847583643, "FPR ratio": 1.3688888888888888, "PPR": [0.86, 0.9166666666666666], "PPR whole": 0.8709677419354839, "PPR ratio": 0.9381818181818182}, "0.05-0.2": {"roc": 0.9699604269097015, "flag_rate": [0.098, 0.13], "flag_rate_ratio": 0.7538461538461538, "TPR": [0.84, 0.8333333333333334], "TPR whole": 0.8387096774193549, "TPR ratio": 1.008, "FPR": [0.015555555555555555, 0.03409090909090909], "FPR whole": 0.01858736059479554, "FPR ratio": 0.4562962962962963, "PPR": [0.8571428571428571, 0.7692307692307693], "PPR whole": 0.8387096774193549, "PPR ratio": 1.114285714285714}, "0.05-0.5": {"roc": 0.9638146060678738, "flag_rate": [0.102, 0.11], "flag_rate_ratio": 0.9272727272727272, "TPR": [0.82, 0.7916666666666666], "TPR whole": 0.8145161290322581, "TPR ratio": 1.0357894736842106, "FPR": [0.022222222222222223, 0.017045454545454544], "FPR whole": 0.02137546468401487, "FPR ratio": 1.3037037037037038, "PPR": [0.803921568627451, 0.8636363636363636], "PPR whole": 0.8145161290322581, "PPR ratio": 0.9308565531475749}, "0.05-0.8": {"roc": 0.9606217771915098, "flag_rate": [0.097, 0.135], "flag_rate_ratio": 0.7185185185185184, "TPR": [0.81, 0.875], "TPR whole": 0.8225806451612904, "TPR ratio": 0.9257142857142858, "FPR": [0.017777777777777778, 0.03409090909090909], "FPR whole": 0.020446096654275093, "FPR ratio": 0.5214814814814815, "PPR": [0.8350515463917526, 0.7777777777777778], "PPR whole": 0.8225806451612904, "PPR ratio": 1.0736377025036818}, "0.2-0.01": {"roc": 0.9701253147859455, "flag_rate": [0.1, 0.12], "flag_rate_ratio": 0.8333333333333334, "TPR": [0.84, 0.8333333333333334], "TPR whole": 0.8387096774193549, "TPR ratio": 1.008, "FPR": [0.017777777777777778, 0.022727272727272728], "FPR whole": 0.01858736059479554, "FPR ratio": 0.7822222222222222, "PPR": [0.84, 0.8333333333333334], "PPR whole": 0.8387096774193549, "PPR ratio": 1.008}, "0.2-0.2": {"roc": 0.9634098812807291, "flag_rate": [0.099, 0.125], "flag_rate_ratio": 0.792, "TPR": [0.83, 0.8333333333333334], "TPR whole": 0.8306451612903226, "TPR ratio": 0.9959999999999999, "FPR": [0.017777777777777778, 0.028409090909090908], "FPR whole": 0.019516728624535316, "FPR ratio": 0.6257777777777778, "PPR": [0.8383838383838383, 0.8], "PPR whole": 0.8306451612903226, "PPR ratio": 1.0479797979797978}, "0.2-0.5": {"roc": 0.9694807530879002, "flag_rate": [0.096, 0.14], "flag_rate_ratio": 0.6857142857142856, "TPR": [0.82, 0.9166666666666666], "TPR whole": 0.8387096774193549, "TPR ratio": 0.8945454545454545, "FPR": [0.015555555555555555, 0.03409090909090909], "FPR whole": 0.01858736059479554, "FPR ratio": 0.4562962962962963, "PPR": [0.8541666666666666, 0.7857142857142857], "PPR whole": 0.8387096774193549, "PPR ratio": 1.0871212121212122}, "0.2-0.8": {"roc": 0.9672023024343447, "flag_rate": [0.098, 0.13], "flag_rate_ratio": 0.7538461538461538, "TPR": [0.83, 0.8333333333333334], "TPR whole": 0.8306451612903226, "TPR ratio": 0.9959999999999999, "FPR": [0.016666666666666666, 0.03409090909090909], "FPR whole": 0.019516728624535316, "FPR ratio": 0.48888888888888893, "PPR": [0.8469387755102041, 0.7692307692307693], "PPR whole": 0.8306451612903226, "PPR ratio": 1.1010204081632653}, "0.5-0.01": {"roc": 0.9705899988008154, "flag_rate": [0.101, 0.115], "flag_rate_ratio": 0.8782608695652174, "TPR": [0.87, 0.8333333333333334], "TPR whole": 0.8629032258064516, "TPR ratio": 1.044, "FPR": [0.015555555555555555, 0.017045454545454544], "FPR whole": 0.015799256505576207, "FPR ratio": 0.9125925925925926, "PPR": [0.8613861386138614, 0.8695652173913043], "PPR whole": 0.8629032258064516, "PPR ratio": 0.9905940594059406}, "0.5-0.2": {"roc": 0.9657407962585443, "flag_rate": [0.096, 0.14], "flag_rate_ratio": 0.6857142857142856, "TPR": [0.84, 0.875], "TPR whole": 0.8467741935483871, "TPR ratio": 0.96, "FPR": [0.013333333333333334, 0.03977272727272727], "FPR whole": 0.017657992565055763, "FPR ratio": 0.3352380952380953, "PPR": [0.875, 0.75], "PPR whole": 0.8467741935483871, "PPR ratio": 1.1666666666666667}, "0.5-0.5": {"roc": 0.9627503297757525, "flag_rate": [0.099, 0.125], "flag_rate_ratio": 0.792, "TPR": [0.8, 0.875], "TPR whole": 0.8145161290322581, "TPR ratio": 0.9142857142857144, "FPR": [0.021111111111111112, 0.022727272727272728], "FPR whole": 0.02137546468401487, "FPR ratio": 0.9288888888888889, "PPR": [0.8080808080808081, 0.84], "PPR whole": 0.8145161290322581, "PPR ratio": 0.962000962000962}, "0.5-0.8": {"roc": 0.9622406763400888, "flag_rate": [0.093, 0.155], "flag_rate_ratio": 0.6, "TPR": [0.82, 0.9166666666666666], "TPR whole": 0.8387096774193549, "TPR ratio": 0.8945454545454545, "FPR": [0.012222222222222223, 0.05113636363636364], "FPR whole": 0.01858736059479554, "FPR ratio": 0.23901234567901233, "PPR": [0.8817204301075269, 0.7096774193548387], "PPR whole": 0.8387096774193549, "PPR ratio": 1.2424242424242424}, "0.8-0.01": {"roc": 0.9686263340928168, "flag_rate": [0.099, 0.125], "flag_rate_ratio": 0.792, "TPR": [0.84, 0.8333333333333334], "TPR whole": 0.8387096774193549, "TPR ratio": 1.008, "FPR": [0.016666666666666666, 0.028409090909090908], "FPR whole": 0.01858736059479554, "FPR ratio": 0.5866666666666667, "PPR": [0.8484848484848485, 0.8], "PPR whole": 0.8387096774193549, "PPR ratio": 1.0606060606060606}, "0.8-0.2": {"roc": 0.9509608466242956, "flag_rate": [0.095, 0.145], "flag_rate_ratio": 0.6551724137931035, "TPR": [0.84, 0.875], "TPR whole": 0.8467741935483871, "TPR ratio": 0.96, "FPR": [0.012222222222222223, 0.045454545454545456], "FPR whole": 0.017657992565055763, "FPR ratio": 0.2688888888888889, "PPR": [0.8842105263157894, 0.7241379310344828], "PPR whole": 0.8467741935483871, "PPR ratio": 1.2210526315789474}, "0.8-0.5": {"roc": 0.9639120398129273, "flag_rate": [0.1, 0.12], "flag_rate_ratio": 0.8333333333333334, "TPR": [0.82, 0.875], "TPR whole": 0.8306451612903226, "TPR ratio": 0.937142857142857, "FPR": [0.02, 0.017045454545454544], "FPR whole": 0.019516728624535316, "FPR ratio": 1.1733333333333333, "PPR": [0.82, 0.875], "PPR whole": 0.8306451612903226, "PPR ratio": 0.937142857142857},