{"0.01-0.01": {"roc": 0.9522486033519552, "flag_rate": [0.105, 0.09595959595959595], "flag_rate_ratio": 1.0942105263157895, "TPR": [0.8, 0.74], "TPR whole": 0.77, "TPR ratio": 1.0810810810810811, "FPR": [0.027777777777777776, 0.02359550561797753], "FPR whole": 0.02569832402234637, "FPR ratio": 1.1772486772486772, "PPR": [0.7619047619047619, 0.7789473684210526], "PPR whole": 0.77, "PPR ratio": 0.9781209781209781}, "0.01-0.2": {"roc": 0.9521508379888268, "flag_rate": [0.108, 0.09292929292929293], "flag_rate_ratio": 1.1621739130434783, "TPR": [0.78, 0.72], "TPR whole": 0.75, "TPR ratio": 1.0833333333333335, "FPR": [0.03333333333333333, 0.02247191011235955], "FPR whole": 0.027932960893854747, "FPR ratio": 1.4833333333333334, "PPR": [0.7222222222222222, 0.782608695652174], "PPR whole": 0.75, "PPR ratio": 0.9228395061728395}, "0.01-0.5": {"roc": 0.9438743016759776, "flag_rate": [0.106, 0.09494949494949495], "flag_rate_ratio": 1.1163829787234043, "TPR": [0.77, 0.69], "TPR whole": 0.73, "TPR ratio": 1.1159420289855073, "FPR": [0.03222222222222222, 0.028089887640449437], "FPR whole": 0.030167597765363128, "FPR ratio": 1.1471111111111112, "PPR": [0.7264150943396226, 0.7340425531914894], "PPR whole": 0.73, "PPR ratio": 0.9896089691003555}, "0.01-0.8": {"roc": 0.9499832402234636, "flag_rate": [0.11, 0.09090909090909091], "flag_rate_ratio": 1.21, "TPR": [0.79, 0.69], "TPR whole": 0.74, "TPR ratio": 1.1449275362318843, "FPR": [0.034444444444444444, 0.02359550561797753], "FPR whole": 0.02905027932960894, "FPR ratio": 1.4597883597883596, "PPR": [0.7181818181818181, 0.7666666666666667], "PPR whole": 0.74, "PPR ratio": 0.9367588932806323}, "0.05-0.01": {"roc": 0.9580418994413408, "flag_rate": [0.108, 0.09292929292929293], "flag_rate_ratio": 1.1621739130434783, "TPR": [0.8, 0.7], "TPR whole": 0.75, "TPR ratio": 1.142857142857143, "FPR": [0.03111111111111111, 0.024719101123595506], "FPR whole": 0.027932960893854747, "FPR ratio": 1.2585858585858585, "PPR": [0.7407407407407407, 0.7608695652173914], "PPR whole": 0.75, "PPR ratio": 0.9735449735449734}, "0.05-0.2": {"roc": 0.9513798882681563, "flag_rate": [0.103, 0.09797979797979799], "flag_rate_ratio": 1.0512371134020617, "TPR": [0.78, 0.71], "TPR whole": 0.745, "TPR ratio": 1.0985915492957747, "FPR": [0.027777777777777776, 0.029213483146067417], "FPR whole": 0.028491620111731845, "FPR ratio": 0.9508547008547008, "PPR": [0.7572815533980582, 0.7319587628865979], "PPR whole": 0.745, "PPR ratio": 1.0345959250649528}, "0.05-0.5": {"roc": 0.9456787709497207, "flag_rate": [0.104, 0.09696969696969697], "flag_rate_ratio": 1.0725, "TPR": [0.77, 0.71], "TPR whole": 0.74, "TPR ratio": 1.0845070422535212, "FPR": [0.03, 0.028089887640449437], "FPR whole": 0.02905027932960894, "FPR ratio": 1.068, "PPR": [0.7403846153846154, 0.7395833333333334], "PPR whole": 0.74, "PPR ratio": 1.0010834236186348}, "0.05-0.8": {"roc": 0.9500614525139665, "flag_rate": [0.103, 0.09797979797979799], "flag_rate_ratio": 1.0512371134020617, "TPR": [0.78, 0.7], "TPR whole": 0.74, "TPR ratio": 1.1142857142857143, "FPR": [0.027777777777777776, 0.030337078651685393], "FPR whole": 0.02905027932960894, "FPR ratio": 0.9156378600823045, "PPR": [0.7572815533980582, 0.7216494845360825], "PPR whole": 0.74, "PPR ratio": 1.0493758668515951}, "0.2-0.01": {"roc": 0.9579888268156423, "flag_rate": [0.107, 0.09393939393939393], "flag_rate_ratio": 1.1390322580645162, "TPR": [0.8, 0.71], "TPR whole": 0.755, "TPR ratio": 1.1267605633802817, "FPR": [0.03, 0.024719101123595506], "FPR whole": 0.027374301675977653, "FPR ratio": 1.2136363636363636, "PPR": [0.7476635514018691, 0.7634408602150538], "PPR whole": 0.755, "PPR ratio": 0.979333947610899}, "0.2-0.2": {"roc": 0.9472067039106146, "flag_rate": [0.106, 0.09494949494949495], "flag_rate_ratio": 1.1163829787234043, "TPR": [0.76, 0.7], "TPR whole": 0.73, "TPR ratio": 1.0857142857142859, "FPR": [0.03333333333333333, 0.02696629213483146], "FPR whole": 0.030167597765363128, "FPR ratio": 1.2361111111111112, "PPR": [0.7169811320754716, 0.7446808510638298], "PPR whole": 0.73, "PPR ratio": 0.9628032345013476}, "0.2-0.5": {"roc": 0.9471983240223465, "flag_rate": [0.102, 0.09898989898989899], "flag_rate_ratio": 1.0304081632653062, "TPR": [0.77, 0.7], "TPR whole": 0.735, "TPR ratio": 1.1, "FPR": [0.027777777777777776, 0.03146067415730337], "FPR whole": 0.029608938547486034, "FPR ratio": 0.8829365079365078, "PPR": [0.7549019607843137, 0.7142857142857143], "PPR whole": 0.735, "PPR ratio": 1.0568627450980392}, "0.2-0.8": {"roc": 0.9457513966480448, "flag_rate": [0.106, 0.09494949494949495], "flag_rate_ratio": 1.1163829787234043, "TPR": [0.77, 0.68], "TPR whole": 0.725, "TPR ratio": 1.1323529411764706, "FPR": [0.03222222222222222, 0.029213483146067417], "FPR whole": 0.030726256983240222, "FPR ratio": 1.1029914529914528, "PPR": [0.7264150943396226, 0.723404255319149], "PPR whole": 0.725, "PPR ratio": 1.0041620421753605}, "0.5-0.01": {"roc": 0.9546396648044693, "flag_rate": [0.104, 0.09696969696969697], "flag_rate_ratio": 1.0725, "TPR": [0.76, 0.72], "TPR whole": 0.74, "TPR ratio": 1.0555555555555556, "FPR": [0.03111111111111111, 0.02696629213483146], "FPR whole": 0.02905027932960894, "FPR ratio": 1.1537037037037037, "PPR": [0.7307692307692307, 0.75], "PPR whole": 0.74, "PPR ratio": 0.9743589743589743}, "0.5-0.2": {"roc": 0.9508938547486033, "flag_rate": [0.1, 0.10101010101010101], "flag_rate_ratio": 0.9900000000000001, "TPR": [0.77, 0.71], "TPR whole": 0.74, "TPR ratio": 1.0845070422535212, "FPR": [0.025555555555555557, 0.03258426966292135], "FPR whole": 0.02905027932960894, "FPR ratio": 0.7842911877394636, "PPR": [0.77, 0.71], "PPR whole": 0.74, "PPR ratio": 1.0845070422535212}, "0.5-0.5": {"roc": 0.9449106145251397, "flag_rate": [0.106, 0.09494949494949495], "flag_rate_ratio": 1.1163829787234043, "TPR": [0.77, 0.7], "TPR whole": 0.735, "TPR ratio": 1.1, "FPR": [0.03222222222222222, 0.02696629213483146], "FPR whole": 0.029608938547486034, "FPR ratio": 1.1949074074074073, "PPR": [0.7264150943396226, 0.7446808510638298], "PPR whole": 0.735, "PPR ratio": 0.9754716981132076}, "0.5-0.8": {"roc": 0.9476564245810056, "flag_rate": [0.104, 0.09696969696969697], "flag_rate_ratio": 1.0725, "TPR": [0.77, 0.69], "TPR whole": 0.73, "TPR ratio": 1.1159420289855073, "FPR": [0.03, 0.030337078651685393], "FPR whole": 0.030167597765363128, "FPR ratio": 0.9888888888888888, "PPR": [0.7403846153846154, 0.71875], "PPR whole": 0.73, "PPR ratio": 1.0301003344481605}, "0.8-0.01": {"roc": 0.9564888268156424, "flag_rate": [0.105, 0.09595959595959595], "flag_rate_ratio": 1.0942105263157895, "TPR": [0.79, 0.73], "TPR whole": 0.76, "TPR ratio": 1.082191780821918, "FPR": [0.028888888888888888, 0.024719101123595506], "FPR whole": 0.026815642458100558, "FPR ratio": 1.1686868686868686, "PPR": [0.7523809523809524, 0.7684210526315789], "PPR whole": 0.76, "PPR ratio": 0.9791258969341162}, "0.8-0.2": {"roc": 0.9452988826815644, "flag_rate": [0.106, 0.09494949494949495], "flag_rate_ratio": 1.1163829787234043, "TPR": [0.78, 0.69], "TPR whole": 0.735, "TPR ratio": 1.1304347826086958, "FPR": [0.03111111111111111, 0.028089887640449437], "FPR whole": 0.029608938547486034, "FPR ratio": 1.1075555555555556, "PPR": [0.7358490566037735, 0.7340425531914894], "PPR whole": 0.735, "PPR ratio": 1.0024610336341262}, "0.8-0.5": {"roc": 0.9490977653631284, "flag_rate": [0.107, 0.09393939393939393], "flag_rate_ratio": 1.1390322580645162, "TPR": [0.76, 0.72], "TPR whole": 0.74, "TPR ratio": 1.0555555555555556, "FPR": [0.034444444444444444, 0.02359550561797753], "FPR whole": 0.02905027932960894, "FPR ratio": 1.4597883597883596, "PPR": [0.7102803738317757, 0.7741935483870968], "PPR whole": 0.74, "PPR ratio": 0.9174454828660435}, "0.8-0.8": {"roc": 0.9399664804469274, "flag_rate": [0.106, 0.09494949494949495], "flag_rate_ratio": 1.1163829787234043, "TPR": [0.78, 0.71], "TPR whole": 0.745, "TPR ratio": 1.0985915492957747, "FPR": [0.03111111111111111, 0.025842696629213482], "FPR whole": 0.028491620111731845,