{"0.05": {"0.01-0.01": 0.1390586637723446, "0.01-0.2": 0.1402092209715533, "0.01-0.5": 0.14920007166238894, "0.01-0.8": 0.15668091654589375, "0.05-0.01": 0.12792515093750972, "0.05-0.2": 0.16101422393400047, "0.05-0.5": 0.15690585711054023, "0.05-0.8": 0.15026609178416386, "0.2-0.01": 0.12809754639597626, "0.2-0.2": 0.1459941941917971, "0.2-0.5": 0.1467681724717224, "0.2-0.8": 0.15760038874565246, "0.5-0.01": 0.1365257398613939, "0.5-0.2": 0.16322126415979513, "0.5-0.5": 0.15233767885742824, "0.5-0.8": 0.24131443805832406, "0.8-0.01": 0.14895433354252188, "0.8-0.2": 0.15348332237146628, "0.8-0.5": 0.17753837830377128, "0.8-0.8": 0.16657050139380888}, "0.1": {"0.01-0.01": 0.2748087457730724, "0.01-0.2": 0.28655737915095836, "0.01-0.5": 0.271173276310433, "0.01-0.8": 0.28210126556147874, "0.05-0.01": 0.26213367703471924, "0.05-0.2": 0.28286923689189836, "0.05-0.5": 0.2688908928704944, "0.05-0.8": 0.2890928642870852, "0.2-0.01": 0.2737568301835809, "0.2-0.2": 0.2659092631297752, "0.2-0.5": 0.27509433924991844, "0.2-0.8": 0.2732666226330963, "0.5-0.01": 0.30109662330024134, "0.5-0.2": 0.2673361482423866, "0.5-0.5": 0.3024088571187782, "0.5-0.8": 0.3320372021887101, "0.8-0.01": 0.2840918033624804, "0.8-0.2": 0.2933542173055999, "0.8-0.5": 0.3311399419532748, "0.8-0.8": 0.38000861090792054}, "0.15": {"0.01-0.01": 0.2083766776887938, "0.01-0.2": 0.23161790292622436, "0.01-0.5": 0.240734317580164, "0.01-0.8": 0.4174031264264756, "0.05-0.01": 0.20783134500363248, "0.05-0.2": 0.23964207594866688, "0.05-0.5": 0.23596664143726573, "0.05-0.8": 0.24535746167217254, "0.2-0.01": 0.20733547765801652, "0.2-0.2": 0.24008175225005604, "0.2-0.5": 0.24178163765105123, "0.2-0.8": 0.4680644575582736, "0.5-0.01": 0.21468608252981808, "0.5-0.2": 0.23759878093936015, "0.5-0.5": 0.4839294872961429, "0.5-0.8": 0.6218348661277239, "0.8-0.01": 0.21962510555494513, "0.8-0.2": 0.5105542741526314, "0.8-0.5": 0.697204982687932, "0.8-0.8": 0.7200319632974971}, "0.2": {"0.01-0.01": 0.3387908867527552, "0.01-0.2": 0.3653410832440826, "0.01-0.5": 0.3716857929554824, "0.01-0.8": 0.4991801034114997, "0.05-0.01": 0.3270624679061319, "0.05-0.2": 0.3595779117644108, "0.05-0.5": 0.45212592156154374, "0.05-0.8": 0.5092854184803052, "0.2-0.01": 0.3407753835650621, "0.2-0.2": 0.36278435252976543, "0.2-0.5": 0.4659978230083735, "0.2-0.8": 0.5149348357645291, "0.5-0.01": 0.34307692906634263, "0.5-0.2": 0.37640037039520224, "0.5-0.5": 0.5324924645823874, "0.5-0.8": 0.5966874326083013, "0.8-0.01": 0.36469527659269374, "0.8-0.2": 0.5134808767188418, "0.8-0.5": 0.593549107767878, "0.8-0.8": 0.6010190695730198}, "0.3": {"0.01-0.01": 0.3183115289358217, "0.01-0.2": 0.3556955912609674, "0.01-0.5": 0.6026053544000718, "0.01-0.8": 0.5991868904097568, "0.05-0.01": 0.314040000837316, "0.05-0.2": 0.3493538275319375, "0.05-0.5": 0.5872597560724189, "0.05-0.8": 0.5928974222469008, "0.2-0.01": 0.3070417500224349, "0.2-0.2": 0.39099879565860246, "0.2-0.5": 0.5926903627642599, "0.2-0.8": 0.6130096703987667, "0.5-0.01": 0.31456982635450226, "0.5-0.2": 0.5583708352116113, "0.5-0.5": 0.6195037231630511, "0.5-0.8": 0.7156044184545364, "0.8-0.01": 0.34188993362641845, "0.8-0.2": 0.6322969727034138, "0.8-0.5": 0.8232710920650638, "0.8-0.8": 0.8536914682025232}, "0.4": {"0.01-0.01": 0.5117992374150367, "0.01-0.2": 0.5090639584812587, "0.01-0.5": 0.6886939043075955, "0.01-0.8": 0.7445550321040394, "0.05-0.01": 0.5246336504432587, "0.05-0.2": 0.49929564452525804, "0.05-0.5": 0.6289881466209486, "0.05-0.8": 0.8891448568597635, "0.2-0.01": 0.5249812770028681, "0.2-0.2": 0.5300434428012567, "0.2-0.5": 0.687385428235455, "0.2-0.8": 0.7931259175673553, "0.5-0.01": 0.5284007059577909, "0.5-0.2": 0.5229876258864197, "0.5-0.5": 0.8027483994263735, "0.5-0.8": 0.9675123213573228, "0.8-0.01": 0.5379857912584629, "0.8-0.2": 0.8450910909326568, "0.8-0.5": 0.9711670986283023, "0.8-0.8": 0.9660197962657111}}