{"0.05": {"0.001-0.2": 0.13530654337567014, "0.001-0.5": 0.14710064683297047, "0.001-0.8": 0.14860278713172378, "0.01-0.2": 0.10910919998377394, "0.01-0.5": 0.13189568984339262, "0.01-0.8": 0.1355562925479932, "0.05-0.2": 0.14928364625311782, "0.05-0.5": 0.12896247827753873, "0.05-0.8": 0.036709977870524636, "0.2-0.2": 0.15683704495432715, "0.2-0.5": 0.04211893273131703, "0.2-0.8": 0.09450744574290641, "0.5-0.2": 0.1598166312049946, "0.5-0.5": 0.10633943683173258, "0.5-0.8": 0.16173130842640157, "0.8-0.2": 0.21225866870357935, "0.8-0.5": 0.13023006722558542, "0.8-0.8": 0.07089615663749292}, "0.1": {"0.001-0.2": 0.07388315169612829, "0.001-0.5": 0.12975635000903102, "0.001-0.8": 0.012416666666666631, "0.01-0.2": 0.16200780300971257, "0.01-0.5": 0.08871475794380167, "0.01-0.8": 0.2026819414875346, "0.05-0.2": 0.07456085523944908, "0.05-0.5": 0.08783266228294523, "0.05-0.8": 0.10644016105716503, "0.2-0.2": 0.10639615390807501, "0.2-0.5": 0.2170074310191475, "0.2-0.8": 0.17971806545040228, "0.5-0.2": 0.048355764922165305, "0.5-0.5": 0.11457725761699848, "0.5-0.8": 0.13397022064903927, "0.8-0.2": 0.12671448315593567, "0.8-0.5": 0.07837048583911738, "0.8-0.8": 0.093690434124136}, "0.15": {"0.001-0.2": 0.5424445687431048, "0.001-0.5": 0.5315811006427222, "0.001-0.8": 0.5529069874644742, "0.01-0.2": 0.5478772150358601, "0.01-0.5": 0.5319504690857298, "0.01-0.8": 0.5419816248848557, "0.05-0.2": 0.5301841096042915, "0.05-0.5": 0.5363725280069637, "0.05-0.8": 0.5251657755075806, "0.2-0.2": 0.5288592791342127, "0.2-0.5": 0.5274384619029211, "0.2-0.8": 0.5368888856169836, "0.5-0.2": 0.548972297200435, "0.5-0.5": 0.5435328461564198, "0.5-0.8": 0.5341505136886775, "0.8-0.2": 0.5499200215764846, "0.8-0.5": 0.5344277418640222, "0.8-0.8": 0.5439581918868335}, "0.2": {"0.001-0.2": 0.19117105547412036, "0.001-0.5": 0.19232900704226813, "0.001-0.8": 0.20828743077096765, "0.01-0.2": 0.17266665835313005, "0.01-0.5": 0.20808138785458835, "0.01-0.8": 0.23132128639194272, "0.05-0.2": 0.1722276979399677, "0.05-0.5": 0.20780085388243574, "0.05-0.8": 0.21229716742255944, "0.2-0.2": 0.18838071729920572, "0.2-0.5": 0.18852771488508765, "0.2-0.8": 0.24543449323253255, "0.5-0.2": 0.22529382464705794, "0.5-0.5": 0.26414476457710856, "0.5-0.8": 0.42038550283788056, "0.8-0.2": 0.2456160604337941, "0.8-0.5": 0.6209344664925929, "0.8-0.8": 0.7643116502790908}, "0.3": {"0.001-0.2": 0.5053067993304483, "0.001-0.5": 0.4815321112567392, "0.001-0.8": 0.5010544966255553, "0.01-0.2": 0.48163327208349527, "0.01-0.5": 0.5219105238298897, "0.01-0.8": 0.5056021650753362, "0.05-0.2": 0.48162386309883903, "0.05-0.5": 0.5111961766979549, "0.05-0.8": 0.5096803838405545, "0.2-0.2": 0.5190308281295264, "0.2-0.5": 0.5098557474208051, "0.2-0.8": 0.5216455656084481, "0.5-0.2": 0.5187638592526636, "0.5-0.5": 0.5011179834316734, "0.5-0.8": 0.5111634352123359, "0.8-0.2": 0.5305779555093388, "0.8-0.5": 0.527115793717767, "0.8-0.8": 0.530756733925287}, "0.4": {"0.001-0.2": 0.46648455115750287, "0.001-0.5": 0.4770028795347461, "0.001-0.8": 0.47145467625977094, "0.01-0.2": 0.4575435704232825, "0.01-0.5": 0.4999725053340538, "0.01-0.8": 0.5150714962807674, "0.05-0.2": 0.44845171887054297, "0.05-0.5": 0.47561923527263317, "0.05-0.8": 0.47358628034543226, "0.2-0.2": 0.4587241847371543, "0.2-0.5": 0.48396128071747213, "0.2-0.8": 0.45606734145149025, "0.5-0.2": 0.4335550314624435, "0.5-0.5": 0.4496311283981873, "0.5-0.8": 0.5096704600305698, "0.8-0.2": 0.5071411806105715, "0.8-0.5": 0.5253405132997266, "0.8-0.8": 0.5410262629507957}}