{"0.05": {"0.001-0.2": 0.13464866159800232, "0.001-0.5": 0.16769702349099136, "0.001-0.8": 0.10356941569001256, "0.01-0.2": 0.0661212032421368, "0.01-0.5": 0.14995023038975336, "0.01-0.8": 0.19925984502266564, "0.05-0.2": 0.15090249538752123, "0.05-0.5": 0.1143238935763432, "0.05-0.8": 0.1348707318210245, "0.2-0.2": 0.0939460899491801, "0.2-0.5": 0.09652839681517912, "0.2-0.8": 0.16666972365423174, "0.5-0.2": 0.20106281343752588, "0.5-0.5": 0.15149378409904937, "0.5-0.8": 0.06575500663737713, "0.8-0.2": 0.1897957648064272, "0.8-0.5": 0.14967201396329924, "0.8-0.8": 0.12021286307057494}, "0.1": {"0.001-0.2": 1.2130079535252964, "0.001-0.5": 1.2097407844222867, "0.001-0.8": 1.1977527375755148, "0.01-0.2": 1.1793933551196567, "0.01-0.5": 1.178922662227124, "0.01-0.8": 1.2357042682411445, "0.05-0.2": 1.1628688813705736, "0.05-0.5": 1.1095743748794822, "0.05-0.8": 1.1968914741469108, "0.2-0.2": 1.1877122312251884, "0.2-0.5": 1.1863694591360443, "0.2-0.8": 1.1861481853652027, "0.5-0.2": 1.213478484348867, "0.5-0.5": 1.2235333774542283, "0.5-0.8": 1.221526163289313, "0.8-0.2": 1.185146140338155, "0.8-0.5": 1.2060529642185056, "0.8-0.8": 1.1876935869809757}, "0.15": {"0.001-0.2": 0.45945203029643655, "0.001-0.5": 0.4672379575697934, "0.001-0.8": 0.48516610099216173, "0.01-0.2": 0.4432961188445722, "0.01-0.5": 0.49736649251391035, "0.01-0.8": 0.46220659551936, "0.05-0.2": 0.4842084903429207, "0.05-0.5": 0.471649390206046, "0.05-0.8": 0.4755445333995197, "0.2-0.2": 0.44363450592315173, "0.2-0.5": 0.522038526845683, "0.2-0.8": 0.505185405392099, "0.5-0.2": 0.48307987886841786, "0.5-0.5": 0.48264872831325845, "0.5-0.8": 0.48434707367352886, "0.8-0.2": 0.5020964200307706, "0.8-0.5": 0.4978407435736949, "0.8-0.8": 0.4899624646195982}, "0.2": {"0.001-0.2": 0.15801907472030718, "0.001-0.5": 0.23667776630550982, "0.001-0.8": 0.29693876431996163, "0.01-0.2": 0.12325736342399973, "0.01-0.5": 0.20464131533110488, "0.01-0.8": 0.3348199470741261, "0.05-0.2": 0.1552960929947199, "0.05-0.5": 0.22665905761010052, "0.05-0.8": 0.30556076667013604, "0.2-0.2": 0.12380348728470146, "0.2-0.5": 0.23906402882231828, "0.2-0.8": 0.4561487409253456, "0.5-0.2": 0.2264182083683348, "0.5-0.5": 0.36856575855207463, "0.5-0.8": 0.7105499957900097, "0.8-0.2": 0.41530557410279173, "0.8-0.5": 0.7229455326744259, "0.8-0.8": 0.8036490615217471}, "0.3": {"0.001-0.2": 0.5849005459924002, "0.001-0.5": 0.5666018949421988, "0.001-0.8": 0.5936280183820336, "0.01-0.2": 0.5462492739485123, "0.01-0.5": 0.5659531091414196, "0.01-0.8": 0.5709685681374825, "0.05-0.2": 0.5510504958050375, "0.05-0.5": 0.5985718952424943, "0.05-0.8": 0.5900290064047686, "0.2-0.2": 0.5852341049452745, "0.2-0.5": 0.5851254564932781, "0.2-0.8": 0.5557958990345252, "0.5-0.2": 0.5898989487775901, "0.5-0.5": 0.5921727022141932, "0.5-0.8": 0.5753043018709287, "0.8-0.2": 0.5848535946824729, "0.8-0.5": 0.6024256146131034, "0.8-0.8": 0.6137467684955735}, "0.4": {"0.001-0.2": 0.5496377948942179, "0.001-0.5": 0.5203094014105795, "0.001-0.8": 0.549249866208701, "0.01-0.2": 0.517832143582498, "0.01-0.5": 0.5181476310190368, "0.01-0.8": 0.5241409506418939, "0.05-0.2": 0.5068064171666569, "0.05-0.5": 0.5310540493336009, "0.05-0.8": 0.5502470055804506, "0.2-0.2": 0.5246279983576378, "0.2-0.5": 0.529721264683573, "0.2-0.8": 0.5703510003987411, "0.5-0.2": 0.5248971939591676, "0.5-0.5": 0.5516418521820119, "0.5-0.8": 0.5596657217884363, "0.8-0.2": 0.591141927422208, "0.8-0.5": 0.8754588561190677, "0.8-0.8": 0.9646167915243946}}