{"0.05": {"0.001-0.2": 0.20994272254444626, "0.001-0.5": 0.159882414915527, "0.001-0.8": 0.1214986096803787, "0.01-0.2": 0.21821615239326264, "0.01-0.5": 0.18109162162756992, "0.01-0.8": 0.14123609771388718, "0.05-0.2": 0.20746460825136706, "0.05-0.5": 0.203563490894151, "0.05-0.8": 0.2358699991606791, "0.2-0.2": 0.22773201350328245, "0.2-0.5": 0.16242048147332522, "0.2-0.8": 0.27651417596990185, "0.5-0.2": 0.1821991409228415, "0.5-0.5": 0.175524749120904, "0.5-0.8": 0.13124717468770966, "0.8-0.2": 0.20979887302582442, "0.8-0.5": 0.12138675726556912, "0.8-0.8": 0.24963490350448211}, "0.1": {"0.001-0.2": 0.4689558628124823, "0.001-0.5": 0.46295575676801837, "0.001-0.8": 0.3552240673404854, "0.01-0.2": 0.36198430633596684, "0.01-0.5": 0.37660834985972685, "0.01-0.8": 0.41192145578462297, "0.05-0.2": 0.32859362836933376, "0.05-0.5": 0.4517230784177485, "0.05-0.8": 0.37816601218287715, "0.2-0.2": 0.384149528419036, "0.2-0.5": 0.48257713334819363, "0.2-0.8": 0.33700151146870194, "0.5-0.2": 0.6219186720898934, "0.5-0.5": 0.38207200566273547, "0.5-0.8": 0.39111594690700435, "0.8-0.2": 0.37719083944291215, "0.8-0.5": 0.498576184269457, "0.8-0.8": 0.5047392624476378}, "0.15": {"0.001-0.2": 0.5208567235004571, "0.001-0.5": 0.5134438017375339, "0.001-0.8": 0.4960148228187544, "0.01-0.2": 0.4916055556638445, "0.01-0.5": 0.5137618771500408, "0.01-0.8": 0.5172491289831196, "0.05-0.2": 0.49193793392169816, "0.05-0.5": 0.5201616332015289, "0.05-0.8": 0.5006610838468204, "0.2-0.2": 0.4955641484202733, "0.2-0.5": 0.5252710144744844, "0.2-0.8": 0.5327549776253463, "0.5-0.2": 0.509023766284154, "0.5-0.5": 0.48970426444584114, "0.5-0.8": 0.5342477669597144, "0.8-0.2": 0.5233110522798765, "0.8-0.5": 0.49347891896623003, "0.8-0.8": 0.5158406081040319}, "0.2": {"0.001-0.2": 0.2267897665337467, "0.001-0.5": 0.2484336802279289, "0.001-0.8": 0.273074954416354, "0.01-0.2": 0.23598277255395142, "0.01-0.5": 0.2812665499621829, "0.01-0.8": 0.2700753657598499, "0.05-0.2": 0.23587309437615667, "0.05-0.5": 0.23994567275574336, "0.05-0.8": 0.2399054890636066, "0.2-0.2": 0.2575724754916734, "0.2-0.5": 0.28137791197933676, "0.2-0.8": 0.2732079443445058, "0.5-0.2": 0.2485292042747834, "0.5-0.5": 0.2599658841063402, "0.5-0.8": 0.3131550824012275, "0.8-0.2": 0.2602091434399389, "0.8-0.5": 0.47668706008533046, "0.8-0.8": 0.7985490135386107}, "0.3": {"0.001-0.2": 0.6280782173313615, "0.001-0.5": 0.636345484861459, "0.001-0.8": 0.6258470883214439, "0.01-0.2": 0.6112044300535794, "0.01-0.5": 0.6666190265174071, "0.01-0.8": 0.6540054536945314, "0.05-0.2": 0.6173677368775339, "0.05-0.5": 0.6141712440625609, "0.05-0.8": 0.645504427522234, "0.2-0.2": 0.622238484948357, "0.2-0.5": 0.6221319457265447, "0.2-0.8": 0.6069109930237356, "0.5-0.2": 0.6051182811610795, "0.5-0.5": 0.624498371358685, "0.5-0.8": 0.6024489703539108, "0.8-0.2": 0.5985117311957241, "0.8-0.5": 0.6690449832443173, "0.8-0.8": 0.663873508983962}, "0.4": {"0.001-0.2": 0.5569832822124389, "0.001-0.5": 0.5599275143387618, "0.001-0.8": 0.5287034626554288, "0.01-0.2": 0.5696776103781962, "0.01-0.5": 0.5573276091744351, "0.01-0.8": 0.5724813624498037, "0.05-0.2": 0.5631725722268315, "0.05-0.5": 0.5588392697743413, "0.05-0.8": 0.5920154432226723, "0.2-0.2": 0.5694861491618558, "0.2-0.5": 0.5789965952528068, "0.2-0.8": 0.5759061603702634, "0.5-0.2": 0.5772496735364018, "0.5-0.5": 0.584754914649711, "0.5-0.8": 0.5587300839157501, "0.8-0.2": 0.559635005789406, "0.8-0.5": 0.5513530074843911, "0.8-0.8": 0.5353519094282411}}