{"0.05": {"0.001-0.2": 0.19008974603568424, "0.001-0.5": 0.11551868018773483, "0.001-0.8": 0.1720316950854199, "0.01-0.2": 0.10316817016622479, "0.01-0.5": 0.14130533291097644, "0.01-0.8": 0.15826112921292554, "0.05-0.2": 0.11590575211589253, "0.05-0.5": 0.11596272656441996, "0.05-0.8": 0.06210630463124391, "0.2-0.2": 0.11675457046239932, "0.2-0.5": 0.06904455729351948, "0.2-0.8": 0.06655034342170539, "0.5-0.2": 0.06795407337166157, "0.5-0.5": 0.0546474329927474, "0.5-0.8": 0.15865202280617266, "0.8-0.2": 0.08094911912288107, "0.8-0.5": 0.037976333577423395, "0.8-0.8": 0.09973255614522025}, "0.1": {"0.001-0.2": 0.10586416044055105, "0.001-0.5": 0.13451786631561463, "0.001-0.8": 0.14036059335339685, "0.01-0.2": 0.06879260047063505, "0.01-0.5": 0.15688063274070946, "0.01-0.8": 0.10075756808264705, "0.05-0.2": 0.09725535308831891, "0.05-0.5": 0.09744521965680622, "0.05-0.8": 0.13245492660988378, "0.2-0.2": 0.13882769190281494, "0.2-0.5": 0.2003093424708061, "0.2-0.8": 0.16197291532926436, "0.5-0.2": 0.2182232475491014, "0.5-0.5": 0.05310291452334694, "0.5-0.8": 0.0796518393083033, "0.8-0.2": 0.0813812838444825, "0.8-0.5": 0.11485219594754326, "0.8-0.8": 0.17153879368418876}, "0.15": {"0.001-0.2": 0.5094409703473783, "0.001-0.5": 0.5569367964103595, "0.001-0.8": 0.5063913777274748, "0.01-0.2": 0.529801936136811, "0.01-0.5": 0.5404379668420447, "0.01-0.8": 0.528983891667249, "0.05-0.2": 0.5125811478804925, "0.05-0.5": 0.5309013948312963, "0.05-0.8": 0.5422416700814894, "0.2-0.2": 0.5527065156129705, "0.2-0.5": 0.5564195503874028, "0.2-0.8": 0.5282088192879134, "0.5-0.2": 0.5262488849288793, "0.5-0.5": 0.5290190107654602, "0.5-0.8": 0.5467401802570576, "0.8-0.2": 0.5474639905624995, "0.8-0.5": 0.5158487160079982, "0.8-0.8": 0.5322500134591422}, "0.2": {"0.001-0.2": 0.24545901508044435, "0.001-0.5": 0.2661107645724267, "0.001-0.8": 0.2463704679121704, "0.01-0.2": 0.2347466263898949, "0.01-0.5": 0.27650167449580126, "0.01-0.8": 0.2703783201913184, "0.05-0.2": 0.22354551733441363, "0.05-0.5": 0.24896396494499254, "0.05-0.8": 0.26296467988345934, "0.2-0.2": 0.2655622252934385, "0.2-0.5": 0.2839366965273232, "0.2-0.8": 0.2969483468243437, "0.5-0.2": 0.25775838722752653, "0.5-0.5": 0.29840385819076354, "0.5-0.8": 0.5568717427275462, "0.8-0.2": 0.28337870319586944, "0.8-0.5": 0.6853215650222522, "0.8-0.8": 0.7431037397683898}, "0.3": {"0.001-0.2": 0.6065510904481162, "0.001-0.5": 0.6421094208538789, "0.001-0.8": 0.6413564761989212, "0.01-0.2": 0.6198794807435198, "0.01-0.5": 0.623692080184465, "0.01-0.8": 0.6141037588433782, "0.05-0.2": 0.6335758464729359, "0.05-0.5": 0.5826683887976182, "0.05-0.8": 0.6343208860376024, "0.2-0.2": 0.6395693063826879, "0.2-0.5": 0.6097879403935053, "0.2-0.8": 0.6047107188876755, "0.5-0.2": 0.6019001049928675, "0.5-0.5": 0.6392164578511758, "0.5-0.8": 0.6235003975631198, "0.8-0.2": 0.650018420788874, "0.8-0.5": 0.6349592683445643, "0.8-0.8": 0.6222464571083256}, "0.4": {"0.001-0.2": 0.49253196326658405, "0.001-0.5": 0.5145570496036977, "0.001-0.8": 0.532762968820391, "0.01-0.2": 0.48531872234456924, "0.01-0.5": 0.4992377792239217, "0.01-0.8": 0.5249182671404349, "0.05-0.2": 0.4872852180776076, "0.05-0.5": 0.5143721106280199, "0.05-0.8": 0.4981739270306528, "0.2-0.2": 0.5188499960566382, "0.2-0.5": 0.5236390691007805, "0.2-0.8": 0.5333525517542966, "0.5-0.2": 0.5075581718658194, "0.5-0.5": 0.5292681112037226, "0.5-0.8": 0.4855085824728231, "0.8-0.2": 0.5289436969896932, "0.8-0.5": 0.5700078257156155, "0.8-0.8": 0.5967176406375496}}