{"0.01-0.01": {"roc": 0.8256333333333333, "flag_rate": [0.045, 0.155], "flag_rate_ratio": 0.29032258064516125, "TPR": [0.43, 0.32], "TPR whole": 0.375, "TPR ratio": 1.34375, "FPR": [0.0022222222222222222, 0.13666666666666666], "FPR whole": 0.06944444444444445, "FPR ratio": 0.016260162601626018, "PPR": [0.9555555555555556, 0.2064516129032258], "PPR whole": 0.375, "PPR ratio": 4.628472222222222}, "0.01-0.2": {"roc": 0.8271805555555557, "flag_rate": [0.039, 0.161], "flag_rate_ratio": 0.24223602484472048, "TPR": [0.39, 0.33], "TPR whole": 0.36, "TPR ratio": 1.1818181818181819, "FPR": [0.0, 0.14222222222222222], "FPR whole": 0.07111111111111111, "FPR ratio": 0.0, "PPR": [1.0, 0.20496894409937888], "PPR whole": 0.36, "PPR ratio": 4.878787878787879}, "0.01-0.5": {"roc": 0.8119277777777778, "flag_rate": [0.037, 0.163], "flag_rate_ratio": 0.22699386503067484, "TPR": [0.37, 0.34], "TPR whole": 0.355, "TPR ratio": 1.088235294117647, "FPR": [0.0, 0.14333333333333334], "FPR whole": 0.07166666666666667, "FPR ratio": 0.0, "PPR": [1.0, 0.2085889570552147], "PPR whole": 0.355, "PPR ratio": 4.794117647058823}, "0.01-0.8": {"roc": 0.8128166666666666, "flag_rate": [0.043, 0.157], "flag_rate_ratio": 0.27388535031847133, "TPR": [0.42, 0.35], "TPR whole": 0.385, "TPR ratio": 1.2, "FPR": [0.0011111111111111111, 0.13555555555555557], "FPR whole": 0.06833333333333333, "FPR ratio": 0.008196721311475409, "PPR": [0.9767441860465116, 0.2229299363057325], "PPR whole": 0.385, "PPR ratio": 4.381395348837209}, "0.05-0.01": {"roc": 0.8225083333333334, "flag_rate": [0.041, 0.159], "flag_rate_ratio": 0.2578616352201258, "TPR": [0.4, 0.35], "TPR whole": 0.375, "TPR ratio": 1.142857142857143, "FPR": [0.0011111111111111111, 0.13777777777777778], "FPR whole": 0.06944444444444445, "FPR ratio": 0.008064516129032258, "PPR": [0.975609756097561, 0.22012578616352202], "PPR whole": 0.375, "PPR ratio": 4.43205574912892}, "0.05-0.2": {"roc": 0.8383472222222222, "flag_rate": [0.04, 0.16], "flag_rate_ratio": 0.25, "TPR": [0.39, 0.36], "TPR whole": 0.375, "TPR ratio": 1.0833333333333335, "FPR": [0.0011111111111111111, 0.13777777777777778], "FPR whole": 0.06944444444444445, "FPR ratio": 0.008064516129032258, "PPR": [0.975, 0.225], "PPR whole": 0.375, "PPR ratio": 4.333333333333333}, "0.05-0.5": {"roc": 0.8377972222222222, "flag_rate": [0.036, 0.164], "flag_rate_ratio": 0.2195121951219512, "TPR": [0.36, 0.37], "TPR whole": 0.365, "TPR ratio": 0.9729729729729729, "FPR": [0.0, 0.1411111111111111], "FPR whole": 0.07055555555555555, "FPR ratio": 0.0, "PPR": [1.0, 0.22560975609756098], "PPR whole": 0.365, "PPR ratio": 4.4324324324324325}, "0.05-0.8": {"roc": 0.8187083333333335, "flag_rate": [0.038, 0.162], "flag_rate_ratio": 0.2345679012345679, "TPR": [0.38, 0.35], "TPR whole": 0.365, "TPR ratio": 1.0857142857142859, "FPR": [0.0, 0.1411111111111111], "FPR whole": 0.07055555555555555, "FPR ratio": 0.0, "PPR": [1.0, 0.21604938271604937], "PPR whole": 0.365, "PPR ratio": 4.628571428571429}, "0.2-0.01": {"roc": 0.8178972222222223, "flag_rate": [0.039, 0.161], "flag_rate_ratio": 0.24223602484472048, "TPR": [0.36, 0.38], "TPR whole": 0.37, "TPR ratio": 0.9473684210526315, "FPR": [0.0033333333333333335, 0.13666666666666666], "FPR whole": 0.07, "FPR ratio": 0.02439024390243903, "PPR": [0.9230769230769231, 0.2360248447204969], "PPR whole": 0.37, "PPR ratio": 3.910931174089069}, "0.2-0.2": {"roc": 0.8320916666666667, "flag_rate": [0.043, 0.157], "flag_rate_ratio": 0.27388535031847133, "TPR": [0.43, 0.36], "TPR whole": 0.395, "TPR ratio": 1.1944444444444444, "FPR": [0.0, 0.13444444444444445], "FPR whole": 0.06722222222222222, "FPR ratio": 0.0, "PPR": [1.0, 0.22929936305732485], "PPR whole": 0.395, "PPR ratio": 4.361111111111111}, "0.2-0.5": {"roc": 0.843775, "flag_rate": [0.04, 0.16], "flag_rate_ratio": 0.25, "TPR": [0.39, 0.34], "TPR whole": 0.365, "TPR ratio": 1.1470588235294117, "FPR": [0.0011111111111111111, 0.14], "FPR whole": 0.07055555555555555, "FPR ratio": 0.007936507936507936, "PPR": [0.975, 0.2125], "PPR whole": 0.365, "PPR ratio": 4.588235294117647}, "0.2-0.8": {"roc": 0.8251666666666666, "flag_rate": [0.037, 0.163], "flag_rate_ratio": 0.22699386503067484, "TPR": [0.37, 0.36], "TPR whole": 0.365, "TPR ratio": 1.027777777777778, "FPR": [0.0, 0.1411111111111111], "FPR whole": 0.07055555555555555, "FPR ratio": 0.0, "PPR": [1.0, 0.22085889570552147], "PPR whole": 0.365, "PPR ratio": 4.527777777777778}, "0.5-0.01": {"roc": 0.8309083333333334, "flag_rate": [0.044, 0.156], "flag_rate_ratio": 0.28205128205128205, "TPR": [0.4, 0.32], "TPR whole": 0.36, "TPR ratio": 1.25, "FPR": [0.0044444444444444444, 0.13777777777777778], "FPR whole": 0.07111111111111111, "FPR ratio": 0.03225806451612903, "PPR": [0.9090909090909091, 0.20512820512820512], "PPR whole": 0.36, "PPR ratio": 4.431818181818182}, "0.5-0.2": {"roc": 0.8402666666666667, "flag_rate": [0.037, 0.163], "flag_rate_ratio": 0.22699386503067484, "TPR": [0.37, 0.36], "TPR whole": 0.365, "TPR ratio": 1.027777777777778, "FPR": [0.0, 0.1411111111111111], "FPR whole": 0.07055555555555555, "FPR ratio": 0.0, "PPR": [1.0, 0.22085889570552147], "PPR whole": 0.365, "PPR ratio": 4.527777777777778}, "0.5-0.5": {"roc": 0.8203972222222222, "flag_rate": [0.038, 0.162], "flag_rate_ratio": 0.2345679012345679, "TPR": [0.37, 0.38], "TPR whole": 0.375, "TPR ratio": 0.9736842105263158, "FPR": [0.0011111111111111111, 0.13777777777777778], "FPR whole": 0.06944444444444445, "FPR ratio": 0.008064516129032258, "PPR": [0.9736842105263158, 0.2345679012345679], "PPR whole": 0.375, "PPR ratio": 4.150969529085873}, "0.5-0.8": {"roc": 0.8173541666666666, "flag_rate": [0.039, 0.161], "flag_rate_ratio": 0.24223602484472048, "TPR": [0.38, 0.32], "TPR whole": 0.35, "TPR ratio": 1.1875, "FPR": [0.0011111111111111111, 0.14333333333333334], "FPR whole": 0.07222222222222222, "FPR ratio": 0.007751937984496124, "PPR": [0.9743589743589743, 0.19875776397515527], "PPR whole": 0.35, "PPR ratio": 4.90224358974359}, "0.8-0.01": {"roc": 0.8421527777777779, "flag_rate": [0.042, 0.158], "flag_rate_ratio": 0.2658227848101266, "TPR": [0.41, 0.35], "TPR whole": 0.38, "TPR ratio": 1.1714285714285715, "FPR": [0.0011111111111111111, 0.13666666666666666], "FPR whole": 0.06888888888888889, "FPR ratio": 0.008130081300813009, "PPR": [0.9761904761904762, 0.22151898734177214], "PPR whole": 0.38, "PPR ratio": 4.406802721088435}, "0.8-0.2": {"roc": 0.8248555555555555, "flag_rate": [0.038, 0.162], "flag_rate_ratio": 0.2345679012345679, "TPR": [0.38, 0.35], "TPR whole": 0.365, "TPR ratio": 1.0857142857142859, "FPR": [0.0, 0.1411111111111111], "FPR whole": 0.07055555555555555, "FPR ratio": 0.0, "PPR": [1.0, 0.21604938271604937], "PPR whole": 0.365, "PPR ratio": 4.628571428571429}, "0.8-0.5": {"roc": 0.8313750000000001, "flag_rate": [0.039, 0.161], "flag_rate_ratio": 0.24223602484472048, "TPR": [0.39, 0.37], "TPR whole": 0.38, "TPR ratio": 1.0540540540540542, "FPR": [0.0, 0.13777777777777778], "FPR whole": 0.06888888888888889, "FPR ratio": 0.0, "PPR": [1.0, 0.22981366459627328], "PPR whole": 0.38, "PPR ratio": 4.351351351351352}, "0.8-0.8": {"roc": 0.8166611111111111, "flag_rate": [0.041, 0.159], "flag_rate_ratio": 0.2578616352201258, "TPR": [0.39, 0.31], "TPR whole": 0.35, "TPR ratio": 1.2580645161290323, "FPR": [0.0022222222222222222, 0.14222222222222222], "FPR whole": 0.07222222222222222, "FPR ratio": 0.015625, "PPR": [0.9512195121951219, 0.1949685534591195], "PPR whole": 0.35, "PPR ratio": 4.878835562549173}}