{"0.01-0.01": {"roc": 0.9227027777777776, "flag_rate": [0.091, 0.109], "flag_rate_ratio": 0.8348623853211009, "TPR": [0.73, 0.68], "TPR whole": 0.705, "TPR ratio": 1.0735294117647058, "FPR": [0.02, 0.04555555555555556], "FPR whole": 0.03277777777777778, "FPR ratio": 0.43902439024390244, "PPR": [0.8021978021978022, 0.6238532110091743], "PPR whole": 0.705, "PPR ratio": 1.2858758888170654}, "0.01-0.2": {"roc": 0.9236361111111111, "flag_rate": [0.09, 0.11], "flag_rate_ratio": 0.8181818181818181, "TPR": [0.74, 0.7], "TPR whole": 0.72, "TPR ratio": 1.0571428571428572, "FPR": [0.017777777777777778, 0.044444444444444446], "FPR whole": 0.03111111111111111, "FPR ratio": 0.39999999999999997, "PPR": [0.8222222222222222, 0.6363636363636364], "PPR whole": 0.72, "PPR ratio": 1.2920634920634921}, "0.01-0.5": {"roc": 0.922675, "flag_rate": [0.094, 0.106], "flag_rate_ratio": 0.8867924528301887, "TPR": [0.73, 0.65], "TPR whole": 0.69, "TPR ratio": 1.123076923076923, "FPR": [0.023333333333333334, 0.04555555555555556], "FPR whole": 0.034444444444444444, "FPR ratio": 0.5121951219512195, "PPR": [0.776595744680851, 0.6132075471698113], "PPR whole": 0.69, "PPR ratio": 1.2664484451718494}, "0.01-0.8": {"roc": 0.9281444444444443, "flag_rate": [0.089, 0.111], "flag_rate_ratio": 0.8018018018018017, "TPR": [0.73, 0.71], "TPR whole": 0.72, "TPR ratio": 1.028169014084507, "FPR": [0.017777777777777778, 0.044444444444444446], "FPR whole": 0.03111111111111111, "FPR ratio": 0.39999999999999997, "PPR": [0.8202247191011236, 0.6396396396396397], "PPR whole": 0.72, "PPR ratio": 1.2823231523975311}, "0.05-0.01": {"roc": 0.9195472222222222, "flag_rate": [0.094, 0.106], "flag_rate_ratio": 0.8867924528301887, "TPR": [0.72, 0.65], "TPR whole": 0.685, "TPR ratio": 1.1076923076923075, "FPR": [0.024444444444444446, 0.04555555555555556], "FPR whole": 0.035, "FPR ratio": 0.5365853658536586, "PPR": [0.7659574468085106, 0.6132075471698113], "PPR whole": 0.685, "PPR ratio": 1.249099836333879}, "0.05-0.2": {"roc": 0.9325, "flag_rate": [0.085, 0.115], "flag_rate_ratio": 0.7391304347826088, "TPR": [0.73, 0.74], "TPR whole": 0.735, "TPR ratio": 0.9864864864864865, "FPR": [0.013333333333333334, 0.04555555555555556], "FPR whole": 0.029444444444444443, "FPR ratio": 0.2926829268292683, "PPR": [0.8588235294117647, 0.6434782608695652], "PPR whole": 0.735, "PPR ratio": 1.3346581875993642}, "0.05-0.5": {"roc": 0.9350083333333334, "flag_rate": [0.087, 0.113], "flag_rate_ratio": 0.7699115044247787, "TPR": [0.76, 0.73], "TPR whole": 0.745, "TPR ratio": 1.0410958904109588, "FPR": [0.012222222222222223, 0.044444444444444446], "FPR whole": 0.028333333333333332, "FPR ratio": 0.275, "PPR": [0.8735632183908046, 0.6460176991150443], "PPR whole": 0.745, "PPR ratio": 1.3522279955912455}, "0.05-0.8": {"roc": 0.9233027777777778, "flag_rate": [0.092, 0.108], "flag_rate_ratio": 0.8518518518518519, "TPR": [0.71, 0.67], "TPR whole": 0.69, "TPR ratio": 1.0597014925373134, "FPR": [0.023333333333333334, 0.04555555555555556], "FPR whole": 0.034444444444444444, "FPR ratio": 0.5121951219512195, "PPR": [0.7717391304347826, 0.6203703703703703], "PPR whole": 0.69, "PPR ratio": 1.2439974042829332}, "0.2-0.01": {"roc": 0.9298916666666666, "flag_rate": [0.088, 0.112], "flag_rate_ratio": 0.7857142857142857, "TPR": [0.74, 0.71], "TPR whole": 0.725, "TPR ratio": 1.0422535211267605, "FPR": [0.015555555555555555, 0.04555555555555556], "FPR whole": 0.030555555555555555, "FPR ratio": 0.3414634146341463, "PPR": [0.8409090909090909, 0.6339285714285714], "PPR whole": 0.725, "PPR ratio": 1.326504481434059}, "0.2-0.2": {"roc": 0.9297194444444444, "flag_rate": [0.09, 0.11], "flag_rate_ratio": 0.8181818181818181, "TPR": [0.75, 0.69], "TPR whole": 0.72, "TPR ratio": 1.0869565217391306, "FPR": [0.016666666666666666, 0.04555555555555556], "FPR whole": 0.03111111111111111, "FPR ratio": 0.36585365853658536, "PPR": [0.8333333333333334, 0.6272727272727273], "PPR whole": 0.72, "PPR ratio": 1.328502415458937}, "0.2-0.5": {"roc": 0.9313611111111111, "flag_rate": [0.086, 0.114], "flag_rate_ratio": 0.7543859649122806, "TPR": [0.72, 0.74], "TPR whole": 0.73, "TPR ratio": 0.9729729729729729, "FPR": [0.015555555555555555, 0.044444444444444446], "FPR whole": 0.03, "FPR ratio": 0.35, "PPR": [0.8372093023255814, 0.6491228070175439], "PPR whole": 0.73, "PPR ratio": 1.28975487115022}, "0.2-0.8": {"roc": 0.9212194444444444, "flag_rate": [0.088, 0.112], "flag_rate_ratio": 0.7857142857142857, "TPR": [0.73, 0.71], "TPR whole": 0.72, "TPR ratio": 1.028169014084507, "FPR": [0.016666666666666666, 0.04555555555555556], "FPR whole": 0.03111111111111111, "FPR ratio": 0.36585365853658536, "PPR": [0.8295454545454546, 0.6339285714285714], "PPR whole": 0.72, "PPR ratio": 1.3085787451984636}, "0.5-0.01": {"roc": 0.9232222222222222, "flag_rate": [0.09, 0.11], "flag_rate_ratio": 0.8181818181818181, "TPR": [0.75, 0.69], "TPR whole": 0.72, "TPR ratio": 1.0869565217391306, "FPR": [0.016666666666666666, 0.04555555555555556], "FPR whole": 0.03111111111111111, "FPR ratio": 0.36585365853658536, "PPR": [0.8333333333333334, 0.6272727272727273], "PPR whole": 0.72, "PPR ratio": 1.328502415458937}, "0.5-0.2": {"roc": 0.91915, "flag_rate": [0.089, 0.111], "flag_rate_ratio": 0.8018018018018017, "TPR": [0.7, 0.71], "TPR whole": 0.705, "TPR ratio": 0.9859154929577465, "FPR": [0.021111111111111112, 0.044444444444444446], "FPR whole": 0.03277777777777778, "FPR ratio": 0.475, "PPR": [0.7865168539325843, 0.6396396396396397], "PPR whole": 0.705, "PPR ratio": 1.229624940655167}, "0.5-0.5": {"roc": 0.9244277777777777, "flag_rate": [0.087, 0.113], "flag_rate_ratio": 0.7699115044247787, "TPR": [0.75, 0.72], "TPR whole": 0.735, "TPR ratio": 1.0416666666666667, "FPR": [0.013333333333333334, 0.04555555555555556], "FPR whole": 0.029444444444444443, "FPR ratio": 0.2926829268292683, "PPR": [0.8620689655172413, 0.6371681415929203], "PPR whole": 0.735, "PPR ratio": 1.3529693486590038}, "0.5-0.8": {"roc": 0.9270416666666667, "flag_rate": [0.086, 0.114], "flag_rate_ratio": 0.7543859649122806, "TPR": [0.74, 0.73], "TPR whole": 0.735, "TPR ratio": 1.0136986301369864, "FPR": [0.013333333333333334, 0.04555555555555556], "FPR whole": 0.029444444444444443, "FPR ratio": 0.2926829268292683, "PPR": [0.8604651162790697, 0.6403508771929824], "PPR whole": 0.735, "PPR ratio": 1.343740044600191}, "0.8-0.01": {"roc": 0.9339361111111111, "flag_rate": [0.087, 0.113], "flag_rate_ratio": 0.7699115044247787, "TPR": [0.72, 0.73], "TPR whole": 0.725, "TPR ratio": 0.9863013698630136, "FPR": [0.016666666666666666, 0.044444444444444446], "FPR whole": 0.030555555555555555, "FPR ratio": 0.375, "PPR": [0.8275862068965517, 0.6460176991150443], "PPR whole": 0.725, "PPR ratio": 1.281058101086443}, "0.8-0.2": {"roc": 0.9328694444444444, "flag_rate": [0.077, 0.123], "flag_rate_ratio": 0.6260162601626016, "TPR": [0.72, 0.77], "TPR whole": 0.745, "TPR ratio": 0.935064935064935, "FPR": [0.005555555555555556, 0.051111111111111114], "FPR whole": 0.028333333333333332, "FPR ratio": 0.10869565217391304, "PPR": [0.935064935064935, 0.6260162601626016], "PPR whole": 0.745, "PPR ratio": 1.4936751560128183}, "0.8-0.5": {"roc": 0.9246777777777777, "flag_rate": [0.094, 0.106], "flag_rate_ratio": 0.8867924528301887, "TPR": [0.71, 0.65], "TPR whole": 0.68, "TPR ratio": 1.0923076923076922, "FPR": [0.025555555555555557, 0.04555555555555556], "FPR whole": 0.035555555555555556, "FPR ratio": 0.5609756097560976, "PPR": [0.7553191489361702, 0.6132075471698113], "PPR whole": 0.68, "PPR ratio": 1.2317512274959084}, "0.8-0.8": {"roc": 0.9257027777777779, "flag_rate": [0.089, 0.111], "flag_rate_ratio": 0.8018018018018017, "TPR": [0.75, 0.71], "TPR whole": 0.73, "TPR ratio": 1.0563380281690142, "FPR": [0.015555555555555555, 0.044444444444444446], "FPR whole": 0.03, "FPR ratio": 0.35, "PPR": [0.8426966292134831, 0.6396396396396397], "PPR whole": 0.73, "PPR ratio": 1.3174552935591073}}