{"0.01-0.01": {"roc": 0.8754388888888888, "flag_rate": [0.047, 0.153], "flag_rate_ratio": 0.30718954248366015, "TPR": [0.47, 0.43], "TPR whole": 0.45, "TPR ratio": 1.0930232558139534, "FPR": [0.0, 0.12222222222222222], "FPR whole": 0.06111111111111111, "FPR ratio": 0.0, "PPR": [1.0, 0.28104575163398693], "PPR whole": 0.45, "PPR ratio": 3.558139534883721}, "0.01-0.2": {"roc": 0.886475, "flag_rate": [0.051, 0.149], "flag_rate_ratio": 0.3422818791946309, "TPR": [0.51, 0.46], "TPR whole": 0.485, "TPR ratio": 1.108695652173913, "FPR": [0.0, 0.11444444444444445], "FPR whole": 0.05722222222222222, "FPR ratio": 0.0, "PPR": [1.0, 0.3087248322147651], "PPR whole": 0.485, "PPR ratio": 3.239130434782609}, "0.01-0.5": {"roc": 0.8835833333333334, "flag_rate": [0.051, 0.149], "flag_rate_ratio": 0.3422818791946309, "TPR": [0.51, 0.53], "TPR whole": 0.52, "TPR ratio": 0.9622641509433962, "FPR": [0.0, 0.10666666666666667], "FPR whole": 0.05333333333333334, "FPR ratio": 0.0, "PPR": [1.0, 0.35570469798657717], "PPR whole": 0.52, "PPR ratio": 2.811320754716981}, "0.01-0.8": {"roc": 0.8788944444444444, "flag_rate": [0.05, 0.15], "flag_rate_ratio": 0.33333333333333337, "TPR": [0.5, 0.51], "TPR whole": 0.505, "TPR ratio": 0.9803921568627451, "FPR": [0.0, 0.11], "FPR whole": 0.055, "FPR ratio": 0.0, "PPR": [1.0, 0.34], "PPR whole": 0.505, "PPR ratio": 2.941176470588235}, "0.05-0.01": {"roc": 0.8708944444444443, "flag_rate": [0.054, 0.146], "flag_rate_ratio": 0.36986301369863017, "TPR": [0.54, 0.46], "TPR whole": 0.5, "TPR ratio": 1.173913043478261, "FPR": [0.0, 0.1111111111111111], "FPR whole": 0.05555555555555555, "FPR ratio": 0.0, "PPR": [1.0, 0.3150684931506849], "PPR whole": 0.5, "PPR ratio": 3.173913043478261}, "0.05-0.2": {"roc": 0.8842555555555555, "flag_rate": [0.05, 0.15], "flag_rate_ratio": 0.33333333333333337, "TPR": [0.5, 0.47], "TPR whole": 0.485, "TPR ratio": 1.0638297872340425, "FPR": [0.0, 0.11444444444444445], "FPR whole": 0.05722222222222222, "FPR ratio": 0.0, "PPR": [1.0, 0.31333333333333335], "PPR whole": 0.485, "PPR ratio": 3.1914893617021276}, "0.05-0.5": {"roc": 0.8798, "flag_rate": [0.054, 0.146], "flag_rate_ratio": 0.36986301369863017, "TPR": [0.54, 0.49], "TPR whole": 0.515, "TPR ratio": 1.1020408163265307, "FPR": [0.0, 0.10777777777777778], "FPR whole": 0.05388888888888889, "FPR ratio": 0.0, "PPR": [1.0, 0.3356164383561644], "PPR whole": 0.515, "PPR ratio": 2.9795918367346936}, "0.05-0.8": {"roc": 0.87985, "flag_rate": [0.052, 0.148], "flag_rate_ratio": 0.35135135135135137, "TPR": [0.52, 0.5], "TPR whole": 0.51, "TPR ratio": 1.04, "FPR": [0.0, 0.10888888888888888], "FPR whole": 0.05444444444444444, "FPR ratio": 0.0, "PPR": [1.0, 0.33783783783783783], "PPR whole": 0.51, "PPR ratio": 2.96}, "0.2-0.01": {"roc": 0.8671111111111112, "flag_rate": [0.046, 0.154], "flag_rate_ratio": 0.2987012987012987, "TPR": [0.46, 0.46], "TPR whole": 0.46, "TPR ratio": 1.0, "FPR": [0.0, 0.12], "FPR whole": 0.06, "FPR ratio": 0.0, "PPR": [1.0, 0.2987012987012987], "PPR whole": 0.46, "PPR ratio": 3.347826086956522}, "0.2-0.2": {"roc": 0.89175, "flag_rate": [0.05, 0.15], "flag_rate_ratio": 0.33333333333333337, "TPR": [0.5, 0.52], "TPR whole": 0.51, "TPR ratio": 0.9615384615384615, "FPR": [0.0, 0.10888888888888888], "FPR whole": 0.05444444444444444, "FPR ratio": 0.0, "PPR": [1.0, 0.3466666666666667], "PPR whole": 0.51, "PPR ratio": 2.8846153846153846}, "0.2-0.5": {"roc": 0.8829555555555556, "flag_rate": [0.05, 0.15], "flag_rate_ratio": 0.33333333333333337, "TPR": [0.5, 0.49], "TPR whole": 0.495, "TPR ratio": 1.0204081632653061, "FPR": [0.0, 0.11222222222222222], "FPR whole": 0.05611111111111111, "FPR ratio": 0.0, "PPR": [1.0, 0.32666666666666666], "PPR whole": 0.495, "PPR ratio": 3.061224489795918}, "0.2-0.8": {"roc": 0.8696472222222221, "flag_rate": [0.053, 0.147], "flag_rate_ratio": 0.36054421768707484, "TPR": [0.53, 0.49], "TPR whole": 0.51, "TPR ratio": 1.0816326530612246, "FPR": [0.0, 0.10888888888888888], "FPR whole": 0.05444444444444444, "FPR ratio": 0.0, "PPR": [1.0, 0.3333333333333333], "PPR whole": 0.51, "PPR ratio": 3.0}, "0.5-0.01": {"roc": 0.8854083333333334, "flag_rate": [0.058, 0.142], "flag_rate_ratio": 0.4084507042253522, "TPR": [0.58, 0.57], "TPR whole": 0.575, "TPR ratio": 1.0175438596491229, "FPR": [0.0, 0.09444444444444444], "FPR whole": 0.04722222222222222, "FPR ratio": 0.0, "PPR": [1.0, 0.4014084507042254], "PPR whole": 0.575, "PPR ratio": 2.4912280701754383}, "0.5-0.2": {"roc": 0.8786416666666668, "flag_rate": [0.051, 0.149], "flag_rate_ratio": 0.3422818791946309, "TPR": [0.51, 0.44], "TPR whole": 0.475, "TPR ratio": 1.1590909090909092, "FPR": [0.0, 0.11666666666666667], "FPR whole": 0.058333333333333334, "FPR ratio": 0.0, "PPR": [1.0, 0.2953020134228188], "PPR whole": 0.475, "PPR ratio": 3.3863636363636362}, "0.5-0.5": {"roc": 0.8887611111111111, "flag_rate": [0.046, 0.154], "flag_rate_ratio": 0.2987012987012987, "TPR": [0.46, 0.52], "TPR whole": 0.49, "TPR ratio": 0.8846153846153846, "FPR": [0.0, 0.11333333333333333], "FPR whole": 0.056666666666666664, "FPR ratio": 0.0, "PPR": [1.0, 0.33766233766233766], "PPR whole": 0.49, "PPR ratio": 2.9615384615384617}, "0.5-0.8": {"roc": 0.8896527777777778, "flag_rate": [0.053, 0.147], "flag_rate_ratio": 0.36054421768707484, "TPR": [0.53, 0.52], "TPR whole": 0.525, "TPR ratio": 1.0192307692307692, "FPR": [0.0, 0.10555555555555556], "FPR whole": 0.05277777777777778, "FPR ratio": 0.0, "PPR": [1.0, 0.35374149659863946], "PPR whole": 0.525, "PPR ratio": 2.826923076923077}, "0.8-0.01": {"roc": 0.8934583333333334, "flag_rate": [0.055, 0.145], "flag_rate_ratio": 0.37931034482758624, "TPR": [0.55, 0.52], "TPR whole": 0.535, "TPR ratio": 1.0576923076923077, "FPR": [0.0, 0.10333333333333333], "FPR whole": 0.051666666666666666, "FPR ratio": 0.0, "PPR": [1.0, 0.3586206896551724], "PPR whole": 0.535, "PPR ratio": 2.7884615384615383}, "0.8-0.2": {"roc": 0.8924388888888889, "flag_rate": [0.048, 0.152], "flag_rate_ratio": 0.31578947368421056, "TPR": [0.48, 0.51], "TPR whole": 0.495, "TPR ratio": 0.9411764705882353, "FPR": [0.0, 0.11222222222222222], "FPR whole": 0.05611111111111111, "FPR ratio": 0.0, "PPR": [1.0, 0.3355263157894737], "PPR whole": 0.495, "PPR ratio": 2.980392156862745}, "0.8-0.5": {"roc": 0.8649472222222222, "flag_rate": [0.049, 0.151], "flag_rate_ratio": 0.3245033112582782, "TPR": [0.48, 0.5], "TPR whole": 0.49, "TPR ratio": 0.96, "FPR": [0.0011111111111111111, 0.11222222222222222], "FPR whole": 0.056666666666666664, "FPR ratio": 0.009900990099009901, "PPR": [0.9795918367346939, 0.33112582781456956], "PPR whole": 0.49, "PPR ratio": 2.958367346938775}, "0.8-0.8": {"roc": 0.8741305555555556, "flag_rate": [0.052, 0.148], "flag_rate_ratio": 0.35135135135135137, "TPR": [0.52, 0.48], "TPR whole": 0.5, "TPR ratio": 1.0833333333333335, "FPR": [0.0, 0.1111111111111111], "FPR whole": 0.05555555555555555, "FPR ratio": 0.0, "PPR": [1.0, 0.32432432432432434], "PPR whole": 0.5, "PPR ratio": 3.083333333333333}}