{"alpha_list": [0.01, 0.01, 0.01, 0.01, 0.01, 0.01, 0.01, 0.05, 0.8], "gamma_list": [0.01, 0.01, 0.01, 0.01, 0.01, 0.01, 0.01, 0.8, 0.2], "auroc": [1.0, 1.0, 1.0, 1.0, 0.999998888888889, 1.0, 1.0, 0.9999944444444445, 0.9999894444444444]}