{"0.01-0.01": {"roc": 0.9996105263157895, "flag_rate": [0.024, 0.076], "flag_rate_ratio": 0.31578947368421056, "TPR": [1.0, 0.9375], "TPR whole": 0.95, "TPR ratio": 1.0666666666666667, "FPR": [0.004081632653061225, 0.0010869565217391304], "FPR whole": 0.002631578947368421, "FPR ratio": 3.7551020408163267, "PPR": [0.8333333333333334, 0.9868421052631579], "PPR whole": 0.95, "PPR ratio": 0.8444444444444446}, "0.01-0.2": {"roc": 0.9981578947368421, "flag_rate": [0.026, 0.074], "flag_rate_ratio": 0.35135135135135137, "TPR": [1.0, 0.9], "TPR whole": 0.92, "TPR ratio": 1.1111111111111112, "FPR": [0.006122448979591836, 0.002173913043478261], "FPR whole": 0.004210526315789474, "FPR ratio": 2.816326530612245, "PPR": [0.7692307692307693, 0.972972972972973], "PPR whole": 0.92, "PPR ratio": 0.7905982905982906}, "0.01-0.5": {"roc": 0.9972684210526316, "flag_rate": [0.028, 0.072], "flag_rate_ratio": 0.38888888888888895, "TPR": [1.0, 0.875], "TPR whole": 0.9, "TPR ratio": 1.1428571428571428, "FPR": [0.00816326530612245, 0.002173913043478261], "FPR whole": 0.005263157894736842, "FPR ratio": 3.7551020408163267, "PPR": [0.7142857142857143, 0.9722222222222222], "PPR whole": 0.9, "PPR ratio": 0.7346938775510204}, "0.01-0.8": {"roc": 0.9987736842105264, "flag_rate": [0.026, 0.074], "flag_rate_ratio": 0.35135135135135137, "TPR": [1.0, 0.9], "TPR whole": 0.92, "TPR ratio": 1.1111111111111112, "FPR": [0.006122448979591836, 0.002173913043478261], "FPR whole": 0.004210526315789474, "FPR ratio": 2.816326530612245, "PPR": [0.7692307692307693, 0.972972972972973], "PPR whole": 0.92, "PPR ratio": 0.7905982905982906}, "0.05-0.01": {"roc": 0.9995578947368421, "flag_rate": [0.024, 0.076], "flag_rate_ratio": 0.31578947368421056, "TPR": [1.0, 0.9375], "TPR whole": 0.95, "TPR ratio": 1.0666666666666667, "FPR": [0.004081632653061225, 0.0010869565217391304], "FPR whole": 0.002631578947368421, "FPR ratio": 3.7551020408163267, "PPR": [0.8333333333333334, 0.9868421052631579], "PPR whole": 0.95, "PPR ratio": 0.8444444444444446}, "0.05-0.2": {"roc": 0.9984526315789474, "flag_rate": [0.026, 0.074], "flag_rate_ratio": 0.35135135135135137, "TPR": [1.0, 0.9], "TPR whole": 0.92, "TPR ratio": 1.1111111111111112, "FPR": [0.006122448979591836, 0.002173913043478261], "FPR whole": 0.004210526315789474, "FPR ratio": 2.816326530612245, "PPR": [0.7692307692307693, 0.972972972972973], "PPR whole": 0.92, "PPR ratio": 0.7905982905982906}, "0.05-0.5": {"roc": 0.9984578947368421, "flag_rate": [0.027, 0.073], "flag_rate_ratio": 0.36986301369863017, "TPR": [1.0, 0.8875], "TPR whole": 0.91, "TPR ratio": 1.1267605633802817, "FPR": [0.007142857142857143, 0.002173913043478261], "FPR whole": 0.004736842105263158, "FPR ratio": 3.2857142857142856, "PPR": [0.7407407407407407, 0.9726027397260274], "PPR whole": 0.91, "PPR ratio": 0.7616066770996348}, "0.05-0.8": {"roc": 0.9983947368421053, "flag_rate": [0.026, 0.074], "flag_rate_ratio": 0.35135135135135137, "TPR": [1.0, 0.9], "TPR whole": 0.92, "TPR ratio": 1.1111111111111112, "FPR": [0.006122448979591836, 0.002173913043478261], "FPR whole": 0.004210526315789474, "FPR ratio": 2.816326530612245, "PPR": [0.7692307692307693, 0.972972972972973], "PPR whole": 0.92, "PPR ratio": 0.7905982905982906}, "0.2-0.01": {"roc": 0.999257894736842, "flag_rate": [0.024, 0.076], "flag_rate_ratio": 0.31578947368421056, "TPR": [1.0, 0.925], "TPR whole": 0.94, "TPR ratio": 1.081081081081081, "FPR": [0.004081632653061225, 0.002173913043478261], "FPR whole": 0.003157894736842105, "FPR ratio": 1.8775510204081634, "PPR": [0.8333333333333334, 0.9736842105263158], "PPR whole": 0.94, "PPR ratio": 0.8558558558558559}, "0.2-0.2": {"roc": 0.9984894736842105, "flag_rate": [0.026, 0.074], "flag_rate_ratio": 0.35135135135135137, "TPR": [1.0, 0.9], "TPR whole": 0.92, "TPR ratio": 1.1111111111111112, "FPR": [0.006122448979591836, 0.002173913043478261], "FPR whole": 0.004210526315789474, "FPR ratio": 2.816326530612245, "PPR": [0.7692307692307693, 0.972972972972973], "PPR whole": 0.92, "PPR ratio": 0.7905982905982906}, "0.2-0.5": {"roc": 0.9990578947368421, "flag_rate": [0.025, 0.075], "flag_rate_ratio": 0.33333333333333337, "TPR": [1.0, 0.9125], "TPR whole": 0.93, "TPR ratio": 1.095890410958904, "FPR": [0.00510204081632653, 0.002173913043478261], "FPR whole": 0.0036842105263157894, "FPR ratio": 2.346938775510204, "PPR": [0.8, 0.9733333333333334], "PPR whole": 0.93, "PPR ratio": 0.821917808219178}, "0.2-0.8": {"roc": 0.9988842105263158, "flag_rate": [0.026, 0.074], "flag_rate_ratio": 0.35135135135135137, "TPR": [1.0, 0.9125], "TPR whole": 0.93, "TPR ratio": 1.095890410958904, "FPR": [0.006122448979591836, 0.0010869565217391304], "FPR whole": 0.0036842105263157894, "FPR ratio": 5.63265306122449, "PPR": [0.7692307692307693, 0.9864864864864865], "PPR whole": 0.93, "PPR ratio": 0.779768177028451}, "0.5-0.01": {"roc": 0.9989947368421053, "flag_rate": [0.024, 0.076], "flag_rate_ratio": 0.31578947368421056, "TPR": [1.0, 0.925], "TPR whole": 0.94, "TPR ratio": 1.081081081081081, "FPR": [0.004081632653061225, 0.002173913043478261], "FPR whole": 0.003157894736842105, "FPR ratio": 1.8775510204081634, "PPR": [0.8333333333333334, 0.9736842105263158], "PPR whole": 0.94, "PPR ratio": 0.8558558558558559}, "0.5-0.2": {"roc": 0.9989842105263158, "flag_rate": [0.026, 0.074], "flag_rate_ratio": 0.35135135135135137, "TPR": [1.0, 0.9125], "TPR whole": 0.93, "TPR ratio": 1.095890410958904, "FPR": [0.006122448979591836, 0.0010869565217391304], "FPR whole": 0.0036842105263157894, "FPR ratio": 5.63265306122449, "PPR": [0.7692307692307693, 0.9864864864864865], "PPR whole": 0.93, "PPR ratio": 0.779768177028451}, "0.5-0.5": {"roc": 0.9985736842105264, "flag_rate": [0.026, 0.074], "flag_rate_ratio": 0.35135135135135137, "TPR": [1.0, 0.9], "TPR whole": 0.92, "TPR ratio": 1.1111111111111112, "FPR": [0.006122448979591836, 0.002173913043478261], "FPR whole": 0.004210526315789474, "FPR ratio": 2.816326530612245, "PPR": [0.7692307692307693, 0.972972972972973], "PPR whole": 0.92, "PPR ratio": 0.7905982905982906}, "0.5-0.8": {"roc": 0.9968421052631579, "flag_rate": [0.029, 0.071], "flag_rate_ratio": 0.4084507042253522, "TPR": [1.0, 0.85], "TPR whole": 0.88, "TPR ratio": 1.1764705882352942, "FPR": [0.009183673469387756, 0.003260869565217391], "FPR whole": 0.00631578947368421, "FPR ratio": 2.8163265306122454, "PPR": [0.6896551724137931, 0.9577464788732394], "PPR whole": 0.88, "PPR ratio": 0.720081135902637}, "0.8-0.01": {"roc": 0.9985105263157894, "flag_rate": [0.026, 0.074], "flag_rate_ratio": 0.35135135135135137, "TPR": [1.0, 0.9], "TPR whole": 0.92, "TPR ratio": 1.1111111111111112, "FPR": [0.006122448979591836, 0.002173913043478261], "FPR whole": 0.004210526315789474, "FPR ratio": 2.816326530612245, "PPR": [0.7692307692307693, 0.972972972972973], "PPR whole": 0.92, "PPR ratio": 0.7905982905982906}, "0.8-0.2": {"roc": 0.9979736842105263, "flag_rate": [0.027, 0.073], "flag_rate_ratio": 0.36986301369863017, "TPR": [1.0, 0.875], "TPR whole": 0.9, "TPR ratio": 1.1428571428571428, "FPR": [0.007142857142857143, 0.003260869565217391], "FPR whole": 0.005263157894736842, "FPR ratio": 2.1904761904761907, "PPR": [0.7407407407407407, 0.958904109589041], "PPR whole": 0.9, "PPR ratio": 0.7724867724867724}, "0.8-0.5": {"roc": 0.9984210526315789, "flag_rate": [0.027, 0.073], "flag_rate_ratio": 0.36986301369863017, "TPR": [1.0, 0.8875], "TPR whole": 0.91, "TPR ratio": 1.1267605633802817, "FPR": [0.007142857142857143, 0.002173913043478261], "FPR whole": 0.004736842105263158, "FPR ratio": 3.2857142857142856, "PPR": [0.7407407407407407, 0.9726027397260274], "PPR whole": 0.91, "PPR ratio": 0.7616066770996348}, "0.8-0.8": {"roc": 0.9978105263157895, "flag_rate": [0.027, 0.073], "flag_rate_ratio": 0.36986301369863017, "TPR": [1.0, 0.875], "TPR whole": 0.9, "TPR ratio": 1.1428571428571428, "FPR": [0.007142857142857143, 0.003260869565217391], "FPR whole": 0.005263157894736842, "FPR ratio": 2.1904761904761907, "PPR": [0.7407407407407407, 0.958904109589041],