{"0.01-0.01": {"roc": 0.9960263157894736, "flag_rate": [0.04, 0.06], "flag_rate_ratio": 0.6666666666666667, "TPR": [0.9393939393939394, 0.8059701492537313], "TPR whole": 0.85, "TPR ratio": 1.1655443322109988, "FPR": [0.009307135470527405, 0.006430868167202572], "FPR whole": 0.007894736842105263, "FPR ratio": 1.4472595656670115, "PPR": [0.775, 0.9], "PPR whole": 0.85, "PPR ratio": 0.8611111111111112}, "0.01-0.2": {"roc": 0.9958947368421053, "flag_rate": [0.04, 0.06], "flag_rate_ratio": 0.6666666666666667, "TPR": [0.9393939393939394, 0.8208955223880597], "TPR whole": 0.86, "TPR ratio": 1.1443526170798899, "FPR": [0.009307135470527405, 0.0053590568060021436], "FPR whole": 0.007368421052631579, "FPR ratio": 1.7367114788004137, "PPR": [0.775, 0.9166666666666666], "PPR whole": 0.86, "PPR ratio": 0.8454545454545455}, "0.01-0.5": {"roc": 0.9947999999999999, "flag_rate": [0.04, 0.06], "flag_rate_ratio": 0.6666666666666667, "TPR": [0.9090909090909091, 0.8059701492537313], "TPR whole": 0.84, "TPR ratio": 1.1279461279461278, "FPR": [0.010341261633919338, 0.006430868167202572], "FPR whole": 0.008421052631578947, "FPR ratio": 1.608066184074457, "PPR": [0.75, 0.9], "PPR whole": 0.84, "PPR ratio": 0.8333333333333333}, "0.01-0.8": {"roc": 0.9961210526315789, "flag_rate": [0.038, 0.062], "flag_rate_ratio": 0.6129032258064516, "TPR": [0.9090909090909091, 0.8507462686567164], "TPR whole": 0.87, "TPR ratio": 1.0685805422647527, "FPR": [0.008273009307135471, 0.0053590568060021436], "FPR whole": 0.006842105263157895, "FPR ratio": 1.543743536711479, "PPR": [0.7894736842105263, 0.9193548387096774], "PPR whole": 0.87, "PPR ratio": 0.8587257617728532}, "0.05-0.01": {"roc": 0.9952526315789474, "flag_rate": [0.041, 0.059], "flag_rate_ratio": 0.6949152542372882, "TPR": [0.9393939393939394, 0.7910447761194029], "TPR whole": 0.84, "TPR ratio": 1.1875357347055462, "FPR": [0.010341261633919338, 0.006430868167202572], "FPR whole": 0.008421052631578947, "FPR ratio": 1.608066184074457, "PPR": [0.7560975609756098, 0.8983050847457628], "PPR whole": 0.84, "PPR ratio": 0.8416935112747354}, "0.05-0.2": {"roc": 0.9952263157894737, "flag_rate": [0.04, 0.06], "flag_rate_ratio": 0.6666666666666667, "TPR": [0.9090909090909091, 0.8059701492537313], "TPR whole": 0.84, "TPR ratio": 1.1279461279461278, "FPR": [0.010341261633919338, 0.006430868167202572], "FPR whole": 0.008421052631578947, "FPR ratio": 1.608066184074457, "PPR": [0.75, 0.9], "PPR whole": 0.84, "PPR ratio": 0.8333333333333333}, "0.05-0.5": {"roc": 0.9951263157894737, "flag_rate": [0.041, 0.059], "flag_rate_ratio": 0.6949152542372882, "TPR": [0.9090909090909091, 0.7910447761194029], "TPR whole": 0.83, "TPR ratio": 1.1492281303602059, "FPR": [0.011375387797311272, 0.006430868167202572], "FPR whole": 0.008947368421052631, "FPR ratio": 1.7688728024819027, "PPR": [0.7317073170731707, 0.8983050847457628], "PPR whole": 0.83, "PPR ratio": 0.8145421076852277}, "0.05-0.8": {"roc": 0.9935105263157895, "flag_rate": [0.036, 0.064], "flag_rate_ratio": 0.5625, "TPR": [0.7878787878787878, 0.8507462686567164], "TPR whole": 0.83, "TPR ratio": 0.9261031366294523, "FPR": [0.010341261633919338, 0.007502679528403001], "FPR whole": 0.008947368421052631, "FPR ratio": 1.3783424434923919, "PPR": [0.7222222222222222, 0.890625], "PPR whole": 0.83, "PPR ratio": 0.8109161793372319}, "0.2-0.01": {"roc": 0.9958631578947368, "flag_rate": [0.042, 0.058], "flag_rate_ratio": 0.7241379310344828, "TPR": [0.9696969696969697, 0.8059701492537313], "TPR whole": 0.86, "TPR ratio": 1.2031425364758699, "FPR": [0.010341261633919338, 0.004287245444801715], "FPR whole": 0.007368421052631579, "FPR ratio": 2.4120992761116855, "PPR": [0.7619047619047619, 0.9310344827586207], "PPR whole": 0.86, "PPR ratio": 0.818342151675485}, "0.2-0.2": {"roc": 0.9959157894736842, "flag_rate": [0.038, 0.062], "flag_rate_ratio": 0.6129032258064516, "TPR": [0.9090909090909091, 0.835820895522388], "TPR whole": 0.86, "TPR ratio": 1.0876623376623378, "FPR": [0.008273009307135471, 0.006430868167202572], "FPR whole": 0.007368421052631579, "FPR ratio": 1.2864529472595658, "PPR": [0.7894736842105263, 0.9032258064516129], "PPR whole": 0.86, "PPR ratio": 0.8740601503759399}, "0.2-0.5": {"roc": 0.9955947368421052, "flag_rate": [0.039, 0.061], "flag_rate_ratio": 0.639344262295082, "TPR": [0.8787878787878788, 0.835820895522388], "TPR whole": 0.85, "TPR ratio": 1.0514069264069263, "FPR": [0.010341261633919338, 0.0053590568060021436], "FPR whole": 0.007894736842105263, "FPR ratio": 1.9296794208893484, "PPR": [0.7435897435897436, 0.9180327868852459], "PPR whole": 0.85, "PPR ratio": 0.809981684981685}, "0.2-0.8": {"roc": 0.995942105263158, "flag_rate": [0.037, 0.063], "flag_rate_ratio": 0.5873015873015872, "TPR": [0.8484848484848485, 0.8507462686567164], "TPR whole": 0.85, "TPR ratio": 0.9973418394471026, "FPR": [0.009307135470527405, 0.006430868167202572], "FPR whole": 0.007894736842105263, "FPR ratio": 1.4472595656670115, "PPR": [0.7567567567567568, 0.9047619047619048], "PPR whole": 0.85, "PPR ratio": 0.8364153627311522}, "0.5-0.01": {"roc": 0.9959473684210527, "flag_rate": [0.041, 0.059], "flag_rate_ratio": 0.6949152542372882, "TPR": [0.9393939393939394, 0.8059701492537313], "TPR whole": 0.85, "TPR ratio": 1.1655443322109988, "FPR": [0.010341261633919338, 0.0053590568060021436], "FPR whole": 0.007894736842105263, "FPR ratio": 1.9296794208893484, "PPR": [0.7560975609756098, 0.9152542372881356], "PPR whole": 0.85, "PPR ratio": 0.8261065943992774}, "0.5-0.2": {"roc": 0.9957947368421053, "flag_rate": [0.037, 0.063], "flag_rate_ratio": 0.5873015873015872, "TPR": [0.8787878787878788, 0.8507462686567164], "TPR whole": 0.86, "TPR ratio": 1.0329611908559277, "FPR": [0.008273009307135471, 0.006430868167202572], "FPR whole": 0.007368421052631579, "FPR ratio": 1.2864529472595658, "PPR": [0.7837837837837838, 0.9047619047619048], "PPR whole": 0.86, "PPR ratio": 0.8662873399715505}, "0.5-0.5": {"roc": 0.9956894736842106, "flag_rate": [0.039, 0.061], "flag_rate_ratio": 0.639344262295082, "TPR": [0.8787878787878788, 0.8208955223880597], "TPR whole": 0.84, "TPR ratio": 1.0705234159779613, "FPR": [0.010341261633919338, 0.006430868167202572], "FPR whole": 0.008421052631578947, "FPR ratio": 1.608066184074457, "PPR": [0.7435897435897436, 0.9016393442622951], "PPR whole": 0.84, "PPR ratio": 0.8247086247086247}, "0.5-0.8": {"roc": 0.995621052631579, "flag_rate": [0.038, 0.062], "flag_rate_ratio": 0.6129032258064516, "TPR": [0.8484848484848485, 0.8507462686567164], "TPR whole": 0.85, "TPR ratio": 0.9973418394471026, "FPR": [0.010341261633919338, 0.0053590568060021436], "FPR whole": 0.007894736842105263, "FPR ratio": 1.9296794208893484, "PPR": [0.7368421052631579, 0.9193548387096774], "PPR whole": 0.85, "PPR ratio": 0.801477377654663}, "0.8-0.01": {"roc": 0.995621052631579, "flag_rate": [0.04, 0.06], "flag_rate_ratio": 0.6666666666666667, "TPR": [0.9393939393939394, 0.8059701492537313], "TPR whole": 0.85, "TPR ratio": 1.1655443322109988, "FPR": [0.009307135470527405, 0.006430868167202572], "FPR whole": 0.007894736842105263, "FPR ratio": 1.4472595656670115, "PPR": [0.775, 0.9], "PPR whole": 0.85, "PPR ratio": 0.8611111111111112}, "0.8-0.2": {"roc": 0.9944368421052632, "flag_rate": [0.04, 0.06], "flag_rate_ratio": 0.6666666666666667, "TPR": [0.9090909090909091, 0.8059701492537313], "TPR whole": 0.84, "TPR ratio": 1.1279461279461278, "FPR": [0.010341261633919338, 0.006430868167202572], "FPR whole": 0.008421052631578947, "FPR ratio": 1.608066184074457, "PPR": [0.75, 0.9], "PPR whole": 0.84, "PPR ratio": 0.8333333333333333}, "0.8-0.5": {"roc": 0.9943684210526316, "flag_rate": [0.036, 0.064], "flag_rate_ratio": 0.5625, "TPR": [0.7878787878787878, 0.8656716417910447], "TPR whole": 0.84, "TPR ratio": 0.910135841170324, "FPR": [0.010341261633919338, 0.006430868167202572], "FPR whole": 0.008421052631578947, "FPR ratio": 1.608066184074457, "PPR": [0.7222222222222222, 0.90625], "PPR whole": 0.84, "PPR ratio": 0.7969348659003831},