{"0.01-0.01": {"roc": 0.9940263157894736, "flag_rate": [0.055, 0.045], "flag_rate_ratio": 1.2222222222222223, "TPR": [0.9, 0.8], "TPR whole": 0.85, "TPR ratio": 1.125, "FPR": [0.010526315789473684, 0.005263157894736842], "FPR whole": 0.007894736842105263, "FPR ratio": 2.0, "PPR": [0.8181818181818182, 0.8888888888888888], "PPR whole": 0.85, "PPR ratio": 0.9204545454545455}, "0.01-0.2": {"roc": 0.9963894736842105, "flag_rate": [0.054, 0.046], "flag_rate_ratio": 1.173913043478261, "TPR": [0.92, 0.86], "TPR whole": 0.89, "TPR ratio": 1.0697674418604652, "FPR": [0.008421052631578947, 0.003157894736842105], "FPR whole": 0.005789473684210527, "FPR ratio": 2.6666666666666665, "PPR": [0.8518518518518519, 0.9347826086956522], "PPR whole": 0.89, "PPR ratio": 0.9112833763996554}, "0.01-0.5": {"roc": 0.9961684210526316, "flag_rate": [0.052, 0.048], "flag_rate_ratio": 1.0833333333333333, "TPR": [0.88, 0.92], "TPR whole": 0.9, "TPR ratio": 0.9565217391304347, "FPR": [0.008421052631578947, 0.002105263157894737], "FPR whole": 0.005263157894736842, "FPR ratio": 4.0, "PPR": [0.8461538461538461, 0.9583333333333334], "PPR whole": 0.9, "PPR ratio": 0.882943143812709}, "0.01-0.8": {"roc": 0.9945315789473683, "flag_rate": [0.053, 0.047], "flag_rate_ratio": 1.127659574468085, "TPR": [0.88, 0.84], "TPR whole": 0.86, "TPR ratio": 1.0476190476190477, "FPR": [0.009473684210526316, 0.005263157894736842], "FPR whole": 0.007368421052631579, "FPR ratio": 1.8000000000000003, "PPR": [0.8301886792452831, 0.8936170212765957], "PPR whole": 0.86, "PPR ratio": 0.9290206648697216}, "0.05-0.01": {"roc": 0.9965578947368421, "flag_rate": [0.051, 0.049], "flag_rate_ratio": 1.040816326530612, "TPR": [0.88, 0.92], "TPR whole": 0.9, "TPR ratio": 0.9565217391304347, "FPR": [0.007368421052631579, 0.003157894736842105], "FPR whole": 0.005263157894736842, "FPR ratio": 2.3333333333333335, "PPR": [0.8627450980392157, 0.9387755102040817], "PPR whole": 0.9, "PPR ratio": 0.9190110826939472}, "0.05-0.2": {"roc": 0.9954578947368421, "flag_rate": [0.053, 0.047], "flag_rate_ratio": 1.127659574468085, "TPR": [0.88, 0.88], "TPR whole": 0.88, "TPR ratio": 1.0, "FPR": [0.009473684210526316, 0.003157894736842105], "FPR whole": 0.00631578947368421, "FPR ratio": 3.0000000000000004, "PPR": [0.8301886792452831, 0.9361702127659575], "PPR whole": 0.88, "PPR ratio": 0.8867924528301887}, "0.05-0.5": {"roc": 0.9956, "flag_rate": [0.055, 0.045], "flag_rate_ratio": 1.2222222222222223, "TPR": [0.92, 0.82], "TPR whole": 0.87, "TPR ratio": 1.1219512195121952, "FPR": [0.009473684210526316, 0.004210526315789474], "FPR whole": 0.006842105263157895, "FPR ratio": 2.25, "PPR": [0.8363636363636363, 0.9111111111111111], "PPR whole": 0.87, "PPR ratio": 0.917960088691796}, "0.05-0.8": {"roc": 0.9963473684210526, "flag_rate": [0.054, 0.046], "flag_rate_ratio": 1.173913043478261, "TPR": [0.9, 0.88], "TPR whole": 0.89, "TPR ratio": 1.0227272727272727, "FPR": [0.009473684210526316, 0.002105263157894737], "FPR whole": 0.005789473684210527, "FPR ratio": 4.5, "PPR": [0.8333333333333334, 0.9565217391304348], "PPR whole": 0.89, "PPR ratio": 0.8712121212121212}, "0.2-0.01": {"roc": 0.9951315789473685, "flag_rate": [0.053, 0.047], "flag_rate_ratio": 1.127659574468085, "TPR": [0.86, 0.86], "TPR whole": 0.86, "TPR ratio": 1.0, "FPR": [0.010526315789473684, 0.004210526315789474], "FPR whole": 0.007368421052631579, "FPR ratio": 2.5, "PPR": [0.8113207547169812, 0.9148936170212766], "PPR whole": 0.86, "PPR ratio": 0.8867924528301887}, "0.2-0.2": {"roc": 0.9968157894736841, "flag_rate": [0.054, 0.046], "flag_rate_ratio": 1.173913043478261, "TPR": [0.9, 0.86], "TPR whole": 0.88, "TPR ratio": 1.0465116279069768, "FPR": [0.009473684210526316, 0.003157894736842105], "FPR whole": 0.00631578947368421, "FPR ratio": 3.0000000000000004, "PPR": [0.8333333333333334, 0.9347826086956522], "PPR whole": 0.88, "PPR ratio": 0.8914728682170543}, "0.2-0.5": {"roc": 0.9958157894736842, "flag_rate": [0.054, 0.046], "flag_rate_ratio": 1.173913043478261, "TPR": [0.9, 0.86], "TPR whole": 0.88, "TPR ratio": 1.0465116279069768, "FPR": [0.009473684210526316, 0.003157894736842105], "FPR whole": 0.00631578947368421, "FPR ratio": 3.0000000000000004, "PPR": [0.8333333333333334, 0.9347826086956522], "PPR whole": 0.88, "PPR ratio": 0.8914728682170543}, "0.2-0.8": {"roc": 0.9936947368421053, "flag_rate": [0.053, 0.047], "flag_rate_ratio": 1.127659574468085, "TPR": [0.88, 0.82], "TPR whole": 0.85, "TPR ratio": 1.0731707317073171, "FPR": [0.009473684210526316, 0.00631578947368421], "FPR whole": 0.007894736842105263, "FPR ratio": 1.5000000000000002, "PPR": [0.8301886792452831, 0.8723404255319149], "PPR whole": 0.85, "PPR ratio": 0.9516797054763001}, "0.5-0.01": {"roc": 0.9952368421052632, "flag_rate": [0.051, 0.049], "flag_rate_ratio": 1.040816326530612, "TPR": [0.86, 0.88], "TPR whole": 0.87, "TPR ratio": 0.9772727272727273, "FPR": [0.008421052631578947, 0.005263157894736842], "FPR whole": 0.006842105263157895, "FPR ratio": 1.6, "PPR": [0.8431372549019608, 0.8979591836734694], "PPR whole": 0.87, "PPR ratio": 0.9389483065953654}, "0.5-0.2": {"roc": 0.9957157894736842, "flag_rate": [0.054, 0.046], "flag_rate_ratio": 1.173913043478261, "TPR": [0.9, 0.82], "TPR whole": 0.86, "TPR ratio": 1.0975609756097562, "FPR": [0.009473684210526316, 0.005263157894736842], "FPR whole": 0.007368421052631579, "FPR ratio": 1.8000000000000003, "PPR": [0.8333333333333334, 0.8913043478260869], "PPR whole": 0.86, "PPR ratio": 0.934959349593496}, "0.5-0.5": {"roc": 0.9960578947368421, "flag_rate": [0.054, 0.046], "flag_rate_ratio": 1.173913043478261, "TPR": [0.92, 0.86], "TPR whole": 0.89, "TPR ratio": 1.0697674418604652, "FPR": [0.008421052631578947, 0.003157894736842105], "FPR whole": 0.005789473684210527, "FPR ratio": 2.6666666666666665, "PPR": [0.8518518518518519, 0.9347826086956522], "PPR whole": 0.89, "PPR ratio": 0.9112833763996554}, "0.5-0.8": {"roc": 0.9968526315789473, "flag_rate": [0.053, 0.047], "flag_rate_ratio": 1.127659574468085, "TPR": [0.9, 0.9], "TPR whole": 0.9, "TPR ratio": 1.0, "FPR": [0.008421052631578947, 0.002105263157894737], "FPR whole": 0.005263157894736842, "FPR ratio": 4.0, "PPR": [0.8490566037735849, 0.9574468085106383], "PPR whole": 0.9, "PPR ratio": 0.8867924528301887}, "0.8-0.01": {"roc": 0.9963894736842105, "flag_rate": [0.054, 0.046], "flag_rate_ratio": 1.173913043478261, "TPR": [0.92, 0.86], "TPR whole": 0.89, "TPR ratio": 1.0697674418604652, "FPR": [0.008421052631578947, 0.003157894736842105], "FPR whole": 0.005789473684210527, "FPR ratio": 2.6666666666666665, "PPR": [0.8518518518518519, 0.9347826086956522], "PPR whole": 0.89, "PPR ratio": 0.9112833763996554}, "0.8-0.2": {"roc": 0.9958210526315789, "flag_rate": [0.053, 0.047], "flag_rate_ratio": 1.127659574468085, "TPR": [0.9, 0.88], "TPR whole": 0.89, "TPR ratio": 1.0227272727272727, "FPR": [0.008421052631578947, 0.003157894736842105], "FPR whole": 0.005789473684210527, "FPR ratio": 2.6666666666666665, "PPR": [0.8490566037735849, 0.9361702127659575], "PPR whole": 0.89, "PPR ratio": 0.9069468267581475}, "0.8-0.5": {"roc": 0.9953947368421052, "flag_rate": [0.054, 0.046], "flag_rate_ratio": 1.173913043478261, "TPR": [0.9, 0.86], "TPR whole": 0.88, "TPR ratio": 1.0465116279069768, "FPR": [0.009473684210526316, 0.003157894736842105], "FPR whole": 0.00631578947368421, "FPR ratio": 3.0000000000000004, "PPR": [0.8333333333333334, 0.9347826086956522], "PPR whole": 0.88, "PPR ratio": 0.8914728682170543}, "0.8-0.8": {"roc": 0.9960736842105262, "flag_rate": [0.054, 0.046], "flag_rate_ratio": 1.173913043478261, "TPR": [0.92, 0.84], "TPR whole": 0.88, "TPR ratio": 1.0952380952380953, "FPR": [0.008421052631578947, 0.004210526315789474], "FPR whole": 0.00631578947368421, "FPR ratio": 2.0, "PPR": [0.8518518518518519, 0.9130434782608695], "PPR whole": 0.88, "PPR ratio": 0.9329805996472664}}