{"0.01-0.01": {"roc": 0.9952315789473684, "flag_rate": [0.035, 0.065], "flag_rate_ratio": 0.5384615384615385, "TPR": [0.96, 0.7866666666666666], "TPR whole": 0.83, "TPR ratio": 1.2203389830508475, "FPR": [0.011282051282051283, 0.006486486486486486], "FPR whole": 0.008947368421052631, "FPR ratio": 1.7393162393162396, "PPR": [0.6857142857142857, 0.9076923076923077], "PPR whole": 0.83, "PPR ratio": 0.7554479418886199}, "0.01-0.2": {"roc": 0.9961368421052632, "flag_rate": [0.033, 0.067], "flag_rate_ratio": 0.4925373134328358, "TPR": [0.96, 0.8133333333333334], "TPR whole": 0.85, "TPR ratio": 1.180327868852459, "FPR": [0.009230769230769232, 0.006486486486486486], "FPR whole": 0.007894736842105263, "FPR ratio": 1.4230769230769234, "PPR": [0.7272727272727273, 0.9104477611940298], "PPR whole": 0.85, "PPR ratio": 0.7988077496274218}, "0.01-0.5": {"roc": 0.9946263157894737, "flag_rate": [0.033, 0.067], "flag_rate_ratio": 0.4925373134328358, "TPR": [0.88, 0.8133333333333334], "TPR whole": 0.83, "TPR ratio": 1.081967213114754, "FPR": [0.011282051282051283, 0.006486486486486486], "FPR whole": 0.008947368421052631, "FPR ratio": 1.7393162393162396, "PPR": [0.6666666666666666, 0.9104477611940298], "PPR whole": 0.83, "PPR ratio": 0.73224043715847}, "0.01-0.8": {"roc": 0.9954052631578947, "flag_rate": [0.035, 0.065], "flag_rate_ratio": 0.5384615384615385, "TPR": [0.96, 0.8133333333333334], "TPR whole": 0.85, "TPR ratio": 1.180327868852459, "FPR": [0.011282051282051283, 0.004324324324324324], "FPR whole": 0.007894736842105263, "FPR ratio": 2.608974358974359, "PPR": [0.6857142857142857, 0.9384615384615385], "PPR whole": 0.85, "PPR ratio": 0.7306791569086651}, "0.05-0.01": {"roc": 0.9950157894736842, "flag_rate": [0.036, 0.064], "flag_rate_ratio": 0.5625, "TPR": [0.96, 0.7866666666666666], "TPR whole": 0.83, "TPR ratio": 1.2203389830508475, "FPR": [0.012307692307692308, 0.005405405405405406], "FPR whole": 0.008947368421052631, "FPR ratio": 2.276923076923077, "PPR": [0.6666666666666666, 0.921875], "PPR whole": 0.83, "PPR ratio": 0.7231638418079096}, "0.05-0.2": {"roc": 0.9956315789473684, "flag_rate": [0.034, 0.066], "flag_rate_ratio": 0.5151515151515151, "TPR": [0.96, 0.8133333333333334], "TPR whole": 0.85, "TPR ratio": 1.180327868852459, "FPR": [0.010256410256410256, 0.005405405405405406], "FPR whole": 0.007894736842105263, "FPR ratio": 1.8974358974358974, "PPR": [0.7058823529411765, 0.9242424242424242], "PPR whole": 0.85, "PPR ratio": 0.7637415621986501}, "0.05-0.5": {"roc": 0.9957894736842106, "flag_rate": [0.033, 0.067], "flag_rate_ratio": 0.4925373134328358, "TPR": [0.96, 0.8133333333333334], "TPR whole": 0.85, "TPR ratio": 1.180327868852459, "FPR": [0.009230769230769232, 0.006486486486486486], "FPR whole": 0.007894736842105263, "FPR ratio": 1.4230769230769234, "PPR": [0.7272727272727273, 0.9104477611940298], "PPR whole": 0.85, "PPR ratio": 0.7988077496274218}, "0.05-0.8": {"roc": 0.9964263157894737, "flag_rate": [0.032, 0.068], "flag_rate_ratio": 0.47058823529411764, "TPR": [0.96, 0.84], "TPR whole": 0.87, "TPR ratio": 1.1428571428571428, "FPR": [0.008205128205128205, 0.005405405405405406], "FPR whole": 0.006842105263157895, "FPR ratio": 1.5179487179487179, "PPR": [0.75, 0.9264705882352942], "PPR whole": 0.87, "PPR ratio": 0.8095238095238095}, "0.2-0.01": {"roc": 0.997042105263158, "flag_rate": [0.034, 0.066], "flag_rate_ratio": 0.5151515151515151, "TPR": [0.96, 0.84], "TPR whole": 0.87, "TPR ratio": 1.1428571428571428, "FPR": [0.010256410256410256, 0.003243243243243243], "FPR whole": 0.006842105263157895, "FPR ratio": 3.1623931623931627, "PPR": [0.7058823529411765, 0.9545454545454546], "PPR whole": 0.87, "PPR ratio": 0.7394957983193278}, "0.2-0.2": {"roc": 0.9954052631578948, "flag_rate": [0.032, 0.068], "flag_rate_ratio": 0.47058823529411764, "TPR": [0.96, 0.8266666666666667], "TPR whole": 0.86, "TPR ratio": 1.161290322580645, "FPR": [0.008205128205128205, 0.006486486486486486], "FPR whole": 0.007368421052631579, "FPR ratio": 1.2649572649572651, "PPR": [0.75, 0.9117647058823529], "PPR whole": 0.86, "PPR ratio": 0.8225806451612904}, "0.2-0.5": {"roc": 0.9959263157894737, "flag_rate": [0.034, 0.066], "flag_rate_ratio": 0.5151515151515151, "TPR": [0.96, 0.8], "TPR whole": 0.84, "TPR ratio": 1.2, "FPR": [0.010256410256410256, 0.006486486486486486], "FPR whole": 0.008421052631578947, "FPR ratio": 1.5811965811965814, "PPR": [0.7058823529411765, 0.9090909090909091], "PPR whole": 0.84, "PPR ratio": 0.7764705882352942}, "0.2-0.8": {"roc": 0.995721052631579, "flag_rate": [0.032, 0.068], "flag_rate_ratio": 0.47058823529411764, "TPR": [0.96, 0.8266666666666667], "TPR whole": 0.86, "TPR ratio": 1.161290322580645, "FPR": [0.008205128205128205, 0.006486486486486486], "FPR whole": 0.007368421052631579, "FPR ratio": 1.2649572649572651, "PPR": [0.75, 0.9117647058823529], "PPR whole": 0.86, "PPR ratio": 0.8225806451612904}, "0.5-0.01": {"roc": 0.9943578947368421, "flag_rate": [0.034, 0.066], "flag_rate_ratio": 0.5151515151515151, "TPR": [0.96, 0.7866666666666666], "TPR whole": 0.83, "TPR ratio": 1.2203389830508475, "FPR": [0.010256410256410256, 0.0075675675675675675], "FPR whole": 0.008947368421052631, "FPR ratio": 1.3553113553113554, "PPR": [0.7058823529411765, 0.8939393939393939], "PPR whole": 0.83, "PPR ratio": 0.7896311066799602}, "0.5-0.2": {"roc": 0.9964000000000001, "flag_rate": [0.035, 0.065], "flag_rate_ratio": 0.5384615384615385, "TPR": [0.96, 0.8133333333333334], "TPR whole": 0.85, "TPR ratio": 1.180327868852459, "FPR": [0.011282051282051283, 0.004324324324324324], "FPR whole": 0.007894736842105263, "FPR ratio": 2.608974358974359, "PPR": [0.6857142857142857, 0.9384615384615385], "PPR whole": 0.85, "PPR ratio": 0.7306791569086651}, "0.5-0.5": {"roc": 0.9959842105263157, "flag_rate": [0.032, 0.068], "flag_rate_ratio": 0.47058823529411764, "TPR": [0.96, 0.8266666666666667], "TPR whole": 0.86, "TPR ratio": 1.161290322580645, "FPR": [0.008205128205128205, 0.006486486486486486], "FPR whole": 0.007368421052631579, "FPR ratio": 1.2649572649572651, "PPR": [0.75, 0.9117647058823529], "PPR whole": 0.86, "PPR ratio": 0.8225806451612904}, "0.5-0.8": {"roc": 0.9963578947368421, "flag_rate": [0.033, 0.067], "flag_rate_ratio": 0.4925373134328358, "TPR": [0.96, 0.8266666666666667], "TPR whole": 0.86, "TPR ratio": 1.161290322580645, "FPR": [0.009230769230769232, 0.005405405405405406], "FPR whole": 0.007368421052631579, "FPR ratio": 1.7076923076923078, "PPR": [0.7272727272727273, 0.9253731343283582], "PPR whole": 0.86, "PPR ratio": 0.7859237536656891}, "0.8-0.01": {"roc": 0.9952736842105263, "flag_rate": [0.034, 0.066], "flag_rate_ratio": 0.5151515151515151, "TPR": [0.96, 0.8], "TPR whole": 0.84, "TPR ratio": 1.2, "FPR": [0.010256410256410256, 0.006486486486486486], "FPR whole": 0.008421052631578947, "FPR ratio": 1.5811965811965814, "PPR": [0.7058823529411765, 0.9090909090909091], "PPR whole": 0.84, "PPR ratio": 0.7764705882352942}, "0.8-0.2": {"roc": 0.9955894736842106, "flag_rate": [0.034, 0.066], "flag_rate_ratio": 0.5151515151515151, "TPR": [0.96, 0.8], "TPR whole": 0.84, "TPR ratio": 1.2, "FPR": [0.010256410256410256, 0.006486486486486486], "FPR whole": 0.008421052631578947, "FPR ratio": 1.5811965811965814, "PPR": [0.7058823529411765, 0.9090909090909091], "PPR whole": 0.84, "PPR ratio": 0.7764705882352942}, "0.8-0.5": {"roc": 0.9952210526315789, "flag_rate": [0.036, 0.064], "flag_rate_ratio": 0.5625, "TPR": [0.96, 0.8], "TPR whole": 0.84, "TPR ratio": 1.2, "FPR": [0.012307692307692308, 0.004324324324324324], "FPR whole": 0.008421052631578947, "FPR ratio": 2.8461538461538463, "PPR": [0.6666666666666666, 0.9375], "PPR whole": 0.84, "PPR ratio": 0.711111111111111}, "0.8-0.8": {"roc": 0.9964421052631578, "flag_rate": [0.033, 0.067], "flag_rate_ratio": 0.4925373134328358, "TPR": [0.96, 0.8266666666666667], "TPR whole": 0.86, "TPR ratio": 1.161290322580645, "FPR": [0.009230769230769232, 0.005405405405405406], "FPR whole": 0.007368421052631579, "FPR ratio": 1.7076923076923078,