{"alpha_list": [0.05, 0.05, 0.2, 0.05, 0.2, 0.05], "gamma_list": [0.01, 0.01, 0.01, 0.01, 0.01, 0.2], "auroc": [0.9813438888888888, 0.9563691666666667, 0.9618200000000001, 0.9645277777777779, 0.9470905555555555, 0.9496183333333335]}