{"Bias Type": "sample_size_bias", "Data Type": "cluster", "Algorithm method": "DeepAE", "Base Rate A": 0.1, "Base Rate B": 0.1, "Base Rate whole": 0.1, "Group A": "Type: Gaussian, Xc mean: 0 variance: 1", "Group B": "Type: Gaussian, Xc mean: 0 variance: 1", "Group A_anomaly": "Type: Gaussian, Xc mean: 3 variance: 1", "Group B_anomaly": "Type: Gaussian, Xc mean: 3 variance: 1", "parameter_0.01": {"parameter": 0.01, "Flag_rate_A": {"e0": 0.099, "e1": 0.097, "e2": 0.103, "e3": 0.093, "e4": 0.097}, "Recall_A": {"e0": 0.81, "e1": 0.83, "e2": 0.82, "e3": 0.81, "e4": 0.76}, "FPR_A": {"e0": 0.02, "e1": 0.015555555555555555, "e2": 0.023333333333333334, "e3": 0.013333333333333334, "e4": 0.023333333333333334}, "Precision_A": {"e0": 0.8181818181818182, "e1": 0.8556701030927835, "e2": 0.7961165048543689, "e3": 0.8709677419354839, "e4": 0.7835051546391752}, "Flag_rate_B": {"e0": 0.10202020202020202, "e1": 0.10404040404040404, "e2": 0.09797979797979799, "e3": 0.10808080808080808, "e4": 0.10404040404040404}, "Recall_B": {"e0": 0.78, "e1": 0.78, "e2": 0.75, "e3": 0.9, "e4": 0.78}, "FPR_B": {"e0": 0.025842696629213482, "e1": 0.028089887640449437, "e2": 0.024719101123595506, "e3": 0.019101123595505618, "e4": 0.028089887640449437}, "Precision_B": {"e0": 0.7722772277227723, "e1": 0.7572815533980582, "e2": 0.7731958762886598, "e3": 0.8411214953271028, "e4": 0.7572815533980582}, "Recall_overall": {"e0": 0.795, "e1": 0.805, "e2": 0.785, "e3": 0.855, "e4": 0.77}, "FPR_ovrall": {"e0": 0.022905027932960894, "e1": 0.021787709497206705, "e2": 0.024022346368715083, "e3": 0.016201117318435754, "e4": 0.02569832402234637}, "Precision_overall": {"e0": 0.795, "e1": 0.805, "e2": 0.785, "e3": 0.855, "e4": 0.77}, "Flag_rate_ratio": {"e0": 0.9703960396039604, "e1": 0.9323300970873787, "e2": 1.0512371134020617, "e3": 0.8604672897196262, "e4": 0.9323300970873787}, "TPR_ratio": {"e0": 1.0384615384615385, "e1": 1.064102564102564, "e2": 1.0933333333333333, "e3": 0.9, "e4": 0.9743589743589743}, "FPR_ratio": {"e0": 0.773913043478261, "e1": 0.5537777777777778, "e2": 0.943939393939394, "e3": 0.6980392156862746, "e4": 0.8306666666666668}, "PPR_ratio": {"e0": 1.0594405594405594, "e1": 1.1299233412635474, "e2": 1.0296440129449838, "e3": 1.0354838709677419, "e4": 1.034628601638911}, "auroc": {"e0": 0.9812430167597765, "e1": 0.9878072625698324, "e2": 0.9839497206703911, "e3": 0.990195530726257, "e4": 0.9852513966480447}}, "parameter_0.05": {"parameter": 0.05, "Flag_rate_A": {"e0": 0.1, "e1": 0.106, "e2": 0.101, "e3": 0.09, "e4": 0.093}, "Recall_A": {"e0": 0.84, "e1": 0.86, "e2": 0.81, "e3": 0.75, "e4": 0.72}, "FPR_A": {"e0": 0.017777777777777778, "e1": 0.022222222222222223, "e2": 0.022222222222222223, "e3": 0.016666666666666666, "e4": 0.023333333333333334}, "Precision_A": {"e0": 0.84, "e1": 0.8113207547169812, "e2": 0.801980198019802, "e3": 0.8333333333333334, "e4": 0.7741935483870968}, "Flag_rate_B": {"e0": 0.10210526315789474, "e1": 0.09578947368421052, "e2": 0.10105263157894737, "e3": 0.11263157894736842, "e4": 0.10947368421052632}, "Recall_B": {"e0": 0.7938144329896907, "e1": 0.6391752577319587, "e2": 0.6907216494845361, "e3": 0.8762886597938144, "e4": 0.7835051546391752}, "FPR_B": {"e0": 0.023446658851113716, "e1": 0.03399765533411489, "e2": 0.03399765533411489, "e3": 0.02579132473622509, "e4": 0.032825322391559206}, "Precision_B": {"e0": 0.7938144329896907, "e1": 0.6813186813186813, "e2": 0.6979166666666666, "e3": 0.794392523364486, "e4": 0.7307692307692307}, "Recall_overall": {"e0": 0.817258883248731, "e1": 0.751269035532995, "e2": 0.751269035532995, "e3": 0.8121827411167513, "e4": 0.751269035532995}, "FPR_ovrall": {"e0": 0.02053622361665716, "e1": 0.027952082144894468, "e2": 0.027952082144894468, "e3": 0.021106674272675412, "e4": 0.027952082144894468}, "Precision_overall": {"e0": 0.817258883248731, "e1": 0.751269035532995, "e2": 0.751269035532995, "e3": 0.8121827411167513, "e4": 0.751269035532995}, "Flag_rate_ratio": {"e0": 0.9793814432989691, "e1": 1.1065934065934067, "e2": 0.9994791666666668, "e3": 0.7990654205607477, "e4": 0.8495192307692307}, "TPR_ratio": {"e0": 1.0581818181818181, "e1": 1.345483870967742, "e2": 1.1726865671641793, "e3": 0.8558823529411764, "e4": 0.9189473684210526}, "FPR_ratio": {"e0": 0.7582222222222222, "e1": 0.653639846743295, "e2": 0.653639846743295, "e3": 0.6462121212121212, "e4": 0.7108333333333333}, "PPR_ratio": {"e0": 1.0581818181818181, "e1": 1.1908094948265369, "e2": 1.1491059553716567, "e3": 1.0490196078431373, "e4": 1.0594227504244482}, "auroc": {"e0": 0.9888892428063856, "e1": 0.9784242241726293, "e2": 0.975557492449492, "e3": 0.9843632815101595, "e4": 0.9814038877515268}}, "parameter_0.1": {"parameter": 0.1, "Flag_rate_A": {"e0": 0.097, "e1": 0.083, "e2": 0.08, "e3": 0.098, "e4": 0.094}, "Recall_A": {"e0": 0.81, "e1": 0.74, "e2": 0.69, "e3": 0.82, "e4": 0.75}, "FPR_A": {"e0": 0.017777777777777778, "e1": 0.01, "e2": 0.012222222222222223, "e3": 0.017777777777777778, "e4": 0.021111111111111112}, "Precision_A": {"e0": 0.8350515463917526, "e1": 0.891566265060241, "e2": 0.8625, "e3": 0.8367346938775511, "e4": 0.7978723404255319}, "Flag_rate_B": {"e0": 0.1, "e1": 0.11555555555555555, "e2": 0.11888888888888889, "e3": 0.09888888888888889, "e4": 0.10333333333333333}, "Recall_B": {"e0": 0.8505747126436781, "e1": 0.7816091954022989, "e2": 0.8045977011494253, "e3": 0.896551724137931, "e4": 0.7931034482758621}, "FPR_B": {"e0": 0.01968019680196802, "e1": 0.04428044280442804, "e2": 0.04551045510455105, "e3": 0.013530135301353014, "e4": 0.02952029520295203}, "Precision_B": {"e0": 0.8222222222222222, "e1": 0.6538461538461539, "e2": 0.6542056074766355, "e3": 0.8764044943820225, "e4": 0.7419354838709677}, "Recall_overall": {"e0": 0.8288770053475936, "e1": 0.7593582887700535, "e2": 0.7433155080213903, "e3": 0.8556149732620321, "e4": 0.7700534759358288}, "FPR_ovrall": {"e0": 0.018680677174547577, "e1": 0.02626970227670753, "e2": 0.028021015761821366, "e3": 0.01576182136602452, "e4": 0.025102159953298307}, "Precision_overall": {"e0": 0.8288770053475936, "e1": 0.7593582887700535, "e2": 0.7433155080213903, "e3": 0.8556149732620321, "e4": 0.7700534759358288}, "Flag_rate_ratio": {"e0": 0.97, "e1": 0.7182692307692309, "e2": 0.6728971962616822, "e3": 0.9910112359550562, "e4": 0.9096774193548387}, "TPR_ratio": {"e0": 0.9522972972972974, "e1": 0.9467647058823528, "e2": 0.8575714285714285, "e3": 0.9146153846153845, "e4": 0.9456521739130435}, "FPR_ratio": {"e0": 0.9033333333333333, "e1": 0.22583333333333336, "e2": 0.2685585585585586, "e3": 1.313939393939394, "e4": 0.7151388888888889}, "PPR_ratio": {"e0": 1.0156032320980775, "e1": 1.3635719347980155, "e2": 1.3183928571428574, "e3": 0.9547357404500262, "e4": 1.0753931544865865}, "auroc": {"e0": 0.9896388423224727, "e1": 0.9801673893566343, "e2": 0.9719602536126694, "e3": 0.9903974326555969, "e4": 0.9848281933375166}}, "parameter_0.2": {"parameter": 0.2, "Flag_rate_A": {"e0": 0.1, "e1": 0.099, "e2": 0.091, "e3": 0.115, "e4": 0.084}, "Recall_A": {"e0": 0.83, "e1": 0.82, "e2": 0.72, "e3": 0.89, "e4": 0.67}, "FPR_A": {"e0": 0.01888888888888889, "e1": 0.01888888888888889, "e2": 0.021111111111111112, "e3": 0.028888888888888888, "e4": 0.01888888888888889}, "Precision_A": {"e0": 0.83, "e1": 0.8282828282828283, "e2": 0.7912087912087912, "e3": 0.7739130434782608, "e4": 0.7976190476190477}, "Flag_rate_B": {"e0": 0.1, "e1": 0.10125, "e2": 0.11125, "e3": 0.08125, "e4": 0.12}, "Recall_B": {"e0": 0.8125, "e1": 0.75, "e2": 0.8125, "e3": 0.7375, "e4": 0.85}, "FPR_B": {"e0": 0.020833333333333332, "e1": 0.029166666666666667, "e2": 0.03333333333333333, "e3": 0.008333333333333333, "e4": 0.03888888888888889}, "Precision_B": {"e0": 0.8125, "e1": 0.7407407407407407, "e2": 0.7303370786516854, "e3": 0.9076923076923077, "e4": 0.7083333333333334}, "Recall_overall": {"e0": 0.8222222222222222, "e1": 0.7888888888888889, "e2": 0.7611111111111111, "e3": 0.8222222222222222, "e4": 0.75}, "FPR_ovrall": {"e0": 0.019753086419753086, "e1": 0.02345679012345679,