{"flag_ratio": [0.6949152542372882, 0.6501650165016503, 0.4513788098693759, 0.45560407569141187, 0.7006802721088435, 0.6556291390728478, 0.46412884333821375, 0.4619883040935674, 0.7094017094017094, 0.6155088852988692, 0.45985401459854014, 0.4450867052023121, 0.7035775127768314, 0.48588410104011875, 0.44300144300144295, 0.38504155124653744, 0.6694490818030051, 0.43266475644699137, 0.3227513227513227, 0.30378096479791394], "tpr_ratio": [0.9268292682926829, 0.9775641025641025, 0.7627627627627628, 0.7620481927710845, 0.9214501510574019, 0.9873015873015875, 0.7717717717717717, 0.7624633431085046, 0.9161676646706588, 0.9537037037037036, 0.768768768768769, 0.7514792899408285, 0.9096385542168676, 0.7935103244837759, 0.7404129793510325, 0.643059490084986, 0.9325153374233129, 0.7315634218289087, 0.5395095367847412, 0.5135869565217391], "auroc": [0.9462266666666667, 0.9397383333333333, 0.9234069444444444, 0.9223022222222224, 0.9465327777777779, 0.9425930555555556, 0.92498, 0.9248527777777777, 0.9470905555555555, 0.9461177777777777, 0.9221777777777778, 0.9219644444444445, 0.9459380555555557, 0.9305388888888888, 0.921565, 0.9193200000000001, 0.9445866666666667, 0.9233711111111111, 0.9159877777777778, 0.913567777777778], "key": ["0.01-0.01", "0.01-0.2", "0.01-0.5", "0.01-0.8", "0.05-0.01", "0.05-0.2", "0.05-0.5", "0.05-0.8", "0.2-0.01", "0.2-0.2", "0.2-0.5", "0.2-0.8", "0.5-0.01", "0.5-0.2", "0.5-0.5", "0.5-0.8", "0.8-0.01", "0.8-0.2", "0.8-0.5", "0.8-0.8"]}