{"flag_ratio": [0.6835016835016836, 0.6556291390728478, 0.6474464579901154, 0.5060240963855422, 0.7123287671232879, 0.6638935108153079, 0.5503875968992249, 0.4970059880239521, 0.7035775127768314, 0.6611295681063124, 0.5360983102918586, 0.4925373134328358, 0.6949152542372882, 0.6474464579901154, 0.4771048744460856, 0.4245014245014244, 0.6611295681063124, 0.4925373134328358, 0.42653352353780316, 0.42045454545454547], "tpr_ratio": [0.8845070422535211, 0.8849557522123894, 0.8895522388059702, 0.9514563106796118, 0.8484848484848485, 0.8782608695652173, 0.9870550161812299, 0.9413680781758959, 0.8361111111111111, 0.87683284457478, 0.9871794871794873, 0.9322580645161291, 0.8472222222222224, 0.8746355685131197, 0.9161290322580644, 0.853968253968254, 0.8706896551724138, 0.9442622950819671, 0.8594249201277956, 0.8538961038961039], "auroc": [0.9643705555555554, 0.9594088888888889, 0.9592861111111111, 0.9469708333333333, 0.9645277777777779, 0.9611633333333334, 0.9541855555555555, 0.9458616666666666, 0.9625566666666666, 0.9598855555555555, 0.9577527777777778, 0.9447683333333334, 0.9641666666666666, 0.959171111111111, 0.9443711111111112, 0.9407377777777779, 0.9619433333333334, 0.9448861111111111, 0.9393750000000001, 0.9367177777777778], "key": ["0.01-0.01", "0.01-0.2", "0.01-0.5", "0.01-0.8", "0.05-0.01", "0.05-0.2", "0.05-0.5", "0.05-0.8", "0.2-0.01", "0.2-0.2", "0.2-0.5", "0.2-0.8", "0.5-0.01", "0.5-0.2", "0.5-0.5", "0.5-0.8", "0.8-0.01", "0.8-0.2", "0.8-0.5", "0.8-0.8"]}