{"flag_ratio": [0.7761989342806395, 0.76678445229682, 0.7793594306049821, 0.7636684303350971, 0.7825311942959001, 0.769911504424779, 0.7793594306049824, 0.7574692442882252, 0.7825311942959001, 0.7761989342806396, 0.7793594306049821, 0.7730496453900711, 0.7513134851138353, 0.7825311942959001, 0.7543859649122808, 0.7182130584192441, 0.7699115044247787, 0.7513134851138353, 0.7241379310344829, 0.6891891891891893], "tpr_ratio": [0.8472906403940885, 0.8409090909090909, 0.8519480519480519, 0.8541666666666666, 0.8602941176470588, 0.8434343434343433, 0.8545454545454546, 0.8515624999999999, 0.8407960199004975, 0.865979381443299, 0.845360824742268, 0.8563968668407311, 0.8379746835443038, 0.8530927835051548, 0.8316062176165803, 0.8316582914572865, 0.8418367346938774, 0.8519480519480518, 0.8253164556962025, 0.7892156862745098], "auroc": [0.954035, 0.95085, 0.9458399999999999, 0.95039, 0.9563691666666667, 0.9493888888888888, 0.950371111111111, 0.9478480555555555, 0.9519977777777777, 0.9484316666666667, 0.94449, 0.9495388888888888, 0.9493838888888888, 0.9490666666666666, 0.9473844444444446, 0.9499411111111111, 0.9475422222222223, 0.9521216666666668, 0.9448688888888889, 0.9419211111111112], "key": ["0.01-0.01", "0.01-0.2", "0.01-0.5", "0.01-0.8", "0.05-0.01", "0.05-0.2", "0.05-0.5", "0.05-0.8", "0.2-0.01", "0.2-0.2", "0.2-0.5", "0.2-0.8", "0.5-0.01", "0.5-0.2", "0.5-0.5", "0.5-0.8", "0.8-0.01", "0.8-0.2", "0.8-0.5", "0.8-0.8"]}