{"1": {"0.001-0.001": 0.1837258940965862, "0.001-0.2": 0.05861824562035084, "0.001-0.5": 0.12951357760457136, "0.001-0.8": 0.12950811971464943, "0.01-0.001": 0.2967987443750064, "0.01-0.2": 0.04262381385554712, "0.01-0.5": 0.11133392402349575, "0.01-0.8": 0.18463717618054493, "0.05-0.001": 0.18051076536796853, "0.05-0.2": 0.057915918141678416, "0.05-0.5": 0.02187763786604685, "0.05-0.8": 0.14907895837528368, "0.2-0.001": 0.12403037709600113, "0.2-0.2": 0.04490460689236239, "0.2-0.5": 0.0426167320554103, "0.2-0.8": 0.07495297076904336, "0.5-0.001": 0.31102504295786026, "0.5-0.2": 0.07496023609941566, "0.5-0.5": 0.06529533575169595, "0.5-0.8": 0.0749506320546239, "0.8-0.001": 0.2208325332048336, "0.8-0.2": 0.06528563119867806, "0.8-0.5": 0.09374894949744052, "0.8-0.8": 0.09543516148175346, "0.99-0.001": 0.09914877042642849, "0.99-0.2": 0.11133429163750584, "0.99-0.5": 0.044910454550291884, "0.99-0.8": 0.11132867839388626}, "2": {"0.001-0.001": 0.3709983514201529, "0.001-0.2": 0.39269503988698995, "0.001-0.5": 0.41299313498323004, "0.001-0.8": 0.43753786068114875, "0.01-0.001": 0.2945585630114838, "0.01-0.2": 0.3902127130050089, "0.01-0.5": 0.4140200214483643, "0.01-0.8": 0.41395550194075365, "0.05-0.001": 0.3533203025230095, "0.05-0.2": 0.3954357190690127, "0.05-0.5": 0.4156178486241796, "0.05-0.8": 0.3902034750901726, "0.2-0.001": 0.3930419538112576, "0.2-0.2": 0.3666733709086511, "0.2-0.5": 0.3959096487051684, "0.2-0.8": 0.3927044576112485, "0.5-0.001": 0.3641922390009758, "0.5-0.2": 0.39270018157201336, "0.5-0.5": 0.41561517472706955, "0.5-0.8": 0.41561685737440035, "0.8-0.001": 0.3480446706827861, "0.8-0.2": 0.3902020304260656, "0.8-0.5": 0.41561134405630445, "0.8-0.8": 0.4156073820802391, "0.99-0.001": 0.45565854251205595, "0.99-0.2": 0.41796805299213313, "0.99-0.5": 0.41395880513834254, "0.99-0.8": 0.4130003586187023}, "3": {"0.001-0.001": 0.5127357451030182, "0.001-0.2": 0.5756398358969108, "0.001-0.5": 0.5756386440146777, "0.001-0.8": 0.5194954037868171, "0.01-0.001": 0.5261572132662392, "0.01-0.2": 0.5796492179251329, "0.01-0.5": 0.5409532278113459, "0.01-0.8": 0.5941565585942641, "0.05-0.001": 0.4861992899910156, "0.05-0.2": 0.5382731435830918, "0.05-0.5": 0.5941578115387746, "0.05-0.8": 0.5194936957553858, "0.2-0.001": 0.5452855772252027, "0.2-0.2": 0.5570022898609899, "0.2-0.5": 0.5756378448295024, "0.2-0.8": 0.57563822564264, "0.5-0.001": 0.45625897396159026, "0.5-0.2": 0.5592487550090385, "0.5-0.5": 0.5592474548115812, "0.5-0.8": 0.5941576767079083, "0.8-0.001": 0.468205828698325, "0.8-0.2": 0.5756388590473924, "0.8-0.5": 0.5570002223989605, "0.8-0.8": 0.5570002223989605, "0.99-0.001": 0.45136046114504136, "0.99-0.2": 0.5570008707817793, "0.99-0.5": 0.5774790363377393, "0.99-0.8": 0.5569992496368211}, "4": {"0.001-0.001": 0.5445439699263703, "0.001-0.2": 0.5965303174998079, "0.001-0.5": 0.5782675282432614, "0.001-0.8": 0.5965247342869273, "0.01-0.001": 0.5546405609073954, "0.01-0.2": 0.564789533702661, "0.01-0.5": 0.580764627504228, "0.01-0.8": 0.5782617395029052, "0.05-0.001": 0.5606050364436667, "0.05-0.2": 0.5807639492500289, "0.05-0.5": 0.6004422864555856, "0.05-0.8": 0.5849899933097992, "0.2-0.001": 0.5286418536038886, "0.2-0.2": 0.5849959723809744, "0.2-0.5": 0.5807663440037117, "0.2-0.8": 0.5849960447587678, "0.5-0.001": 0.5605985042614613, "0.5-0.2": 0.5680308258775298, "0.5-0.5": 0.5851126565868104, "0.5-0.8": 0.5767235006386799, "0.8-0.001": 0.5494629762798265, "0.8-0.2": 0.5961611005872232, "0.8-0.5": 0.580769081258395, "0.8-0.8": 0.5782705209603087, "0.99-0.001": 0.4850559195475572, "0.99-0.2": 0.6344633182145554, "0.99-0.5": 0.6493430328968076, "0.99-0.8": 0.6493461406543546}}