{"1": {"0.001-0.001": 0.20048162253676172, "0.001-0.2": 0.21429952109236602, "0.001-0.5": 0.15175044685088124, "0.001-0.8": 0.10322365714368993, "0.01-0.001": 0.22362840331370956, "0.01-0.2": 0.17684877556221437, "0.01-0.5": 0.1395451681795511, "0.01-0.8": 0.10111732877083508, "0.05-0.001": 0.24119582271710088, "0.05-0.2": 0.18377948413146883, "0.05-0.5": 0.21085180404302406, "0.05-0.8": 0.19839002106064496, "0.2-0.001": 0.1570116744141761, "0.2-0.2": 0.1451012769895464, "0.2-0.5": 0.1419117277278862, "0.2-0.8": 0.15666272178998755, "0.5-0.001": 0.1252215173354607, "0.5-0.2": 0.14512063060124267, "0.5-0.5": 0.22988749201623074, "0.5-0.8": 0.07174853545454592, "0.8-0.001": 0.29899503093695057, "0.8-0.2": 0.18019005460119192, "0.8-0.5": 0.1228630394585485, "0.8-0.8": 0.22019762631222245, "0.99-0.001": 0.030879942333958674, "0.99-0.2": 0.21748667241613506, "0.99-0.5": 0.3880331137679127, "0.99-0.8": 0.3583676563450822}, "2": {"0.001-0.001": 0.37773929169949594, "0.001-0.2": 0.5647631713419434, "0.001-0.5": 0.6645186628629358, "0.001-0.8": 0.6539055297096654, "0.01-0.001": 0.3462306874252059, "0.01-0.2": 0.6234805522881155, "0.01-0.5": 0.6440614142221199, "0.01-0.8": 0.6587405244059464, "0.05-0.001": 0.29534262727629573, "0.05-0.2": 0.5722666127269422, "0.05-0.5": 0.6683928147812468, "0.05-0.8": 0.6391855588115771, "0.2-0.001": 0.3504637907129255, "0.2-0.2": 0.6192891400004228, "0.2-0.5": 0.495441650624016, "0.2-0.8": 0.6537439589267717, "0.5-0.001": 0.34518141380446243, "0.5-0.2": 0.6301478168635695, "0.5-0.5": 0.6821970430646259, "0.5-0.8": 0.6685967375858769, "0.8-0.001": 0.3064654180965714, "0.8-0.2": 0.6302848788837047, "0.8-0.5": 0.6683591967675987, "0.8-0.8": 0.6391365284727287, "0.99-0.001": 0.47820447135040295, "0.99-0.2": 0.6101961373860517, "0.99-0.5": 0.6230563771293041, "0.99-0.8": 0.6431126980691252}, "3": {"0.001-0.001": 0.5410229288304326, "0.001-0.2": 0.6063930032761583, "0.001-0.5": 0.5735033813128735, "0.001-0.8": 0.5735023744518875, "0.01-0.001": 0.5735049850271429, "0.01-0.2": 0.6203524769942237, "0.01-0.5": 0.6181982782526718, "0.01-0.8": 0.6163261207380928, "0.05-0.001": 0.534339674055679, "0.05-0.2": 0.5934111862417234, "0.05-0.5": 0.5867813997588951, "0.05-0.8": 0.5530693079594822, "0.2-0.001": 0.5142240377253081, "0.2-0.2": 0.5899556654818441, "0.2-0.5": 0.5867816189932391, "0.2-0.8": 0.6203516991542917, "0.5-0.001": 0.4778147193773491, "0.5-0.2": 0.6036006256517304, "0.5-0.5": 0.6035996310654442, "0.5-0.8": 0.5867810665404743, "0.8-0.001": 0.5267986494104001, "0.8-0.2": 0.6036000437326737, "0.8-0.5": 0.5666407680649119, "0.8-0.8": 0.5867807180736329, "0.99-0.001": 0.4517473884784872, "0.99-0.2": 0.573500539004799, "0.99-0.5": 0.6370136131918274, "0.99-0.8": 0.6227843929671462}, "4": {"0.001-0.001": 0.5513847984113737, "0.001-0.2": 0.7083934259843686, "0.001-0.5": 0.7083930593280732, "0.001-0.8": 0.7379984862544976, "0.01-0.001": 0.6205637784742164, "0.01-0.2": 0.7083933077346546, "0.01-0.5": 0.7083937551400079, "0.01-0.8": 0.706736871831074, "0.05-0.001": 0.5235502062350406, "0.05-0.2": 0.6782861412025838, "0.05-0.5": 0.7067366502790677, "0.05-0.8": 0.7232617363564438, "0.2-0.001": 0.5854944468106557, "0.2-0.2": 0.6933992111810352, "0.2-0.5": 0.7083931971492561, "0.2-0.8": 0.706737116410298, "0.5-0.001": 0.564563375953674, "0.5-0.2": 0.708393315926889, "0.5-0.5": 0.7083939108705555, "0.5-0.8": 0.7083932914674966, "0.8-0.001": 0.5752690560583839, "0.8-0.2": 0.7083941321975273, "0.8-0.5": 0.7067370356678072, "0.8-0.8": 0.7232619885035989, "0.99-0.001": 0.5772367483860732, "0.99-0.2": 0.7218561845032518, "0.99-0.5": 0.7379985842022782, "0.99-0.8": 0.7501158322556284}}