{"1": {"0.001-0.001": 0.1760495028795726, "0.001-0.2": 0.11557767676644361, "0.001-0.5": 0.11558010223022154, "0.001-0.8": 0.07612285380256033, "0.01-0.001": 0.17668219187251097, "0.01-0.2": 0.11131293255619042, "0.01-0.5": 0.21201429912983405, "0.01-0.8": 0.14461400341641947, "0.05-0.001": 0.22860059341164804, "0.05-0.2": 0.06385270267279332, "0.05-0.5": 0.05858505093700944, "0.05-0.8": 0.1915714109856803, "0.2-0.001": 0.14845445361105059, "0.2-0.2": 0.232521003782181, "0.2-0.5": 0.0749293627762337, "0.2-0.8": 0.1481477796567534, "0.5-0.001": 0.2145957703682861, "0.5-0.2": 0.17023043528272663, "0.5-0.5": 0.19157538623094958, "0.5-0.8": 0.11131266677824195, "0.8-0.001": 0.15598895815192, "0.8-0.2": 0.09372607147267994, "0.8-0.5": 0.10932309438900423, "0.8-0.8": 0.23731300440030362, "0.99-0.001": 0.23450248372397223, "0.99-0.2": 0.07612592957458353, "0.99-0.5": 0.19914166637460176, "0.99-0.8": 0.15102831914330686}, "2": {"0.001-0.001": 0.44879707543674474, "0.001-0.2": 0.4848576863829981, "0.001-0.5": 0.4638977339291788, "0.001-0.8": 0.46260571584704835, "0.01-0.001": 0.4246337348924199, "0.01-0.2": 0.46260558219486536, "0.01-0.5": 0.4640080271165896, "0.01-0.8": 0.463898052081147, "0.05-0.001": 0.4487773791409371, "0.05-0.2": 0.464008964778521, "0.05-0.5": 0.46178336146285004, "0.05-0.8": 0.46260603608518625, "0.2-0.001": 0.4209563355535416, "0.2-0.2": 0.4852124342080605, "0.2-0.5": 0.4640084477856426, "0.2-0.8": 0.48586424511953824, "0.5-0.001": 0.44877900821782435, "0.5-0.2": 0.48508106424322145, "0.5-0.5": 0.46178359472083036, "0.5-0.8": 0.44704734148847275, "0.8-0.001": 0.44577290266057645, "0.8-0.2": 0.464008100098653, "0.8-0.5": 0.46260605940843014, "0.8-0.8": 0.4638986053533491, "0.99-0.001": 0.42050776856464045, "0.99-0.2": 0.5086564449259967, "0.99-0.5": 0.5305561782818253, "0.99-0.8": 0.5318023669907473}, "3": {"0.001-0.001": 0.4863304203087082, "0.001-0.2": 0.5759173721696801, "0.001-0.5": 0.5999933137926738, "0.001-0.8": 0.6118714043925201, "0.01-0.001": 0.5146787592590246, "0.01-0.2": 0.5613816233042597, "0.01-0.5": 0.6119261043308583, "0.01-0.8": 0.5813022023282823, "0.05-0.001": 0.5292902967990862, "0.05-0.2": 0.6222778610003773, "0.05-0.5": 0.6256979756865764, "0.05-0.8": 0.6300989446306519, "0.2-0.001": 0.5018881331645333, "0.2-0.2": 0.561392239250958, "0.2-0.5": 0.5667264125478758, "0.2-0.8": 0.6380837225527726, "0.5-0.001": 0.5076913349915699, "0.5-0.2": 0.6000081934831253, "0.5-0.5": 0.5928194381763005, "0.5-0.8": 0.5533861175447069, "0.8-0.001": 0.4826400689006317, "0.8-0.2": 0.6000081096199987, "0.8-0.5": 0.5961143213448588, "0.8-0.8": 0.6403197873064668, "0.99-0.001": 0.4990010332970957, "0.99-0.2": 0.6508486216592471, "0.99-0.5": 0.586936072754391, "0.99-0.8": 0.6011550693997064}, "4": {"0.001-0.001": 0.5507882143074219, "0.001-0.2": 0.6782869418186335, "0.001-0.5": 0.6914813013056835, "0.001-0.8": 0.6657703921982339, "0.01-0.001": 0.5042436499767253, "0.01-0.2": 0.6630661774318654, "0.01-0.5": 0.6760937278374765, "0.01-0.8": 0.6657697571682895, "0.05-0.001": 0.46282857891729623, "0.05-0.2": 0.6657737204109516, "0.05-0.5": 0.6914808570186658, "0.05-0.8": 0.6630662331413222, "0.2-0.001": 0.49849573867716246, "0.2-0.2": 0.6630649377229092, "0.2-0.5": 0.6605857409652219, "0.2-0.8": 0.6934001483116875, "0.5-0.001": 0.5311519982244233, "0.5-0.2": 0.6630646515716255, "0.5-0.5": 0.6833384615284004, "0.5-0.8": 0.6686999158476543, "0.8-0.001": 0.5424427448255215, "0.8-0.2": 0.6892607916487621, "0.8-0.5": 0.6861907394440252, "0.8-0.8": 0.6782862824866366, "0.99-0.001": 0.46110925912568573, "0.99-0.2": 0.68333765959489, "0.99-0.5": 0.7248808613145009, "0.99-0.8": 0.7083944558001156}}