{"1": {"0.001-0.001": 0.17077490130238637, "0.001-0.2": 0.04462138975994319, "0.001-0.5": 0.03921609455493281, "0.001-0.8": 0.0392161697826093, "0.01-0.001": 0.2901779910842573, "0.01-0.2": 0.020838023774856655, "0.01-0.5": 0.03921687437285554, "0.01-0.8": 0.00016315789473686504, "0.05-0.001": 0.28590235608743964, "0.05-0.2": 0.0006947368421051925, "0.05-0.5": 0.03921829834818214, "0.05-0.8": 0.044406606400675036, "0.2-0.001": 0.24686890181946755, "0.2-0.2": 0.03922165465689951, "0.2-0.5": 0.020837072609949187, "0.2-0.8": 0.03921650000567933, "0.5-0.001": 0.2504568749958504, "0.5-0.2": 0.09911706004300389, "0.5-0.5": 0.021287935216040714, "0.5-0.8": 0.039216339309238575, "0.8-0.001": 0.30291841554546256, "0.8-0.2": 0.021292840346658178, "0.8-0.5": 0.039217726221452025, "0.8-0.8": 0.04440836298609537, "0.99-0.001": 0.15693068447641143, "0.99-0.2": 0.0991173955532717, "0.99-0.5": 0.08748452646193831, "0.99-0.8": 0.04440671618929949}, "2": {"0.001-0.001": 0.4043816965679292, "0.001-0.2": 0.42891628614567595, "0.001-0.5": 0.43742590845541895, "0.001-0.8": 0.41866156121585457, "0.01-0.001": 0.39846326365783225, "0.01-0.2": 0.4175862403438337, "0.01-0.5": 0.4289048267508726, "0.01-0.8": 0.428913622366727, "0.05-0.001": 0.4187108467663664, "0.05-0.2": 0.4482744182979209, "0.05-0.5": 0.4497444874843719, "0.05-0.8": 0.41757114272005347, "0.2-0.001": 0.3978319314121874, "0.2-0.2": 0.38566780999489036, "0.2-0.5": 0.44748641935175726, "0.2-0.8": 0.428904748829027, "0.5-0.001": 0.3708371631198944, "0.5-0.2": 0.4289001177013276, "0.5-0.5": 0.43766417088486986, "0.5-0.8": 0.4985375935282816, "0.8-0.001": 0.3130682493593888, "0.8-0.2": 0.4468147780514234, "0.8-0.5": 0.4482576389611704, "0.8-0.8": 0.43593256926905377, "0.99-0.001": 0.3189740831540566, "0.99-0.2": 0.441354091903468, "0.99-0.5": 0.4588186562469456, "0.99-0.8": 0.47923656398512554}, "3": {"0.001-0.001": 0.5773629122911633, "0.001-0.2": 0.6508375910565902, "0.001-0.5": 0.6498808283917672, "0.001-0.8": 0.6498808260900454, "0.01-0.001": 0.5258574233908876, "0.01-0.2": 0.6508376434927478, "0.01-0.5": 0.6498808239588215, "0.01-0.8": 0.6508376146996796, "0.05-0.001": 0.5557992387970463, "0.05-0.2": 0.6336538658972986, "0.05-0.5": 0.6508375658599935, "0.05-0.8": 0.6498808229571462, "0.2-0.001": 0.5550386106547204, "0.2-0.2": 0.6508376146996796, "0.2-0.5": 0.6498808440988871, "0.2-0.8": 0.6498808219980955, "0.5-0.001": 0.5741820343639786, "0.5-0.2": 0.6336539008701212, "0.5-0.5": 0.649880830863987, "0.5-0.8": 0.6508375646469816, "0.8-0.001": 0.5540139530802665, "0.8-0.2": 0.6351952461264557, "0.8-0.5": 0.6508375837359575, "0.8-0.8": 0.6498808408594269, "0.99-0.001": 0.5613789282996382, "0.99-0.2": 0.6666667773799538, "0.99-0.5": 0.6666667439727564, "0.99-0.8": 0.6666666935918739}, "4": {"0.001-0.001": 0.5718418643495596, "0.001-0.2": 0.6882471338418817, "0.001-0.5": 0.7212774097945659, "0.001-0.8": 0.7049155284464218, "0.01-0.001": 0.6165149051385246, "0.01-0.2": 0.6951883498762694, "0.01-0.5": 0.7004800661285038, "0.01-0.8": 0.7358775819143892, "0.05-0.001": 0.6454437850999283, "0.05-0.2": 0.6938585458367221, "0.05-0.5": 0.7198779187934141, "0.05-0.8": 0.7114781139353455, "0.2-0.001": 0.5768780521761823, "0.2-0.2": 0.6905325401484718, "0.2-0.5": 0.7274741559872603, "0.2-0.8": 0.7141963807672305, "0.5-0.001": 0.5845582956126181, "0.5-0.2": 0.6561809405548904, "0.5-0.5": 0.7672544020651509, "0.5-0.8": 0.7122813679440481, "0.8-0.001": 0.6054753302417363, "0.8-0.2": 0.7126288794186701, "0.8-0.5": 0.7284085580116558, "0.8-0.8": 0.7170918921680871, "0.99-0.001": 0.5920117078405741, "0.99-0.2": 0.7750279926024287, "0.99-0.5": 0.7953774980311492, "0.99-0.8": 0.7750405470110943}}