{"0.01-0.01": {"roc": 0.9927789473684211, "flag_rate": [0.051, 0.049], "flag_rate_ratio": 1.040816326530612, "TPR": [0.9, 0.68], "TPR whole": 0.79, "TPR ratio": 1.3235294117647058, "FPR": [0.00631578947368421, 0.015789473684210527], "FPR whole": 0.011052631578947368, "FPR ratio": 0.39999999999999997, "PPR": [0.8823529411764706, 0.6938775510204082], "PPR whole": 0.79, "PPR ratio": 1.2716262975778547}, "0.01-0.2": {"roc": 0.9930842105263158, "flag_rate": [0.048, 0.052], "flag_rate_ratio": 0.9230769230769231, "TPR": [0.88, 0.7], "TPR whole": 0.79, "TPR ratio": 1.2571428571428573, "FPR": [0.004210526315789474, 0.017894736842105262], "FPR whole": 0.011052631578947368, "FPR ratio": 0.23529411764705885, "PPR": [0.9166666666666666, 0.6730769230769231], "PPR whole": 0.79, "PPR ratio": 1.3619047619047617}, "0.01-0.5": {"roc": 0.992421052631579, "flag_rate": [0.05, 0.05], "flag_rate_ratio": 1.0, "TPR": [0.9, 0.64], "TPR whole": 0.77, "TPR ratio": 1.40625, "FPR": [0.005263157894736842, 0.018947368421052633], "FPR whole": 0.012105263157894737, "FPR ratio": 0.27777777777777773, "PPR": [0.9, 0.64], "PPR whole": 0.77, "PPR ratio": 1.40625}, "0.01-0.8": {"roc": 0.9944368421052632, "flag_rate": [0.051, 0.049], "flag_rate_ratio": 1.040816326530612, "TPR": [0.9, 0.76], "TPR whole": 0.83, "TPR ratio": 1.1842105263157894, "FPR": [0.00631578947368421, 0.011578947368421053], "FPR whole": 0.008947368421052631, "FPR ratio": 0.5454545454545454, "PPR": [0.8823529411764706, 0.7755102040816326], "PPR whole": 0.83, "PPR ratio": 1.1377708978328174}, "0.05-0.01": {"roc": 0.9932894736842105, "flag_rate": [0.049, 0.051], "flag_rate_ratio": 0.9607843137254903, "TPR": [0.86, 0.76], "TPR whole": 0.81, "TPR ratio": 1.131578947368421, "FPR": [0.00631578947368421, 0.01368421052631579], "FPR whole": 0.01, "FPR ratio": 0.4615384615384615, "PPR": [0.8775510204081632, 0.7450980392156863], "PPR whole": 0.81, "PPR ratio": 1.177765843179377}, "0.05-0.2": {"roc": 0.994042105263158, "flag_rate": [0.048, 0.052], "flag_rate_ratio": 0.9230769230769231, "TPR": [0.9, 0.76], "TPR whole": 0.83, "TPR ratio": 1.1842105263157894, "FPR": [0.003157894736842105, 0.014736842105263158], "FPR whole": 0.008947368421052631, "FPR ratio": 0.21428571428571427, "PPR": [0.9375, 0.7307692307692307], "PPR whole": 0.83, "PPR ratio": 1.2828947368421053}, "0.05-0.5": {"roc": 0.9941684210526316, "flag_rate": [0.048, 0.052], "flag_rate_ratio": 0.9230769230769231, "TPR": [0.9, 0.74], "TPR whole": 0.82, "TPR ratio": 1.2162162162162162, "FPR": [0.003157894736842105, 0.015789473684210527], "FPR whole": 0.009473684210526316, "FPR ratio": 0.19999999999999998, "PPR": [0.9375, 0.7115384615384616], "PPR whole": 0.82, "PPR ratio": 1.3175675675675675}, "0.05-0.8": {"roc": 0.9929105263157896, "flag_rate": [0.05, 0.05], "flag_rate_ratio": 1.0, "TPR": [0.9, 0.68], "TPR whole": 0.79, "TPR ratio": 1.3235294117647058, "FPR": [0.005263157894736842, 0.016842105263157894], "FPR whole": 0.011052631578947368, "FPR ratio": 0.3125, "PPR": [0.9, 0.68], "PPR whole": 0.79, "PPR ratio": 1.3235294117647058}, "0.2-0.01": {"roc": 0.9928157894736842, "flag_rate": [0.05, 0.05], "flag_rate_ratio": 1.0, "TPR": [0.9, 0.7], "TPR whole": 0.8, "TPR ratio": 1.2857142857142858, "FPR": [0.005263157894736842, 0.015789473684210527], "FPR whole": 0.010526315789473684, "FPR ratio": 0.3333333333333333, "PPR": [0.9, 0.7], "PPR whole": 0.8, "PPR ratio": 1.2857142857142858}, "0.2-0.2": {"roc": 0.9921157894736843, "flag_rate": [0.049, 0.051], "flag_rate_ratio": 0.9607843137254903, "TPR": [0.86, 0.72], "TPR whole": 0.79, "TPR ratio": 1.1944444444444444, "FPR": [0.00631578947368421, 0.015789473684210527], "FPR whole": 0.011052631578947368, "FPR ratio": 0.39999999999999997, "PPR": [0.8775510204081632, 0.7058823529411765], "PPR whole": 0.79, "PPR ratio": 1.2431972789115646}, "0.2-0.5": {"roc": 0.9904578947368421, "flag_rate": [0.05, 0.05], "flag_rate_ratio": 1.0, "TPR": [0.9, 0.66], "TPR whole": 0.78, "TPR ratio": 1.3636363636363635, "FPR": [0.005263157894736842, 0.017894736842105262], "FPR whole": 0.011578947368421053, "FPR ratio": 0.29411764705882354, "PPR": [0.9, 0.66], "PPR whole": 0.78, "PPR ratio": 1.3636363636363635}, "0.2-0.8": {"roc": 0.993478947368421, "flag_rate": [0.048, 0.052], "flag_rate_ratio": 0.9230769230769231, "TPR": [0.88, 0.74], "TPR whole": 0.81, "TPR ratio": 1.1891891891891893, "FPR": [0.004210526315789474, 0.015789473684210527], "FPR whole": 0.01, "FPR ratio": 0.26666666666666666, "PPR": [0.9166666666666666, 0.7115384615384616], "PPR whole": 0.81, "PPR ratio": 1.2882882882882882}, "0.5-0.01": {"roc": 0.992278947368421, "flag_rate": [0.049, 0.051], "flag_rate_ratio": 0.9607843137254903, "TPR": [0.9, 0.7], "TPR whole": 0.8, "TPR ratio": 1.2857142857142858, "FPR": [0.004210526315789474, 0.016842105263157894], "FPR whole": 0.010526315789473684, "FPR ratio": 0.25, "PPR": [0.9183673469387755, 0.6862745098039216], "PPR whole": 0.8, "PPR ratio": 1.338192419825073}, "0.5-0.2": {"roc": 0.9939842105263158, "flag_rate": [0.051, 0.049], "flag_rate_ratio": 1.040816326530612, "TPR": [0.92, 0.7], "TPR whole": 0.81, "TPR ratio": 1.3142857142857145, "FPR": [0.005263157894736842, 0.014736842105263158], "FPR whole": 0.01, "FPR ratio": 0.35714285714285715, "PPR": [0.9019607843137255, 0.7142857142857143], "PPR whole": 0.81, "PPR ratio": 1.2627450980392156}, "0.5-0.5": {"roc": 0.9879842105263158, "flag_rate": [0.051, 0.049], "flag_rate_ratio": 1.040816326530612, "TPR": [0.9, 0.62], "TPR whole": 0.76, "TPR ratio": 1.4516129032258065, "FPR": [0.00631578947368421, 0.018947368421052633], "FPR whole": 0.01263157894736842, "FPR ratio": 0.3333333333333333, "PPR": [0.8823529411764706, 0.6326530612244898], "PPR whole": 0.76, "PPR ratio": 1.3946869070208727}, "0.5-0.8": {"roc": 0.9941315789473685, "flag_rate": [0.05, 0.05], "flag_rate_ratio": 1.0, "TPR": [0.9, 0.74], "TPR whole": 0.82, "TPR ratio": 1.2162162162162162, "FPR": [0.005263157894736842, 0.01368421052631579], "FPR whole": 0.009473684210526316, "FPR ratio": 0.3846153846153846, "PPR": [0.9, 0.74], "PPR whole": 0.82, "PPR ratio": 1.2162162162162162}, "0.8-0.01": {"roc": 0.9934421052631579, "flag_rate": [0.049, 0.051], "flag_rate_ratio": 0.9607843137254903, "TPR": [0.88, 0.74], "TPR whole": 0.81, "TPR ratio": 1.1891891891891893, "FPR": [0.005263157894736842, 0.014736842105263158], "FPR whole": 0.01, "FPR ratio": 0.35714285714285715, "PPR": [0.8979591836734694, 0.7254901960784313], "PPR whole": 0.81, "PPR ratio": 1.2377275234418093}, "0.8-0.2": {"roc": 0.9947631578947368, "flag_rate": [0.048, 0.052], "flag_rate_ratio": 0.9230769230769231, "TPR": [0.9, 0.8], "TPR whole": 0.85, "TPR ratio": 1.125, "FPR": [0.003157894736842105, 0.01263157894736842], "FPR whole": 0.007894736842105263, "FPR ratio": 0.25, "PPR": [0.9375, 0.7692307692307693], "PPR whole": 0.85, "PPR ratio": 1.21875}, "0.8-0.5": {"roc": 0.9934315789473684, "flag_rate": [0.049, 0.051], "flag_rate_ratio": 0.9607843137254903, "TPR": [0.9, 0.7], "TPR whole": 0.8, "TPR ratio": 1.2857142857142858, "FPR": [0.004210526315789474, 0.016842105263157894], "FPR whole": 0.010526315789473684, "FPR ratio": 0.25, "PPR": [0.9183673469387755, 0.6862745098039216], "PPR whole": 0.8, "PPR ratio": 1.338192419825073}, "0.8-0.8": {"roc": 0.9922473684210527, "flag_rate": [0.049, 0.051], "flag_rate_ratio": 0.9607843137254903, "TPR": [0.88, 0.7], "TPR whole": 0.79, "TPR ratio": 1.2571428571428573, "FPR": [0.005263157894736842, 0.016842105263157894], "FPR whole": 0.011052631578947368, "FPR ratio": 0.3125, "PPR": [0.8979591836734694, 0.6862745098039216], "PPR whole": 0.79, "PPR ratio": 1.3084548104956268}}