{"0.01-0.01": {"roc": 0.9941052631578947, "flag_rate": [0.033, 0.067], "flag_rate_ratio": 0.4925373134328358, "TPR": [0.96, 0.7866666666666666], "TPR whole": 0.83, "TPR ratio": 1.2203389830508475, "FPR": [0.009230769230769232, 0.008648648648648649], "FPR whole": 0.008947368421052631, "FPR ratio": 1.0673076923076923, "PPR": [0.7272727272727273, 0.8805970149253731], "PPR whole": 0.83, "PPR ratio": 0.8258859784283513}, "0.01-0.2": {"roc": 0.994163157894737, "flag_rate": [0.031, 0.069], "flag_rate_ratio": 0.4492753623188405, "TPR": [0.96, 0.8], "TPR whole": 0.84, "TPR ratio": 1.2, "FPR": [0.0071794871794871795, 0.00972972972972973], "FPR whole": 0.008421052631578947, "FPR ratio": 0.7378917378917379, "PPR": [0.7741935483870968, 0.8695652173913043], "PPR whole": 0.84, "PPR ratio": 0.8903225806451613}, "0.01-0.5": {"roc": 0.9948263157894737, "flag_rate": [0.032, 0.068], "flag_rate_ratio": 0.47058823529411764, "TPR": [1.0, 0.8133333333333334], "TPR whole": 0.86, "TPR ratio": 1.2295081967213115, "FPR": [0.0071794871794871795, 0.0075675675675675675], "FPR whole": 0.007368421052631579, "FPR ratio": 0.9487179487179487, "PPR": [0.78125, 0.8970588235294118], "PPR whole": 0.86, "PPR ratio": 0.8709016393442622}, "0.01-0.8": {"roc": 0.9929263157894737, "flag_rate": [0.032, 0.068], "flag_rate_ratio": 0.47058823529411764, "TPR": [0.96, 0.7733333333333333], "TPR whole": 0.82, "TPR ratio": 1.2413793103448276, "FPR": [0.008205128205128205, 0.010810810810810811], "FPR whole": 0.009473684210526316, "FPR ratio": 0.7589743589743589, "PPR": [0.75, 0.8529411764705882], "PPR whole": 0.82, "PPR ratio": 0.8793103448275862}, "0.05-0.01": {"roc": 0.9939947368421054, "flag_rate": [0.034, 0.066], "flag_rate_ratio": 0.5151515151515151, "TPR": [0.96, 0.7866666666666666], "TPR whole": 0.83, "TPR ratio": 1.2203389830508475, "FPR": [0.010256410256410256, 0.0075675675675675675], "FPR whole": 0.008947368421052631, "FPR ratio": 1.3553113553113554, "PPR": [0.7058823529411765, 0.8939393939393939], "PPR whole": 0.83, "PPR ratio": 0.7896311066799602}, "0.05-0.2": {"roc": 0.993957894736842, "flag_rate": [0.03, 0.07], "flag_rate_ratio": 0.4285714285714285, "TPR": [0.96, 0.8], "TPR whole": 0.84, "TPR ratio": 1.2, "FPR": [0.006153846153846154, 0.010810810810810811], "FPR whole": 0.008421052631578947, "FPR ratio": 0.5692307692307692, "PPR": [0.8, 0.8571428571428571], "PPR whole": 0.84, "PPR ratio": 0.9333333333333335}, "0.05-0.5": {"roc": 0.9919105263157895, "flag_rate": [0.034, 0.066], "flag_rate_ratio": 0.5151515151515151, "TPR": [0.96, 0.7466666666666667], "TPR whole": 0.8, "TPR ratio": 1.2857142857142856, "FPR": [0.010256410256410256, 0.010810810810810811], "FPR whole": 0.010526315789473684, "FPR ratio": 0.9487179487179487, "PPR": [0.7058823529411765, 0.8484848484848485], "PPR whole": 0.8, "PPR ratio": 0.8319327731092437}, "0.05-0.8": {"roc": 0.9930473684210527, "flag_rate": [0.034, 0.066], "flag_rate_ratio": 0.5151515151515151, "TPR": [0.96, 0.76], "TPR whole": 0.81, "TPR ratio": 1.263157894736842, "FPR": [0.010256410256410256, 0.00972972972972973], "FPR whole": 0.01, "FPR ratio": 1.0541310541310542, "PPR": [0.7058823529411765, 0.8636363636363636], "PPR whole": 0.81, "PPR ratio": 0.8173374613003096}, "0.2-0.01": {"roc": 0.9941947368421052, "flag_rate": [0.032, 0.068], "flag_rate_ratio": 0.47058823529411764, "TPR": [0.96, 0.8133333333333334], "TPR whole": 0.85, "TPR ratio": 1.180327868852459, "FPR": [0.008205128205128205, 0.0075675675675675675], "FPR whole": 0.007894736842105263, "FPR ratio": 1.0842490842490842, "PPR": [0.75, 0.8970588235294118], "PPR whole": 0.85, "PPR ratio": 0.8360655737704917}, "0.2-0.2": {"roc": 0.9927736842105264, "flag_rate": [0.034, 0.066], "flag_rate_ratio": 0.5151515151515151, "TPR": [0.96, 0.7733333333333333], "TPR whole": 0.82, "TPR ratio": 1.2413793103448276, "FPR": [0.010256410256410256, 0.008648648648648649], "FPR whole": 0.009473684210526316, "FPR ratio": 1.185897435897436, "PPR": [0.7058823529411765, 0.8787878787878788], "PPR whole": 0.82, "PPR ratio": 0.8032454361054767}, "0.2-0.5": {"roc": 0.9932184210526316, "flag_rate": [0.033, 0.067], "flag_rate_ratio": 0.4925373134328358, "TPR": [0.96, 0.76], "TPR whole": 0.81, "TPR ratio": 1.263157894736842, "FPR": [0.009230769230769232, 0.010810810810810811], "FPR whole": 0.01, "FPR ratio": 0.8538461538461539, "PPR": [0.7272727272727273, 0.8507462686567164], "PPR whole": 0.81, "PPR ratio": 0.8548644338118022}, "0.2-0.8": {"roc": 0.9895947368421052, "flag_rate": [0.033, 0.067], "flag_rate_ratio": 0.4925373134328358, "TPR": [0.96, 0.72], "TPR whole": 0.78, "TPR ratio": 1.3333333333333333, "FPR": [0.009230769230769232, 0.014054054054054054], "FPR whole": 0.011578947368421053, "FPR ratio": 0.6568047337278107, "PPR": [0.7272727272727273, 0.8059701492537313], "PPR whole": 0.78, "PPR ratio": 0.9023569023569024}, "0.5-0.01": {"roc": 0.9931789473684212, "flag_rate": [0.033, 0.067], "flag_rate_ratio": 0.4925373134328358, "TPR": [0.96, 0.7866666666666666], "TPR whole": 0.83, "TPR ratio": 1.2203389830508475, "FPR": [0.009230769230769232, 0.008648648648648649], "FPR whole": 0.008947368421052631, "FPR ratio": 1.0673076923076923, "PPR": [0.7272727272727273, 0.8805970149253731], "PPR whole": 0.83, "PPR ratio": 0.8258859784283513}, "0.5-0.2": {"roc": 0.9907263157894737, "flag_rate": [0.034, 0.066], "flag_rate_ratio": 0.5151515151515151, "TPR": [0.96, 0.7466666666666667], "TPR whole": 0.8, "TPR ratio": 1.2857142857142856, "FPR": [0.010256410256410256, 0.010810810810810811], "FPR whole": 0.010526315789473684, "FPR ratio": 0.9487179487179487, "PPR": [0.7058823529411765, 0.8484848484848485], "PPR whole": 0.8, "PPR ratio": 0.8319327731092437}, "0.5-0.5": {"roc": 0.9940947368421053, "flag_rate": [0.032, 0.068], "flag_rate_ratio": 0.47058823529411764, "TPR": [0.96, 0.8], "TPR whole": 0.84, "TPR ratio": 1.2, "FPR": [0.008205128205128205, 0.008648648648648649], "FPR whole": 0.008421052631578947, "FPR ratio": 0.9487179487179487, "PPR": [0.75, 0.8823529411764706], "PPR whole": 0.84, "PPR ratio": 0.85}, "0.5-0.8": {"roc": 0.9943894736842105, "flag_rate": [0.031, 0.069], "flag_rate_ratio": 0.4492753623188405, "TPR": [0.96, 0.8], "TPR whole": 0.84, "TPR ratio": 1.2, "FPR": [0.0071794871794871795, 0.00972972972972973], "FPR whole": 0.008421052631578947, "FPR ratio": 0.7378917378917379, "PPR": [0.7741935483870968, 0.8695652173913043], "PPR whole": 0.84, "PPR ratio": 0.8903225806451613}, "0.8-0.01": {"roc": 0.9932631578947368, "flag_rate": [0.034, 0.066], "flag_rate_ratio": 0.5151515151515151, "TPR": [0.96, 0.7733333333333333], "TPR whole": 0.82, "TPR ratio": 1.2413793103448276, "FPR": [0.010256410256410256, 0.008648648648648649], "FPR whole": 0.009473684210526316, "FPR ratio": 1.185897435897436, "PPR": [0.7058823529411765, 0.8787878787878788], "PPR whole": 0.82, "PPR ratio": 0.8032454361054767}, "0.8-0.2": {"roc": 0.9938105263157895, "flag_rate": [0.031, 0.069], "flag_rate_ratio": 0.4492753623188405, "TPR": [0.96, 0.7866666666666666], "TPR whole": 0.83, "TPR ratio": 1.2203389830508475, "FPR": [0.0071794871794871795, 0.010810810810810811], "FPR whole": 0.008947368421052631, "FPR ratio": 0.6641025641025641, "PPR": [0.7741935483870968, 0.855072463768116], "PPR whole": 0.83, "PPR ratio": 0.9054127938764351}, "0.8-0.5": {"roc": 0.9940789473684211, "flag_rate": [0.033, 0.067], "flag_rate_ratio": 0.4925373134328358, "TPR": [0.96, 0.7733333333333333], "TPR whole": 0.82, "TPR ratio": 1.2413793103448276, "FPR": [0.009230769230769232, 0.00972972972972973], "FPR whole": 0.009473684210526316, "FPR ratio": 0.9487179487179489, "PPR": [0.7272727272727273, 0.8656716417910447], "PPR whole": 0.82, "PPR ratio": 0.8401253918495298}, "0.8-0.8": {"roc": 0.9905, "flag_rate": [0.034, 0.066], "flag_rate_ratio": 0.5151515151515151, "TPR": [0.96, 0.7333333333333333], "TPR whole": 0.79, "TPR ratio": 1.309090909090909, "FPR": [0.010256410256410256, 0.011891891891891892], "FPR whole": 0.011052631578947368, "FPR ratio": 0.8624708624708625,