{"0.01-0.01": {"roc": 0.9958842105263157, "flag_rate": [0.031, 0.069], "flag_rate_ratio": 0.4492753623188405, "TPR": [1.0, 0.825], "TPR whole": 0.86, "TPR ratio": 1.2121212121212122, "FPR": [0.011224489795918367, 0.003260869565217391], "FPR whole": 0.007368421052631579, "FPR ratio": 3.442176870748299, "PPR": [0.6451612903225806, 0.9565217391304348], "PPR whole": 0.86, "PPR ratio": 0.6744868035190615}, "0.01-0.2": {"roc": 0.9884105263157894, "flag_rate": [0.032, 0.068], "flag_rate_ratio": 0.47058823529411764, "TPR": [1.0, 0.7375], "TPR whole": 0.79, "TPR ratio": 1.3559322033898304, "FPR": [0.012244897959183673, 0.009782608695652175], "FPR whole": 0.011052631578947368, "FPR ratio": 1.2517006802721087, "PPR": [0.625, 0.8676470588235294], "PPR whole": 0.79, "PPR ratio": 0.7203389830508474}, "0.01-0.5": {"roc": 0.990542105263158, "flag_rate": [0.031, 0.069], "flag_rate_ratio": 0.4492753623188405, "TPR": [1.0, 0.75], "TPR whole": 0.8, "TPR ratio": 1.3333333333333333, "FPR": [0.011224489795918367, 0.009782608695652175], "FPR whole": 0.010526315789473684, "FPR ratio": 1.147392290249433, "PPR": [0.6451612903225806, 0.8695652173913043], "PPR whole": 0.8, "PPR ratio": 0.7419354838709677}, "0.01-0.8": {"roc": 0.9847157894736842, "flag_rate": [0.031, 0.069], "flag_rate_ratio": 0.4492753623188405, "TPR": [1.0, 0.725], "TPR whole": 0.78, "TPR ratio": 1.3793103448275863, "FPR": [0.011224489795918367, 0.011956521739130435], "FPR whole": 0.011578947368421053, "FPR ratio": 0.9387755102040816, "PPR": [0.6451612903225806, 0.8405797101449275], "PPR whole": 0.78, "PPR ratio": 0.7675194660734149}, "0.05-0.01": {"roc": 0.9930421052631578, "flag_rate": [0.029, 0.071], "flag_rate_ratio": 0.4084507042253522, "TPR": [1.0, 0.8], "TPR whole": 0.84, "TPR ratio": 1.25, "FPR": [0.009183673469387756, 0.007608695652173913], "FPR whole": 0.008421052631578947, "FPR ratio": 1.206997084548105, "PPR": [0.6896551724137931, 0.9014084507042254], "PPR whole": 0.84, "PPR ratio": 0.7650862068965517}, "0.05-0.2": {"roc": 0.9931947368421052, "flag_rate": [0.03, 0.07], "flag_rate_ratio": 0.4285714285714285, "TPR": [1.0, 0.775], "TPR whole": 0.82, "TPR ratio": 1.2903225806451613, "FPR": [0.01020408163265306, 0.008695652173913044], "FPR whole": 0.009473684210526316, "FPR ratio": 1.173469387755102, "PPR": [0.6666666666666666, 0.8857142857142857], "PPR whole": 0.82, "PPR ratio": 0.7526881720430108}, "0.05-0.5": {"roc": 0.9953368421052632, "flag_rate": [0.031, 0.069], "flag_rate_ratio": 0.4492753623188405, "TPR": [1.0, 0.825], "TPR whole": 0.86, "TPR ratio": 1.2121212121212122, "FPR": [0.011224489795918367, 0.003260869565217391], "FPR whole": 0.007368421052631579, "FPR ratio": 3.442176870748299, "PPR": [0.6451612903225806, 0.9565217391304348], "PPR whole": 0.86, "PPR ratio": 0.6744868035190615}, "0.05-0.8": {"roc": 0.9913105263157894, "flag_rate": [0.033, 0.067], "flag_rate_ratio": 0.4925373134328358, "TPR": [1.0, 0.75], "TPR whole": 0.8, "TPR ratio": 1.3333333333333333, "FPR": [0.013265306122448979, 0.007608695652173913], "FPR whole": 0.010526315789473684, "FPR ratio": 1.7434402332361514, "PPR": [0.6060606060606061, 0.8955223880597015], "PPR whole": 0.8, "PPR ratio": 0.6767676767676768}, "0.2-0.01": {"roc": 0.9952631578947368, "flag_rate": [0.029, 0.071], "flag_rate_ratio": 0.4084507042253522, "TPR": [1.0, 0.825], "TPR whole": 0.86, "TPR ratio": 1.2121212121212122, "FPR": [0.009183673469387756, 0.005434782608695652], "FPR whole": 0.007368421052631579, "FPR ratio": 1.6897959183673472, "PPR": [0.6896551724137931, 0.9295774647887324], "PPR whole": 0.86, "PPR ratio": 0.741901776384535}, "0.2-0.2": {"roc": 0.986378947368421, "flag_rate": [0.031, 0.069], "flag_rate_ratio": 0.4492753623188405, "TPR": [1.0, 0.7125], "TPR whole": 0.77, "TPR ratio": 1.4035087719298245, "FPR": [0.011224489795918367, 0.013043478260869565], "FPR whole": 0.012105263157894737, "FPR ratio": 0.8605442176870748, "PPR": [0.6451612903225806, 0.8260869565217391], "PPR whole": 0.77, "PPR ratio": 0.7809847198641765}, "0.2-0.5": {"roc": 0.9902315789473684, "flag_rate": [0.03, 0.07], "flag_rate_ratio": 0.4285714285714285, "TPR": [1.0, 0.75], "TPR whole": 0.8, "TPR ratio": 1.3333333333333333, "FPR": [0.01020408163265306, 0.010869565217391304], "FPR whole": 0.010526315789473684, "FPR ratio": 0.9387755102040816, "PPR": [0.6666666666666666, 0.8571428571428571], "PPR whole": 0.8, "PPR ratio": 0.7777777777777778}, "0.2-0.8": {"roc": 0.9923736842105263, "flag_rate": [0.03, 0.07], "flag_rate_ratio": 0.4285714285714285, "TPR": [1.0, 0.775], "TPR whole": 0.82, "TPR ratio": 1.2903225806451613, "FPR": [0.01020408163265306, 0.008695652173913044], "FPR whole": 0.009473684210526316, "FPR ratio": 1.173469387755102, "PPR": [0.6666666666666666, 0.8857142857142857], "PPR whole": 0.82, "PPR ratio": 0.7526881720430108}, "0.5-0.01": {"roc": 0.9936789473684211, "flag_rate": [0.028, 0.072], "flag_rate_ratio": 0.38888888888888895, "TPR": [1.0, 0.8125], "TPR whole": 0.85, "TPR ratio": 1.2307692307692308, "FPR": [0.00816326530612245, 0.007608695652173913], "FPR whole": 0.007894736842105263, "FPR ratio": 1.0728862973760933, "PPR": [0.7142857142857143, 0.9027777777777778], "PPR whole": 0.85, "PPR ratio": 0.7912087912087912}, "0.5-0.2": {"roc": 0.9958894736842105, "flag_rate": [0.029, 0.071], "flag_rate_ratio": 0.4084507042253522, "TPR": [1.0, 0.825], "TPR whole": 0.86, "TPR ratio": 1.2121212121212122, "FPR": [0.009183673469387756, 0.005434782608695652], "FPR whole": 0.007368421052631579, "FPR ratio": 1.6897959183673472, "PPR": [0.6896551724137931, 0.9295774647887324], "PPR whole": 0.86, "PPR ratio": 0.741901776384535}, "0.5-0.5": {"roc": 0.9897421052631579, "flag_rate": [0.03, 0.07], "flag_rate_ratio": 0.4285714285714285, "TPR": [1.0, 0.725], "TPR whole": 0.78, "TPR ratio": 1.3793103448275863, "FPR": [0.01020408163265306, 0.013043478260869565], "FPR whole": 0.011578947368421053, "FPR ratio": 0.782312925170068, "PPR": [0.6666666666666666, 0.8285714285714286], "PPR whole": 0.78, "PPR ratio": 0.8045977011494252}, "0.5-0.8": {"roc": 0.9911263157894737, "flag_rate": [0.031, 0.069], "flag_rate_ratio": 0.4492753623188405, "TPR": [1.0, 0.7375], "TPR whole": 0.79, "TPR ratio": 1.3559322033898304, "FPR": [0.011224489795918367, 0.010869565217391304], "FPR whole": 0.011052631578947368, "FPR ratio": 1.0326530612244897, "PPR": [0.6451612903225806, 0.855072463768116], "PPR whole": 0.79, "PPR ratio": 0.754510661563696}, "0.8-0.01": {"roc": 0.9869947368421053, "flag_rate": [0.03, 0.07], "flag_rate_ratio": 0.4285714285714285, "TPR": [1.0, 0.7375], "TPR whole": 0.79, "TPR ratio": 1.3559322033898304, "FPR": [0.01020408163265306, 0.011956521739130435], "FPR whole": 0.011052631578947368, "FPR ratio": 0.8534322820037105, "PPR": [0.6666666666666666, 0.8428571428571429], "PPR whole": 0.79, "PPR ratio": 0.7909604519774011}, "0.8-0.2": {"roc": 0.9868684210526316, "flag_rate": [0.033, 0.067], "flag_rate_ratio": 0.4925373134328358, "TPR": [1.0, 0.725], "TPR whole": 0.78, "TPR ratio": 1.3793103448275863, "FPR": [0.013265306122448979, 0.009782608695652175], "FPR whole": 0.011578947368421053, "FPR ratio": 1.3560090702947845, "PPR": [0.6060606060606061, 0.8656716417910447], "PPR whole": 0.78, "PPR ratio": 0.7001044932079415}, "0.8-0.5": {"roc": 0.9843631578947368, "flag_rate": [0.033, 0.067], "flag_rate_ratio": 0.4925373134328358, "TPR": [1.0, 0.6875], "TPR whole": 0.75, "TPR ratio": 1.4545454545454546, "FPR": [0.013265306122448979, 0.013043478260869565], "FPR whole": 0.013157894736842105, "FPR ratio": 1.0170068027210883, "PPR": [0.6060606060606061, 0.8208955223880597], "PPR whole": 0.75, "PPR ratio": 0.7382920110192838}, "0.8-0.8": {"roc": 0.9938157894736842, "flag_rate": [0.03, 0.07], "flag_rate_ratio": 0.4285714285714285, "TPR": [1.0, 0.8125], "TPR whole": 0.85, "TPR ratio": 1.2307692307692308, "FPR": [0.01020408163265306, 0.005434782608695652], "FPR whole": 0.007894736842105263, "FPR ratio": 1.8775510204081631, "PPR": [0.6666666666666666, 0.9285714285714286], "PPR whole": 0.85,