{"0.01-0.01": {"roc": 0.9939052631578946, "flag_rate": [0.039, 0.061], "flag_rate_ratio": 0.639344262295082, "TPR": [1.0, 0.7313432835820896], "TPR whole": 0.82, "TPR ratio": 1.3673469387755102, "FPR": [0.0062047569803516025, 0.012861736334405145], "FPR whole": 0.009473684210526316, "FPR ratio": 0.4824198552223371, "PPR": [0.8461538461538461, 0.8032786885245902], "PPR whole": 0.82, "PPR ratio": 1.053375196232339}, "0.01-0.2": {"roc": 0.9940210526315789, "flag_rate": [0.04, 0.06], "flag_rate_ratio": 0.6666666666666667, "TPR": [1.0, 0.7313432835820896], "TPR whole": 0.82, "TPR ratio": 1.3673469387755102, "FPR": [0.007238883143743537, 0.011789924973204717], "FPR whole": 0.009473684210526316, "FPR ratio": 0.6139889066466109, "PPR": [0.825, 0.8166666666666667], "PPR whole": 0.82, "PPR ratio": 1.010204081632653}, "0.01-0.5": {"roc": 0.9944894736842105, "flag_rate": [0.037, 0.063], "flag_rate_ratio": 0.5873015873015872, "TPR": [1.0, 0.7611940298507462], "TPR whole": 0.84, "TPR ratio": 1.3137254901960784, "FPR": [0.004136504653567736, 0.012861736334405145], "FPR whole": 0.008421052631578947, "FPR ratio": 0.32161323681489146, "PPR": [0.8918918918918919, 0.8095238095238095], "PPR whole": 0.84, "PPR ratio": 1.1017488076311606}, "0.01-0.8": {"roc": 0.9933368421052632, "flag_rate": [0.039, 0.061], "flag_rate_ratio": 0.639344262295082, "TPR": [0.9696969696969697, 0.746268656716418], "TPR whole": 0.82, "TPR ratio": 1.2993939393939393, "FPR": [0.007238883143743537, 0.011789924973204717], "FPR whole": 0.009473684210526316, "FPR ratio": 0.6139889066466109, "PPR": [0.8205128205128205, 0.819672131147541], "PPR whole": 0.82, "PPR ratio": 1.001025641025641}, "0.05-0.01": {"roc": 0.9943631578947367, "flag_rate": [0.039, 0.061], "flag_rate_ratio": 0.639344262295082, "TPR": [1.0, 0.7313432835820896], "TPR whole": 0.82, "TPR ratio": 1.3673469387755102, "FPR": [0.0062047569803516025, 0.012861736334405145], "FPR whole": 0.009473684210526316, "FPR ratio": 0.4824198552223371, "PPR": [0.8461538461538461, 0.8032786885245902], "PPR whole": 0.82, "PPR ratio": 1.053375196232339}, "0.05-0.2": {"roc": 0.9935631578947368, "flag_rate": [0.039, 0.061], "flag_rate_ratio": 0.639344262295082, "TPR": [1.0, 0.7164179104477612], "TPR whole": 0.81, "TPR ratio": 1.3958333333333335, "FPR": [0.0062047569803516025, 0.013933547695605574], "FPR whole": 0.01, "FPR ratio": 0.4453106355898496, "PPR": [0.8461538461538461, 0.7868852459016393], "PPR whole": 0.81, "PPR ratio": 1.0753205128205128}, "0.05-0.5": {"roc": 0.9928631578947368, "flag_rate": [0.039, 0.061], "flag_rate_ratio": 0.639344262295082, "TPR": [0.9696969696969697, 0.7164179104477612], "TPR whole": 0.8, "TPR ratio": 1.3535353535353536, "FPR": [0.007238883143743537, 0.013933547695605574], "FPR whole": 0.010526315789473684, "FPR ratio": 0.5195290748548246, "PPR": [0.8205128205128205, 0.7868852459016393], "PPR whole": 0.8, "PPR ratio": 1.0427350427350428}, "0.05-0.8": {"roc": 0.9933684210526316, "flag_rate": [0.038, 0.062], "flag_rate_ratio": 0.6129032258064516, "TPR": [0.9696969696969697, 0.7313432835820896], "TPR whole": 0.81, "TPR ratio": 1.3259121830550402, "FPR": [0.0062047569803516025, 0.013933547695605574], "FPR whole": 0.01, "FPR ratio": 0.4453106355898496, "PPR": [0.8421052631578947, 0.7903225806451613], "PPR whole": 0.81, "PPR ratio": 1.0655209452201932}, "0.2-0.01": {"roc": 0.9955263157894737, "flag_rate": [0.036, 0.064], "flag_rate_ratio": 0.5625, "TPR": [1.0, 0.7761194029850746], "TPR whole": 0.85, "TPR ratio": 1.2884615384615383, "FPR": [0.0031023784901758012, 0.012861736334405145], "FPR whole": 0.007894736842105263, "FPR ratio": 0.24120992761116855, "PPR": [0.9166666666666666, 0.8125], "PPR whole": 0.85, "PPR ratio": 1.1282051282051282}, "0.2-0.2": {"roc": 0.9936947368421053, "flag_rate": [0.037, 0.063], "flag_rate_ratio": 0.5873015873015872, "TPR": [0.9393939393939394, 0.7611940298507462], "TPR whole": 0.82, "TPR ratio": 1.2341057635175283, "FPR": [0.0062047569803516025, 0.012861736334405145], "FPR whole": 0.009473684210526316, "FPR ratio": 0.4824198552223371, "PPR": [0.8378378378378378, 0.8095238095238095], "PPR whole": 0.82, "PPR ratio": 1.0349761526232115}, "0.2-0.5": {"roc": 0.9939210526315789, "flag_rate": [0.037, 0.063], "flag_rate_ratio": 0.5873015873015872, "TPR": [0.9393939393939394, 0.746268656716418], "TPR whole": 0.81, "TPR ratio": 1.2587878787878788, "FPR": [0.0062047569803516025, 0.013933547695605574], "FPR whole": 0.01, "FPR ratio": 0.4453106355898496, "PPR": [0.8378378378378378, 0.7936507936507936], "PPR whole": 0.81, "PPR ratio": 1.0556756756756758}, "0.2-0.8": {"roc": 0.9929526315789474, "flag_rate": [0.038, 0.062], "flag_rate_ratio": 0.6129032258064516, "TPR": [0.9393939393939394, 0.7313432835820896], "TPR whole": 0.8, "TPR ratio": 1.2844774273345703, "FPR": [0.007238883143743537, 0.013933547695605574], "FPR whole": 0.010526315789473684, "FPR ratio": 0.5195290748548246, "PPR": [0.8157894736842105, 0.7903225806451613], "PPR whole": 0.8, "PPR ratio": 1.0322234156820622}, "0.5-0.01": {"roc": 0.9938473684210526, "flag_rate": [0.039, 0.061], "flag_rate_ratio": 0.639344262295082, "TPR": [1.0, 0.7164179104477612], "TPR whole": 0.81, "TPR ratio": 1.3958333333333335, "FPR": [0.0062047569803516025, 0.013933547695605574], "FPR whole": 0.01, "FPR ratio": 0.4453106355898496, "PPR": [0.8461538461538461, 0.7868852459016393], "PPR whole": 0.81, "PPR ratio": 1.0753205128205128}, "0.5-0.2": {"roc": 0.9923894736842106, "flag_rate": [0.037, 0.063], "flag_rate_ratio": 0.5873015873015872, "TPR": [0.9090909090909091, 0.7313432835820896], "TPR whole": 0.79, "TPR ratio": 1.2430426716141, "FPR": [0.007238883143743537, 0.015005359056806002], "FPR whole": 0.011052631578947368, "FPR ratio": 0.48241985522233716, "PPR": [0.8108108108108109, 0.7777777777777778], "PPR whole": 0.79, "PPR ratio": 1.0424710424710426}, "0.5-0.5": {"roc": 0.9925473684210526, "flag_rate": [0.037, 0.063], "flag_rate_ratio": 0.5873015873015872, "TPR": [0.9393939393939394, 0.7164179104477612], "TPR whole": 0.79, "TPR ratio": 1.311237373737374, "FPR": [0.0062047569803516025, 0.01607717041800643], "FPR whole": 0.011052631578947368, "FPR ratio": 0.3859358841778697, "PPR": [0.8378378378378378, 0.7619047619047619], "PPR whole": 0.79, "PPR ratio": 1.0996621621621623}, "0.5-0.8": {"roc": 0.9944736842105264, "flag_rate": [0.036, 0.064], "flag_rate_ratio": 0.5625, "TPR": [0.9393939393939394, 0.7611940298507462], "TPR whole": 0.82, "TPR ratio": 1.2341057635175283, "FPR": [0.005170630816959669, 0.013933547695605574], "FPR whole": 0.009473684210526316, "FPR ratio": 0.37109219632487467, "PPR": [0.8611111111111112, 0.796875], "PPR whole": 0.82, "PPR ratio": 1.0806100217864925}, "0.8-0.01": {"roc": 0.9936157894736841, "flag_rate": [0.038, 0.062], "flag_rate_ratio": 0.6129032258064516, "TPR": [1.0, 0.7313432835820896], "TPR whole": 0.82, "TPR ratio": 1.3673469387755102, "FPR": [0.005170630816959669, 0.013933547695605574], "FPR whole": 0.009473684210526316, "FPR ratio": 0.37109219632487467, "PPR": [0.868421052631579, 0.7903225806451613], "PPR whole": 0.82, "PPR ratio": 1.0988184747583245}, "0.8-0.2": {"roc": 0.993857894736842, "flag_rate": [0.037, 0.063], "flag_rate_ratio": 0.5873015873015872, "TPR": [1.0, 0.746268656716418], "TPR whole": 0.83, "TPR ratio": 1.3399999999999999, "FPR": [0.004136504653567736, 0.013933547695605574], "FPR whole": 0.008947368421052631, "FPR ratio": 0.29687375705989977, "PPR": [0.8918918918918919, 0.7936507936507936], "PPR whole": 0.83, "PPR ratio": 1.1237837837837839}, "0.8-0.5": {"roc": 0.9950263157894736, "flag_rate": [0.036, 0.064], "flag_rate_ratio": 0.5625, "TPR": [1.0, 0.7761194029850746], "TPR whole": 0.85, "TPR ratio": 1.2884615384615383, "FPR": [0.0031023784901758012, 0.012861736334405145], "FPR whole": 0.007894736842105263, "FPR ratio": 0.24120992761116855, "PPR": [0.9166666666666666, 0.8125], "PPR whole": 0.85, "PPR ratio": 1.1282051282051282}, "0.8-0.8": {"roc": 0.9934052631578948, "flag_rate": [0.034, 0.066],