{"0.01-0.01": {"roc": 0.9475345823121338, "flag_rate": [0.1, 0.0825], "flag_rate_ratio": 1.2121212121212122, "TPR": [0.83, 0.696969696969697], "TPR whole": 0.7969924812030075, "TPR ratio": 1.190869565217391, "FPR": [0.01888888888888889, 0.027247956403269755], "FPR whole": 0.021310181531176007, "FPR ratio": 0.6932222222222222, "PPR": [0.83, 0.696969696969697], "PPR whole": 0.7969924812030075, "PPR ratio": 1.190869565217391}, "0.01-0.2": {"roc": 0.9382710920948781, "flag_rate": [0.092, 0.1025], "flag_rate_ratio": 0.8975609756097561, "TPR": [0.8, 0.696969696969697], "TPR whole": 0.7744360902255639, "TPR ratio": 1.1478260869565218, "FPR": [0.013333333333333334, 0.04904632152588556], "FPR whole": 0.02367797947908445, "FPR ratio": 0.27185185185185184, "PPR": [0.8695652173913043, 0.5609756097560976], "PPR whole": 0.7744360902255639, "PPR ratio": 1.5500945179584118}, "0.01-0.5": {"roc": 0.9276308371560313, "flag_rate": [0.089, 0.11], "flag_rate_ratio": 0.8090909090909091, "TPR": [0.76, 0.6666666666666666], "TPR whole": 0.7368421052631579, "TPR ratio": 1.1400000000000001, "FPR": [0.014444444444444444, 0.05994550408719346], "FPR whole": 0.027624309392265192, "FPR ratio": 0.24095959595959596, "PPR": [0.8539325842696629, 0.5], "PPR whole": 0.7368421052631579, "PPR ratio": 1.7078651685393258}, "0.01-0.8": {"roc": 0.9111037261662442, "flag_rate": [0.098, 0.0875], "flag_rate_ratio": 1.12, "TPR": [0.76, 0.6363636363636364], "TPR whole": 0.7293233082706767, "TPR ratio": 1.1942857142857144, "FPR": [0.024444444444444446, 0.03814713896457766], "FPR whole": 0.028413575374901343, "FPR ratio": 0.6407936507936508, "PPR": [0.7755102040816326, 0.6], "PPR whole": 0.7293233082706767, "PPR ratio": 1.2925170068027212}, "0.05-0.01": {"roc": 0.9452261276711906, "flag_rate": [0.096, 0.0925], "flag_rate_ratio": 1.037837837837838, "TPR": [0.8, 0.696969696969697], "TPR whole": 0.7744360902255639, "TPR ratio": 1.1478260869565218, "FPR": [0.017777777777777778, 0.03814713896457766], "FPR whole": 0.02367797947908445, "FPR ratio": 0.466031746031746, "PPR": [0.8333333333333334, 0.6216216216216216], "PPR whole": 0.7744360902255639, "PPR ratio": 1.3405797101449277}, "0.05-0.2": {"roc": 0.9207114075638979, "flag_rate": [0.1, 0.0825], "flag_rate_ratio": 1.2121212121212122, "TPR": [0.78, 0.6363636363636364], "TPR whole": 0.7443609022556391, "TPR ratio": 1.2257142857142858, "FPR": [0.024444444444444446, 0.0326975476839237], "FPR whole": 0.026835043409629045, "FPR ratio": 0.7475925925925927, "PPR": [0.78, 0.6363636363636364], "PPR whole": 0.7443609022556391, "PPR ratio": 1.2257142857142858}, "0.05-0.5": {"roc": 0.9232809727554877, "flag_rate": [0.094, 0.0975], "flag_rate_ratio": 0.9641025641025641, "TPR": [0.76, 0.6666666666666666], "TPR whole": 0.7368421052631579, "TPR ratio": 1.1400000000000001, "FPR": [0.02, 0.04632152588555858], "FPR whole": 0.027624309392265192, "FPR ratio": 0.431764705882353, "PPR": [0.8085106382978723, 0.5641025641025641], "PPR whole": 0.7368421052631579, "PPR ratio": 1.4332688588007736}, "0.05-0.8": {"roc": 0.9198153236287245, "flag_rate": [0.095, 0.095], "flag_rate_ratio": 1.0, "TPR": [0.78, 0.6666666666666666], "TPR whole": 0.7518796992481203, "TPR ratio": 1.1700000000000002, "FPR": [0.01888888888888889, 0.043596730245231606], "FPR whole": 0.026045777426992895, "FPR ratio": 0.4332638888888889, "PPR": [0.8210526315789474, 0.5789473684210527], "PPR whole": 0.7518796992481203, "PPR ratio": 1.4181818181818182}, "0.2-0.01": {"roc": 0.945718677119001, "flag_rate": [0.098, 0.0875], "flag_rate_ratio": 1.12, "TPR": [0.82, 0.7575757575757576], "TPR whole": 0.8045112781954887, "TPR ratio": 1.0824, "FPR": [0.017777777777777778, 0.027247956403269755], "FPR whole": 0.020520915548539857, "FPR ratio": 0.6524444444444445, "PPR": [0.8367346938775511, 0.7142857142857143], "PPR whole": 0.8045112781954887, "PPR ratio": 1.1714285714285715}, "0.2-0.2": {"roc": 0.9269305861338428, "flag_rate": [0.095, 0.095], "flag_rate_ratio": 1.0, "TPR": [0.79, 0.7272727272727273], "TPR whole": 0.7744360902255639, "TPR ratio": 1.08625, "FPR": [0.017777777777777778, 0.03814713896457766], "FPR whole": 0.02367797947908445, "FPR ratio": 0.466031746031746, "PPR": [0.8315789473684211, 0.631578947368421], "PPR whole": 0.7744360902255639, "PPR ratio": 1.3166666666666669}, "0.2-0.5": {"roc": 0.9119404667944526, "flag_rate": [0.094, 0.0975], "flag_rate_ratio": 0.9641025641025641, "TPR": [0.76, 0.6666666666666666], "TPR whole": 0.7368421052631579, "TPR ratio": 1.1400000000000001, "FPR": [0.02, 0.04632152588555858], "FPR whole": 0.027624309392265192, "FPR ratio": 0.431764705882353, "PPR": [0.8085106382978723, 0.5641025641025641], "PPR whole": 0.7368421052631579, "PPR ratio": 1.4332688588007736}, "0.2-0.8": {"roc": 0.9249069793663321, "flag_rate": [0.091, 0.105], "flag_rate_ratio": 0.8666666666666667, "TPR": [0.77, 0.6363636363636364], "TPR whole": 0.7368421052631579, "TPR ratio": 1.21, "FPR": [0.015555555555555555, 0.05722070844686648], "FPR whole": 0.027624309392265192, "FPR ratio": 0.27185185185185184, "PPR": [0.8461538461538461, 0.5], "PPR whole": 0.7368421052631579, "PPR ratio": 1.6923076923076923}, "0.5-0.01": {"roc": 0.9433924194859682, "flag_rate": [0.099, 0.085], "flag_rate_ratio": 1.1647058823529413, "TPR": [0.83, 0.696969696969697], "TPR whole": 0.7969924812030075, "TPR ratio": 1.190869565217391, "FPR": [0.017777777777777778, 0.02997275204359673], "FPR whole": 0.021310181531176007, "FPR ratio": 0.5931313131313132, "PPR": [0.8383838383838383, 0.6764705882352942], "PPR whole": 0.7969924812030075, "PPR ratio": 1.2393500219587175}, "0.5-0.2": {"roc": 0.9210021897680271, "flag_rate": [0.093, 0.1], "flag_rate_ratio": 0.9299999999999999, "TPR": [0.74, 0.696969696969697], "TPR whole": 0.7293233082706767, "TPR ratio": 1.0617391304347825, "FPR": [0.021111111111111112, 0.04632152588555858], "FPR whole": 0.028413575374901343, "FPR ratio": 0.45575163398692814, "PPR": [0.7956989247311828, 0.575], "PPR whole": 0.7293233082706767, "PPR ratio": 1.3838242169237962}, "0.5-0.5": {"roc": 0.9166760626902695, "flag_rate": [0.092, 0.1025], "flag_rate_ratio": 0.8975609756097561, "TPR": [0.74, 0.6363636363636364], "TPR whole": 0.7142857142857143, "TPR ratio": 1.1628571428571428, "FPR": [0.02, 0.05449591280653951], "FPR whole": 0.02999210734017364, "FPR ratio": 0.367, "PPR": [0.8043478260869565, 0.5121951219512195], "PPR whole": 0.7142857142857143, "PPR ratio": 1.5703933747412009}, "0.5-0.8": {"roc": 0.9149788441110669, "flag_rate": [0.087, 0.115], "flag_rate_ratio": 0.7565217391304347, "TPR": [0.74, 0.696969696969697], "TPR whole": 0.7293233082706767, "TPR ratio": 1.0617391304347825, "FPR": [0.014444444444444444, 0.06267029972752043], "FPR whole": 0.028413575374901343, "FPR ratio": 0.23048309178743961, "PPR": [0.8505747126436781, 0.5], "PPR whole": 0.7293233082706767, "PPR ratio": 1.7011494252873562}, "0.8-0.01": {"roc": 0.9424904012200984, "flag_rate": [0.097, 0.09], "flag_rate_ratio": 1.077777777777778, "TPR": [0.82, 0.696969696969697], "TPR whole": 0.7894736842105263, "TPR ratio": 1.1765217391304346, "FPR": [0.016666666666666666, 0.035422343324250684], "FPR whole": 0.022099447513812154, "FPR ratio": 0.47051282051282045, "PPR": [0.845360824742268, 0.6388888888888888], "PPR whole": 0.7894736842105263, "PPR ratio": 1.3231734648139848}, "0.8-0.2": {"roc": 0.9278326043997127, "flag_rate": [0.09, 0.1075], "flag_rate_ratio": 0.8372093023255813, "TPR": [0.77, 0.6363636363636364], "TPR whole": 0.7368421052631579, "TPR ratio": 1.21, "FPR": [0.014444444444444444, 0.05994550408719346], "FPR whole": 0.027624309392265192, "FPR ratio": 0.24095959595959596, "PPR": [0.8555555555555555, 0.4883720930232558], "PPR whole": 0.7368421052631579, "PPR ratio": 1.7518518518518518}, "0.8-0.5": {"roc": 0.9163259371791752, "flag_rate": [0.093, 0.1], "flag_rate_ratio": 0.9299999999999999, "TPR": [0.76, 0.6363636363636364], "TPR whole": 0.7293233082706767, "TPR ratio": 1.1942857142857144, "FPR": [0.01888888888888889, 0.051771117166212535],