{"0.01-0.01": {"roc": 0.9299826118239597, "flag_rate": [0.099, 0.125], "flag_rate_ratio": 0.792, "TPR": [0.81, 0.8333333333333334], "TPR whole": 0.8145161290322581, "TPR ratio": 0.972, "FPR": [0.02, 0.028409090909090908], "FPR whole": 0.02137546468401487, "FPR ratio": 0.7040000000000001, "PPR": [0.8181818181818182, 0.8], "PPR whole": 0.8145161290322581, "PPR ratio": 1.0227272727272727}, "0.01-0.2": {"roc": 0.9316839549106608, "flag_rate": [0.099, 0.125], "flag_rate_ratio": 0.792, "TPR": [0.8, 0.875], "TPR whole": 0.8145161290322581, "TPR ratio": 0.9142857142857144, "FPR": [0.021111111111111112, 0.022727272727272728], "FPR whole": 0.02137546468401487, "FPR ratio": 0.9288888888888889, "PPR": [0.8080808080808081, 0.84], "PPR whole": 0.8145161290322581, "PPR ratio": 0.962000962000962}, "0.01-0.5": {"roc": 0.933655114522125, "flag_rate": [0.095, 0.145], "flag_rate_ratio": 0.6551724137931035, "TPR": [0.79, 0.875], "TPR whole": 0.8064516129032258, "TPR ratio": 0.9028571428571429, "FPR": [0.017777777777777778, 0.045454545454545456], "FPR whole": 0.022304832713754646, "FPR ratio": 0.3911111111111111, "PPR": [0.8315789473684211, 0.7241379310344828], "PPR whole": 0.8064516129032258, "PPR ratio": 1.1483709273182958}, "0.01-0.8": {"roc": 0.9245787864252308, "flag_rate": [0.094, 0.15], "flag_rate_ratio": 0.6266666666666667, "TPR": [0.76, 0.875], "TPR whole": 0.782258064516129, "TPR ratio": 0.8685714285714285, "FPR": [0.02, 0.05113636363636364], "FPR whole": 0.02509293680297398, "FPR ratio": 0.3911111111111111, "PPR": [0.8085106382978723, 0.7], "PPR whole": 0.782258064516129, "PPR ratio": 1.155015197568389}, "0.05-0.01": {"roc": 0.9181931286725028, "flag_rate": [0.102, 0.11], "flag_rate_ratio": 0.9272727272727272, "TPR": [0.78, 0.7916666666666666], "TPR whole": 0.782258064516129, "TPR ratio": 0.985263157894737, "FPR": [0.02666666666666667, 0.017045454545454544], "FPR whole": 0.02509293680297398, "FPR ratio": 1.5644444444444447, "PPR": [0.7647058823529411, 0.8636363636363636], "PPR whole": 0.782258064516129, "PPR ratio": 0.8854489164086686}, "0.05-0.2": {"roc": 0.9365481472598632, "flag_rate": [0.096, 0.14], "flag_rate_ratio": 0.6857142857142856, "TPR": [0.79, 0.8333333333333334], "TPR whole": 0.7983870967741935, "TPR ratio": 0.948, "FPR": [0.01888888888888889, 0.045454545454545456], "FPR whole": 0.023234200743494422, "FPR ratio": 0.41555555555555557, "PPR": [0.8229166666666666, 0.7142857142857143], "PPR whole": 0.7983870967741935, "PPR ratio": 1.1520833333333333}, "0.05-0.5": {"roc": 0.9235070152296438, "flag_rate": [0.096, 0.14], "flag_rate_ratio": 0.6857142857142856, "TPR": [0.78, 0.875], "TPR whole": 0.7983870967741935, "TPR ratio": 0.8914285714285715, "FPR": [0.02, 0.03977272727272727], "FPR whole": 0.023234200743494422, "FPR ratio": 0.5028571428571429, "PPR": [0.8125, 0.75], "PPR whole": 0.7983870967741935, "PPR ratio": 1.0833333333333333}, "0.05-0.8": {"roc": 0.9282213095095336, "flag_rate": [0.097, 0.135], "flag_rate_ratio": 0.7185185185185184, "TPR": [0.78, 0.875], "TPR whole": 0.7983870967741935, "TPR ratio": 0.8914285714285715, "FPR": [0.021111111111111112, 0.03409090909090909], "FPR whole": 0.023234200743494422, "FPR ratio": 0.6192592592592593, "PPR": [0.8041237113402062, 0.7777777777777778], "PPR whole": 0.7983870967741935, "PPR ratio": 1.0338733431516938}, "0.2-0.01": {"roc": 0.937627413358916, "flag_rate": [0.098, 0.13], "flag_rate_ratio": 0.7538461538461538, "TPR": [0.8, 0.875], "TPR whole": 0.8145161290322581, "TPR ratio": 0.9142857142857144, "FPR": [0.02, 0.028409090909090908], "FPR whole": 0.02137546468401487, "FPR ratio": 0.7040000000000001, "PPR": [0.8163265306122449, 0.8076923076923077], "PPR whole": 0.8145161290322581, "PPR ratio": 1.010689990281827}, "0.2-0.2": {"roc": 0.9285286005516249, "flag_rate": [0.095, 0.145], "flag_rate_ratio": 0.6551724137931035, "TPR": [0.8, 0.875], "TPR whole": 0.8145161290322581, "TPR ratio": 0.9142857142857144, "FPR": [0.016666666666666666, 0.045454545454545456], "FPR whole": 0.02137546468401487, "FPR ratio": 0.36666666666666664, "PPR": [0.8421052631578947, 0.7241379310344828], "PPR whole": 0.8145161290322581, "PPR ratio": 1.162907268170426}, "0.2-0.5": {"roc": 0.9335651756805372, "flag_rate": [0.097, 0.135], "flag_rate_ratio": 0.7185185185185184, "TPR": [0.79, 0.8333333333333334], "TPR whole": 0.7983870967741935, "TPR ratio": 0.948, "FPR": [0.02, 0.03977272727272727], "FPR whole": 0.023234200743494422, "FPR ratio": 0.5028571428571429, "PPR": [0.8144329896907216, 0.7407407407407407], "PPR whole": 0.7983870967741935, "PPR ratio": 1.0994845360824743}, "0.2-0.8": {"roc": 0.9262576448015349, "flag_rate": [0.092, 0.16], "flag_rate_ratio": 0.575, "TPR": [0.79, 0.875], "TPR whole": 0.8064516129032258, "TPR ratio": 0.9028571428571429, "FPR": [0.014444444444444444, 0.0625], "FPR whole": 0.022304832713754646, "FPR ratio": 0.2311111111111111, "PPR": [0.8586956521739131, 0.65625], "PPR whole": 0.8064516129032258, "PPR ratio": 1.308488612836439}, "0.5-0.01": {"roc": 0.9378072910420914, "flag_rate": [0.097, 0.135], "flag_rate_ratio": 0.7185185185185184, "TPR": [0.81, 0.875], "TPR whole": 0.8225806451612904, "TPR ratio": 0.9257142857142858, "FPR": [0.017777777777777778, 0.03409090909090909], "FPR whole": 0.020446096654275093, "FPR ratio": 0.5214814814814815, "PPR": [0.8350515463917526, 0.7777777777777778], "PPR whole": 0.8225806451612904, "PPR ratio": 1.0736377025036818}, "0.5-0.2": {"roc": 0.9345020386137426, "flag_rate": [0.095, 0.145], "flag_rate_ratio": 0.6551724137931035, "TPR": [0.78, 0.875], "TPR whole": 0.7983870967741935, "TPR ratio": 0.8914285714285715, "FPR": [0.01888888888888889, 0.045454545454545456], "FPR whole": 0.023234200743494422, "FPR ratio": 0.41555555555555557, "PPR": [0.8210526315789474, 0.7241379310344828], "PPR whole": 0.7983870967741935, "PPR ratio": 1.1338345864661654}, "0.5-0.5": {"roc": 0.9099862093776232, "flag_rate": [0.101, 0.115], "flag_rate_ratio": 0.8782608695652174, "TPR": [0.76, 0.75], "TPR whole": 0.7580645161290323, "TPR ratio": 1.0133333333333334, "FPR": [0.027777777777777776, 0.028409090909090908], "FPR whole": 0.027881040892193308, "FPR ratio": 0.9777777777777777, "PPR": [0.7524752475247525, 0.782608695652174], "PPR whole": 0.7580645161290323, "PPR ratio": 0.9614961496149614}, "0.5-0.8": {"roc": 0.9323584962225686, "flag_rate": [0.095, 0.145], "flag_rate_ratio": 0.6551724137931035, "TPR": [0.78, 0.875], "TPR whole": 0.7983870967741935, "TPR ratio": 0.8914285714285715, "FPR": [0.01888888888888889, 0.045454545454545456], "FPR whole": 0.023234200743494422, "FPR ratio": 0.41555555555555557, "PPR": [0.8210526315789474, 0.7241379310344828], "PPR whole": 0.7983870967741935, "PPR ratio": 1.1338345864661654}, "0.8-0.01": {"roc": 0.936195886796978, "flag_rate": [0.097, 0.135], "flag_rate_ratio": 0.7185185185185184, "TPR": [0.81, 0.875], "TPR whole": 0.8225806451612904, "TPR ratio": 0.9257142857142858, "FPR": [0.017777777777777778, 0.03409090909090909], "FPR whole": 0.020446096654275093, "FPR ratio": 0.5214814814814815, "PPR": [0.8350515463917526, 0.7777777777777778], "PPR whole": 0.8225806451612904, "PPR ratio": 1.0736377025036818}, "0.8-0.2": {"roc": 0.9336925890394532, "flag_rate": [0.097, 0.135], "flag_rate_ratio": 0.7185185185185184, "TPR": [0.79, 0.8333333333333334], "TPR whole": 0.7983870967741935, "TPR ratio": 0.948, "FPR": [0.02, 0.03977272727272727], "FPR whole": 0.023234200743494422, "FPR ratio": 0.5028571428571429, "PPR": [0.8144329896907216, 0.7407407407407407], "PPR whole": 0.7983870967741935, "PPR ratio": 1.0994845360824743}, "0.8-0.5": {"roc": 0.9229448974697206, "flag_rate": [0.098, 0.13], "flag_rate_ratio": 0.7538461538461538, "TPR": [0.77, 0.8333333333333334], "TPR whole": 0.782258064516129, "TPR ratio": 0.9239999999999999, "FPR": [0.023333333333333334, 0.03409090909090909], "FPR whole": 0.02509293680297398, "FPR ratio": 0.6844444444444445, "PPR": [0.7857142857142857, 0.7692307692307693], "PPR whole": 0.782258064516129, "PPR ratio": 1.0214285714285714},