{"0.01-0.01": {"roc": 0.913856630442503, "flag_rate": [0.097, 0.09833333333333333], "flag_rate_ratio": 0.9864406779661018, "TPR": [0.77, 0.6607142857142857], "TPR whole": 0.7307692307692307, "TPR ratio": 1.1654054054054055, "FPR": [0.022222222222222223, 0.04044117647058824], "FPR whole": 0.029085872576177285, "FPR ratio": 0.5494949494949495, "PPR": [0.7938144329896907, 0.6271186440677966], "PPR whole": 0.7307692307692307, "PPR ratio": 1.2658122039565338}, "0.01-0.2": {"roc": 0.9066606293060587, "flag_rate": [0.098, 0.09666666666666666], "flag_rate_ratio": 1.013793103448276, "TPR": [0.71, 0.75], "TPR whole": 0.7243589743589743, "TPR ratio": 0.9466666666666667, "FPR": [0.03, 0.029411764705882353], "FPR whole": 0.029778393351800554, "FPR ratio": 1.02, "PPR": [0.7244897959183674, 0.7241379310344828], "PPR whole": 0.7243589743589743, "PPR ratio": 1.000485908649174}, "0.01-0.5": {"roc": 0.8953716528162511, "flag_rate": [0.101, 0.09166666666666666], "flag_rate_ratio": 1.101818181818182, "TPR": [0.73, 0.6964285714285714], "TPR whole": 0.717948717948718, "TPR ratio": 1.0482051282051281, "FPR": [0.03111111111111111, 0.029411764705882353], "FPR whole": 0.030470914127423823, "FPR ratio": 1.0577777777777777, "PPR": [0.7227722772277227, 0.7090909090909091], "PPR whole": 0.717948717948718, "PPR ratio": 1.0192942371160192}, "0.01-0.8": {"roc": 0.9042012927054478, "flag_rate": [0.096, 0.1], "flag_rate_ratio": 0.96, "TPR": [0.71, 0.6607142857142857], "TPR whole": 0.6923076923076923, "TPR ratio": 1.0745945945945945, "FPR": [0.027777777777777776, 0.042279411764705885], "FPR whole": 0.0332409972299169, "FPR ratio": 0.6570048309178743, "PPR": [0.7395833333333334, 0.6166666666666667], "PPR whole": 0.6923076923076923, "PPR ratio": 1.1993243243243243}, "0.05-0.01": {"roc": 0.9185977342140778, "flag_rate": [0.094, 0.10333333333333333], "flag_rate_ratio": 0.9096774193548387, "TPR": [0.74, 0.7678571428571429], "TPR whole": 0.75, "TPR ratio": 0.9637209302325581, "FPR": [0.022222222222222223, 0.034926470588235295], "FPR whole": 0.027008310249307478, "FPR ratio": 0.6362573099415205, "PPR": [0.7872340425531915, 0.6935483870967742], "PPR whole": 0.75, "PPR ratio": 1.1350816427511132}, "0.05-0.2": {"roc": 0.9068337594999644, "flag_rate": [0.1, 0.09333333333333334], "flag_rate_ratio": 1.0714285714285714, "TPR": [0.73, 0.6785714285714286], "TPR whole": 0.7115384615384616, "TPR ratio": 1.0757894736842104, "FPR": [0.03, 0.03308823529411765], "FPR whole": 0.031163434903047092, "FPR ratio": 0.9066666666666666, "PPR": [0.73, 0.6785714285714286], "PPR whole": 0.7115384615384616, "PPR ratio": 1.0757894736842104}, "0.05-0.5": {"roc": 0.9033533986788835, "flag_rate": [0.097, 0.09833333333333333], "flag_rate_ratio": 0.9864406779661018, "TPR": [0.73, 0.6607142857142857], "TPR whole": 0.7051282051282052, "TPR ratio": 1.104864864864865, "FPR": [0.02666666666666667, 0.04044117647058824], "FPR whole": 0.03185595567867036, "FPR ratio": 0.6593939393939394, "PPR": [0.7525773195876289, 0.6271186440677966], "PPR whole": 0.7051282051282052, "PPR ratio": 1.2000557258289217}, "0.05-0.8": {"roc": 0.888384295759642, "flag_rate": [0.099, 0.095], "flag_rate_ratio": 1.0421052631578949, "TPR": [0.67, 0.7142857142857143], "TPR whole": 0.6858974358974359, "TPR ratio": 0.9380000000000001, "FPR": [0.035555555555555556, 0.03125], "FPR whole": 0.03393351800554017, "FPR ratio": 1.1377777777777778, "PPR": [0.6767676767676768, 0.7017543859649122], "PPR whole": 0.6858974358974359, "PPR ratio": 0.9643939393939395}, "0.2-0.01": {"roc": 0.9259269124227574, "flag_rate": [0.102, 0.09], "flag_rate_ratio": 1.1333333333333333, "TPR": [0.77, 0.75], "TPR whole": 0.7628205128205128, "TPR ratio": 1.0266666666666666, "FPR": [0.027777777777777776, 0.022058823529411766], "FPR whole": 0.025623268698060944, "FPR ratio": 1.259259259259259, "PPR": [0.7549019607843137, 0.7777777777777778], "PPR whole": 0.7628205128205128, "PPR ratio": 0.9705882352941176}, "0.2-0.2": {"roc": 0.8990340223027204, "flag_rate": [0.101, 0.09166666666666666], "flag_rate_ratio": 1.101818181818182, "TPR": [0.67, 0.6964285714285714], "TPR whole": 0.6794871794871795, "TPR ratio": 0.9620512820512821, "FPR": [0.03777777777777778, 0.029411764705882353], "FPR whole": 0.03462603878116344, "FPR ratio": 1.2844444444444445, "PPR": [0.6633663366336634, 0.7090909090909091], "PPR whole": 0.6794871794871795, "PPR ratio": 0.9355166285859355}, "0.2-0.5": {"roc": 0.8950342708999218, "flag_rate": [0.095, 0.10166666666666667], "flag_rate_ratio": 0.9344262295081968, "TPR": [0.72, 0.7321428571428571], "TPR whole": 0.7243589743589743, "TPR ratio": 0.9834146341463414, "FPR": [0.025555555555555557, 0.03676470588235294], "FPR whole": 0.029778393351800554, "FPR ratio": 0.6951111111111111, "PPR": [0.7578947368421053, 0.6721311475409836], "PPR whole": 0.7243589743589743, "PPR ratio": 1.1275994865211811}, "0.2-0.8": {"roc": 0.9075884295759642, "flag_rate": [0.101, 0.09166666666666666], "flag_rate_ratio": 1.101818181818182, "TPR": [0.7, 0.6785714285714286], "TPR whole": 0.6923076923076923, "TPR ratio": 1.031578947368421, "FPR": [0.034444444444444444, 0.03125], "FPR whole": 0.0332409972299169, "FPR ratio": 1.1022222222222222, "PPR": [0.693069306930693, 0.6909090909090909], "PPR whole": 0.6923076923076923, "PPR ratio": 1.0031266284523188}, "0.5-0.01": {"roc": 0.923072483841182, "flag_rate": [0.1, 0.09333333333333334], "flag_rate_ratio": 1.0714285714285714, "TPR": [0.75, 0.7678571428571429], "TPR whole": 0.7564102564102564, "TPR ratio": 0.9767441860465116, "FPR": [0.027777777777777776, 0.02389705882352941], "FPR whole": 0.02631578947368421, "FPR ratio": 1.1623931623931625, "PPR": [0.75, 0.7678571428571429], "PPR whole": 0.7564102564102564, "PPR ratio": 0.9767441860465116}, "0.5-0.2": {"roc": 0.9033977910362951, "flag_rate": [0.095, 0.10166666666666667], "flag_rate_ratio": 0.9344262295081968, "TPR": [0.71, 0.75], "TPR whole": 0.7243589743589743, "TPR ratio": 0.9466666666666667, "FPR": [0.02666666666666667, 0.034926470588235295], "FPR whole": 0.029778393351800554, "FPR ratio": 0.7635087719298246, "PPR": [0.7473684210526316, 0.6885245901639344], "PPR whole": 0.7243589743589743, "PPR ratio": 1.0854636591478697}, "0.5-0.5": {"roc": 0.8937291355920165, "flag_rate": [0.094, 0.10333333333333333], "flag_rate_ratio": 0.9096774193548387, "TPR": [0.69, 0.75], "TPR whole": 0.7115384615384616, "TPR ratio": 0.9199999999999999, "FPR": [0.027777777777777776, 0.03676470588235294], "FPR whole": 0.031163434903047092, "FPR ratio": 0.7555555555555555, "PPR": [0.7340425531914894, 0.6774193548387096], "PPR whole": 0.7115384615384616, "PPR ratio": 1.0835866261398177}, "0.5-0.8": {"roc": 0.8873277576532423, "flag_rate": [0.096, 0.1], "flag_rate_ratio": 0.96, "TPR": [0.67, 0.6607142857142857], "TPR whole": 0.6666666666666666, "TPR ratio": 1.0140540540540541, "FPR": [0.03222222222222222, 0.042279411764705885], "FPR whole": 0.036011080332409975, "FPR ratio": 0.7621256038647343, "PPR": [0.6979166666666666, 0.6166666666666667], "PPR whole": 0.6666666666666666, "PPR ratio": 1.1317567567567566}, "0.8-0.01": {"roc": 0.8986122949073088, "flag_rate": [0.101, 0.09166666666666666], "flag_rate_ratio": 1.101818181818182, "TPR": [0.72, 0.7142857142857143], "TPR whole": 0.717948717948718, "TPR ratio": 1.008, "FPR": [0.03222222222222222, 0.027573529411764705], "FPR whole": 0.030470914127423823, "FPR ratio": 1.1685925925925926, "PPR": [0.7128712871287128, 0.7272727272727273], "PPR whole": 0.717948717948718, "PPR ratio": 0.9801980198019802}, "0.8-0.2": {"roc": 0.898647808793238, "flag_rate": [0.101, 0.09166666666666666], "flag_rate_ratio": 1.101818181818182, "TPR": [0.75, 0.6428571428571429], "TPR whole": 0.7115384615384616, "TPR ratio": 1.1666666666666665, "FPR": [0.028888888888888888, 0.034926470588235295], "FPR whole": 0.031163434903047092, "FPR ratio": 0.8271345029239765, "PPR": [0.7425742574257426, 0.6545454545454545], "PPR whole": 0.7115384615384616, "PPR ratio": 1.1344884488448845}, "0.8-0.5": {"roc": 0.8947945521698984,