{"0.01-0.01": {"roc": 0.9593014725393421, "flag_rate": [0.099, 0.09777777777777778], "flag_rate_ratio": 1.0125, "TPR": [0.83, 0.7701149425287356], "TPR whole": 0.8021390374331551, "TPR ratio": 1.0777611940298508, "FPR": [0.017777777777777778, 0.025830258302583026], "FPR whole": 0.021599532983070636, "FPR ratio": 0.6882539682539682, "PPR": [0.8383838383838383, 0.7613636363636364], "PPR whole": 0.8021390374331551, "PPR ratio": 1.101160862354892}, "0.01-0.2": {"roc": 0.9476666323271864, "flag_rate": [0.096, 0.10111111111111111], "flag_rate_ratio": 0.9494505494505495, "TPR": [0.82, 0.7701149425287356], "TPR whole": 0.7967914438502673, "TPR ratio": 1.064776119402985, "FPR": [0.015555555555555555, 0.02952029520295203], "FPR whole": 0.022183304144775248, "FPR ratio": 0.5269444444444444, "PPR": [0.8541666666666666, 0.7362637362637363], "PPR whole": 0.7967914438502673, "PPR ratio": 1.160136815920398}, "0.01-0.5": {"roc": 0.9514408533672982, "flag_rate": [0.099, 0.09777777777777778], "flag_rate_ratio": 1.0125, "TPR": [0.83, 0.7586206896551724], "TPR whole": 0.7967914438502673, "TPR ratio": 1.094090909090909, "FPR": [0.017777777777777778, 0.02706027060270603], "FPR whole": 0.022183304144775248, "FPR ratio": 0.656969696969697, "PPR": [0.8383838383838383, 0.75], "PPR whole": 0.7967914438502673, "PPR ratio": 1.1178451178451179}, "0.01-0.8": {"roc": 0.9452347727819038, "flag_rate": [0.102, 0.09444444444444444], "flag_rate_ratio": 1.0799999999999998, "TPR": [0.84, 0.7586206896551724], "TPR whole": 0.8021390374331551, "TPR ratio": 1.1072727272727272, "FPR": [0.02, 0.023370233702337023], "FPR whole": 0.021599532983070636, "FPR ratio": 0.8557894736842105, "PPR": [0.8235294117647058, 0.7764705882352941], "PPR whole": 0.8021390374331551, "PPR ratio": 1.0606060606060606}, "0.05-0.01": {"roc": 0.9578404837496215, "flag_rate": [0.104, 0.09222222222222222], "flag_rate_ratio": 1.127710843373494, "TPR": [0.84, 0.8045977011494253], "TPR whole": 0.8235294117647058, "TPR ratio": 1.044, "FPR": [0.022222222222222223, 0.015990159901599015], "FPR whole": 0.01926444833625219, "FPR ratio": 1.38974358974359, "PPR": [0.8076923076923077, 0.8433734939759037], "PPR whole": 0.8235294117647058, "PPR ratio": 0.9576923076923076}, "0.05-0.2": {"roc": 0.9461338428063472, "flag_rate": [0.097, 0.1], "flag_rate_ratio": 0.97, "TPR": [0.8, 0.7586206896551724], "TPR whole": 0.7807486631016043, "TPR ratio": 1.0545454545454547, "FPR": [0.01888888888888889, 0.02952029520295203], "FPR whole": 0.023934617629889084, "FPR ratio": 0.6398611111111111, "PPR": [0.8247422680412371, 0.7333333333333333], "PPR whole": 0.7807486631016043, "PPR ratio": 1.1246485473289598}, "0.05-0.5": {"roc": 0.9354792386625085, "flag_rate": [0.098, 0.09888888888888889], "flag_rate_ratio": 0.9910112359550562, "TPR": [0.78, 0.7241379310344828], "TPR whole": 0.7540106951871658, "TPR ratio": 1.0771428571428572, "FPR": [0.022222222222222223, 0.03198031980319803], "FPR whole": 0.026853473438412143, "FPR ratio": 0.694871794871795, "PPR": [0.7959183673469388, 0.7078651685393258], "PPR whole": 0.7540106951871658, "PPR ratio": 1.1243926141885325}, "0.05-0.8": {"roc": 0.942924662302431, "flag_rate": [0.095, 0.10222222222222223], "flag_rate_ratio": 0.9293478260869564, "TPR": [0.81, 0.735632183908046], "TPR whole": 0.7754010695187166, "TPR ratio": 1.10109375, "FPR": [0.015555555555555555, 0.03444034440344403], "FPR whole": 0.024518388791593695, "FPR ratio": 0.45166666666666666, "PPR": [0.8526315789473684, 0.6956521739130435], "PPR whole": 0.7754010695187166, "PPR ratio": 1.2256578947368422}, "0.2-0.01": {"roc": 0.9564637827746924, "flag_rate": [0.095, 0.10222222222222223], "flag_rate_ratio": 0.9293478260869564, "TPR": [0.84, 0.7586206896551724], "TPR whole": 0.8021390374331551, "TPR ratio": 1.1072727272727272, "FPR": [0.012222222222222223, 0.03198031980319803], "FPR whole": 0.021599532983070636, "FPR ratio": 0.38217948717948724, "PPR": [0.8842105263157894, 0.717391304347826], "PPR whole": 0.8021390374331551, "PPR ratio": 1.2325358851674642}, "0.2-0.2": {"roc": 0.9631474943105724, "flag_rate": [0.103, 0.09333333333333334], "flag_rate_ratio": 1.1035714285714284, "TPR": [0.84, 0.7931034482758621], "TPR whole": 0.8181818181818182, "TPR ratio": 1.0591304347826087, "FPR": [0.021111111111111112, 0.01845018450184502], "FPR whole": 0.0198482194979568, "FPR ratio": 1.1442222222222223, "PPR": [0.8155339805825242, 0.8214285714285714], "PPR whole": 0.8181818181818182, "PPR ratio": 0.9928239763613339}, "0.2-0.5": {"roc": 0.9476697540981048, "flag_rate": [0.102, 0.09444444444444444], "flag_rate_ratio": 1.0799999999999998, "TPR": [0.82, 0.7586206896551724], "TPR whole": 0.7914438502673797, "TPR ratio": 1.0809090909090908, "FPR": [0.022222222222222223, 0.023370233702337023], "FPR whole": 0.02276707530647986, "FPR ratio": 0.9508771929824562, "PPR": [0.803921568627451, 0.7764705882352941], "PPR whole": 0.7914438502673797, "PPR ratio": 1.0353535353535355}, "0.2-0.8": {"roc": 0.9452129203854761, "flag_rate": [0.096, 0.10111111111111111], "flag_rate_ratio": 0.9494505494505495, "TPR": [0.81, 0.7586206896551724], "TPR whole": 0.786096256684492, "TPR ratio": 1.0677272727272729, "FPR": [0.016666666666666666, 0.03075030750307503], "FPR whole": 0.023350846468184472, "FPR ratio": 0.542, "PPR": [0.84375, 0.7252747252747253], "PPR whole": 0.786096256684492, "PPR ratio": 1.1633522727272727}, "0.5-0.01": {"roc": 0.9653545863497444, "flag_rate": [0.102, 0.09444444444444444], "flag_rate_ratio": 1.0799999999999998, "TPR": [0.87, 0.7931034482758621], "TPR whole": 0.8342245989304813, "TPR ratio": 1.0969565217391304, "FPR": [0.016666666666666666, 0.01968019680196802], "FPR whole": 0.018096906012842966, "FPR ratio": 0.8468749999999999, "PPR": [0.8529411764705882, 0.8117647058823529], "PPR whole": 0.8342245989304813, "PPR ratio": 1.0507246376811594}, "0.5-0.2": {"roc": 0.9481505068195086, "flag_rate": [0.094, 0.10333333333333333], "flag_rate_ratio": 0.9096774193548387, "TPR": [0.79, 0.7586206896551724], "TPR whole": 0.7754010695187166, "TPR ratio": 1.0413636363636365, "FPR": [0.016666666666666666, 0.033210332103321034], "FPR whole": 0.024518388791593695, "FPR ratio": 0.5018518518518518, "PPR": [0.8404255319148937, 0.7096774193548387], "PPR whole": 0.7754010695187166, "PPR ratio": 1.1842359767891684}, "0.5-0.5": {"roc": 0.9460152155114554, "flag_rate": [0.091, 0.10666666666666667], "flag_rate_ratio": 0.8531249999999999, "TPR": [0.79, 0.7701149425287356], "TPR whole": 0.7807486631016043, "TPR ratio": 1.0258208955223882, "FPR": [0.013333333333333334, 0.03567035670356704], "FPR whole": 0.023934617629889084, "FPR ratio": 0.3737931034482759, "PPR": [0.8681318681318682, 0.6979166666666666], "PPR whole": 0.7807486631016043, "PPR ratio": 1.2438904379202889}, "0.5-0.8": {"roc": 0.9521292038547627, "flag_rate": [0.097, 0.1], "flag_rate_ratio": 0.97, "TPR": [0.83, 0.7816091954022989], "TPR whole": 0.8074866310160428, "TPR ratio": 1.0619117647058822, "FPR": [0.015555555555555555, 0.02706027060270603], "FPR whole": 0.021015761821366025, "FPR ratio": 0.5748484848484848, "PPR": [0.8556701030927835, 0.7555555555555555], "PPR whole": 0.8074866310160428, "PPR ratio": 1.132504548211037}, "0.8-0.01": {"roc": 0.9590361220112946, "flag_rate": [0.1, 0.09666666666666666], "flag_rate_ratio": 1.0344827586206897, "TPR": [0.85, 0.7586206896551724], "TPR whole": 0.8074866310160428, "TPR ratio": 1.1204545454545456, "FPR": [0.016666666666666666, 0.025830258302583026], "FPR whole": 0.021015761821366025, "FPR ratio": 0.6452380952380952, "PPR": [0.85, 0.7586206896551724], "PPR whole": 0.8074866310160428, "PPR ratio": 1.1204545454545456}, "0.8-0.2": {"roc": 0.9483346913036829, "flag_rate": [0.097, 0.1], "flag_rate_ratio": 0.97, "TPR": [0.8, 0.7816091954022989], "TPR whole": 0.7914438502673797, "TPR ratio": 1.0235294117647058, "FPR": [0.01888888888888889, 0.02706027060270603], "FPR whole": 0.02276707530647986, "FPR ratio": 0.698030303030303, "PPR": [0.8247422680412371, 0.7555555555555555], "PPR whole": 0.7914438502673797,