{"0.01-0.01": {"roc": 0.9912988826815643, "flag_rate": [0.102, 0.09898989898989899], "flag_rate_ratio": 1.0304081632653062, "TPR": [0.85, 0.86], "TPR whole": 0.855, "TPR ratio": 0.9883720930232558, "FPR": [0.01888888888888889, 0.01348314606741573], "FPR whole": 0.016201117318435754, "FPR ratio": 1.400925925925926, "PPR": [0.8333333333333334, 0.8775510204081632], "PPR whole": 0.855, "PPR ratio": 0.9496124031007752}, "0.01-0.2": {"roc": 0.9903435754189944, "flag_rate": [0.105, 0.09595959595959595], "flag_rate_ratio": 1.0942105263157895, "TPR": [0.87, 0.83], "TPR whole": 0.85, "TPR ratio": 1.0481927710843375, "FPR": [0.02, 0.01348314606741573], "FPR whole": 0.01675977653631285, "FPR ratio": 1.4833333333333334, "PPR": [0.8285714285714286, 0.8736842105263158], "PPR whole": 0.85, "PPR ratio": 0.9483648881239243}, "0.01-0.5": {"roc": 0.9893491620111732, "flag_rate": [0.102, 0.09898989898989899], "flag_rate_ratio": 1.0304081632653062, "TPR": [0.85, 0.86], "TPR whole": 0.855, "TPR ratio": 0.9883720930232558, "FPR": [0.01888888888888889, 0.01348314606741573], "FPR whole": 0.016201117318435754, "FPR ratio": 1.400925925925926, "PPR": [0.8333333333333334, 0.8775510204081632], "PPR whole": 0.855, "PPR ratio": 0.9496124031007752}, "0.01-0.8": {"roc": 0.9912625698324021, "flag_rate": [0.104, 0.09696969696969697], "flag_rate_ratio": 1.0725, "TPR": [0.9, 0.84], "TPR whole": 0.87, "TPR ratio": 1.0714285714285714, "FPR": [0.015555555555555555, 0.01348314606741573], "FPR whole": 0.01452513966480447, "FPR ratio": 1.1537037037037037, "PPR": [0.8653846153846154, 0.875], "PPR whole": 0.87, "PPR ratio": 0.989010989010989}, "0.05-0.01": {"roc": 0.993804469273743, "flag_rate": [0.105, 0.09595959595959595], "flag_rate_ratio": 1.0942105263157895, "TPR": [0.93, 0.86], "TPR whole": 0.895, "TPR ratio": 1.0813953488372094, "FPR": [0.013333333333333334, 0.010112359550561797], "FPR whole": 0.011731843575418994, "FPR ratio": 1.3185185185185186, "PPR": [0.8857142857142857, 0.9052631578947369], "PPR whole": 0.895, "PPR ratio": 0.9784053156146179}, "0.05-0.2": {"roc": 0.9885391061452514, "flag_rate": [0.1, 0.10101010101010101], "flag_rate_ratio": 0.9900000000000001, "TPR": [0.83, 0.85], "TPR whole": 0.84, "TPR ratio": 0.9764705882352941, "FPR": [0.01888888888888889, 0.016853932584269662], "FPR whole": 0.017877094972067038, "FPR ratio": 1.1207407407407408, "PPR": [0.83, 0.85], "PPR whole": 0.84, "PPR ratio": 0.9764705882352941}, "0.05-0.5": {"roc": 0.9932569832402235, "flag_rate": [0.105, 0.09595959595959595], "flag_rate_ratio": 1.0942105263157895, "TPR": [0.92, 0.85], "TPR whole": 0.885, "TPR ratio": 1.0823529411764707, "FPR": [0.014444444444444444, 0.011235955056179775], "FPR whole": 0.012849162011173185, "FPR ratio": 1.2855555555555556, "PPR": [0.8761904761904762, 0.8947368421052632], "PPR whole": 0.885, "PPR ratio": 0.9792717086834734}, "0.05-0.8": {"roc": 0.9875921787709496, "flag_rate": [0.099, 0.10202020202020202], "flag_rate_ratio": 0.9703960396039604, "TPR": [0.8, 0.85], "TPR whole": 0.825, "TPR ratio": 0.9411764705882354, "FPR": [0.021111111111111112, 0.017977528089887642], "FPR whole": 0.019553072625698324, "FPR ratio": 1.1743055555555555, "PPR": [0.8080808080808081, 0.8415841584158416], "PPR whole": 0.825, "PPR ratio": 0.960190136660725}, "0.2-0.01": {"roc": 0.9884301675977654, "flag_rate": [0.096, 0.10505050505050505], "flag_rate_ratio": 0.9138461538461539, "TPR": [0.78, 0.9], "TPR whole": 0.84, "TPR ratio": 0.8666666666666667, "FPR": [0.02, 0.015730337078651686], "FPR whole": 0.017877094972067038, "FPR ratio": 1.2714285714285714, "PPR": [0.8125, 0.8653846153846154], "PPR whole": 0.84, "PPR ratio": 0.9388888888888889}, "0.2-0.2": {"roc": 0.9932877094972068, "flag_rate": [0.104, 0.09696969696969697], "flag_rate_ratio": 1.0725, "TPR": [0.92, 0.85], "TPR whole": 0.885, "TPR ratio": 1.0823529411764707, "FPR": [0.013333333333333334, 0.012359550561797753], "FPR whole": 0.012849162011173185, "FPR ratio": 1.0787878787878789, "PPR": [0.8846153846153846, 0.8854166666666666], "PPR whole": 0.885, "PPR ratio": 0.9990950226244344}, "0.2-0.5": {"roc": 0.9860446927374302, "flag_rate": [0.099, 0.10202020202020202], "flag_rate_ratio": 0.9703960396039604, "TPR": [0.76, 0.85], "TPR whole": 0.805, "TPR ratio": 0.8941176470588236, "FPR": [0.025555555555555557, 0.017977528089887642], "FPR whole": 0.021787709497206705, "FPR ratio": 1.4215277777777777, "PPR": [0.7676767676767676, 0.8415841584158416], "PPR whole": 0.805, "PPR ratio": 0.9121806298276887}, "0.2-0.8": {"roc": 0.9930111731843576, "flag_rate": [0.105, 0.09595959595959595], "flag_rate_ratio": 1.0942105263157895, "TPR": [0.93, 0.85], "TPR whole": 0.89, "TPR ratio": 1.0941176470588236, "FPR": [0.013333333333333334, 0.011235955056179775], "FPR whole": 0.012290502793296089, "FPR ratio": 1.1866666666666668, "PPR": [0.8857142857142857, 0.8947368421052632], "PPR whole": 0.89, "PPR ratio": 0.9899159663865545}, "0.5-0.01": {"roc": 0.9905446927374302, "flag_rate": [0.099, 0.10202020202020202], "flag_rate_ratio": 0.9703960396039604, "TPR": [0.83, 0.89], "TPR whole": 0.86, "TPR ratio": 0.9325842696629213, "FPR": [0.017777777777777778, 0.01348314606741573], "FPR whole": 0.01564245810055866, "FPR ratio": 1.3185185185185184, "PPR": [0.8383838383838383, 0.8811881188118812], "PPR whole": 0.86, "PPR ratio": 0.9514243559187379}, "0.5-0.2": {"roc": 0.9859413407821229, "flag_rate": [0.099, 0.10202020202020202], "flag_rate_ratio": 0.9703960396039604, "TPR": [0.76, 0.87], "TPR whole": 0.815, "TPR ratio": 0.8735632183908046, "FPR": [0.025555555555555557, 0.015730337078651686], "FPR whole": 0.020670391061452513, "FPR ratio": 1.6246031746031746, "PPR": [0.7676767676767676, 0.8613861386138614], "PPR whole": 0.815, "PPR ratio": 0.8912109601764774}, "0.5-0.5": {"roc": 0.9808519553072625, "flag_rate": [0.096, 0.10505050505050505], "flag_rate_ratio": 0.9138461538461539, "TPR": [0.7, 0.86], "TPR whole": 0.78, "TPR ratio": 0.813953488372093, "FPR": [0.028888888888888888, 0.020224719101123594], "FPR whole": 0.024581005586592177, "FPR ratio": 1.4283950617283951, "PPR": [0.7291666666666666, 0.8269230769230769], "PPR whole": 0.78, "PPR ratio": 0.8817829457364341}, "0.5-0.8": {"roc": 0.9931592178770949, "flag_rate": [0.106, 0.09494949494949495], "flag_rate_ratio": 1.1163829787234043, "TPR": [0.94, 0.84], "TPR whole": 0.89, "TPR ratio": 1.119047619047619, "FPR": [0.013333333333333334, 0.011235955056179775], "FPR whole": 0.012290502793296089, "FPR ratio": 1.1866666666666668, "PPR": [0.8867924528301887, 0.8936170212765957], "PPR whole": 0.89, "PPR ratio": 0.9923629829290207}, "0.8-0.01": {"roc": 0.9925949720670392, "flag_rate": [0.102, 0.09898989898989899], "flag_rate_ratio": 1.0304081632653062, "TPR": [0.88, 0.87], "TPR whole": 0.875, "TPR ratio": 1.0114942528735633, "FPR": [0.015555555555555555, 0.012359550561797753], "FPR whole": 0.013966480446927373, "FPR ratio": 1.2585858585858585, "PPR": [0.8627450980392157, 0.8877551020408163], "PPR whole": 0.875, "PPR ratio": 0.9718278115844039}, "0.8-0.2": {"roc": 0.9900837988826816, "flag_rate": [0.102, 0.09898989898989899], "flag_rate_ratio": 1.0304081632653062, "TPR": [0.87, 0.86], "TPR whole": 0.865, "TPR ratio": 1.0116279069767442, "FPR": [0.016666666666666666, 0.01348314606741573], "FPR whole": 0.015083798882681564, "FPR ratio": 1.2361111111111112, "PPR": [0.8529411764705882, 0.8775510204081632], "PPR whole": 0.865, "PPR ratio": 0.9719562243502052}, "0.8-0.5": {"roc": 0.9903659217877094, "flag_rate": [0.104, 0.09696969696969697], "flag_rate_ratio": 1.0725, "TPR": [0.87, 0.84], "TPR whole": 0.855, "TPR ratio": 1.0357142857142858, "FPR": [0.01888888888888889, 0.01348314606741573], "FPR whole": 0.016201117318435754, "FPR ratio": 1.400925925925926, "PPR": [0.8365384615384616, 0.875], "PPR whole": 0.855, "PPR ratio": 0.9560439560439561}, "0.8-0.8": {"roc": 0.9915600558659218, "flag_rate": [0.105, 0.09595959595959595], "flag_rate_ratio": 1.0942105263157895, "TPR": [0.9, 0.83], "TPR whole": 0.865, "TPR ratio": 1.0843373493975905,