{"0.01-0.01": {"roc": 0.9975566614702003, "flag_rate": [0.105, 0.095], "flag_rate_ratio": 1.1052631578947367, "TPR": [0.97, 0.7916666666666666], "TPR whole": 0.9354838709677419, "TPR ratio": 1.2252631578947368, "FPR": [0.008888888888888889, 0.0], "FPR whole": 0.007434944237918215, "FPR ratio": 8.88888888888889e-08, "PPR": [0.9238095238095239, 1.0], "PPR whole": 0.9354838709677419, "PPR ratio": 0.9238095238095239}, "0.01-0.2": {"roc": 0.995795359155774, "flag_rate": [0.102, 0.11], "flag_rate_ratio": 0.9272727272727272, "TPR": [0.93, 0.9166666666666666], "TPR whole": 0.9274193548387096, "TPR ratio": 1.0145454545454546, "FPR": [0.01, 0.0], "FPR whole": 0.008364312267657992, "FPR ratio": 1e-07, "PPR": [0.9117647058823529, 1.0], "PPR whole": 0.9274193548387096, "PPR ratio": 0.9117647058823529}, "0.01-0.5": {"roc": 0.9940415517448135, "flag_rate": [0.103, 0.105], "flag_rate_ratio": 0.9809523809523809, "TPR": [0.9, 0.875], "TPR whole": 0.8951612903225806, "TPR ratio": 1.0285714285714287, "FPR": [0.014444444444444444, 0.0], "FPR whole": 0.012081784386617101, "FPR ratio": 1.4444444444444445e-07, "PPR": [0.8737864077669902, 1.0], "PPR whole": 0.8951612903225806, "PPR ratio": 0.8737864077669902}, "0.01-0.8": {"roc": 0.993674301474997, "flag_rate": [0.104, 0.1], "flag_rate_ratio": 1.0399999999999998, "TPR": [0.91, 0.8333333333333334], "TPR whole": 0.8951612903225806, "TPR ratio": 1.092, "FPR": [0.014444444444444444, 0.0], "FPR whole": 0.012081784386617101, "FPR ratio": 1.4444444444444445e-07, "PPR": [0.875, 1.0], "PPR whole": 0.8951612903225806, "PPR ratio": 0.875}, "0.05-0.01": {"roc": 0.9975941359875284, "flag_rate": [0.107, 0.085], "flag_rate_ratio": 1.2588235294117647, "TPR": [0.98, 0.7083333333333334], "TPR whole": 0.9274193548387096, "TPR ratio": 1.3835294117647057, "FPR": [0.01, 0.0], "FPR whole": 0.008364312267657992, "FPR ratio": 1e-07, "PPR": [0.9158878504672897, 1.0], "PPR whole": 0.9274193548387096, "PPR ratio": 0.9158878504672897}, "0.05-0.2": {"roc": 0.9970619978414678, "flag_rate": [0.105, 0.095], "flag_rate_ratio": 1.1052631578947367, "TPR": [0.96, 0.7916666666666666], "TPR whole": 0.9274193548387096, "TPR ratio": 1.2126315789473685, "FPR": [0.01, 0.0], "FPR whole": 0.008364312267657992, "FPR ratio": 1e-07, "PPR": [0.9142857142857143, 1.0], "PPR whole": 0.9274193548387096, "PPR ratio": 0.9142857142857143}, "0.05-0.5": {"roc": 0.9942738937522484, "flag_rate": [0.1, 0.12], "flag_rate_ratio": 0.8333333333333334, "TPR": [0.88, 1.0], "TPR whole": 0.9032258064516129, "TPR ratio": 0.88, "FPR": [0.013333333333333334, 0.0], "FPR whole": 0.011152416356877323, "FPR ratio": 1.3333333333333334e-07, "PPR": [0.88, 1.0], "PPR whole": 0.9032258064516129, "PPR ratio": 0.88}, "0.05-0.8": {"roc": 0.9958553183834993, "flag_rate": [0.102, 0.11], "flag_rate_ratio": 0.9272727272727272, "TPR": [0.93, 0.9166666666666666], "TPR whole": 0.9274193548387096, "TPR ratio": 1.0145454545454546, "FPR": [0.01, 0.0], "FPR whole": 0.008364312267657992, "FPR ratio": 1e-07, "PPR": [0.9117647058823529, 1.0], "PPR whole": 0.9274193548387096, "PPR ratio": 0.9117647058823529}, "0.2-0.01": {"roc": 0.9983061518167646, "flag_rate": [0.105, 0.095], "flag_rate_ratio": 1.1052631578947367, "TPR": [0.98, 0.7916666666666666], "TPR whole": 0.9435483870967742, "TPR ratio": 1.2378947368421054, "FPR": [0.0077777777777777776, 0.0], "FPR whole": 0.006505576208178439, "FPR ratio": 7.777777777777778e-08, "PPR": [0.9333333333333333, 1.0], "PPR whole": 0.9435483870967742, "PPR ratio": 0.9333333333333333}, "0.2-0.2": {"roc": 0.9960127113562777, "flag_rate": [0.103, 0.105], "flag_rate_ratio": 0.9809523809523809, "TPR": [0.94, 0.875], "TPR whole": 0.9274193548387096, "TPR ratio": 1.0742857142857143, "FPR": [0.01, 0.0], "FPR whole": 0.008364312267657992, "FPR ratio": 1e-07, "PPR": [0.912621359223301, 1.0], "PPR whole": 0.9274193548387096, "PPR ratio": 0.912621359223301}, "0.2-0.5": {"roc": 0.9933070512051805, "flag_rate": [0.102, 0.11], "flag_rate_ratio": 0.9272727272727272, "TPR": [0.9, 0.9166666666666666], "TPR whole": 0.9032258064516129, "TPR ratio": 0.9818181818181819, "FPR": [0.013333333333333334, 0.0], "FPR whole": 0.011152416356877323, "FPR ratio": 1.3333333333333334e-07, "PPR": [0.8823529411764706, 1.0], "PPR whole": 0.9032258064516129, "PPR ratio": 0.8823529411764706}, "0.2-0.8": {"roc": 0.9920778870368149, "flag_rate": [0.1, 0.12], "flag_rate_ratio": 0.8333333333333334, "TPR": [0.88, 1.0], "TPR whole": 0.9032258064516129, "TPR ratio": 0.88, "FPR": [0.013333333333333334, 0.0], "FPR whole": 0.011152416356877323, "FPR ratio": 1.3333333333333334e-07, "PPR": [0.88, 1.0], "PPR whole": 0.9032258064516129, "PPR ratio": 0.88}, "0.5-0.01": {"roc": 0.9982836671063676, "flag_rate": [0.105, 0.095], "flag_rate_ratio": 1.1052631578947367, "TPR": [0.98, 0.7916666666666666], "TPR whole": 0.9435483870967742, "TPR ratio": 1.2378947368421054, "FPR": [0.0077777777777777776, 0.0], "FPR whole": 0.006505576208178439, "FPR ratio": 7.777777777777778e-08, "PPR": [0.9333333333333333, 1.0], "PPR whole": 0.9435483870967742, "PPR ratio": 0.9333333333333333}, "0.5-0.2": {"roc": 0.9955705120518048, "flag_rate": [0.102, 0.11], "flag_rate_ratio": 0.9272727272727272, "TPR": [0.92, 0.9166666666666666], "TPR whole": 0.9193548387096774, "TPR ratio": 1.0036363636363637, "FPR": [0.011111111111111112, 0.0], "FPR whole": 0.00929368029739777, "FPR ratio": 1.1111111111111111e-07, "PPR": [0.9019607843137255, 1.0], "PPR whole": 0.9193548387096774, "PPR ratio": 0.9019607843137255}, "0.5-0.5": {"roc": 0.9912084782348003, "flag_rate": [0.101, 0.115], "flag_rate_ratio": 0.8782608695652174, "TPR": [0.86, 0.9583333333333334], "TPR whole": 0.8790322580645161, "TPR ratio": 0.897391304347826, "FPR": [0.016666666666666666, 0.0], "FPR whole": 0.013940520446096654, "FPR ratio": 1.6666666666666668e-07, "PPR": [0.8514851485148515, 1.0], "PPR whole": 0.8790322580645161, "PPR ratio": 0.8514851485148515}, "0.5-0.8": {"roc": 0.99184554502938, "flag_rate": [0.096, 0.14], "flag_rate_ratio": 0.6857142857142856, "TPR": [0.84, 1.0], "TPR whole": 0.8709677419354839, "TPR ratio": 0.84, "FPR": [0.013333333333333334, 0.022727272727272728], "FPR whole": 0.01486988847583643, "FPR ratio": 0.5866666666666667, "PPR": [0.875, 0.8571428571428571], "PPR whole": 0.8709677419354839, "PPR ratio": 1.0208333333333335}, "0.8-0.01": {"roc": 0.9973243194627653, "flag_rate": [0.104, 0.1], "flag_rate_ratio": 1.0399999999999998, "TPR": [0.96, 0.8333333333333334], "TPR whole": 0.9354838709677419, "TPR ratio": 1.152, "FPR": [0.008888888888888889, 0.0], "FPR whole": 0.007434944237918215, "FPR ratio": 8.88888888888889e-08, "PPR": [0.9230769230769231, 1.0], "PPR whole": 0.9354838709677419, "PPR ratio": 0.9230769230769231}, "0.8-0.2": {"roc": 0.9930072550665547, "flag_rate": [0.101, 0.115], "flag_rate_ratio": 0.8782608695652174, "TPR": [0.89, 0.9166666666666666], "TPR whole": 0.8951612903225806, "TPR ratio": 0.9709090909090909, "FPR": [0.013333333333333334, 0.005681818181818182], "FPR whole": 0.012081784386617101, "FPR ratio": 2.3466666666666667, "PPR": [0.8811881188118812, 0.9565217391304348], "PPR whole": 0.8951612903225806, "PPR ratio": 0.9212421242124212}, "0.8-0.5": {"roc": 0.9885327976975657, "flag_rate": [0.095, 0.145], "flag_rate_ratio": 0.6551724137931035, "TPR": [0.8, 1.0], "TPR whole": 0.8387096774193549, "TPR ratio": 0.8, "FPR": [0.016666666666666666, 0.028409090909090908], "FPR whole": 0.01858736059479554, "FPR ratio": 0.5866666666666667, "PPR": [0.8421052631578947, 0.8275862068965517], "PPR whole": 0.8387096774193549, "PPR ratio": 1.0175438596491229}, "0.8-0.8": {"roc": 0.9888400887396571, "flag_rate": [0.097, 0.135], "flag_rate_ratio": 0.7185185185185184, "TPR": [0.84, 1.0], "TPR whole": 0.8709677419354839, "TPR ratio": 0.84, "FPR": [0.014444444444444444, 0.017045454545454544], "FPR whole": 0.01486988847583643, "FPR ratio": 0.8474074074074074, "PPR": [0.865979381443299, 0.8888888888888888], "PPR whole": 0.8709677419354839, "PPR ratio": 0.9742268041237114}}