{"0.01-0.01": {"roc": 0.9936005281736022, "flag_rate": [0.106, 0.09578947368421052], "flag_rate_ratio": 1.1065934065934067, "TPR": [0.94, 0.845360824742268], "TPR whole": 0.8934010152284264, "TPR ratio": 1.111951219512195, "FPR": [0.013333333333333334, 0.010550996483001172], "FPR whole": 0.011979463776383342, "FPR ratio": 1.2637037037037038, "PPR": [0.8867924528301887, 0.9010989010989011], "PPR whole": 0.8934010152284264, "PPR ratio": 0.9841233317993557}, "0.01-0.2": {"roc": 0.9867840771874756, "flag_rate": [0.095, 0.10736842105263159], "flag_rate_ratio": 0.8848039215686274, "TPR": [0.73, 0.8969072164948454], "TPR whole": 0.8121827411167513, "TPR ratio": 0.8139080459770115, "FPR": [0.024444444444444446, 0.017584994138335287], "FPR whole": 0.021106674272675412, "FPR ratio": 1.3900740740740742, "PPR": [0.7684210526315789, 0.8529411764705882], "PPR whole": 0.8121827411167513, "PPR ratio": 0.9009074410163339}, "0.01-0.5": {"roc": 0.9891846030445269, "flag_rate": [0.095, 0.10736842105263159], "flag_rate_ratio": 0.8848039215686274, "TPR": [0.78, 0.9072164948453608], "TPR whole": 0.8426395939086294, "TPR ratio": 0.8597727272727274, "FPR": [0.01888888888888889, 0.016412661195779603], "FPR whole": 0.017683970336565887, "FPR ratio": 1.1508730158730158, "PPR": [0.8210526315789474, 0.8627450980392157], "PPR whole": 0.8426395939086294, "PPR ratio": 0.9516746411483253}, "0.01-0.8": {"roc": 0.9879047086792475, "flag_rate": [0.094, 0.10842105263157895], "flag_rate_ratio": 0.8669902912621359, "TPR": [0.75, 0.9175257731958762], "TPR whole": 0.8324873096446701, "TPR ratio": 0.8174157303370787, "FPR": [0.021111111111111112, 0.016412661195779603], "FPR whole": 0.018824871648602397, "FPR ratio": 1.2862698412698412, "PPR": [0.7978723404255319, 0.8640776699029126], "PPR whole": 0.8324873096446701, "PPR ratio": 0.9233803490317954}, "0.05-0.01": {"roc": 0.9924827923704397, "flag_rate": [0.107, 0.09473684210526316], "flag_rate_ratio": 1.1294444444444445, "TPR": [0.94, 0.8144329896907216], "TPR whole": 0.8781725888324873, "TPR ratio": 1.1541772151898733, "FPR": [0.014444444444444444, 0.012895662368112544], "FPR whole": 0.013690815744438107, "FPR ratio": 1.12010101010101, "PPR": [0.8785046728971962, 0.8777777777777778], "PPR whole": 0.8781725888324873, "PPR ratio": 1.0008281083638946}, "0.05-0.2": {"roc": 0.9886720661606934, "flag_rate": [0.096, 0.10631578947368421], "flag_rate_ratio": 0.902970297029703, "TPR": [0.77, 0.8969072164948454], "TPR whole": 0.8324873096446701, "TPR ratio": 0.8585057471264368, "FPR": [0.021111111111111112, 0.016412661195779603], "FPR whole": 0.018824871648602397, "FPR ratio": 1.2862698412698412, "PPR": [0.8020833333333334, 0.8613861386138614], "PPR whole": 0.8324873096446701, "PPR ratio": 0.9311542145593871}, "0.05-0.5": {"roc": 0.9888515988544656, "flag_rate": [0.098, 0.10421052631578948], "flag_rate_ratio": 0.9404040404040405, "TPR": [0.79, 0.8762886597938144], "TPR whole": 0.8324873096446701, "TPR ratio": 0.9015294117647059, "FPR": [0.021111111111111112, 0.016412661195779603], "FPR whole": 0.018824871648602397, "FPR ratio": 1.2862698412698412, "PPR": [0.8061224489795918, 0.8585858585858586], "PPR whole": 0.8324873096446701, "PPR ratio": 0.9388955582232893}, "0.05-0.8": {"roc": 0.9888834514291671, "flag_rate": [0.096, 0.10631578947368421], "flag_rate_ratio": 0.902970297029703, "TPR": [0.78, 0.9072164948453608], "TPR whole": 0.8426395939086294, "TPR ratio": 0.8597727272727274, "FPR": [0.02, 0.015240328253223915], "FPR whole": 0.017683970336565887, "FPR ratio": 1.3123076923076924, "PPR": [0.8125, 0.8712871287128713], "PPR whole": 0.8426395939086294, "PPR ratio": 0.9325284090909091}, "0.2-0.01": {"roc": 0.9888139549025456, "flag_rate": [0.096, 0.10631578947368421], "flag_rate_ratio": 0.902970297029703, "TPR": [0.77, 0.8969072164948454], "TPR whole": 0.8324873096446701, "TPR ratio": 0.8585057471264368, "FPR": [0.021111111111111112, 0.016412661195779603], "FPR whole": 0.018824871648602397, "FPR ratio": 1.2862698412698412, "PPR": [0.8020833333333334, 0.8613861386138614], "PPR whole": 0.8324873096446701, "PPR ratio": 0.9311542145593871}, "0.2-0.2": {"roc": 0.9869433400609832, "flag_rate": [0.095, 0.10736842105263159], "flag_rate_ratio": 0.8848039215686274, "TPR": [0.74, 0.9072164948453608], "TPR whole": 0.8223350253807107, "TPR ratio": 0.8156818181818182, "FPR": [0.023333333333333334, 0.016412661195779603], "FPR whole": 0.019965772960638905, "FPR ratio": 1.4216666666666666, "PPR": [0.7789473684210526, 0.8627450980392157], "PPR whole": 0.8223350253807107, "PPR ratio": 0.9028708133971292}, "0.2-0.5": {"roc": 0.9901459716627913, "flag_rate": [0.095, 0.10736842105263159], "flag_rate_ratio": 0.8848039215686274, "TPR": [0.8, 0.9175257731958762], "TPR whole": 0.8578680203045685, "TPR ratio": 0.8719101123595506, "FPR": [0.016666666666666666, 0.015240328253223915], "FPR whole": 0.015972618368511125, "FPR ratio": 1.0935897435897437, "PPR": [0.8421052631578947, 0.8725490196078431], "PPR whole": 0.8578680203045685, "PPR ratio": 0.9651094027202838}, "0.2-0.8": {"roc": 0.9874385028131615, "flag_rate": [0.094, 0.10842105263157895], "flag_rate_ratio": 0.8669902912621359, "TPR": [0.73, 0.9175257731958762], "TPR whole": 0.8223350253807107, "TPR ratio": 0.7956179775280899, "FPR": [0.023333333333333334, 0.016412661195779603], "FPR whole": 0.019965772960638905, "FPR ratio": 1.4216666666666666, "PPR": [0.776595744680851, 0.8640776699029126], "PPR whole": 0.8223350253807107, "PPR ratio": 0.8987568730576142}, "0.5-0.01": {"roc": 0.9930735128467225, "flag_rate": [0.107, 0.09473684210526316], "flag_rate_ratio": 1.1294444444444445, "TPR": [0.94, 0.8247422680412371], "TPR whole": 0.883248730964467, "TPR ratio": 1.13975, "FPR": [0.014444444444444444, 0.011723329425556858], "FPR whole": 0.013120365088419851, "FPR ratio": 1.2321111111111112, "PPR": [0.8785046728971962, 0.8888888888888888], "PPR whole": 0.883248730964467, "PPR ratio": 0.9883177570093459}, "0.5-0.2": {"roc": 0.9911739411190678, "flag_rate": [0.101, 0.10105263157894737], "flag_rate_ratio": 0.9994791666666668, "TPR": [0.83, 0.865979381443299], "TPR whole": 0.8477157360406091, "TPR ratio": 0.9584523809523808, "FPR": [0.02, 0.01406799531066823], "FPR whole": 0.017113519680547633, "FPR ratio": 1.4216666666666666, "PPR": [0.8217821782178217, 0.875], "PPR whole": 0.8477157360406091, "PPR ratio": 0.9391796322489391}, "0.5-0.5": {"roc": 0.9881160939477212, "flag_rate": [0.095, 0.10736842105263159], "flag_rate_ratio": 0.8848039215686274, "TPR": [0.77, 0.9072164948453608], "TPR whole": 0.8375634517766497, "TPR ratio": 0.84875, "FPR": [0.02, 0.016412661195779603], "FPR whole": 0.01825442099258414, "FPR ratio": 1.2185714285714284, "PPR": [0.8105263157894737, 0.8627450980392157], "PPR whole": 0.8375634517766497, "PPR ratio": 0.9394736842105262}, "0.5-0.8": {"roc": 0.9905513680680834, "flag_rate": [0.094, 0.10842105263157895], "flag_rate_ratio": 0.8669902912621359, "TPR": [0.79, 0.9175257731958762], "TPR whole": 0.8527918781725888, "TPR ratio": 0.8610112359550562, "FPR": [0.016666666666666666, 0.016412661195779603], "FPR whole": 0.01654306902452938, "FPR ratio": 1.0154761904761904, "PPR": [0.8404255319148937, 0.8640776699029126], "PPR whole": 0.8527918781725888, "PPR ratio": 0.9726273009801579}, "0.8-0.01": {"roc": 0.9905658465111296, "flag_rate": [0.103, 0.09894736842105263], "flag_rate_ratio": 1.0409574468085105, "TPR": [0.85, 0.845360824742268], "TPR whole": 0.8477157360406091, "TPR ratio": 1.0054878048780487, "FPR": [0.02, 0.01406799531066823], "FPR whole": 0.017113519680547633, "FPR ratio": 1.4216666666666666, "PPR": [0.8252427184466019, 0.8723404255319149], "PPR whole": 0.8477157360406091, "PPR ratio": 0.9460099455363485}, "0.8-0.2": {"roc": 0.9875890786208414, "flag_rate": [0.099, 0.1031578947368421], "flag_rate_ratio": 0.9596938775510205, "TPR": [0.79, 0.865979381443299], "TPR whole": 0.8274111675126904, "TPR ratio": 0.9122619047619047, "FPR": [0.022222222222222223, 0.016412661195779603], "FPR whole": 0.01939532230462065,