{"0.01-0.01": {"roc": 0.9858833519078702, "flag_rate": [0.099, 0.09777777777777778], "flag_rate_ratio": 1.0125, "TPR": [0.8, 0.8735632183908046], "TPR whole": 0.8342245989304813, "TPR ratio": 0.9157894736842105, "FPR": [0.021111111111111112, 0.014760147601476014], "FPR whole": 0.018096906012842966, "FPR ratio": 1.4302777777777778, "PPR": [0.8080808080808081, 0.8636363636363636], "PPR whole": 0.8342245989304813, "PPR ratio": 0.935672514619883}, "0.01-0.2": {"roc": 0.9791215960990352, "flag_rate": [0.097, 0.1], "flag_rate_ratio": 0.97, "TPR": [0.77, 0.8045977011494253], "TPR whole": 0.786096256684492, "TPR ratio": 0.957, "FPR": [0.022222222222222223, 0.024600246002460024], "FPR whole": 0.023350846468184472, "FPR ratio": 0.9033333333333333, "PPR": [0.7938144329896907, 0.7777777777777778], "PPR whole": 0.786096256684492, "PPR ratio": 1.0206185567010309}, "0.01-0.5": {"roc": 0.9808354483331304, "flag_rate": [0.1, 0.09666666666666666], "flag_rate_ratio": 1.0344827586206897, "TPR": [0.79, 0.8045977011494253], "TPR whole": 0.7967914438502673, "TPR ratio": 0.9818571428571429, "FPR": [0.023333333333333334, 0.020910209102091022], "FPR whole": 0.022183304144775248, "FPR ratio": 1.1158823529411765, "PPR": [0.79, 0.8045977011494253], "PPR whole": 0.7967914438502673, "PPR ratio": 0.9818571428571429}, "0.01-0.8": {"roc": 0.9827209979677272, "flag_rate": [0.101, 0.09555555555555556], "flag_rate_ratio": 1.0569767441860465, "TPR": [0.81, 0.8160919540229885], "TPR whole": 0.8128342245989305, "TPR ratio": 0.9925352112676057, "FPR": [0.022222222222222223, 0.01845018450184502], "FPR whole": 0.020431990659661413, "FPR ratio": 1.2044444444444444, "PPR": [0.801980198019802, 0.8255813953488372], "PPR whole": 0.8128342245989305, "PPR ratio": 0.9714126342211686}, "0.05-0.01": {"roc": 0.9842818834268304, "flag_rate": [0.096, 0.10111111111111111], "flag_rate_ratio": 0.9494505494505495, "TPR": [0.76, 0.8620689655172413], "TPR whole": 0.8074866310160428, "TPR ratio": 0.8816, "FPR": [0.022222222222222223, 0.01968019680196802], "FPR whole": 0.021015761821366025, "FPR ratio": 1.1291666666666667, "PPR": [0.7916666666666666, 0.8241758241758241], "PPR whole": 0.8074866310160428, "PPR ratio": 0.9605555555555556}, "0.05-0.2": {"roc": 0.9815659427279906, "flag_rate": [0.101, 0.09555555555555556], "flag_rate_ratio": 1.0569767441860465, "TPR": [0.8, 0.8045977011494253], "TPR whole": 0.8021390374331551, "TPR ratio": 0.9942857142857143, "FPR": [0.023333333333333334, 0.01968019680196802], "FPR whole": 0.021599532983070636, "FPR ratio": 1.185625, "PPR": [0.7920792079207921, 0.813953488372093], "PPR whole": 0.8021390374331551, "PPR ratio": 0.9731258840169732}, "0.05-0.5": {"roc": 0.98170642241931, "flag_rate": [0.1, 0.09666666666666666], "flag_rate_ratio": 1.0344827586206897, "TPR": [0.8, 0.8160919540229885], "TPR whole": 0.8074866310160428, "TPR ratio": 0.9802816901408451, "FPR": [0.022222222222222223, 0.01968019680196802], "FPR whole": 0.021015761821366025, "FPR ratio": 1.1291666666666667, "PPR": [0.8, 0.8160919540229885], "PPR whole": 0.8074866310160428, "PPR ratio": 0.9802816901408451}, "0.05-0.8": {"roc": 0.9812974704290249, "flag_rate": [0.103, 0.09333333333333334], "flag_rate_ratio": 1.1035714285714284, "TPR": [0.81, 0.7931034482758621], "TPR whole": 0.8021390374331551, "TPR ratio": 1.021304347826087, "FPR": [0.024444444444444446, 0.01845018450184502], "FPR whole": 0.021599532983070636, "FPR ratio": 1.324888888888889, "PPR": [0.7864077669902912, 0.8214285714285714], "PPR whole": 0.8021390374331551, "PPR ratio": 0.957365977205572}, "0.2-0.01": {"roc": 0.9856585844017595, "flag_rate": [0.099, 0.09777777777777778], "flag_rate_ratio": 1.0125, "TPR": [0.8, 0.8620689655172413], "TPR whole": 0.8288770053475936, "TPR ratio": 0.9280000000000002, "FPR": [0.021111111111111112, 0.015990159901599015], "FPR whole": 0.018680677174547577, "FPR ratio": 1.3202564102564105, "PPR": [0.8080808080808081, 0.8522727272727273], "PPR whole": 0.8288770053475936, "PPR ratio": 0.9481481481481481}, "0.2-0.2": {"roc": 0.9699872943923629, "flag_rate": [0.095, 0.10222222222222223], "flag_rate_ratio": 0.9293478260869564, "TPR": [0.72, 0.7816091954022989], "TPR whole": 0.7486631016042781, "TPR ratio": 0.9211764705882352, "FPR": [0.025555555555555557, 0.02952029520295203], "FPR whole": 0.027437244600116754, "FPR ratio": 0.8656944444444445, "PPR": [0.7578947368421053, 0.7391304347826086], "PPR whole": 0.7486631016042781, "PPR ratio": 1.0253869969040248}, "0.2-0.5": {"roc": 0.9792932934995364, "flag_rate": [0.099, 0.09777777777777778], "flag_rate_ratio": 1.0125, "TPR": [0.76, 0.8275862068965517], "TPR whole": 0.7914438502673797, "TPR ratio": 0.9183333333333333, "FPR": [0.025555555555555557, 0.01968019680196802], "FPR whole": 0.02276707530647986, "FPR ratio": 1.2985416666666667, "PPR": [0.7676767676767676, 0.8181818181818182], "PPR whole": 0.7914438502673797, "PPR ratio": 0.9382716049382714}, "0.2-0.8": {"roc": 0.9821184961805133, "flag_rate": [0.101, 0.09555555555555556], "flag_rate_ratio": 1.0569767441860465, "TPR": [0.81, 0.8045977011494253], "TPR whole": 0.8074866310160428, "TPR ratio": 1.0067142857142857, "FPR": [0.022222222222222223, 0.01968019680196802], "FPR whole": 0.021015761821366025, "FPR ratio": 1.1291666666666667, "PPR": [0.801980198019802, 0.813953488372093], "PPR whole": 0.8074866310160428, "PPR ratio": 0.9852899575671853}, "0.5-0.01": {"roc": 0.9823026806646874, "flag_rate": [0.1, 0.09666666666666666], "flag_rate_ratio": 1.0344827586206897, "TPR": [0.8, 0.8160919540229885], "TPR whole": 0.8074866310160428, "TPR ratio": 0.9802816901408451, "FPR": [0.022222222222222223, 0.01968019680196802], "FPR whole": 0.021015761821366025, "FPR ratio": 1.1291666666666667, "PPR": [0.8, 0.8160919540229885], "PPR whole": 0.8074866310160428, "PPR ratio": 0.9802816901408451}, "0.5-0.2": {"roc": 0.9824056991049883, "flag_rate": [0.099, 0.09777777777777778], "flag_rate_ratio": 1.0125, "TPR": [0.79, 0.8160919540229885], "TPR whole": 0.8021390374331551, "TPR ratio": 0.9680281690140845, "FPR": [0.022222222222222223, 0.020910209102091022], "FPR whole": 0.021599532983070636, "FPR ratio": 1.0627450980392157, "PPR": [0.797979797979798, 0.8068181818181818], "PPR whole": 0.8021390374331551, "PPR ratio": 0.9890453834115807}, "0.5-0.5": {"roc": 0.9819748947182758, "flag_rate": [0.101, 0.09555555555555556], "flag_rate_ratio": 1.0569767441860465, "TPR": [0.81, 0.8160919540229885], "TPR whole": 0.8128342245989305, "TPR ratio": 0.9925352112676057, "FPR": [0.022222222222222223, 0.01845018450184502], "FPR whole": 0.020431990659661413, "FPR ratio": 1.2044444444444444, "PPR": [0.801980198019802, 0.8255813953488372], "PPR whole": 0.8128342245989305, "PPR ratio": 0.9714126342211686}, "0.5-0.8": {"roc": 0.9787032787959954, "flag_rate": [0.098, 0.09888888888888889], "flag_rate_ratio": 0.9910112359550562, "TPR": [0.76, 0.8045977011494253], "TPR whole": 0.7807486631016043, "TPR ratio": 0.9445714285714286, "FPR": [0.024444444444444446, 0.023370233702337023], "FPR whole": 0.023934617629889084, "FPR ratio": 1.0459649122807018, "PPR": [0.7755102040816326, 0.7865168539325843], "PPR whole": 0.7807486631016043, "PPR ratio": 0.98600583090379}, "0.8-0.01": {"roc": 0.9816970571065554, "flag_rate": [0.098, 0.09888888888888889], "flag_rate_ratio": 0.9910112359550562, "TPR": [0.78, 0.8160919540229885], "TPR whole": 0.7967914438502673, "TPR ratio": 0.955774647887324, "FPR": [0.022222222222222223, 0.02214022140221402], "FPR whole": 0.022183304144775248, "FPR ratio": 1.0037037037037038, "PPR": [0.7959183673469388, 0.797752808988764], "PPR whole": 0.7967914438502673, "PPR ratio": 0.9977004886461628}, "0.8-0.2": {"roc": 0.98182817148512, "flag_rate": [0.101, 0.09555555555555556], "flag_rate_ratio": 1.0569767441860465, "TPR": [0.81, 0.8045977011494253], "TPR whole": 0.8074866310160428, "TPR ratio": 1.0067142857142857, "FPR": [0.022222222222222223, 0.01968019680196802], "FPR whole": 0.021015761821366025, "FPR ratio": 1.1291666666666667,