{"Bias Type": "base_rate", "Data Type": "cluster", "Algorithm method": "DeepAE", "Base Rate A": [0.05, 0.03333333333333333, 0.025, 0.02], "Base Rate B": [0.05, 0.06666666666666667, 0.075, 0.08], "Base Rate whole": 0.1, "Group A": "Type: Gaussian, Xc mean: 0 variance: 1", "Group B": "Type: Gaussian, Xc mean: 0 variance: 1", "Group A_anomaly": "Type: Gaussian, Xc mean: 3 variance: 1", "Group B_anomaly": "Type: Gaussian, Xc mean: 3 variance: 1", "parameter_1": {"parameter": 1, "Flag_rate_A": {"e0": 0.049, "e1": 0.052, "e2": 0.047, "e3": 0.051, "e4": 0.052}, "Recall_A": {"e0": 0.86, "e1": 0.86, "e2": 0.82, "e3": 0.82, "e4": 0.88}, "FPR_A": {"e0": 0.00631578947368421, "e1": 0.009473684210526316, "e2": 0.00631578947368421, "e3": 0.010526315789473684, "e4": 0.008421052631578947}, "Precision_A": {"e0": 0.8775510204081632, "e1": 0.8269230769230769, "e2": 0.8723404255319149, "e3": 0.803921568627451, "e4": 0.8461538461538461}, "Flag_rate_B": {"e0": 0.051, "e1": 0.048, "e2": 0.053, "e3": 0.049, "e4": 0.048}, "Recall_B": {"e0": 0.82, "e1": 0.74, "e2": 0.8, "e3": 0.8, "e4": 0.82}, "FPR_B": {"e0": 0.010526315789473684, "e1": 0.011578947368421053, "e2": 0.01368421052631579, "e3": 0.009473684210526316, "e4": 0.007368421052631579}, "Precision_B": {"e0": 0.803921568627451, "e1": 0.7708333333333334, "e2": 0.7547169811320755, "e3": 0.8163265306122449, "e4": 0.8541666666666666}, "Recall_overall": {"e0": 0.84, "e1": 0.8, "e2": 0.81, "e3": 0.81, "e4": 0.85}, "FPR_ovrall": {"e0": 0.008421052631578947, "e1": 0.010526315789473684, "e2": 0.01, "e3": 0.01, "e4": 0.007894736842105263}, "Precision_overall": {"e0": 0.84, "e1": 0.8, "e2": 0.81, "e3": 0.81, "e4": 0.85}, "Flag_rate_ratio": {"e0": 0.9607843137254903, "e1": 1.0833333333333333, "e2": 0.8867924528301887, "e3": 1.040816326530612, "e4": 1.0833333333333333}, "TPR_ratio": {"e0": 1.048780487804878, "e1": 1.162162162162162, "e2": 1.025, "e3": 1.025, "e4": 1.0731707317073171}, "FPR_ratio": {"e0": 0.6, "e1": 0.8181818181818182, "e2": 0.4615384615384615, "e3": 1.111111111111111, "e4": 1.1428571428571428}, "PPR_ratio": {"e0": 1.0915878546540567, "e1": 1.0727650727650726, "e2": 1.1558510638297872, "e3": 0.9848039215686275, "e4": 0.9906191369606004}, "auroc": {"e0": 0.9956473684210526, "e1": 0.9921842105263158, "e2": 0.993378947368421, "e3": 0.9919947368421053, "e4": 0.9961947368421054}}, "parameter_2": {"parameter": 2, "Flag_rate_A": {"e0": 0.037, "e1": 0.035, "e2": 0.031, "e3": 0.038, "e4": 0.029}, "Recall_A": {"e0": 0.8484848484848485, "e1": 0.9393939393939394, "e2": 0.6666666666666666, "e3": 0.8181818181818182, "e4": 0.5454545454545454}, "FPR_A": {"e0": 0.009307135470527405, "e1": 0.004136504653567736, "e2": 0.009307135470527405, "e3": 0.011375387797311272, "e4": 0.011375387797311272}, "Precision_A": {"e0": 0.7567567567567568, "e1": 0.8857142857142857, "e2": 0.7096774193548387, "e3": 0.7105263157894737, "e4": 0.6206896551724138}, "Flag_rate_B": {"e0": 0.063, "e1": 0.065, "e2": 0.069, "e3": 0.062, "e4": 0.071}, "Recall_B": {"e0": 0.7761194029850746, "e1": 0.7611940298507462, "e2": 0.7910447761194029, "e3": 0.7910447761194029, "e4": 0.8208955223880597}, "FPR_B": {"e0": 0.011789924973204717, "e1": 0.015005359056806002, "e2": 0.01714898177920686, "e3": 0.00964630225080386, "e4": 0.01714898177920686}, "Precision_B": {"e0": 0.8253968253968254, "e1": 0.7846153846153846, "e2": 0.7681159420289855, "e3": 0.8548387096774194, "e4": 0.7746478873239436}, "Recall_overall": {"e0": 0.8, "e1": 0.82, "e2": 0.75, "e3": 0.8, "e4": 0.73}, "FPR_ovrall": {"e0": 0.010526315789473684, "e1": 0.009473684210526316, "e2": 0.013157894736842105, "e3": 0.010526315789473684, "e4": 0.014210526315789474}, "Precision_overall": {"e0": 0.8, "e1": 0.82, "e2": 0.75, "e3": 0.8, "e4": 0.73}, "Flag_rate_ratio": {"e0": 0.5873015873015872, "e1": 0.5384615384615385, "e2": 0.4492753623188405, "e3": 0.6129032258064516, "e4": 0.4084507042253522}, "TPR_ratio": {"e0": 1.0932400932400932, "e1": 1.2341057635175283, "e2": 0.8427672955974843, "e3": 1.0343053173241854, "e4": 0.6644628099173553}, "FPR_ratio": {"e0": 0.7894143085456425, "e1": 0.2756684886984784, "e2": 0.5427223371251293, "e3": 1.1792485349879351, "e4": 0.6633273009307136}, "PPR_ratio": {"e0": 0.916839916839917, "e1": 1.1288515406162465, "e2": 0.9239196591600731, "e3": 0.8311817279046673, "e4": 0.8012539184952978}, "auroc": {"e0": 0.9947842105263158, "e1": 0.9941315789473684, "e2": 0.9881315789473685, "e3": 0.9929526315789474, "e4": 0.9900000000000001}}, "parameter_3": {"parameter": 3, "Flag_rate_A": {"e0": 0.031, "e1": 0.033, "e2": 0.028, "e3": 0.032, "e4": 0.028}, "Recall_A": {"e0": 0.96, "e1": 0.96, "e2": 0.76, "e3": 0.88, "e4": 0.76}, "FPR_A": {"e0": 0.0071794871794871795, "e1": 0.009230769230769232, "e2": 0.009230769230769232, "e3": 0.010256410256410256, "e4": 0.009230769230769232}, "Precision_A": {"e0": 0.7741935483870968, "e1": 0.7272727272727273, "e2": 0.6785714285714286, "e3": 0.6875, "e4": 0.6785714285714286}, "Flag_rate_B": {"e0": 0.069, "e1": 0.067, "e2": 0.072, "e3": 0.068, "e4": 0.072}, "Recall_B": {"e0": 0.7866666666666666, "e1": 0.72, "e2": 0.76, "e3": 0.8266666666666667, "e4": 0.7733333333333333}, "FPR_B": {"e0": 0.010810810810810811, "e1": 0.014054054054054054, "e2": 0.016216216216216217, "e3": 0.006486486486486486, "e4": 0.015135135135135135}, "Precision_B": {"e0": 0.855072463768116, "e1": 0.8059701492537313, "e2": 0.7916666666666666, "e3": 0.9117647058823529, "e4": 0.8055555555555556}, "Recall_overall": {"e0": 0.83, "e1": 0.78, "e2": 0.76, "e3": 0.84, "e4": 0.77}, "FPR_ovrall": {"e0": 0.008947368421052631, "e1": 0.011578947368421053, "e2": 0.01263157894736842, "e3": 0.008421052631578947, "e4": 0.012105263157894737}, "Precision_overall": {"e0": 0.83, "e1": 0.78, "e2": 0.76, "e3": 0.84, "e4": 0.77}, "Flag_rate_ratio": {"e0": 0.4492753623188405, "e1": 0.4925373134328358, "e2": 0.38888888888888895, "e3": 0.47058823529411764, "e4": 0.38888888888888895}, "TPR_ratio": {"e0": 1.2203389830508475, "e1": 1.3333333333333333, "e2": 1.0, "e3": 1.064516129032258, "e4": 0.9827586206896552}, "FPR_ratio": {"e0": 0.6641025641025641, "e1": 0.6568047337278107, "e2": 0.5692307692307692, "e3": 1.5811965811965814, "e4": 0.6098901098901099}, "PPR_ratio": {"e0": 0.9054127938764351, "e1": 0.9023569023569024, "e2": 0.8571428571428572, "e3": 0.7540322580645161, "e4": 0.8423645320197044}, "auroc": {"e0": 0.9951157894736843, "e1": 0.9901052631578947, "e2": 0.9905368421052632, "e3": 0.9942210526315789, "e4": 0.9877789473684211}}, "parameter_4": {"parameter": 4, "Flag_rate_A": {"e0": 0.019, "e1": 0.025, "e2": 0.023, "e3": 0.027, "e4": 0.025}, "Recall_A": {"e0": 0.75, "e1": 0.8, "e2": 0.95, "e3": 0.9, "e4": 0.8}, "FPR_A": {"e0": 0.004081632653061225, "e1": 0.009183673469387756, "e2": 0.004081632653061225, "e3": 0.009183673469387756, "e4": 0.009183673469387756}, "Precision_A": {"e0": 0.7894736842105263, "e1": 0.64, "e2": 0.8260869565217391, "e3": 0.6666666666666666, "e4": 0.64}, "Flag_rate_B": {"e0": 0.081, "e1": 0.075, "e2": 0.077, "e3": 0.073, "e4": 0.075}, "Recall_B": {"e0": 0.8625, "e1": 0.65, "e2": 0.8, "e3": 0.8, "e4": 0.7875}, "FPR_B": {"e0": 0.013043478260869565, "e1": 0.025, "e2": 0.014130434782608696, "e3": 0.009782608695652175, "e4": 0.013043478260869565}, "Precision_B": {"e0": 0.8518518518518519, "e1": 0.6933333333333334, "e2": 0.8311688311688312, "e3": 0.8767123287671232, "e4": 0.84}, "Recall_overall": {"e0": 0.84, "e1": 0.68, "e2": 0.83, "e3": 0.82, "e4": 0.79}, "FPR_ovrall": {"e0": 0.008421052631578947, "e1": 0.016842105263157894, "e2": 0.008947368421052631, "e3": 0.009473684210526316, "e4": 0.011052631578947368}, "Precision_overall": {"e0": 0.84, "e1": 0.68, "e2": 0.83, "e3": 0.82, "e4": 0.79}, "Flag_rate_ratio": {"e0": 0.2345679012345679, "e1": 0.33333333333333337, "e2": 0.2987012987012987, "e3": 0.36986301369863017, "e4": 0.33333333333333337}, "TPR_ratio": {"e0": 0.8695652173913043, "e1": 1.2307692307692308, "e2": 1.1874999999999998, "e3": 1.125, "e4": 1.015873015873016}, "FPR_ratio": {"e0": 0.3129251700680273,