{"Bias Type": "base_rate", "Data Type": "cluster", "Algorithm method": "FairOD", "Base Rate A": [0.05, 0.03333333333333333, 0.025, 0.02], "Base Rate B": [0.05, 0.06666666666666667, 0.075, 0.08], "Base Rate whole": 0.1, "Group A": "Type: Gaussian, Xc mean: 0 variance: 1", "Group B": "Type: Gaussian, Xc mean: 0 variance: 1", "Group A_anomaly": "Type: Gaussian, Xc mean: 3 variance: 1", "Group B_anomaly": "Type: Gaussian, Xc mean: 3 variance: 1", "parameter_1": {"parameter": 1, "Flag_rate_A": {"e0": 0.049, "e1": 0.05, "e2": 0.048, "e3": 0.053, "e4": 0.046}, "Recall_A": {"e0": 0.88, "e1": 0.9, "e2": 0.76, "e3": 0.9, "e4": 0.74}, "FPR_A": {"e0": 0.005263157894736842, "e1": 0.005263157894736842, "e2": 0.010526315789473684, "e3": 0.008421052631578947, "e4": 0.009473684210526316}, "Precision_A": {"e0": 0.8979591836734694, "e1": 0.9, "e2": 0.7916666666666666, "e3": 0.8490566037735849, "e4": 0.8043478260869565}, "Flag_rate_B": {"e0": 0.051, "e1": 0.05, "e2": 0.052, "e3": 0.047, "e4": 0.054}, "Recall_B": {"e0": 0.8, "e1": 0.74, "e2": 0.84, "e3": 0.9, "e4": 0.82}, "FPR_B": {"e0": 0.011578947368421053, "e1": 0.01368421052631579, "e2": 0.010526315789473684, "e3": 0.002105263157894737, "e4": 0.01368421052631579}, "Precision_B": {"e0": 0.7843137254901961, "e1": 0.74, "e2": 0.8076923076923077, "e3": 0.9574468085106383, "e4": 0.7592592592592593}, "Recall_overall": {"e0": 0.84, "e1": 0.82, "e2": 0.8, "e3": 0.9, "e4": 0.78}, "FPR_ovrall": {"e0": 0.008421052631578947, "e1": 0.009473684210526316, "e2": 0.010526315789473684, "e3": 0.005263157894736842, "e4": 0.011578947368421053}, "Precision_overall": {"e0": 0.84, "e1": 0.82, "e2": 0.8, "e3": 0.9, "e4": 0.78}, "Flag_rate_ratio": {"e0": 0.9607843137254903, "e1": 1.0, "e2": 0.9230769230769231, "e3": 1.127659574468085, "e4": 0.8518518518518519}, "TPR_ratio": {"e0": 1.0999999999999999, "e1": 1.2162162162162162, "e2": 0.9047619047619048, "e3": 1.0, "e4": 0.9024390243902439}, "FPR_ratio": {"e0": 0.45454545454545453, "e1": 0.3846153846153846, "e2": 1.0, "e3": 4.0, "e4": 0.6923076923076923}, "PPR_ratio": {"e0": 1.1448979591836734, "e1": 1.2162162162162162, "e2": 0.9801587301587301, "e3": 0.8867924528301887, "e4": 1.0593849416755037}, "auroc": {"e0": 0.9952210526315789, "e1": 0.9941315789473685, "e2": 0.9920157894736842, "e3": 0.9968526315789473, "e4": 0.993178947368421}}, "parameter_2": {"parameter": 2, "Flag_rate_A": {"e0": 0.04, "e1": 0.039, "e2": 0.045, "e3": 0.041, "e4": 0.045}, "Recall_A": {"e0": 1.0, "e1": 1.0, "e2": 0.9090909090909091, "e3": 0.9393939393939394, "e4": 0.9393939393939394}, "FPR_A": {"e0": 0.007238883143743537, "e1": 0.0062047569803516025, "e2": 0.015511892450879007, "e3": 0.010341261633919338, "e4": 0.014477766287487074}, "Precision_A": {"e0": 0.825, "e1": 0.8461538461538461, "e2": 0.6666666666666666, "e3": 0.7560975609756098, "e4": 0.6888888888888889}, "Flag_rate_B": {"e0": 0.06, "e1": 0.061, "e2": 0.055, "e3": 0.059, "e4": 0.055}, "Recall_B": {"e0": 0.7611940298507462, "e1": 0.7164179104477612, "e2": 0.6865671641791045, "e3": 0.8059701492537313, "e4": 0.6865671641791045}, "FPR_B": {"e0": 0.00964630225080386, "e1": 0.013933547695605574, "e2": 0.00964630225080386, "e3": 0.0053590568060021436, "e4": 0.00964630225080386}, "Precision_B": {"e0": 0.85, "e1": 0.7868852459016393, "e2": 0.8363636363636363, "e3": 0.9152542372881356, "e4": 0.8363636363636363}, "Recall_overall": {"e0": 0.84, "e1": 0.81, "e2": 0.76, "e3": 0.85, "e4": 0.77}, "FPR_ovrall": {"e0": 0.008421052631578947, "e1": 0.01, "e2": 0.01263157894736842, "e3": 0.007894736842105263, "e4": 0.012105263157894737}, "Precision_overall": {"e0": 0.84, "e1": 0.81, "e2": 0.76, "e3": 0.85, "e4": 0.77}, "Flag_rate_ratio": {"e0": 0.6666666666666667, "e1": 0.639344262295082, "e2": 0.8181818181818181, "e3": 0.6949152542372882, "e4": 0.8181818181818181}, "TPR_ratio": {"e0": 1.3137254901960784, "e1": 1.3958333333333335, "e2": 1.3241106719367588, "e3": 1.1655443322109988, "e4": 1.3682476943346509}, "FPR_ratio": {"e0": 0.7504308859014133, "e1": 0.4453106355898496, "e2": 1.608066184074457, "e3": 1.9296794208893484, "e4": 1.5008617718028265}, "PPR_ratio": {"e0": 0.9705882352941176, "e1": 1.0753205128205128, "e2": 0.7971014492753623, "e3": 0.8261065943992774, "e4": 0.8236714975845411}, "auroc": {"e0": 0.9950105263157895, "e1": 0.9938473684210526, "e2": 0.9865052631578948, "e3": 0.9959473684210527, "e4": 0.9908631578947368}}, "parameter_3": {"parameter": 3, "Flag_rate_A": {"e0": 0.034, "e1": 0.034, "e2": 0.033, "e3": 0.036, "e4": 0.032}, "Recall_A": {"e0": 1.0, "e1": 0.96, "e2": 0.88, "e3": 0.96, "e4": 0.88}, "FPR_A": {"e0": 0.009230769230769232, "e1": 0.010256410256410256, "e2": 0.011282051282051283, "e3": 0.012307692307692308, "e4": 0.010256410256410256}, "Precision_A": {"e0": 0.7352941176470589, "e1": 0.7058823529411765, "e2": 0.6666666666666666, "e3": 0.6666666666666666, "e4": 0.6875}, "Flag_rate_B": {"e0": 0.066, "e1": 0.066, "e2": 0.067, "e3": 0.064, "e4": 0.068}, "Recall_B": {"e0": 0.8, "e1": 0.7866666666666666, "e2": 0.7733333333333333, "e3": 0.7866666666666666, "e4": 0.7866666666666666}, "FPR_B": {"e0": 0.006486486486486486, "e1": 0.0075675675675675675, "e2": 0.00972972972972973, "e3": 0.005405405405405406, "e4": 0.00972972972972973}, "Precision_B": {"e0": 0.9090909090909091, "e1": 0.8939393939393939, "e2": 0.8656716417910447, "e3": 0.921875, "e4": 0.8676470588235294}, "Recall_overall": {"e0": 0.85, "e1": 0.83, "e2": 0.8, "e3": 0.83, "e4": 0.81}, "FPR_ovrall": {"e0": 0.007894736842105263, "e1": 0.008947368421052631, "e2": 0.010526315789473684, "e3": 0.008947368421052631, "e4": 0.01}, "Precision_overall": {"e0": 0.85, "e1": 0.83, "e2": 0.8, "e3": 0.83, "e4": 0.81}, "Flag_rate_ratio": {"e0": 0.5151515151515151, "e1": 0.5151515151515151, "e2": 0.4925373134328358, "e3": 0.5625, "e4": 0.47058823529411764}, "TPR_ratio": {"e0": 1.25, "e1": 1.2203389830508475, "e2": 1.1379310344827587, "e3": 1.2203389830508475, "e4": 1.1186440677966103}, "FPR_ratio": {"e0": 1.4230769230769234, "e1": 1.3553113553113554, "e2": 1.1595441595441598, "e3": 2.276923076923077, "e4": 1.0541310541310542}, "PPR_ratio": {"e0": 0.8088235294117648, "e1": 0.7896311066799602, "e2": 0.7701149425287357, "e3": 0.7231638418079096, "e4": 0.7923728813559322}, "auroc": {"e0": 0.9953684210526316, "e1": 0.9939947368421054, "e2": 0.9881263157894737, "e3": 0.9950157894736842, "e4": 0.9912631578947368}}, "parameter_4": {"parameter": 4, "Flag_rate_A": {"e0": 0.029, "e1": 0.031, "e2": 0.045, "e3": 0.027, "e4": 0.042}, "Recall_A": {"e0": 0.9, "e1": 1.0, "e2": 0.85, "e3": 1.0, "e4": 0.4}, "FPR_A": {"e0": 0.011224489795918367, "e1": 0.011224489795918367, "e2": 0.02857142857142857, "e3": 0.007142857142857143, "e4": 0.03469387755102041}, "Precision_A": {"e0": 0.6206896551724138, "e1": 0.6451612903225806, "e2": 0.37777777777777777, "e3": 0.7407407407407407, "e4": 0.19047619047619047}, "Flag_rate_B": {"e0": 0.071, "e1": 0.069, "e2": 0.055, "e3": 0.073, "e4": 0.058}, "Recall_B": {"e0": 0.7875, "e1": 0.825, "e2": 0.3625, "e3": 0.8875, "e4": 0.3875}, "FPR_B": {"e0": 0.008695652173913044, "e1": 0.003260869565217391, "e2": 0.02826086956521739, "e3": 0.002173913043478261, "e4": 0.029347826086956522}, "Precision_B": {"e0": 0.8873239436619719, "e1": 0.9565217391304348, "e2": 0.5272727272727272, "e3": 0.9726027397260274, "e4": 0.5344827586206896}, "Recall_overall": {"e0": 0.81, "e1": 0.86, "e2": 0.46, "e3": 0.91, "e4": 0.39}, "FPR_ovrall": {"e0": 0.01, "e1": 0.007368421052631579, "e2": 0.028421052631578948, "e3": 0.004736842105263158, "e4": 0.032105263157894734}, "Precision_overall": {"e0": 0.81, "e1": 0.86, "e2": 0.46, "e3": 0.91, "e4": 0.39}, "Flag_rate_ratio": {"e0": 0.4084507042253522, "e1": 0.4492753623188405, "e2": 0.8181818181818181, "e3": 0.36986301369863017, "e4": 0.7241379310344828}, "TPR_ratio": {"e0": 1.142857142857143, "e1": 1.2121212121212122, "e2": 2.3448275862068964, "e3": 1.1267605633802817, "e4": 1.032258064516129}, "FPR_ratio": {"e0": 1.290816326530612, "e1": 3.442176870748299, "e2": 1.010989010989011,