{"Bias Type": "base rate change", "Data Type": "cluster", "Algorithm method": "Isolation Forest", "Base Rate A": [0.05, 0.03333333333333333, 0.025, 0.02], "Base Rate B": [0.05, 0.06666666666666667, 0.075, 0.08], "Group A": "Type: Gaussian, Xc mean: 0 variance: 1", "Group B": "Type: Gaussian, Xc mean: 0 variance: 1", "Group A_anomaly": "Type: Gaussian, Xc mean: 3 variance: 1", "Group B_anomaly": "Type: Gaussian, Xc mean: 3 variance: 1", "parameter_1": {"parameter": 1, "Flag_rate_A": {"e0": 0.05, "e1": 0.043, "e2": 0.049, "e3": 0.051, "e4": 0.049, "e5": 0.05, "e6": 0.047, "e7": 0.056, "e8": 0.052, "e9": 0.046}, "Recall_A": {"e0": 0.64, "e1": 0.7, "e2": 0.66, "e3": 0.76, "e4": 0.62, "e5": 0.7, "e6": 0.72, "e7": 0.86, "e8": 0.74, "e9": 0.7}, "FPR_A": {"e0": 0.018947368421052633, "e1": 0.008421052631578947, "e2": 0.016842105263157894, "e3": 0.01368421052631579, "e4": 0.018947368421052633, "e5": 0.015789473684210527, "e6": 0.011578947368421053, "e7": 0.01368421052631579, "e8": 0.015789473684210527, "e9": 0.011578947368421053}, "Precision_A": {"e0": 0.64, "e1": 0.813953488372093, "e2": 0.673469387755102, "e3": 0.7450980392156863, "e4": 0.6326530612244898, "e5": 0.7, "e6": 0.7659574468085106, "e7": 0.7678571428571429, "e8": 0.7115384615384616, "e9": 0.7608695652173914}, "Flag_rate_B": {"e0": 0.05, "e1": 0.057, "e2": 0.051, "e3": 0.049, "e4": 0.051, "e5": 0.05, "e6": 0.053, "e7": 0.044, "e8": 0.048, "e9": 0.054}, "Recall_B": {"e0": 0.7, "e1": 0.8, "e2": 0.82, "e3": 0.76, "e4": 0.46, "e5": 0.84, "e6": 0.86, "e7": 0.7, "e8": 0.84, "e9": 0.76}, "FPR_B": {"e0": 0.015789473684210527, "e1": 0.017894736842105262, "e2": 0.010526315789473684, "e3": 0.011578947368421053, "e4": 0.029473684210526315, "e5": 0.008421052631578947, "e6": 0.010526315789473684, "e7": 0.009473684210526316, "e8": 0.00631578947368421, "e9": 0.016842105263157894}, "Precision_B": {"e0": 0.7, "e1": 0.7017543859649122, "e2": 0.803921568627451, "e3": 0.7755102040816326, "e4": 0.45098039215686275, "e5": 0.84, "e6": 0.8113207547169812, "e7": 0.7954545454545454, "e8": 0.875, "e9": 0.7037037037037037}, "Flag_rate_overall": {"e0": 0.05, "e1": 0.05, "e2": 0.05, "e3": 0.05, "e4": 0.05, "e5": 0.05, "e6": 0.05, "e7": 0.05, "e8": 0.05, "e9": 0.05}, "Recall_overall": {"e0": 0.67, "e1": 0.75, "e2": 0.74, "e3": 0.76, "e4": 0.54, "e5": 0.77, "e6": 0.79, "e7": 0.78, "e8": 0.79, "e9": 0.73}, "FPR_ovrall": {"e0": 0.017368421052631578, "e1": 0.013157894736842105, "e2": 0.01368421052631579, "e3": 0.01263157894736842, "e4": 0.024210526315789474, "e5": 0.012105263157894737, "e6": 0.011052631578947368, "e7": 0.011578947368421053, "e8": 0.011052631578947368, "e9": 0.014210526315789474}, "Precision_overall": {"e0": 0.67, "e1": 0.75, "e2": 0.74, "e3": 0.76, "e4": 0.54, "e5": 0.77, "e6": 0.79, "e7": 0.78, "e8": 0.79, "e9": 0.73}, "auroc": {"e0": 0.9777842105263158, "e1": 0.9861368421052632, "e2": 0.9820842105263158, "e3": 0.9881631578947367, "e4": 0.9574105263157895, "e5": 0.989478947368421, "e6": 0.9930631578947369, "e7": 0.9875368421052632, "e8": 0.9894789473684211, "e9": 0.984942105263158}}, "parameter_2": {"parameter": 2, "Flag_rate_A": {"e0": 0.049, "e1": 0.035, "e2": 0.042, "e3": 0.043, "e4": 0.034, "e5": 0.044, "e6": 0.039, "e7": 0.042, "e8": 0.043, "e9": 0.032}, "Recall_A": {"e0": 0.7575757575757576, "e1": 0.7272727272727273, "e2": 0.6363636363636364, "e3": 0.8484848484848485, "e4": 0.5454545454545454, "e5": 0.7575757575757576, "e6": 0.8484848484848485, "e7": 0.8787878787878788, "e8": 0.7878787878787878, "e9": 0.696969696969697}, "FPR_A": {"e0": 0.02481902792140641, "e1": 0.011375387797311272, "e2": 0.02171664943123061, "e3": 0.015511892450879007, "e4": 0.016546018614270942, "e5": 0.01964839710444674, "e6": 0.011375387797311272, "e7": 0.01344364012409514, "e8": 0.017580144777662874, "e9": 0.009307135470527405}, "Precision_A": {"e0": 0.5102040816326531, "e1": 0.6857142857142857, "e2": 0.5, "e3": 0.6511627906976745, "e4": 0.5294117647058824, "e5": 0.5681818181818182, "e6": 0.717948717948718, "e7": 0.6904761904761905, "e8": 0.6046511627906976, "e9": 0.71875}, "Flag_rate_B": {"e0": 0.051, "e1": 0.065, "e2": 0.058, "e3": 0.057, "e4": 0.066, "e5": 0.056, "e6": 0.061, "e7": 0.058, "e8": 0.057, "e9": 0.068}, "Recall_B": {"e0": 0.5522388059701493, "e1": 0.7761194029850746, "e2": 0.6268656716417911, "e3": 0.7164179104477612, "e4": 0.582089552238806, "e5": 0.7014925373134329, "e6": 0.8059701492537313, "e7": 0.7164179104477612, "e8": 0.7761194029850746, "e9": 0.7910447761194029}, "FPR_B": {"e0": 0.015005359056806002, "e1": 0.013933547695605574, "e2": 0.01714898177920686, "e3": 0.00964630225080386, "e4": 0.028938906752411574, "e5": 0.00964630225080386, "e6": 0.007502679528403001, "e7": 0.010718113612004287, "e8": 0.0053590568060021436, "e9": 0.01607717041800643}, "Precision_B": {"e0": 0.7254901960784313, "e1": 0.8, "e2": 0.7241379310344828, "e3": 0.8421052631578947, "e4": 0.5909090909090909, "e5": 0.8392857142857143, "e6": 0.8852459016393442, "e7": 0.8275862068965517, "e8": 0.9122807017543859, "e9": 0.7794117647058824}, "Flag_rate_overall": {"e0": 0.05, "e1": 0.05, "e2": 0.05, "e3": 0.05, "e4": 0.05, "e5": 0.05, "e6": 0.05, "e7": 0.05, "e8": 0.05, "e9": 0.05}, "Recall_overall": {"e0": 0.62, "e1": 0.76, "e2": 0.63, "e3": 0.76, "e4": 0.57, "e5": 0.72, "e6": 0.82, "e7": 0.77, "e8": 0.78, "e9": 0.76}, "FPR_ovrall": {"e0": 0.02, "e1": 0.01263157894736842, "e2": 0.019473684210526317, "e3": 0.01263157894736842, "e4": 0.022631578947368423, "e5": 0.014736842105263158, "e6": 0.009473684210526316, "e7": 0.012105263157894737, "e8": 0.011578947368421053, "e9": 0.01263157894736842}, "Precision_overall": {"e0": 0.62, "e1": 0.76, "e2": 0.63, "e3": 0.76, "e4": 0.57, "e5": 0.72, "e6": 0.82, "e7": 0.77, "e8": 0.78, "e9": 0.76}, "auroc": {"e0": 0.9675842105263158, "e1": 0.987178947368421, "e2": 0.9746947368421053, "e3": 0.9872315789473683, "e4": 0.9602210526315789, "e5": 0.9810842105263158, "e6": 0.994078947368421, "e7": 0.9869894736842105, "e8": 0.9894052631578947, "e9": 0.9886263157894737}}, "parameter_3": {"parameter": 3, "Flag_rate_A": {"e0": 0.049, "e1": 0.03, "e2": 0.039, "e3": 0.034, "e4": 0.035, "e5": 0.036, "e6": 0.031, "e7": 0.038, "e8": 0.04, "e9": 0.031}, "Recall_A": {"e0": 0.8, "e1": 0.8, "e2": 0.76, "e3": 0.92, "e4": 0.68, "e5": 0.8, "e6": 0.88, "e7": 0.96, "e8": 0.88, "e9": 0.76}, "FPR_A": {"e0": 0.029743589743589743, "e1": 0.010256410256410256, "e2": 0.020512820512820513, "e3": 0.011282051282051283, "e4": 0.018461538461538463, "e5": 0.01641025641025641, "e6": 0.009230769230769232, "e7": 0.014358974358974359, "e8": 0.018461538461538463, "e9": 0.012307692307692308}, "Precision_A": {"e0": 0.40816326530612246, "e1": 0.6666666666666666, "e2": 0.48717948717948717, "e3": 0.6764705882352942, "e4": 0.4857142857142857, "e5": 0.5555555555555556, "e6": 0.7096774193548387, "e7": 0.631578947368421, "e8": 0.55, "e9": 0.6129032258064516}, "Flag_rate_B": {"e0": 0.051, "e1": 0.07, "e2": 0.061, "e3": 0.066, "e4": 0.065, "e5": 0.064, "e6": 0.069, "e7": 0.062, "e8": 0.06, "e9": 0.069}, "Recall_B": {"e0": 0.4666666666666667, "e1": 0.72, "e2": 0.6, "e3": 0.76, "e4": 0.5066666666666667, "e5": 0.7333333333333333, "e6": 0.8133333333333334, "e7": 0.6933333333333334, "e8": 0.7333333333333333, "e9": 0.7466666666666667}, "FPR_B": {"e0": 0.017297297297297298, "e1": 0.017297297297297298, "e2": 0.017297297297297298, "e3": 0.00972972972972973, "e4": 0.02918918918918919, "e5": 0.00972972972972973, "e6": 0.008648648648648649, "e7": 0.010810810810810811, "e8": 0.005405405405405406, "e9": 0.014054054054054054}, "Precision_B": {"e0": 0.6862745098039216, "e1": 0.7714285714285715, "e2": 0.7377049180327869, "e3": 0.8636363636363636, "e4": 0.5846153846153846, "e5": 0.859375, "e6": 0.8840579710144928, "e7": 0.8387096774193549, "e8": 0.9166666666666666, "e9": 0.8115942028985508}, "Flag_rate_overall": {"e0": 0.05, "e1": 0.05, "e2": 0.05, "e3": 0.05, "e4": 0.05, "e5": 0.05, "e6": 0.05, "e7": 0.05, "e8": 0.05, "e9": 0.05}, "Recall_overall": {"e0": 0.55, "e1": 0.74, "e2": 0.64,