{"0.01-0.01": {"roc": 0.9924263157894737, "flag_rate": [0.036, 0.064], "flag_rate_ratio": 0.5625, "TPR": [1.0, 0.76], "TPR whole": 0.82, "TPR ratio": 1.3157894736842106, "FPR": [0.011282051282051283, 0.0075675675675675675], "FPR whole": 0.009473684210526316, "FPR ratio": 1.4908424908424909, "PPR": [0.6944444444444444, 0.890625], "PPR whole": 0.82, "PPR ratio": 0.7797270955165692}, "0.01-0.2": {"roc": 0.9943473684210526, "flag_rate": [0.035, 0.065], "flag_rate_ratio": 0.5384615384615385, "TPR": [1.0, 0.7733333333333333], "TPR whole": 0.83, "TPR ratio": 1.293103448275862, "FPR": [0.010256410256410256, 0.0075675675675675675], "FPR whole": 0.008947368421052631, "FPR ratio": 1.3553113553113554, "PPR": [0.7142857142857143, 0.8923076923076924], "PPR whole": 0.83, "PPR ratio": 0.8004926108374384}, "0.01-0.5": {"roc": 0.9936894736842106, "flag_rate": [0.036, 0.064], "flag_rate_ratio": 0.5625, "TPR": [1.0, 0.76], "TPR whole": 0.82, "TPR ratio": 1.3157894736842106, "FPR": [0.011282051282051283, 0.0075675675675675675], "FPR whole": 0.009473684210526316, "FPR ratio": 1.4908424908424909, "PPR": [0.6944444444444444, 0.890625], "PPR whole": 0.82, "PPR ratio": 0.7797270955165692}, "0.01-0.8": {"roc": 0.9939473684210527, "flag_rate": [0.035, 0.065], "flag_rate_ratio": 0.5384615384615385, "TPR": [1.0, 0.7733333333333333], "TPR whole": 0.83, "TPR ratio": 1.293103448275862, "FPR": [0.010256410256410256, 0.0075675675675675675], "FPR whole": 0.008947368421052631, "FPR ratio": 1.3553113553113554, "PPR": [0.7142857142857143, 0.8923076923076924], "PPR whole": 0.83, "PPR ratio": 0.8004926108374384}, "0.05-0.01": {"roc": 0.9953684210526316, "flag_rate": [0.034, 0.066], "flag_rate_ratio": 0.5151515151515151, "TPR": [1.0, 0.8], "TPR whole": 0.85, "TPR ratio": 1.25, "FPR": [0.009230769230769232, 0.006486486486486486], "FPR whole": 0.007894736842105263, "FPR ratio": 1.4230769230769234, "PPR": [0.7352941176470589, 0.9090909090909091], "PPR whole": 0.85, "PPR ratio": 0.8088235294117648}, "0.05-0.2": {"roc": 0.9922684210526316, "flag_rate": [0.036, 0.064], "flag_rate_ratio": 0.5625, "TPR": [0.96, 0.76], "TPR whole": 0.81, "TPR ratio": 1.263157894736842, "FPR": [0.012307692307692308, 0.0075675675675675675], "FPR whole": 0.01, "FPR ratio": 1.6263736263736264, "PPR": [0.6666666666666666, 0.890625], "PPR whole": 0.81, "PPR ratio": 0.7485380116959064}, "0.05-0.5": {"roc": 0.9947684210526315, "flag_rate": [0.035, 0.065], "flag_rate_ratio": 0.5384615384615385, "TPR": [1.0, 0.7733333333333333], "TPR whole": 0.83, "TPR ratio": 1.293103448275862, "FPR": [0.010256410256410256, 0.0075675675675675675], "FPR whole": 0.008947368421052631, "FPR ratio": 1.3553113553113554, "PPR": [0.7142857142857143, 0.8923076923076924], "PPR whole": 0.83, "PPR ratio": 0.8004926108374384}, "0.05-0.8": {"roc": 0.9948473684210526, "flag_rate": [0.036, 0.064], "flag_rate_ratio": 0.5625, "TPR": [1.0, 0.7733333333333333], "TPR whole": 0.83, "TPR ratio": 1.293103448275862, "FPR": [0.011282051282051283, 0.006486486486486486], "FPR whole": 0.008947368421052631, "FPR ratio": 1.7393162393162396, "PPR": [0.6944444444444444, 0.90625], "PPR whole": 0.83, "PPR ratio": 0.7662835249042146}, "0.2-0.01": {"roc": 0.9946526315789475, "flag_rate": [0.034, 0.066], "flag_rate_ratio": 0.5151515151515151, "TPR": [1.0, 0.7866666666666666], "TPR whole": 0.84, "TPR ratio": 1.2711864406779663, "FPR": [0.009230769230769232, 0.0075675675675675675], "FPR whole": 0.008421052631578947, "FPR ratio": 1.2197802197802199, "PPR": [0.7352941176470589, 0.8939393939393939], "PPR whole": 0.84, "PPR ratio": 0.8225324027916252}, "0.2-0.2": {"roc": 0.9934105263157895, "flag_rate": [0.035, 0.065], "flag_rate_ratio": 0.5384615384615385, "TPR": [1.0, 0.7733333333333333], "TPR whole": 0.83, "TPR ratio": 1.293103448275862, "FPR": [0.010256410256410256, 0.0075675675675675675], "FPR whole": 0.008947368421052631, "FPR ratio": 1.3553113553113554, "PPR": [0.7142857142857143, 0.8923076923076924], "PPR whole": 0.83, "PPR ratio": 0.8004926108374384}, "0.2-0.5": {"roc": 0.9945578947368421, "flag_rate": [0.036, 0.064], "flag_rate_ratio": 0.5625, "TPR": [1.0, 0.76], "TPR whole": 0.82, "TPR ratio": 1.3157894736842106, "FPR": [0.011282051282051283, 0.0075675675675675675], "FPR whole": 0.009473684210526316, "FPR ratio": 1.4908424908424909, "PPR": [0.6944444444444444, 0.890625], "PPR whole": 0.82, "PPR ratio": 0.7797270955165692}, "0.2-0.8": {"roc": 0.9930631578947369, "flag_rate": [0.036, 0.064], "flag_rate_ratio": 0.5625, "TPR": [1.0, 0.76], "TPR whole": 0.82, "TPR ratio": 1.3157894736842106, "FPR": [0.011282051282051283, 0.0075675675675675675], "FPR whole": 0.009473684210526316, "FPR ratio": 1.4908424908424909, "PPR": [0.6944444444444444, 0.890625], "PPR whole": 0.82, "PPR ratio": 0.7797270955165692}, "0.5-0.01": {"roc": 0.9939210526315789, "flag_rate": [0.035, 0.065], "flag_rate_ratio": 0.5384615384615385, "TPR": [1.0, 0.7733333333333333], "TPR whole": 0.83, "TPR ratio": 1.293103448275862, "FPR": [0.010256410256410256, 0.0075675675675675675], "FPR whole": 0.008947368421052631, "FPR ratio": 1.3553113553113554, "PPR": [0.7142857142857143, 0.8923076923076924], "PPR whole": 0.83, "PPR ratio": 0.8004926108374384}, "0.5-0.2": {"roc": 0.9944210526315789, "flag_rate": [0.035, 0.065], "flag_rate_ratio": 0.5384615384615385, "TPR": [1.0, 0.7733333333333333], "TPR whole": 0.83, "TPR ratio": 1.293103448275862, "FPR": [0.010256410256410256, 0.0075675675675675675], "FPR whole": 0.008947368421052631, "FPR ratio": 1.3553113553113554, "PPR": [0.7142857142857143, 0.8923076923076924], "PPR whole": 0.83, "PPR ratio": 0.8004926108374384}, "0.5-0.5": {"roc": 0.994842105263158, "flag_rate": [0.035, 0.065], "flag_rate_ratio": 0.5384615384615385, "TPR": [1.0, 0.7733333333333333], "TPR whole": 0.83, "TPR ratio": 1.293103448275862, "FPR": [0.010256410256410256, 0.0075675675675675675], "FPR whole": 0.008947368421052631, "FPR ratio": 1.3553113553113554, "PPR": [0.7142857142857143, 0.8923076923076924], "PPR whole": 0.83, "PPR ratio": 0.8004926108374384}, "0.5-0.8": {"roc": 0.9947368421052631, "flag_rate": [0.034, 0.066], "flag_rate_ratio": 0.5151515151515151, "TPR": [1.0, 0.7866666666666666], "TPR whole": 0.84, "TPR ratio": 1.2711864406779663, "FPR": [0.009230769230769232, 0.0075675675675675675], "FPR whole": 0.008421052631578947, "FPR ratio": 1.2197802197802199, "PPR": [0.7352941176470589, 0.8939393939393939], "PPR whole": 0.84, "PPR ratio": 0.8225324027916252}, "0.8-0.01": {"roc": 0.9942210526315789, "flag_rate": [0.036, 0.064], "flag_rate_ratio": 0.5625, "TPR": [1.0, 0.7733333333333333], "TPR whole": 0.83, "TPR ratio": 1.293103448275862, "FPR": [0.011282051282051283, 0.006486486486486486], "FPR whole": 0.008947368421052631, "FPR ratio": 1.7393162393162396, "PPR": [0.6944444444444444, 0.90625], "PPR whole": 0.83, "PPR ratio": 0.7662835249042146}, "0.8-0.2": {"roc": 0.9930315789473685, "flag_rate": [0.035, 0.065], "flag_rate_ratio": 0.5384615384615385, "TPR": [1.0, 0.7733333333333333], "TPR whole": 0.83, "TPR ratio": 1.293103448275862, "FPR": [0.010256410256410256, 0.0075675675675675675], "FPR whole": 0.008947368421052631, "FPR ratio": 1.3553113553113554, "PPR": [0.7142857142857143, 0.8923076923076924], "PPR whole": 0.83, "PPR ratio": 0.8004926108374384}, "0.8-0.5": {"roc": 0.9952736842105263, "flag_rate": [0.033, 0.067], "flag_rate_ratio": 0.4925373134328358, "TPR": [1.0, 0.8], "TPR whole": 0.85, "TPR ratio": 1.25, "FPR": [0.008205128205128205, 0.0075675675675675675], "FPR whole": 0.007894736842105263, "FPR ratio": 1.0842490842490842, "PPR": [0.7575757575757576, 0.8955223880597015], "PPR whole": 0.85, "PPR ratio": 0.8459595959595959}, "0.8-0.8": {"roc": 0.9950210526315789, "flag_rate": [0.035, 0.065], "flag_rate_ratio": 0.5384615384615385, "TPR": [1.0, 0.7733333333333333], "TPR whole": 0.83, "TPR ratio": 1.293103448275862, "FPR": [0.010256410256410256, 0.0075675675675675675], "FPR whole": 0.008947368421052631, "FPR ratio": 1.3553113553113554, "PPR": [0.7142857142857143, 0.8923076923076924],