{"0.01-0.01": {"roc": 0.9941368421052632, "flag_rate": [0.048, 0.052], "flag_rate_ratio": 0.9230769230769231, "TPR": [0.78, 0.8], "TPR whole": 0.79, "TPR ratio": 0.975, "FPR": [0.009473684210526316, 0.01263157894736842], "FPR whole": 0.011052631578947368, "FPR ratio": 0.7500000000000001, "PPR": [0.8125, 0.7692307692307693], "PPR whole": 0.79, "PPR ratio": 1.05625}, "0.01-0.2": {"roc": 0.9938368421052631, "flag_rate": [0.048, 0.052], "flag_rate_ratio": 0.9230769230769231, "TPR": [0.86, 0.8], "TPR whole": 0.83, "TPR ratio": 1.075, "FPR": [0.005263157894736842, 0.01263157894736842], "FPR whole": 0.008947368421052631, "FPR ratio": 0.4166666666666667, "PPR": [0.8958333333333334, 0.7692307692307693], "PPR whole": 0.83, "PPR ratio": 1.1645833333333333}, "0.01-0.5": {"roc": 0.9950368421052632, "flag_rate": [0.049, 0.051], "flag_rate_ratio": 0.9607843137254903, "TPR": [0.88, 0.8], "TPR whole": 0.84, "TPR ratio": 1.0999999999999999, "FPR": [0.005263157894736842, 0.011578947368421053], "FPR whole": 0.008421052631578947, "FPR ratio": 0.45454545454545453, "PPR": [0.8979591836734694, 0.7843137254901961], "PPR whole": 0.84, "PPR ratio": 1.1448979591836734}, "0.01-0.8": {"roc": 0.9962578947368421, "flag_rate": [0.049, 0.051], "flag_rate_ratio": 0.9607843137254903, "TPR": [0.88, 0.82], "TPR whole": 0.85, "TPR ratio": 1.0731707317073171, "FPR": [0.005263157894736842, 0.010526315789473684], "FPR whole": 0.007894736842105263, "FPR ratio": 0.5, "PPR": [0.8979591836734694, 0.803921568627451], "PPR whole": 0.85, "PPR ratio": 1.116973618715779}, "0.05-0.01": {"roc": 0.993378947368421, "flag_rate": [0.047, 0.053], "flag_rate_ratio": 0.8867924528301887, "TPR": [0.76, 0.8], "TPR whole": 0.78, "TPR ratio": 0.95, "FPR": [0.009473684210526316, 0.01368421052631579], "FPR whole": 0.011578947368421053, "FPR ratio": 0.6923076923076923, "PPR": [0.8085106382978723, 0.7547169811320755], "PPR whole": 0.78, "PPR ratio": 1.0712765957446806}, "0.05-0.2": {"roc": 0.994257894736842, "flag_rate": [0.048, 0.052], "flag_rate_ratio": 0.9230769230769231, "TPR": [0.84, 0.8], "TPR whole": 0.82, "TPR ratio": 1.0499999999999998, "FPR": [0.00631578947368421, 0.01263157894736842], "FPR whole": 0.009473684210526316, "FPR ratio": 0.5, "PPR": [0.875, 0.7692307692307693], "PPR whole": 0.82, "PPR ratio": 1.1375}, "0.05-0.5": {"roc": 0.9959684210526316, "flag_rate": [0.05, 0.05], "flag_rate_ratio": 1.0, "TPR": [0.9, 0.82], "TPR whole": 0.86, "TPR ratio": 1.0975609756097562, "FPR": [0.005263157894736842, 0.009473684210526316], "FPR whole": 0.007368421052631579, "FPR ratio": 0.5555555555555555, "PPR": [0.9, 0.82], "PPR whole": 0.86, "PPR ratio": 1.0975609756097562}, "0.05-0.8": {"roc": 0.9954263157894736, "flag_rate": [0.047, 0.053], "flag_rate_ratio": 0.8867924528301887, "TPR": [0.84, 0.86], "TPR whole": 0.85, "TPR ratio": 0.9767441860465116, "FPR": [0.005263157894736842, 0.010526315789473684], "FPR whole": 0.007894736842105263, "FPR ratio": 0.5, "PPR": [0.8936170212765957, 0.8113207547169812], "PPR whole": 0.85, "PPR ratio": 1.1014349332013853}, "0.2-0.01": {"roc": 0.9947578947368422, "flag_rate": [0.048, 0.052], "flag_rate_ratio": 0.9230769230769231, "TPR": [0.86, 0.82], "TPR whole": 0.84, "TPR ratio": 1.048780487804878, "FPR": [0.005263157894736842, 0.011578947368421053], "FPR whole": 0.008421052631578947, "FPR ratio": 0.45454545454545453, "PPR": [0.8958333333333334, 0.7884615384615384], "PPR whole": 0.84, "PPR ratio": 1.136178861788618}, "0.2-0.2": {"roc": 0.9960315789473684, "flag_rate": [0.049, 0.051], "flag_rate_ratio": 0.9607843137254903, "TPR": [0.88, 0.8], "TPR whole": 0.84, "TPR ratio": 1.0999999999999999, "FPR": [0.005263157894736842, 0.011578947368421053], "FPR whole": 0.008421052631578947, "FPR ratio": 0.45454545454545453, "PPR": [0.8979591836734694, 0.7843137254901961], "PPR whole": 0.84, "PPR ratio": 1.1448979591836734}, "0.2-0.5": {"roc": 0.9950263157894736, "flag_rate": [0.049, 0.051], "flag_rate_ratio": 0.9607843137254903, "TPR": [0.86, 0.8], "TPR whole": 0.83, "TPR ratio": 1.075, "FPR": [0.00631578947368421, 0.011578947368421053], "FPR whole": 0.008947368421052631, "FPR ratio": 0.5454545454545454, "PPR": [0.8775510204081632, 0.7843137254901961], "PPR whole": 0.83, "PPR ratio": 1.118877551020408}, "0.2-0.8": {"roc": 0.9956421052631579, "flag_rate": [0.048, 0.052], "flag_rate_ratio": 0.9230769230769231, "TPR": [0.86, 0.8], "TPR whole": 0.83, "TPR ratio": 1.075, "FPR": [0.005263157894736842, 0.01263157894736842], "FPR whole": 0.008947368421052631, "FPR ratio": 0.4166666666666667, "PPR": [0.8958333333333334, 0.7692307692307693], "PPR whole": 0.83, "PPR ratio": 1.1645833333333333}, "0.5-0.01": {"roc": 0.9962052631578947, "flag_rate": [0.05, 0.05], "flag_rate_ratio": 1.0, "TPR": [0.88, 0.82], "TPR whole": 0.85, "TPR ratio": 1.0731707317073171, "FPR": [0.00631578947368421, 0.009473684210526316], "FPR whole": 0.007894736842105263, "FPR ratio": 0.6666666666666666, "PPR": [0.88, 0.82], "PPR whole": 0.85, "PPR ratio": 1.0731707317073171}, "0.5-0.2": {"roc": 0.9957631578947368, "flag_rate": [0.047, 0.053], "flag_rate_ratio": 0.8867924528301887, "TPR": [0.84, 0.82], "TPR whole": 0.83, "TPR ratio": 1.024390243902439, "FPR": [0.005263157894736842, 0.01263157894736842], "FPR whole": 0.008947368421052631, "FPR ratio": 0.4166666666666667, "PPR": [0.8936170212765957, 0.7735849056603774], "PPR whole": 0.83, "PPR ratio": 1.1551634665282822}, "0.5-0.5": {"roc": 0.995121052631579, "flag_rate": [0.05, 0.05], "flag_rate_ratio": 1.0, "TPR": [0.9, 0.8], "TPR whole": 0.85, "TPR ratio": 1.125, "FPR": [0.005263157894736842, 0.010526315789473684], "FPR whole": 0.007894736842105263, "FPR ratio": 0.5, "PPR": [0.9, 0.8], "PPR whole": 0.85, "PPR ratio": 1.125}, "0.5-0.8": {"roc": 0.9952210526315789, "flag_rate": [0.049, 0.051], "flag_rate_ratio": 0.9607843137254903, "TPR": [0.88, 0.8], "TPR whole": 0.84, "TPR ratio": 1.0999999999999999, "FPR": [0.005263157894736842, 0.011578947368421053], "FPR whole": 0.008421052631578947, "FPR ratio": 0.45454545454545453, "PPR": [0.8979591836734694, 0.7843137254901961], "PPR whole": 0.84, "PPR ratio": 1.1448979591836734}, "0.8-0.01": {"roc": 0.9948947368421053, "flag_rate": [0.049, 0.051], "flag_rate_ratio": 0.9607843137254903, "TPR": [0.88, 0.8], "TPR whole": 0.84, "TPR ratio": 1.0999999999999999, "FPR": [0.005263157894736842, 0.011578947368421053], "FPR whole": 0.008421052631578947, "FPR ratio": 0.45454545454545453, "PPR": [0.8979591836734694, 0.7843137254901961], "PPR whole": 0.84, "PPR ratio": 1.1448979591836734}, "0.8-0.2": {"roc": 0.9956052631578947, "flag_rate": [0.048, 0.052], "flag_rate_ratio": 0.9230769230769231, "TPR": [0.84, 0.82], "TPR whole": 0.83, "TPR ratio": 1.024390243902439, "FPR": [0.00631578947368421, 0.011578947368421053], "FPR whole": 0.008947368421052631, "FPR ratio": 0.5454545454545454, "PPR": [0.875, 0.7884615384615384], "PPR whole": 0.83, "PPR ratio": 1.1097560975609757}, "0.8-0.5": {"roc": 0.9958368421052632, "flag_rate": [0.049, 0.051], "flag_rate_ratio": 0.9607843137254903, "TPR": [0.88, 0.8], "TPR whole": 0.84, "TPR ratio": 1.0999999999999999, "FPR": [0.005263157894736842, 0.011578947368421053], "FPR whole": 0.008421052631578947, "FPR ratio": 0.45454545454545453, "PPR": [0.8979591836734694, 0.7843137254901961], "PPR whole": 0.84, "PPR ratio": 1.1448979591836734}, "0.8-0.8": {"roc": 0.9941631578947369, "flag_rate": [0.048, 0.052], "flag_rate_ratio": 0.9230769230769231, "TPR": [0.84, 0.82], "TPR whole": 0.83, "TPR ratio": 1.024390243902439, "FPR": [0.00631578947368421, 0.011578947368421053], "FPR whole": 0.008947368421052631, "FPR ratio": 0.5454545454545454, "PPR": [0.875, 0.7884615384615384], "PPR whole": 0.83, "PPR ratio": 1.1097560975609757}}