{"0.01-0.01": {"roc": 0.9952684210526316, "flag_rate": [0.027, 0.073], "flag_rate_ratio": 0.36986301369863017, "TPR": [0.95, 0.825], "TPR whole": 0.85, "TPR ratio": 1.1515151515151516, "FPR": [0.00816326530612245, 0.007608695652173913], "FPR whole": 0.007894736842105263, "FPR ratio": 1.0728862973760933, "PPR": [0.7037037037037037, 0.9041095890410958], "PPR whole": 0.85, "PPR ratio": 0.7783389450056117}, "0.01-0.2": {"roc": 0.9926315789473684, "flag_rate": [0.029, 0.071], "flag_rate_ratio": 0.4084507042253522, "TPR": [0.9, 0.8], "TPR whole": 0.82, "TPR ratio": 1.125, "FPR": [0.011224489795918367, 0.007608695652173913], "FPR whole": 0.009473684210526316, "FPR ratio": 1.475218658892128, "PPR": [0.6206896551724138, 0.9014084507042254], "PPR whole": 0.82, "PPR ratio": 0.6885775862068966}, "0.01-0.5": {"roc": 0.9919052631578946, "flag_rate": [0.031, 0.069], "flag_rate_ratio": 0.4492753623188405, "TPR": [0.9, 0.775], "TPR whole": 0.8, "TPR ratio": 1.1612903225806452, "FPR": [0.013265306122448979, 0.007608695652173913], "FPR whole": 0.010526315789473684, "FPR ratio": 1.7434402332361514, "PPR": [0.5806451612903226, 0.8985507246376812], "PPR whole": 0.8, "PPR ratio": 0.6462018730489074}, "0.01-0.8": {"roc": 0.9914263157894737, "flag_rate": [0.032, 0.068], "flag_rate_ratio": 0.47058823529411764, "TPR": [0.9, 0.75], "TPR whole": 0.78, "TPR ratio": 1.2, "FPR": [0.014285714285714285, 0.008695652173913044], "FPR whole": 0.011578947368421053, "FPR ratio": 1.6428571428571428, "PPR": [0.5625, 0.8823529411764706], "PPR whole": 0.78, "PPR ratio": 0.6375000000000001}, "0.05-0.01": {"roc": 0.9918526315789473, "flag_rate": [0.031, 0.069], "flag_rate_ratio": 0.4492753623188405, "TPR": [0.9, 0.775], "TPR whole": 0.8, "TPR ratio": 1.1612903225806452, "FPR": [0.013265306122448979, 0.007608695652173913], "FPR whole": 0.010526315789473684, "FPR ratio": 1.7434402332361514, "PPR": [0.5806451612903226, 0.8985507246376812], "PPR whole": 0.8, "PPR ratio": 0.6462018730489074}, "0.05-0.2": {"roc": 0.9929, "flag_rate": [0.03, 0.07], "flag_rate_ratio": 0.4285714285714285, "TPR": [0.95, 0.775], "TPR whole": 0.81, "TPR ratio": 1.225806451612903, "FPR": [0.011224489795918367, 0.008695652173913044], "FPR whole": 0.01, "FPR ratio": 1.290816326530612, "PPR": [0.6333333333333333, 0.8857142857142857], "PPR whole": 0.81, "PPR ratio": 0.7150537634408602}, "0.05-0.5": {"roc": 0.993042105263158, "flag_rate": [0.029, 0.071], "flag_rate_ratio": 0.4084507042253522, "TPR": [0.9, 0.7875], "TPR whole": 0.81, "TPR ratio": 1.142857142857143, "FPR": [0.011224489795918367, 0.008695652173913044], "FPR whole": 0.01, "FPR ratio": 1.290816326530612, "PPR": [0.6206896551724138, 0.8873239436619719], "PPR whole": 0.81, "PPR ratio": 0.6995073891625616}, "0.05-0.8": {"roc": 0.9927368421052631, "flag_rate": [0.027, 0.073], "flag_rate_ratio": 0.36986301369863017, "TPR": [0.9, 0.8125], "TPR whole": 0.83, "TPR ratio": 1.1076923076923078, "FPR": [0.009183673469387756, 0.008695652173913044], "FPR whole": 0.008947368421052631, "FPR ratio": 1.056122448979592, "PPR": [0.6666666666666666, 0.8904109589041096], "PPR whole": 0.83, "PPR ratio": 0.7487179487179487}, "0.2-0.01": {"roc": 0.993621052631579, "flag_rate": [0.029, 0.071], "flag_rate_ratio": 0.4084507042253522, "TPR": [0.95, 0.8], "TPR whole": 0.83, "TPR ratio": 1.1874999999999998, "FPR": [0.01020408163265306, 0.007608695652173913], "FPR whole": 0.008947368421052631, "FPR ratio": 1.3411078717201164, "PPR": [0.6551724137931034, 0.9014084507042254], "PPR whole": 0.83, "PPR ratio": 0.7268318965517241}, "0.2-0.2": {"roc": 0.9922052631578947, "flag_rate": [0.031, 0.069], "flag_rate_ratio": 0.4492753623188405, "TPR": [0.95, 0.775], "TPR whole": 0.81, "TPR ratio": 1.225806451612903, "FPR": [0.012244897959183673, 0.007608695652173913], "FPR whole": 0.01, "FPR ratio": 1.6093294460641399, "PPR": [0.6129032258064516, 0.8985507246376812], "PPR whole": 0.81, "PPR ratio": 0.68210197710718}, "0.2-0.5": {"roc": 0.9920842105263158, "flag_rate": [0.03, 0.07], "flag_rate_ratio": 0.4285714285714285, "TPR": [0.9, 0.775], "TPR whole": 0.8, "TPR ratio": 1.1612903225806452, "FPR": [0.012244897959183673, 0.008695652173913044], "FPR whole": 0.010526315789473684, "FPR ratio": 1.4081632653061225, "PPR": [0.6, 0.8857142857142857], "PPR whole": 0.8, "PPR ratio": 0.6774193548387096}, "0.2-0.8": {"roc": 0.9931842105263158, "flag_rate": [0.029, 0.071], "flag_rate_ratio": 0.4084507042253522, "TPR": [0.95, 0.8], "TPR whole": 0.83, "TPR ratio": 1.1874999999999998, "FPR": [0.01020408163265306, 0.007608695652173913], "FPR whole": 0.008947368421052631, "FPR ratio": 1.3411078717201164, "PPR": [0.6551724137931034, 0.9014084507042254], "PPR whole": 0.83, "PPR ratio": 0.7268318965517241}, "0.5-0.01": {"roc": 0.9945473684210526, "flag_rate": [0.028, 0.072], "flag_rate_ratio": 0.38888888888888895, "TPR": [0.95, 0.8125], "TPR whole": 0.84, "TPR ratio": 1.169230769230769, "FPR": [0.009183673469387756, 0.007608695652173913], "FPR whole": 0.008421052631578947, "FPR ratio": 1.206997084548105, "PPR": [0.6785714285714286, 0.9027777777777778], "PPR whole": 0.84, "PPR ratio": 0.7516483516483516}, "0.5-0.2": {"roc": 0.9933315789473685, "flag_rate": [0.028, 0.072], "flag_rate_ratio": 0.38888888888888895, "TPR": [0.95, 0.8], "TPR whole": 0.83, "TPR ratio": 1.1874999999999998, "FPR": [0.009183673469387756, 0.008695652173913044], "FPR whole": 0.008947368421052631, "FPR ratio": 1.056122448979592, "PPR": [0.6785714285714286, 0.8888888888888888], "PPR whole": 0.83, "PPR ratio": 0.7633928571428572}, "0.5-0.5": {"roc": 0.9908368421052631, "flag_rate": [0.032, 0.068], "flag_rate_ratio": 0.47058823529411764, "TPR": [0.85, 0.75], "TPR whole": 0.77, "TPR ratio": 1.1333333333333333, "FPR": [0.015306122448979591, 0.008695652173913044], "FPR whole": 0.012105263157894737, "FPR ratio": 1.760204081632653, "PPR": [0.53125, 0.8823529411764706], "PPR whole": 0.77, "PPR ratio": 0.6020833333333333}, "0.5-0.8": {"roc": 0.992421052631579, "flag_rate": [0.031, 0.069], "flag_rate_ratio": 0.4492753623188405, "TPR": [0.9, 0.7625], "TPR whole": 0.79, "TPR ratio": 1.1803278688524592, "FPR": [0.013265306122448979, 0.008695652173913044], "FPR whole": 0.011052631578947368, "FPR ratio": 1.5255102040816326, "PPR": [0.5806451612903226, 0.8840579710144928], "PPR whole": 0.79, "PPR ratio": 0.656795346377578}, "0.8-0.01": {"roc": 0.9908421052631579, "flag_rate": [0.031, 0.069], "flag_rate_ratio": 0.4492753623188405, "TPR": [0.95, 0.7625], "TPR whole": 0.8, "TPR ratio": 1.2459016393442623, "FPR": [0.012244897959183673, 0.008695652173913044], "FPR whole": 0.010526315789473684, "FPR ratio": 1.4081632653061225, "PPR": [0.6129032258064516, 0.8840579710144928], "PPR whole": 0.8, "PPR ratio": 0.6932839767318879}, "0.8-0.2": {"roc": 0.9939263157894738, "flag_rate": [0.029, 0.071], "flag_rate_ratio": 0.4084507042253522, "TPR": [0.9, 0.8], "TPR whole": 0.82, "TPR ratio": 1.125, "FPR": [0.011224489795918367, 0.007608695652173913], "FPR whole": 0.009473684210526316, "FPR ratio": 1.475218658892128, "PPR": [0.6206896551724138, 0.9014084507042254], "PPR whole": 0.82, "PPR ratio": 0.6885775862068966}, "0.8-0.5": {"roc": 0.9919526315789473, "flag_rate": [0.03, 0.07], "flag_rate_ratio": 0.4285714285714285, "TPR": [0.95, 0.775], "TPR whole": 0.81, "TPR ratio": 1.225806451612903, "FPR": [0.011224489795918367, 0.008695652173913044], "FPR whole": 0.01, "FPR ratio": 1.290816326530612, "PPR": [0.6333333333333333, 0.8857142857142857], "PPR whole": 0.81, "PPR ratio": 0.7150537634408602}, "0.8-0.8": {"roc": 0.9932263157894737, "flag_rate": [0.03, 0.07], "flag_rate_ratio": 0.4285714285714285, "TPR": [0.95, 0.775], "TPR whole": 0.81, "TPR ratio": 1.225806451612903, "FPR": [0.011224489795918367, 0.008695652173913044], "FPR whole": 0.01, "FPR ratio": 1.290816326530612, "PPR": [0.6333333333333333, 0.8857142857142857], "PPR whole": 0.81, "PPR ratio": 0.7150537634408602}}