{"alpha_list": [0.5, 0.5, 0.05, 0.05], "gamma_list": [0.8, 0.01, 0.01, 0.5], "auroc": [0.99428, 0.9924347368421053, 0.9927536842105262, 0.9709831578947368]}