{"0": {"0.01-0.01": 0.0895761715015177, "0.01-0.2": 0.08415303831618685, "0.01-0.5": 0.12436999708748411, "0.01-0.8": 0.11331850056656328, "0.05-0.01": 0.07575623072214833, "0.05-0.2": 0.10824572030149376, "0.05-0.5": 0.1388254561388558, "0.05-0.8": 0.0689438413887838, "0.2-0.01": 0.11550354589339576, "0.2-0.2": 0.07793897546126594, "0.2-0.5": 0.07929528383167611, "0.2-0.8": 0.11969725778865571, "0.5-0.01": 0.07508419643571736, "0.5-0.2": 0.11712003273641741, "0.5-0.5": 0.10191477412243499, "0.5-0.8": 0.10962197020652714, "0.8-0.01": 0.06594439577204693, "0.8-0.2": 0.12276495044447057, "0.8-0.5": 0.07899873000280144, "0.8-0.8": 0.09201487205286925}, "0.05": {"0.01-0.01": 0.06989460905305696, "0.01-0.2": 0.08447869727560876, "0.01-0.5": 0.08899954189994151, "0.01-0.8": 0.10547842329461271, "0.05-0.01": 0.08268477457727116, "0.05-0.2": 0.12911298012316733, "0.05-0.5": 0.11251364514372272, "0.05-0.8": 0.11136686421992227, "0.2-0.01": 0.08419769314369507, "0.2-0.2": 0.08358782510576895, "0.2-0.5": 0.09839169921170396, "0.2-0.8": 0.10851232099570794, "0.5-0.01": 0.0878865698821446, "0.5-0.2": 0.10113041533753835, "0.5-0.5": 0.11147683040903607, "0.5-0.8": 0.0961966426705833, "0.8-0.01": 0.08015336041946387, "0.8-0.2": 0.08550737925344865, "0.8-0.5": 0.09674967185641187, "0.8-0.8": 0.14313390789175792}, "0.1": {"0.01-0.01": 0.053063558985579934, "0.01-0.2": 0.08340790561768792, "0.01-0.5": 0.08512482404805585, "0.01-0.8": 0.0686841863311917, "0.05-0.01": 0.07940569302340345, "0.05-0.2": 0.08697120826115991, "0.05-0.5": 0.07286828443001162, "0.05-0.8": 0.09233782647187014, "0.2-0.01": 0.05338483063879341, "0.2-0.2": 0.07579079777745468, "0.2-0.5": 0.1013816228634675, "0.2-0.8": 0.09761130296579983, "0.5-0.01": 0.0867038510698702, "0.5-0.2": 0.07429385422069357, "0.5-0.5": 0.07903150103559065, "0.5-0.8": 0.11544199542317658, "0.8-0.01": 0.0631764070450713, "0.8-0.2": 0.11341407099668903, "0.8-0.5": 0.0894250984180521, "0.8-0.8": 0.07554182033109716}, "0.2": {"0.01-0.01": 0.13083787584297424, "0.01-0.2": 0.12335278947497566, "0.01-0.5": 0.11783161662557119, "0.01-0.8": 0.12473807976251984, "0.05-0.01": 0.11969465850681454, "0.05-0.2": 0.11819637906669433, "0.05-0.5": 0.13045698856193153, "0.05-0.8": 0.12254166536993577, "0.2-0.01": 0.1612379422777128, "0.2-0.2": 0.1330339057569236, "0.2-0.5": 0.127123439365725, "0.2-0.8": 0.1204001128724021, "0.5-0.01": 0.14995265738555927, "0.5-0.2": 0.11942519747441697, "0.5-0.5": 0.14169696665026973, "0.5-0.8": 0.1189946853245207, "0.8-0.01": 0.12285146008129702, "0.8-0.2": 0.11972694811531402, "0.8-0.5": 0.12882679674308914, "0.8-0.8": 0.11971354850062109}, "0.5": {"0.01-0.01": 0.12147254363108412, "0.01-0.2": 0.15568966335209952, "0.01-0.5": 0.11833004039837111, "0.01-0.8": 0.138979324945071, "0.05-0.01": 0.10555148624892004, "0.05-0.2": 0.1206633197604902, "0.05-0.5": 0.12362408141457101, "0.05-0.8": 0.12429796802493275, "0.2-0.01": 0.12414792830873499, "0.2-0.2": 0.12962911982535819, "0.2-0.5": 0.13684551783408413, "0.2-0.8": 0.14153757763488256, "0.5-0.01": 0.11515020345450575, "0.5-0.2": 0.15371770983197797, "0.5-0.5": 0.12796092043390483, "0.5-0.8": 0.13757027692228438, "0.8-0.01": 0.13165885873942532, "0.8-0.2": 0.11095568960448081, "0.8-0.5": 0.1236249205020343, "0.8-0.8": 0.1349450885561685}, "1": {"0.01-0.01": 0.1340824506391867, "0.01-0.2": 0.1753616058972553, "0.01-0.5": 0.17116285469684367, "0.01-0.8": 0.2012322232001154, "0.05-0.01": 0.1894181500559776, "0.05-0.2": 0.1537850077926169, "0.05-0.5": 0.17725448468688487, "0.05-0.8": 0.17704362979546473, "0.2-0.01": 0.16047640950609277, "0.2-0.2": 0.1667314083649473, "0.2-0.5": 0.16574933701707528, "0.2-0.8": 0.16987595633976096, "0.5-0.01": 0.15318363006162058, "0.5-0.2": 0.16779234469180182, "0.5-0.5": 0.18106065738110455, "0.5-0.8": 0.16665560781625458, "0.8-0.01": 0.16107221113935127, "0.8-0.2": 0.17539604787025537, "0.8-0.5": 0.17537428053348822, "0.8-0.8": 0.19828408448539614}, "1.5": {"0.01-0.01": 0.2790723906070429, "0.01-0.2": 0.29666452750243744, "0.01-0.5": 0.35385779317080096, "0.01-0.8": 0.31385501125699805, "0.05-0.01": 0.258905602155047, "0.05-0.2": 0.317416025593382, "0.05-0.5": 0.3070183915362902, "0.05-0.8": 0.27871926677474457, "0.2-0.01": 0.3145213301494924, "0.2-0.2": 0.31896176528765047, "0.2-0.5": 0.2608617087901209, "0.2-0.8": 0.2875639723588926, "0.5-0.01": 0.2573638623806763, "0.5-0.2": 0.30075187594126623, "0.5-0.5": 0.29223545863623995, "0.5-0.8": 0.3027817501926138, "0.8-0.01": 0.314506063271914, "0.8-0.2": 0.27310119741036526, "0.8-0.5": 0.32001679878032785, "0.8-0.8": 0.26141358002115006}, "2": {"0.01-0.01": 0.24449701850535488, "0.01-0.2": 0.3187562506192817, "0.01-0.5": 0.2781450581376833, "0.01-0.8": 0.2981624406289336, "0.05-0.01": 0.3675890189161428, "0.05-0.2": 0.304752964715813, "0.05-0.5": 0.33163397925597143, "0.05-0.8": 0.2617903519143724, "0.2-0.01": 0.25334263939757573, "0.2-0.2": 0.33899411426922166, "0.2-0.5": 0.285561071195785, "0.2-0.8": 0.3107471999209882, "0.5-0.01": 0.2764374089594748, "0.5-0.2": 0.30915959026707507, "0.5-0.5": 0.31260248002618213, "0.5-0.8": 0.27626233951674567, "0.8-0.01": 0.3293406481962691, "0.8-0.2": 0.31782951568223067, "0.8-0.5": 0.2673510743872075, "0.8-0.8": 0.268999925787399}, "3": {"0.01-0.01": 0.2745163395929955, "0.01-0.2": 0.3587397940832667, "0.01-0.5": 0.3596810922018932, "0.01-0.8": 0.37169338834445137, "0.05-0.01": 0.3209563225684592, "0.05-0.2": 0.3765778811548155, "0.05-0.5": 0.33847334017042824, "0.05-0.8": 0.3711792426838283, "0.2-0.01": 0.32520289538256975, "0.2-0.2": 0.3668685105788312, "0.2-0.5": 0.35274415471303244, "0.2-0.8": 0.3595211194465705, "0.5-0.01": 0.33402983156027694, "0.5-0.2": 0.3922798488211855, "0.5-0.5": 0.3605058025128187, "0.5-0.8": 0.33590199096872453, "0.8-0.01": 0.34951712863396905, "0.8-0.2": 0.3664519776754408, "0.8-0.5": 0.3707618211054085, "0.8-0.8": 0.3489193277567428}}