{"0": {"0.001-0.2": 0.1746754612971408, "0.001-0.5": 0.18837066136224806, "0.001-0.8": 0.2608991067624083, "0.01-0.2": 0.1429758474641868, "0.01-0.5": 0.19122469225512487, "0.01-0.8": 0.35786329167148606, "0.05-0.2": 0.16222569637259537, "0.05-0.5": 0.1796193970288565, "0.05-0.8": 0.20161869017099948, "0.2-0.2": 0.270847676157515, "0.2-0.5": 0.23916850502606546, "0.2-0.8": 0.12417610716451838, "0.5-0.2": 0.1808571130542726, "0.5-0.5": 0.18689086074655942, "0.5-0.8": 0.31351109485407047, "0.8-0.2": 0.22843363345163867, "0.8-0.5": 0.20453829353400704, "0.8-0.8": 0.23479681356673437}, "0.05": {"0.001-0.2": 0.10985226931414431, "0.001-0.5": 0.20368486852544274, "0.001-0.8": 0.12408856653742228, "0.01-0.2": 0.14376207506063202, "0.01-0.5": 0.12030254640434569, "0.01-0.8": 0.14731468035555131, "0.05-0.2": 0.15394891815886327, "0.05-0.5": 0.1088244657159825, "0.05-0.8": 0.11062794926694067, "0.2-0.2": 0.1157914748907523, "0.2-0.5": 0.08988586007127186, "0.2-0.8": 0.13044185805330927, "0.5-0.2": 0.13134960543778493, "0.5-0.5": 0.15987615253825183, "0.5-0.8": 0.10496517789573831, "0.8-0.2": 0.18551933076929075, "0.8-0.5": 0.18738897206420926, "0.8-0.8": 0.1767142284344664}, "0.1": {"0.001-0.2": 0.2704990707577097, "0.001-0.5": 0.23223379857042845, "0.001-0.8": 0.3036678488935895, "0.01-0.2": 0.24926302083242532, "0.01-0.5": 0.3164295186293905, "0.01-0.8": 0.27077041977550387, "0.05-0.2": 0.2829869259496763, "0.05-0.5": 0.25908283507308255, "0.05-0.8": 0.2741770205576979, "0.2-0.2": 0.23337281241308402, "0.2-0.5": 0.2788614319507036, "0.2-0.8": 0.3802578427932364, "0.5-0.2": 0.2437063663836232, "0.5-0.5": 0.3314988490341823, "0.5-0.8": 0.42209292885491606, "0.8-0.2": 0.2825245544408923, "0.8-0.5": 0.2698837316035301, "0.8-0.8": 0.3755876142700652}, "0.2": {"0.001-0.2": 0.14750796612701, "0.001-0.5": 0.12712991600957274, "0.001-0.8": 0.13221021913728304, "0.01-0.2": 0.21091156002298334, "0.01-0.5": 0.1804348885128009, "0.01-0.8": 0.2577562279622162, "0.05-0.2": 0.08653512199977446, "0.05-0.5": 0.1601851675574861, "0.05-0.8": 0.2514256602428605, "0.2-0.2": 0.16095005281807548, "0.2-0.5": 0.18450181612216168, "0.2-0.8": 0.21278321233440728, "0.5-0.2": 0.12024873593681994, "0.5-0.5": 0.2027690883427705, "0.5-0.8": 0.2181782407405645, "0.8-0.2": 0.2488986211461743, "0.8-0.5": 0.19229059213217, "0.8-0.8": 0.159811834863708}, "0.5": {"0.001-0.2": 0.47945252195685995, "0.001-0.5": 0.4693285672881162, "0.001-0.8": 0.42716521303783017, "0.01-0.2": 0.47498724226313405, "0.01-0.5": 0.300920300585292, "0.01-0.8": 0.43298494229046414, "0.05-0.2": 0.5134377718633314, "0.05-0.5": 0.4636941519226779, "0.05-0.8": 0.4350520065247137, "0.2-0.2": 0.3511582325172013, "0.2-0.5": 0.30093013091841225, "0.2-0.8": 0.38129855370594395, "0.5-0.2": 0.2767350757914253, "0.5-0.5": 0.6162959248155541, "0.5-0.8": 0.4607575407817238, "0.8-0.2": 0.43926139704754313, "0.8-0.5": 0.3892993512346067, "0.8-0.8": 0.6142354474764058}, "1": {"0.001-0.2": 0.16203910125726365, "0.001-0.5": 0.2002437946856256, "0.001-0.8": 0.18839962676169664, "0.01-0.2": 0.15591129173930063, "0.01-0.5": 0.13107404322535787, "0.01-0.8": 0.16150519818963147, "0.05-0.2": 0.21674802113722222, "0.05-0.5": 0.1505421865103745, "0.05-0.8": 0.24225936409473853, "0.2-0.2": 0.25549873897653486, "0.2-0.5": 0.14637540866297666, "0.2-0.8": 0.20957361931806667, "0.5-0.2": 0.12356883008396952, "0.5-0.5": 0.16238367089438616, "0.5-0.8": 0.3357080703919932, "0.8-0.2": 0.1845827450352032, "0.8-0.5": 0.2507138170486928, "0.8-0.8": 0.26493163291022487}, "1.5": {"0.001-0.2": 0.1876441775858063, "0.001-0.5": 0.2436082947390011, "0.001-0.8": 0.17400878232489742, "0.01-0.2": 0.2340154371386853, "0.01-0.5": 0.2375525687299769, "0.01-0.8": 0.2425255239849253, "0.05-0.2": 0.27841848595507523, "0.05-0.5": 0.3245007515076891, "0.05-0.8": 0.31186377975591933, "0.2-0.2": 0.2672877292020413, "0.2-0.5": 0.2481585999621967, "0.2-0.8": 0.22682423360965226, "0.5-0.2": 0.22374407759359763, "0.5-0.5": 0.28415590517004674, "0.5-0.8": 0.2098035494220143, "0.8-0.2": 0.26666711975477225, "0.8-0.5": 0.30001639539339037, "0.8-0.8": 0.21999786764311616}, "2": {"0.001-0.2": 0.31890654817184744, "0.001-0.5": 0.2969789950858392, "0.001-0.8": 0.17891010811361996, "0.01-0.2": 0.41526791632878157, "0.01-0.5": 0.22998928202704602, "0.01-0.8": 0.23979359466399383, "0.05-0.2": 0.350242245832258, "0.05-0.5": 0.26482384990572294, "0.05-0.8": 0.2751720910533548, "0.2-0.2": 0.2308234647921693, "0.2-0.5": 0.18657458793739318, "0.2-0.8": 0.20488053931044833, "0.5-0.2": 0.22562505819643658, "0.5-0.5": 0.22273355139591422, "0.5-0.8": 0.27350988376970403, "0.8-0.2": 0.19680569885071017, "0.8-0.5": 0.29925298527975686, "0.8-0.8": 0.4356391178129339}, "3": {"0.001-0.2": 0.4001716486947843, "0.001-0.5": 0.441341063849893, "0.001-0.8": 0.4093398142815618, "0.01-0.2": 0.34184790750351535, "0.01-0.5": 0.4085504167764548, "0.01-0.8": 0.46429651395406574, "0.05-0.2": 0.4263341573261774, "0.05-0.5": 0.43024002497404873, "0.05-0.8": 0.41502826394777986, "0.2-0.2": 0.3804739530025656, "0.2-0.5": 0.42676437030126074, "0.2-0.8": 0.3844891804419938, "0.5-0.2": 0.4132266588621028, "0.5-0.5": 0.37297397908877844, "0.5-0.8": 0.39379924566009405, "0.8-0.2": 0.37448053293118, "0.8-0.5": 0.3885559189487505, "0.8-0.8": 0.40100381650440536}}