{"0": {"0.001-0.2": 0.2314767257371024, "0.001-0.5": 0.23459731923723287, "0.001-0.8": 0.25479832797960655, "0.01-0.2": 0.21575438333382443, "0.01-0.5": 0.1905545497393749, "0.01-0.8": 0.23621345246175196, "0.05-0.2": 0.26536267344885295, "0.05-0.5": 0.2426072993027222, "0.05-0.8": 0.23725399849772788, "0.2-0.2": 0.33541281713011156, "0.2-0.5": 0.18756156591807535, "0.2-0.8": 0.3405164204422118, "0.5-0.2": 0.21619944666260651, "0.5-0.5": 0.23465102625951362, "0.5-0.8": 0.23328279639907648, "0.8-0.2": 0.17912971253343107, "0.8-0.5": 0.2487062910829242, "0.8-0.8": 0.34447913227223115}, "0.05": {"0.001-0.2": 0.12034090092877318, "0.001-0.5": 0.12936626679478183, "0.001-0.8": 0.15868644786561026, "0.01-0.2": 0.11810673262975205, "0.01-0.5": 0.12134253466526072, "0.01-0.8": 0.10779074392223419, "0.05-0.2": 0.1279219757226093, "0.05-0.5": 0.11916095322409631, "0.05-0.8": 0.12517760761926586, "0.2-0.2": 0.15973710191757237, "0.2-0.5": 0.1365445453301547, "0.2-0.8": 0.1082490342185569, "0.5-0.2": 0.14464106020396203, "0.5-0.5": 0.11027696140331883, "0.5-0.8": 0.12844951712358785, "0.8-0.2": 0.1371402569120393, "0.8-0.5": 0.1265066286666873, "0.8-0.8": 0.11415138463146964}, "0.1": {"0.001-0.2": 0.3121213517386087, "0.001-0.5": 0.20248252778313594, "0.001-0.8": 0.13709023838136225, "0.01-0.2": 0.2414914489678134, "0.01-0.5": 0.16556742176048267, "0.01-0.8": 0.17253237154127007, "0.05-0.2": 0.21520437062655212, "0.05-0.5": 0.12829676612907379, "0.05-0.8": 0.17282050288658998, "0.2-0.2": 0.2110030101312115, "0.2-0.5": 0.11633143393576677, "0.2-0.8": 0.1459763307949899, "0.5-0.2": 0.17791751493766425, "0.5-0.5": 0.19505076569443697, "0.5-0.8": 0.2467560674898781, "0.8-0.2": 0.1178838905280516, "0.8-0.5": 0.2350781524263226, "0.8-0.8": 0.2419401723086224}, "0.2": {"0.001-0.2": 0.1709788436601529, "0.001-0.5": 0.15494818496210458, "0.001-0.8": 0.2247120472233221, "0.01-0.2": 0.230443935169741, "0.01-0.5": 0.18021380797759065, "0.01-0.8": 0.18102200986574954, "0.05-0.2": 0.30045659438560973, "0.05-0.5": 0.19710355700180993, "0.05-0.8": 0.16779463912795498, "0.2-0.2": 0.15559652495806842, "0.2-0.5": 0.20756627300215458, "0.2-0.8": 0.14864811791250965, "0.5-0.2": 0.19194501434687591, "0.5-0.5": 0.17270692118441572, "0.5-0.8": 0.20848728523710103, "0.8-0.2": 0.21981217529313407, "0.8-0.5": 0.2767235925736631, "0.8-0.8": 0.17696330260613022}, "0.5": {"0.001-0.2": 0.23517821403288913, "0.001-0.5": 0.39359170444695374, "0.001-0.8": 0.35449103569657453, "0.01-0.2": 0.37196174044276403, "0.01-0.5": 0.5015163350642323, "0.01-0.8": 0.4880381280514314, "0.05-0.2": 0.5068392281706006, "0.05-0.5": 0.5344527965399181, "0.05-0.8": 0.46322911849925996, "0.2-0.2": 0.40278964519972044, "0.2-0.5": 0.4402736664934192, "0.2-0.8": 0.33350515852473067, "0.5-0.2": 0.4817341318716723, "0.5-0.5": 0.3836962075808648, "0.5-0.8": 0.5119719928891765, "0.8-0.2": 0.4044436659398323, "0.8-0.5": 0.4016551237375887, "0.8-0.8": 0.26506421515883555}, "1": {"0.001-0.2": 0.2765192479967565, "0.001-0.5": 0.21106983438722918, "0.001-0.8": 0.2469380684249121, "0.01-0.2": 0.20527330756152293, "0.01-0.5": 0.16843976941890643, "0.01-0.8": 0.24353602351926168, "0.05-0.2": 0.2726450486322497, "0.05-0.5": 0.29840191786556014, "0.05-0.8": 0.23713929871901182, "0.2-0.2": 0.30978868796863684, "0.2-0.5": 0.2471751443997775, "0.2-0.8": 0.3349179150386963, "0.5-0.2": 0.20184224720830204, "0.5-0.5": 0.2576937916442985, "0.5-0.8": 0.2576578296534575, "0.8-0.2": 0.27062531594114375, "0.8-0.5": 0.2910468376760899, "0.8-0.8": 0.27162715817487015}, "1.5": {"0.001-0.2": 0.2630100177274103, "0.001-0.5": 0.36521602350822513, "0.001-0.8": 0.34758945736452945, "0.01-0.2": 0.30395257282923716, "0.01-0.5": 0.2753406668149812, "0.01-0.8": 0.33590760638902467, "0.05-0.2": 0.21792758192255895, "0.05-0.5": 0.23679397868477073, "0.05-0.8": 0.3226452419710276, "0.2-0.2": 0.23166083246322855, "0.2-0.5": 0.2901480434938662, "0.2-0.8": 0.2032544015149223, "0.5-0.2": 0.2895617424732832, "0.5-0.5": 0.2922913260887994, "0.5-0.8": 0.23154891939507008, "0.8-0.2": 0.20957001571451722, "0.8-0.5": 0.274585039565734, "0.8-0.8": 0.27522287512187776}, "2": {"0.001-0.2": 0.39128923207887367, "0.001-0.5": 0.28972710647185745, "0.001-0.8": 0.3129805177084036, "0.01-0.2": 0.22166419233003706, "0.01-0.5": 0.35685130114083097, "0.01-0.8": 0.1986585692503537, "0.05-0.2": 0.3677635828181227, "0.05-0.5": 0.3008871297143506, "0.05-0.8": 0.4046131650814285, "0.2-0.2": 0.30909445099061317, "0.2-0.5": 0.3162694649755208, "0.2-0.8": 0.2871840453548725, "0.5-0.2": 0.34191624725763814, "0.5-0.5": 0.27563965661124634, "0.5-0.8": 0.25572846451714176, "0.8-0.2": 0.27192800203690476, "0.8-0.5": 0.2857065587400789, "0.8-0.8": 0.41162976506288385}, "3": {"0.001-0.2": 0.27575904970088194, "0.001-0.5": 0.24606942162829232, "0.001-0.8": 0.31874349532537755, "0.01-0.2": 0.3144166765698396, "0.01-0.5": 0.2776749652738959, "0.01-0.8": 0.3782726842922047, "0.05-0.2": 0.2744077046719097, "0.05-0.5": 0.3399873541355321, "0.05-0.8": 0.32695643477655106, "0.2-0.2": 0.2932784517551473, "0.2-0.5": 0.33889359173328293, "0.2-0.8": 0.28543569200699526, "0.5-0.2": 0.27479939743594006, "0.5-0.5": 0.32757776196992056, "0.5-0.8": 0.39129955409067013, "0.8-0.2": 0.3671855509818344, "0.8-0.5": 0.35426579342903486, "0.8-0.8": 0.3902275296790635}}