{"0": {"0.001-0.2": 0.2706862837900574, "0.001-0.5": 0.17212669974565228, "0.001-0.8": 0.35029214565205996, "0.01-0.2": 0.2164055069871663, "0.01-0.5": 0.16301884447778353, "0.01-0.8": 0.18629489054612458, "0.05-0.2": 0.18892398488520273, "0.05-0.5": 0.1584198277297357, "0.05-0.8": 0.27896916794374305, "0.2-0.2": 0.26026974422401056, "0.2-0.5": 0.23647829886557423, "0.2-0.8": 0.2598852799474466, "0.5-0.2": 0.19411860500283368, "0.5-0.5": 0.146124164190465, "0.5-0.8": 0.37591368956673565, "0.8-0.2": 0.1472205179036444, "0.8-0.5": 0.2299930636854235, "0.8-0.8": 0.2671807665099462}, "0.05": {"0.001-0.2": 0.1830990911060866, "0.001-0.5": 0.23599209473985133, "0.001-0.8": 0.17734199349574248, "0.01-0.2": 0.16469604252434983, "0.01-0.5": 0.25657121918883236, "0.01-0.8": 0.21125666693105571, "0.05-0.2": 0.25329010706502086, "0.05-0.5": 0.1968941268788148, "0.05-0.8": 0.2001044247602904, "0.2-0.2": 0.19973386509220076, "0.2-0.5": 0.27221672468371344, "0.2-0.8": 0.29834330438987866, "0.5-0.2": 0.20240123635083943, "0.5-0.5": 0.18354758778884997, "0.5-0.8": 0.2837856610824422, "0.8-0.2": 0.21070464472542177, "0.8-0.5": 0.20803418021344494, "0.8-0.8": 0.12704173746099534}, "0.1": {"0.001-0.2": 0.23052852884616779, "0.001-0.5": 0.15438965492168058, "0.001-0.8": 0.12777844043310221, "0.01-0.2": 0.15456271684284975, "0.01-0.5": 0.2554032122384729, "0.01-0.8": 0.16683663045847683, "0.05-0.2": 0.1571941735794486, "0.05-0.5": 0.14817135401130752, "0.05-0.8": 0.22303761934357003, "0.2-0.2": 0.16862458510301115, "0.2-0.5": 0.14367258324280002, "0.2-0.8": 0.22767153433092244, "0.5-0.2": 0.181088617955258, "0.5-0.5": 0.22050863933049378, "0.5-0.8": 0.2976416714809743, "0.8-0.2": 0.11498768227316206, "0.8-0.5": 0.2567799353614669, "0.8-0.8": 0.1785106745808516}, "0.2": {"0.001-0.2": 0.1725012715349815, "0.001-0.5": 0.20202852499253202, "0.001-0.8": 0.24041255727822072, "0.01-0.2": 0.1982080656286456, "0.01-0.5": 0.18628763582639163, "0.01-0.8": 0.3585215140671229, "0.05-0.2": 0.23286017123550398, "0.05-0.5": 0.28737552855294085, "0.05-0.8": 0.20579194334792641, "0.2-0.2": 0.17869761721046776, "0.2-0.5": 0.23911154786804084, "0.2-0.8": 0.29390537986331194, "0.5-0.2": 0.28757969353044943, "0.5-0.5": 0.3257260029655734, "0.5-0.8": 0.14657627377881383, "0.8-0.2": 0.18350783857327596, "0.8-0.5": 0.2424280412812954, "0.8-0.8": 0.3028206432242131}, "0.5": {"0.001-0.2": 0.5980258638363519, "0.001-0.5": 0.6036904713114993, "0.001-0.8": 0.8968651866843866, "0.01-0.2": 0.5869112642437295, "0.01-0.5": 0.8712566489165346, "0.01-0.8": 0.5168109774964581, "0.05-0.2": 0.5982102406959517, "0.05-0.5": 0.6595559845786806, "0.05-0.8": 0.5365956450774324, "0.2-0.2": 0.5973578120931686, "0.2-0.5": 0.564660162707527, "0.2-0.8": 0.7664503392799622, "0.5-0.2": 0.7016328076934923, "0.5-0.5": 0.5566990215793449, "0.5-0.8": 0.5607690992676502, "0.8-0.2": 0.5530342346052198, "0.8-0.5": 0.6605944303505087, "0.8-0.8": 0.7058811354589261}, "1": {"0.001-0.2": 0.18978126371459444, "0.001-0.5": 0.16280579724631858, "0.001-0.8": 0.25460117315598446, "0.01-0.2": 0.25918952902297654, "0.01-0.5": 0.1507736592175894, "0.01-0.8": 0.1534570241595043, "0.05-0.2": 0.24876167779611258, "0.05-0.5": 0.1599172202496663, "0.05-0.8": 0.18656262817224842, "0.2-0.2": 0.15447302869959442, "0.2-0.5": 0.14719370854731662, "0.2-0.8": 0.19206418479334703, "0.5-0.2": 0.1510541666666667, "0.5-0.5": 0.16790033172006746, "0.5-0.8": 0.15902607457791235, "0.8-0.2": 0.22671267134239925, "0.8-0.5": 0.24272307486508155, "0.8-0.8": 0.18540988981452136}, "1.5": {"0.001-0.2": 0.2598879282609078, "0.001-0.5": 0.30642853178877294, "0.001-0.8": 0.3395808481655221, "0.01-0.2": 0.2793471524220413, "0.01-0.5": 0.33193971127243777, "0.01-0.8": 0.3322411676568504, "0.05-0.2": 0.2976805367472541, "0.05-0.5": 0.3076185624809151, "0.05-0.8": 0.3746599238279861, "0.2-0.2": 0.3100919308534788, "0.2-0.5": 0.336958880116546, "0.2-0.8": 0.4031246877288503, "0.5-0.2": 0.3084757040397585, "0.5-0.5": 0.30838667975416834, "0.5-0.8": 0.41618448916323364, "0.8-0.2": 0.3002003906381931, "0.8-0.5": 0.32039133848774615, "0.8-0.8": 0.34114756150491415}, "2": {"0.001-0.2": 0.2572725335832909, "0.001-0.5": 0.3398119022665845, "0.001-0.8": 0.365919179110731, "0.01-0.2": 0.2616098525025161, "0.01-0.5": 0.35121392650409855, "0.01-0.8": 0.23350871567208256, "0.05-0.2": 0.37860044727618514, "0.05-0.5": 0.20431735805786488, "0.05-0.8": 0.3734481609086605, "0.2-0.2": 0.21819586926214538, "0.2-0.5": 0.30286635739011514, "0.2-0.8": 0.2161366655583488, "0.5-0.2": 0.34807771020615025, "0.5-0.5": 0.23795393512456608, "0.5-0.8": 0.25631474924442793, "0.8-0.2": 0.279998300654345, "0.8-0.5": 0.3224044993283092, "0.8-0.8": 0.3469788831590626}, "3": {"0.001-0.2": 0.475295677292958, "0.001-0.5": 0.44544557281835867, "0.001-0.8": 0.43678006391856933, "0.01-0.2": 0.4213259415491828, "0.01-0.5": 0.48011629519561205, "0.01-0.8": 0.47472014243075494, "0.05-0.2": 0.48460469257381944, "0.05-0.5": 0.4418527345735596, "0.05-0.8": 0.38857109853158633, "0.2-0.2": 0.40447921480840865, "0.2-0.5": 0.4136006110494353, "0.2-0.8": 0.4358380562574628, "0.5-0.2": 0.49990972221300384, "0.5-0.5": 0.49669812856680384, "0.5-0.8": 0.4456135177733758, "0.8-0.2": 0.4545031719598802, "0.8-0.5": 0.43181133952701967, "0.8-0.8": 0.44835925184099834}}