{"Bias Type": "obfuscation_bias", "Data Type": "cluster", "Algorithm method": "DeepAE", "Base Rate A": 0.1, "Base Rate B": 0.1, "Base Rate whole": 0.1, "Group A": "Type: Gaussian, Xc mean: 0 variance: 1", "Group B": "Type: Gaussian, Xc mean: 0 variance: 1", "Group A_anomaly": "Type: Gaussian, Xc mean: 3 variance: 1", "Group B_anomaly": "Type: Gaussian, Xc mean: 3 variance: 1", "parameter_0.05": {"parameter": 0.05, "Flag_rate_A": {"e0": 0.088, "e1": 0.088, "e2": 0.081, "e3": 0.087, "e4": 0.078}, "Recall_A": {"e0": 0.74, "e1": 0.76, "e2": 0.72, "e3": 0.68, "e4": 0.63}, "FPR_A": {"e0": 0.015555555555555555, "e1": 0.013333333333333334, "e2": 0.01, "e3": 0.021111111111111112, "e4": 0.016666666666666666}, "Precision_A": {"e0": 0.8409090909090909, "e1": 0.8636363636363636, "e2": 0.8888888888888888, "e3": 0.7816091954022989, "e4": 0.8076923076923077}, "Flag_rate_B": {"e0": 0.112, "e1": 0.112, "e2": 0.119, "e3": 0.113, "e4": 0.122}, "Recall_B": {"e0": 0.81, "e1": 0.76, "e2": 0.73, "e3": 0.82, "e4": 0.73}, "FPR_B": {"e0": 0.034444444444444444, "e1": 0.04, "e2": 0.051111111111111114, "e3": 0.034444444444444444, "e4": 0.05444444444444444}, "Precision_B": {"e0": 0.7232142857142857, "e1": 0.6785714285714286, "e2": 0.6134453781512605, "e3": 0.7256637168141593, "e4": 0.5983606557377049}, "Recall_overall": {"e0": 0.775, "e1": 0.76, "e2": 0.725, "e3": 0.75, "e4": 0.68}, "FPR_ovrall": {"e0": 0.025, "e1": 0.02666666666666667, "e2": 0.030555555555555555, "e3": 0.027777777777777776, "e4": 0.035555555555555556}, "Precision_overall": {"e0": 0.775, "e1": 0.76, "e2": 0.725, "e3": 0.75, "e4": 0.68}, "Flag_rate_ratio": {"e0": 0.7857142857142857, "e1": 0.7857142857142857, "e2": 0.680672268907563, "e3": 0.7699115044247787, "e4": 0.639344262295082}, "TPR_ratio": {"e0": 0.9135802469135802, "e1": 1.0, "e2": 0.9863013698630136, "e3": 0.8292682926829269, "e4": 0.863013698630137}, "FPR_ratio": {"e0": 0.45161290322580644, "e1": 0.33333333333333337, "e2": 0.19565217391304346, "e3": 0.6129032258064516, "e4": 0.30612244897959184}, "PPR_ratio": {"e0": 1.1627384960718294, "e1": 1.2727272727272727, "e2": 1.4490106544901065, "e3": 1.0770955985421924, "e4": 1.3498419388830347}, "auroc": {"e0": 0.9800583333333334, "e1": 0.9799722222222222, "e2": 0.9732055555555555, "e3": 0.9735444444444445, "e4": 0.9699472222222222}}, "parameter_0.1": {"parameter": 0.1, "Flag_rate_A": {"e0": 0.07, "e1": 0.068, "e2": 0.068, "e3": 0.068, "e4": 0.056}, "Recall_A": {"e0": 0.59, "e1": 0.62, "e2": 0.61, "e3": 0.57, "e4": 0.48}, "FPR_A": {"e0": 0.012222222222222223, "e1": 0.006666666666666667, "e2": 0.0077777777777777776, "e3": 0.012222222222222223, "e4": 0.008888888888888889}, "Precision_A": {"e0": 0.8428571428571429, "e1": 0.9117647058823529, "e2": 0.8970588235294118, "e3": 0.8382352941176471, "e4": 0.8571428571428571}, "Flag_rate_B": {"e0": 0.13, "e1": 0.132, "e2": 0.132, "e3": 0.132, "e4": 0.144}, "Recall_B": {"e0": 0.84, "e1": 0.8, "e2": 0.7, "e3": 0.91, "e4": 0.83}, "FPR_B": {"e0": 0.051111111111111114, "e1": 0.057777777777777775, "e2": 0.06888888888888889, "e3": 0.04555555555555556, "e4": 0.06777777777777778}, "Precision_B": {"e0": 0.6461538461538462, "e1": 0.6060606060606061, "e2": 0.5303030303030303, "e3": 0.6893939393939394, "e4": 0.5763888888888888}, "Recall_overall": {"e0": 0.715, "e1": 0.71, "e2": 0.655, "e3": 0.74, "e4": 0.655}, "FPR_ovrall": {"e0": 0.03166666666666667, "e1": 0.03222222222222222, "e2": 0.03833333333333333, "e3": 0.028888888888888888, "e4": 0.03833333333333333}, "Precision_overall": {"e0": 0.715, "e1": 0.71, "e2": 0.655, "e3": 0.74, "e4": 0.655}, "Flag_rate_ratio": {"e0": 0.5384615384615385, "e1": 0.5151515151515151, "e2": 0.5151515151515151, "e3": 0.5151515151515151, "e4": 0.38888888888888895}, "TPR_ratio": {"e0": 0.7023809523809523, "e1": 0.7749999999999999, "e2": 0.8714285714285714, "e3": 0.6263736263736263, "e4": 0.5783132530120482}, "FPR_ratio": {"e0": 0.2391304347826087, "e1": 0.11538461538461539, "e2": 0.11290322580645161, "e3": 0.2682926829268293, "e4": 0.13114754098360654}, "PPR_ratio": {"e0": 1.3044217687074828, "e1": 1.5044117647058823, "e2": 1.6915966386554624, "e3": 1.21590174531351, "e4": 1.487091222030981}, "auroc": {"e0": 0.9718805555555555, "e1": 0.9751083333333334, "e2": 0.9651138888888888, "e3": 0.9642583333333333, "e4": 0.954238888888889}}, "parameter_0.15": {"parameter": 0.15, "Flag_rate_A": {"e0": 0.045, "e1": 0.076, "e2": 0.055, "e3": 0.072, "e4": 0.062}, "Recall_A": {"e0": 0.43, "e1": 0.68, "e2": 0.52, "e3": 0.62, "e4": 0.48}, "FPR_A": {"e0": 0.0022222222222222222, "e1": 0.008888888888888889, "e2": 0.0033333333333333335, "e3": 0.011111111111111112, "e4": 0.015555555555555555}, "Precision_A": {"e0": 0.9555555555555556, "e1": 0.8947368421052632, "e2": 0.9454545454545454, "e3": 0.8611111111111112, "e4": 0.7741935483870968}, "Flag_rate_B": {"e0": 0.155, "e1": 0.124, "e2": 0.145, "e3": 0.128, "e4": 0.138}, "Recall_B": {"e0": 0.78, "e1": 0.51, "e2": 0.73, "e3": 0.51, "e4": 0.68}, "FPR_B": {"e0": 0.08555555555555555, "e1": 0.0811111111111111, "e2": 0.08, "e3": 0.08555555555555555, "e4": 0.07777777777777778}, "Precision_B": {"e0": 0.5032258064516129, "e1": 0.4112903225806452, "e2": 0.503448275862069, "e3": 0.3984375, "e4": 0.4927536231884058}, "Recall_overall": {"e0": 0.605, "e1": 0.595, "e2": 0.625, "e3": 0.565, "e4": 0.58}, "FPR_ovrall": {"e0": 0.04388888888888889, "e1": 0.045, "e2": 0.041666666666666664, "e3": 0.04833333333333333, "e4": 0.04666666666666667}, "Precision_overall": {"e0": 0.605, "e1": 0.595, "e2": 0.625, "e3": 0.565, "e4": 0.58}, "Flag_rate_ratio": {"e0": 0.29032258064516125, "e1": 0.6129032258064516, "e2": 0.37931034482758624, "e3": 0.5625, "e4": 0.4492753623188405}, "TPR_ratio": {"e0": 0.5512820512820512, "e1": 1.3333333333333335, "e2": 0.7123287671232877, "e3": 1.2156862745098038, "e4": 0.7058823529411764}, "FPR_ratio": {"e0": 0.025974025974025976, "e1": 0.10958904109589042, "e2": 0.04166666666666667, "e3": 0.12987012987012989, "e4": 0.19999999999999998}, "PPR_ratio": {"e0": 1.8988603988603991, "e1": 2.175438596491228, "e2": 1.8779576587795765, "e3": 2.161220043572985, "e4": 1.5711574952561669}, "auroc": {"e0": 0.9535444444444444, "e1": 0.9536944444444445, "e2": 0.9603208333333333, "e3": 0.9553638888888889, "e4": 0.9504194444444444}}, "parameter_0.2": {"parameter": 0.2, "Flag_rate_A": {"e0": 0.099, "e1": 0.061, "e2": 0.063, "e3": 0.055, "e4": 0.046}, "Recall_A": {"e0": 0.69, "e1": 0.55, "e2": 0.57, "e3": 0.49, "e4": 0.44}, "FPR_A": {"e0": 0.03333333333333333, "e1": 0.006666666666666667, "e2": 0.006666666666666667, "e3": 0.006666666666666667, "e4": 0.0022222222222222222}, "Precision_A": {"e0": 0.696969696969697, "e1": 0.9016393442622951, "e2": 0.9047619047619048, "e3": 0.8909090909090909, "e4": 0.9565217391304348}, "Flag_rate_B": {"e0": 0.101, "e1": 0.139, "e2": 0.137, "e3": 0.145, "e4": 0.154}, "Recall_B": {"e0": 0.36, "e1": 0.71, "e2": 0.62, "e3": 0.59, "e4": 0.56}, "FPR_B": {"e0": 0.07222222222222222, "e1": 0.07555555555555556, "e2": 0.08333333333333333, "e3": 0.09555555555555556, "e4": 0.10888888888888888}, "Precision_B": {"e0": 0.3564356435643564, "e1": 0.5107913669064749, "e2": 0.45255474452554745, "e3": 0.4068965517241379, "e4": 0.36363636363636365}, "Recall_overall": {"e0": 0.525, "e1": 0.63, "e2": 0.595, "e3": 0.54, "e4": 0.5}, "FPR_ovrall": {"e0": 0.05277777777777778, "e1": 0.04111111111111111, "e2": 0.045, "e3": 0.051111111111111114, "e4": 0.05555555555555555}, "Precision_overall": {"e0": 0.525, "e1": 0.63, "e2": 0.595, "e3": 0.54, "e4": 0.5}, "Flag_rate_ratio": {"e0": 0.9801980198019802, "e1": 0.4388489208633093, "e2": 0.45985401459854014, "e3": 0.37931034482758624, "e4": 0.2987012987012987}, "TPR_ratio": {"e0": 1.9166666666666665, "e1": 0.7746478873239437, "e2": 0.9193548387096774, "e3": 0.8305084745762712, "e4": 0.7857142857142857}, "FPR_ratio": {"e0": 0.46153846153846156, "e1": 0.08823529411764706, "e2": 0.08000000000000002, "e3": 0.06976744186046512, "e4": 0.020408163265306124}, "PPR_ratio": {"e0": 1.9553872053872057,