{"Bias Type": "obfuscation_bias", "Data Type": "cluster", "Algorithm method": "FairOD", "Base Rate A": 0.1, "Base Rate B": 0.1, "Base Rate whole": 0.1, "Group A": "Type: Gaussian, Xc mean: 0 variance: 1", "Group B": "Type: Gaussian, Xc mean: 0 variance: 1", "Group A_anomaly": "Type: Gaussian, Xc mean: 3 variance: 1", "Group B_anomaly": "Type: Gaussian, Xc mean: 3 variance: 1", "parameter_0.05": {"parameter": 0.05, "Flag_rate_A": {"e0": 0.096, "e1": 0.103, "e2": 0.097, "e3": 0.098, "e4": 0.085}, "Recall_A": {"e0": 0.86, "e1": 0.92, "e2": 0.86, "e3": 0.75, "e4": 0.71}, "FPR_A": {"e0": 0.011111111111111112, "e1": 0.012222222222222223, "e2": 0.012222222222222223, "e3": 0.025555555555555557, "e4": 0.015555555555555555}, "Precision_A": {"e0": 0.8958333333333334, "e1": 0.8932038834951457, "e2": 0.8865979381443299, "e3": 0.7653061224489796, "e4": 0.8352941176470589}, "Flag_rate_B": {"e0": 0.104, "e1": 0.097, "e2": 0.103, "e3": 0.102, "e4": 0.115}, "Recall_B": {"e0": 0.66, "e1": 0.8, "e2": 0.71, "e3": 0.81, "e4": 0.72}, "FPR_B": {"e0": 0.042222222222222223, "e1": 0.01888888888888889, "e2": 0.035555555555555556, "e3": 0.023333333333333334, "e4": 0.04777777777777778}, "Precision_B": {"e0": 0.6346153846153846, "e1": 0.8247422680412371, "e2": 0.6893203883495146, "e3": 0.7941176470588235, "e4": 0.6260869565217392}, "Recall_overall": {"e0": 0.76, "e1": 0.86, "e2": 0.785, "e3": 0.78, "e4": 0.715}, "FPR_ovrall": {"e0": 0.02666666666666667, "e1": 0.015555555555555555, "e2": 0.02388888888888889, "e3": 0.024444444444444446, "e4": 0.03166666666666667}, "Precision_overall": {"e0": 0.76, "e1": 0.86, "e2": 0.785, "e3": 0.78, "e4": 0.715}, "Flag_rate_ratio": {"e0": 0.9230769230769231, "e1": 1.0618556701030928, "e2": 0.941747572815534, "e3": 0.9607843137254903, "e4": 0.7391304347826088}, "TPR_ratio": {"e0": 1.303030303030303, "e1": 1.15, "e2": 1.2112676056338028, "e3": 0.9259259259259258, "e4": 0.986111111111111}, "FPR_ratio": {"e0": 0.2631578947368421, "e1": 0.6470588235294118, "e2": 0.34375, "e3": 1.0952380952380953, "e4": 0.3255813953488372}, "PPR_ratio": {"e0": 1.4116161616161618, "e1": 1.0830097087378643, "e2": 1.2861913750544502, "e3": 0.963718820861678, "e4": 1.3341503267973855}, "auroc": {"e0": 0.9784694444444444, "e1": 0.9917694444444445, "e2": 0.9831972222222222, "e3": 0.9793722222222222, "e4": 0.9739111111111111}}, "parameter_0.1": {"parameter": 0.1, "Flag_rate_A": {"e0": 0.103, "e1": 0.039, "e2": 0.101, "e3": 0.097, "e4": 0.099}, "Recall_A": {"e0": 0.89, "e1": 0.09, "e2": 0.86, "e3": 0.79, "e4": 0.88}, "FPR_A": {"e0": 0.015555555555555555, "e1": 0.03333333333333333, "e2": 0.016666666666666666, "e3": 0.02, "e4": 0.012222222222222223}, "Precision_A": {"e0": 0.8640776699029126, "e1": 0.23076923076923078, "e2": 0.8514851485148515, "e3": 0.8144329896907216, "e4": 0.8888888888888888}, "Flag_rate_B": {"e0": 0.097, "e1": 0.161, "e2": 0.099, "e3": 0.103, "e4": 0.101}, "Recall_B": {"e0": 0.82, "e1": 0.75, "e2": 0.81, "e3": 0.85, "e4": 0.85}, "FPR_B": {"e0": 0.016666666666666666, "e1": 0.09555555555555556, "e2": 0.02, "e3": 0.02, "e4": 0.017777777777777778}, "Precision_B": {"e0": 0.845360824742268, "e1": 0.4658385093167702, "e2": 0.8181818181818182, "e3": 0.8252427184466019, "e4": 0.8415841584158416}, "Recall_overall": {"e0": 0.855, "e1": 0.42, "e2": 0.835, "e3": 0.82, "e4": 0.865}, "FPR_ovrall": {"e0": 0.01611111111111111, "e1": 0.06444444444444444, "e2": 0.018333333333333333, "e3": 0.02, "e4": 0.015}, "Precision_overall": {"e0": 0.855, "e1": 0.42, "e2": 0.835, "e3": 0.82, "e4": 0.865}, "Flag_rate_ratio": {"e0": 1.0618556701030928, "e1": 0.24223602484472048, "e2": 1.02020202020202, "e3": 0.941747572815534, "e4": 0.9801980198019802}, "TPR_ratio": {"e0": 1.0853658536585367, "e1": 0.12, "e2": 1.0617283950617282, "e3": 0.9294117647058824, "e4": 1.035294117647059}, "FPR_ratio": {"e0": 0.9333333333333333, "e1": 0.34883720930232553, "e2": 0.8333333333333333, "e3": 1.0, "e4": 0.6875}, "PPR_ratio": {"e0": 1.0221406582997867, "e1": 0.4953846153846154, "e2": 1.0407040704070407, "e3": 0.9869011522134628, "e4": 1.0562091503267974}, "auroc": {"e0": 0.9895902777777777, "e1": 0.8300222222222222, "e2": 0.9853111111111111, "e3": 0.9853111111111111, "e4": 0.9916111111111112}}, "parameter_0.15": {"parameter": 0.15, "Flag_rate_A": {"e0": 0.106, "e1": 0.099, "e2": 0.062, "e3": 0.109, "e4": 0.075}, "Recall_A": {"e0": 0.94, "e1": 0.66, "e2": 0.55, "e3": 0.88, "e4": 0.53}, "FPR_A": {"e0": 0.013333333333333334, "e1": 0.03666666666666667, "e2": 0.0077777777777777776, "e3": 0.023333333333333334, "e4": 0.024444444444444446}, "Precision_A": {"e0": 0.8867924528301887, "e1": 0.6666666666666666, "e2": 0.8870967741935484, "e3": 0.8073394495412844, "e4": 0.7066666666666667}, "Flag_rate_B": {"e0": 0.094, "e1": 0.101, "e2": 0.138, "e3": 0.091, "e4": 0.125}, "Recall_B": {"e0": 0.56, "e1": 0.59, "e2": 0.65, "e3": 0.62, "e4": 0.79}, "FPR_B": {"e0": 0.042222222222222223, "e1": 0.04666666666666667, "e2": 0.0811111111111111, "e3": 0.03222222222222222, "e4": 0.051111111111111114}, "Precision_B": {"e0": 0.5957446808510638, "e1": 0.5841584158415841, "e2": 0.47101449275362317, "e3": 0.6813186813186813, "e4": 0.632}, "Recall_overall": {"e0": 0.75, "e1": 0.625, "e2": 0.6, "e3": 0.75, "e4": 0.66}, "FPR_ovrall": {"e0": 0.027777777777777776, "e1": 0.041666666666666664, "e2": 0.044444444444444446, "e3": 0.027777777777777776, "e4": 0.03777777777777778}, "Precision_overall": {"e0": 0.75, "e1": 0.625, "e2": 0.6, "e3": 0.75, "e4": 0.66}, "Flag_rate_ratio": {"e0": 1.127659574468085, "e1": 0.9801980198019802, "e2": 0.4492753623188405, "e3": 1.1978021978021978, "e4": 0.6}, "TPR_ratio": {"e0": 1.6785714285714284, "e1": 1.1186440677966103, "e2": 0.8461538461538461, "e3": 1.4193548387096775, "e4": 0.6708860759493671}, "FPR_ratio": {"e0": 0.31578947368421056, "e1": 0.7857142857142857, "e2": 0.09589041095890412, "e3": 0.7241379310344828, "e4": 0.4782608695652174}, "PPR_ratio": {"e0": 1.4885444743935312, "e1": 1.1412429378531073, "e2": 1.8833746898263029, "e3": 1.1849659662622078, "e4": 1.1181434599156117}, "auroc": {"e0": 0.9711916666666667, "e1": 0.9448111111111112, "e2": 0.9567472222222223, "e3": 0.9744444444444444, "e4": 0.9619055555555556}}, "parameter_0.2": {"parameter": 0.2, "Flag_rate_A": {"e0": 0.074, "e1": 0.077, "e2": 0.099, "e3": 0.076, "e4": 0.09}, "Recall_A": {"e0": 0.66, "e1": 0.66, "e2": 0.86, "e3": 0.65, "e4": 0.8}, "FPR_A": {"e0": 0.008888888888888889, "e1": 0.012222222222222223, "e2": 0.014444444444444444, "e3": 0.012222222222222223, "e4": 0.011111111111111112}, "Precision_A": {"e0": 0.8918918918918919, "e1": 0.8571428571428571, "e2": 0.8686868686868687, "e3": 0.8552631578947368, "e4": 0.8888888888888888}, "Flag_rate_B": {"e0": 0.126, "e1": 0.123, "e2": 0.101, "e3": 0.124, "e4": 0.11}, "Recall_B": {"e0": 0.47, "e1": 0.74, "e2": 0.62, "e3": 0.55, "e4": 0.7}, "FPR_B": {"e0": 0.08777777777777777, "e1": 0.05444444444444444, "e2": 0.043333333333333335, "e3": 0.07666666666666666, "e4": 0.044444444444444446}, "Precision_B": {"e0": 0.373015873015873, "e1": 0.6016260162601627, "e2": 0.6138613861386139, "e3": 0.4435483870967742, "e4": 0.6363636363636364}, "Recall_overall": {"e0": 0.565, "e1": 0.7, "e2": 0.74, "e3": 0.6, "e4": 0.75}, "FPR_ovrall": {"e0": 0.04833333333333333, "e1": 0.03333333333333333, "e2": 0.028888888888888888, "e3": 0.044444444444444446, "e4": 0.027777777777777776}, "Precision_overall": {"e0": 0.565, "e1": 0.7, "e2": 0.74, "e3": 0.6, "e4": 0.75}, "Flag_rate_ratio": {"e0": 0.5873015873015872, "e1": 0.6260162601626016, "e2": 0.9801980198019802, "e3": 0.6129032258064516, "e4": 0.8181818181818181}, "TPR_ratio": {"e0": 1.4042553191489364, "e1": 0.891891891891892, "e2": 1.3870967741935483, "e3": 1.1818181818181817, "e4": 1.142857142857143}, "FPR_ratio": {"e0": 0.10126582278481013, "e1": 0.22448979591836737, "e2": 0.3333333333333333, "e3": 0.15942028985507248, "e4": 0.25}, "PPR_ratio": {"e0": 2.39102932719954, "e1": 1.4247104247104245, "e2": 1.4151189312479635, "e3": 1.9282296650717703, "e4": 1.3968253968253967},