{"Bias Type": "obfuscation_bias", "Data Type": "cluster", "Algorithm method": "Isolation Forest", "Base Rate A": 0.1, "Base Rate B": 0.1, "Group A": "Type: Gaussian, Xc mean: 0 variance: 1", "Group B": "Type: Gaussian, Xc mean: 0 variance: 1", "Group A_anomaly": "Type: Gaussian, Xc mean: 3 variance: 1", "Group B_anomaly": "Type: Gaussian, Xc mean: 3 variance: 1", "parameter_0.05": {"parameter": 0.05, "Flag_rate_A": {"e0": 0.091, "e1": 0.082, "e2": 0.085, "e3": 0.096, "e4": 0.08, "e5": 0.097, "e6": 0.088, "e7": 0.098, "e8": 0.091, "e9": 0.098}, "Recall_A": {"e0": 0.67, "e1": 0.61, "e2": 0.59, "e3": 0.71, "e4": 0.55, "e5": 0.69, "e6": 0.68, "e7": 0.82, "e8": 0.71, "e9": 0.66}, "FPR_A": {"e0": 0.02666666666666667, "e1": 0.023333333333333334, "e2": 0.028888888888888888, "e3": 0.027777777777777776, "e4": 0.027777777777777776, "e5": 0.03111111111111111, "e6": 0.022222222222222223, "e7": 0.017777777777777778, "e8": 0.022222222222222223, "e9": 0.035555555555555556}, "Precision_A": {"e0": 0.7362637362637363, "e1": 0.7439024390243902, "e2": 0.6941176470588235, "e3": 0.7395833333333334, "e4": 0.6875, "e5": 0.711340206185567, "e6": 0.7727272727272727, "e7": 0.8367346938775511, "e8": 0.7802197802197802, "e9": 0.673469387755102}, "Flag_rate_B": {"e0": 0.109, "e1": 0.118, "e2": 0.115, "e3": 0.104, "e4": 0.12, "e5": 0.103, "e6": 0.112, "e7": 0.102, "e8": 0.109, "e9": 0.102}, "Recall_B": {"e0": 0.65, "e1": 0.77, "e2": 0.72, "e3": 0.76, "e4": 0.6, "e5": 0.73, "e6": 0.81, "e7": 0.75, "e8": 0.83, "e9": 0.75}, "FPR_B": {"e0": 0.04888888888888889, "e1": 0.04555555555555556, "e2": 0.04777777777777778, "e3": 0.03111111111111111, "e4": 0.06666666666666667, "e5": 0.03333333333333333, "e6": 0.034444444444444444, "e7": 0.03, "e8": 0.028888888888888888, "e9": 0.03}, "Precision_B": {"e0": 0.5963302752293578, "e1": 0.652542372881356, "e2": 0.6260869565217392, "e3": 0.7307692307692307, "e4": 0.5, "e5": 0.7087378640776699, "e6": 0.7232142857142857, "e7": 0.7352941176470589, "e8": 0.7614678899082569, "e9": 0.7352941176470589}, "Flag_rate_overall": {"e0": 0.1, "e1": 0.1, "e2": 0.1, "e3": 0.1, "e4": 0.1, "e5": 0.1, "e6": 0.1, "e7": 0.1, "e8": 0.1, "e9": 0.1}, "Recall_overall": {"e0": 0.66, "e1": 0.69, "e2": 0.655, "e3": 0.735, "e4": 0.575, "e5": 0.71, "e6": 0.745, "e7": 0.785, "e8": 0.77, "e9": 0.705}, "FPR_ovrall": {"e0": 0.03777777777777778, "e1": 0.034444444444444444, "e2": 0.03833333333333333, "e3": 0.029444444444444443, "e4": 0.04722222222222222, "e5": 0.03222222222222222, "e6": 0.028333333333333332, "e7": 0.02388888888888889, "e8": 0.025555555555555557, "e9": 0.03277777777777778}, "Precision_overall": {"e0": 0.66, "e1": 0.69, "e2": 0.655, "e3": 0.735, "e4": 0.575, "e5": 0.71, "e6": 0.745, "e7": 0.785, "e8": 0.77, "e9": 0.705}, "auroc": {"e0": 0.9476861111111111, "e1": 0.9518055555555556, "e2": 0.9462027777777778, "e3": 0.9716527777777778, "e4": 0.9400527777777777, "e5": 0.9659444444444445, "e6": 0.9765027777777776, "e7": 0.9821416666666667, "e8": 0.9746388888888889, "e9": 0.9655444444444444}}, "parameter_0.1": {"parameter": 0.1, "Flag_rate_A": {"e0": 0.082, "e1": 0.061, "e2": 0.073, "e3": 0.069, "e4": 0.055, "e5": 0.08, "e6": 0.088, "e7": 0.088, "e8": 0.083, "e9": 0.078}, "Recall_A": {"e0": 0.67, "e1": 0.47, "e2": 0.59, "e3": 0.53, "e4": 0.37, "e5": 0.64, "e6": 0.68, "e7": 0.68, "e8": 0.62, "e9": 0.63}, "FPR_A": {"e0": 0.016666666666666666, "e1": 0.015555555555555555, "e2": 0.015555555555555555, "e3": 0.017777777777777778, "e4": 0.02, "e5": 0.017777777777777778, "e6": 0.022222222222222223, "e7": 0.022222222222222223, "e8": 0.023333333333333334, "e9": 0.016666666666666666}, "Precision_A": {"e0": 0.8170731707317073, "e1": 0.7704918032786885, "e2": 0.8082191780821918, "e3": 0.7681159420289855, "e4": 0.6727272727272727, "e5": 0.8, "e6": 0.7727272727272727, "e7": 0.7727272727272727, "e8": 0.7469879518072289, "e9": 0.8076923076923077}, "Flag_rate_B": {"e0": 0.118, "e1": 0.139, "e2": 0.127, "e3": 0.131, "e4": 0.145, "e5": 0.12, "e6": 0.112, "e7": 0.112, "e8": 0.117, "e9": 0.122}, "Recall_B": {"e0": 0.62, "e1": 0.78, "e2": 0.81, "e3": 0.85, "e4": 0.63, "e5": 0.78, "e6": 0.75, "e7": 0.66, "e8": 0.85, "e9": 0.76}, "FPR_B": {"e0": 0.06222222222222222, "e1": 0.06777777777777778, "e2": 0.051111111111111114, "e3": 0.051111111111111114, "e4": 0.09111111111111111, "e5": 0.04666666666666667, "e6": 0.04111111111111111, "e7": 0.051111111111111114, "e8": 0.035555555555555556, "e9": 0.051111111111111114}, "Precision_B": {"e0": 0.5254237288135594, "e1": 0.5611510791366906, "e2": 0.6377952755905512, "e3": 0.648854961832061, "e4": 0.43448275862068964, "e5": 0.65, "e6": 0.6696428571428571, "e7": 0.5892857142857143, "e8": 0.7264957264957265, "e9": 0.6229508196721312}, "Flag_rate_overall": {"e0": 0.1, "e1": 0.1, "e2": 0.1, "e3": 0.1, "e4": 0.1, "e5": 0.1, "e6": 0.1, "e7": 0.1, "e8": 0.1, "e9": 0.1}, "Recall_overall": {"e0": 0.645, "e1": 0.625, "e2": 0.7, "e3": 0.69, "e4": 0.5, "e5": 0.71, "e6": 0.715, "e7": 0.67, "e8": 0.735, "e9": 0.695}, "FPR_ovrall": {"e0": 0.03944444444444444, "e1": 0.041666666666666664, "e2": 0.03333333333333333, "e3": 0.034444444444444444, "e4": 0.05555555555555555, "e5": 0.03222222222222222, "e6": 0.03166666666666667, "e7": 0.03666666666666667, "e8": 0.029444444444444443, "e9": 0.03388888888888889}, "Precision_overall": {"e0": 0.645, "e1": 0.625, "e2": 0.7, "e3": 0.69, "e4": 0.5, "e5": 0.71, "e6": 0.715, "e7": 0.67, "e8": 0.735, "e9": 0.695}, "auroc": {"e0": 0.9467916666666667, "e1": 0.9419472222222222, "e2": 0.9621166666666668, "e3": 0.967288888888889, "e4": 0.9221638888888889, "e5": 0.962386111111111, "e6": 0.9710805555555556, "e7": 0.9605833333333332, "e8": 0.96705, "e9": 0.9670472222222223}}, "parameter_0.15": {"parameter": 0.15, "Flag_rate_A": {"e0": 0.067, "e1": 0.061, "e2": 0.061, "e3": 0.074, "e4": 0.061, "e5": 0.067, "e6": 0.075, "e7": 0.075, "e8": 0.065, "e9": 0.075}, "Recall_A": {"e0": 0.59, "e1": 0.48, "e2": 0.49, "e3": 0.57, "e4": 0.49, "e5": 0.53, "e6": 0.64, "e7": 0.58, "e8": 0.56, "e9": 0.68}, "FPR_A": {"e0": 0.008888888888888889, "e1": 0.014444444444444444, "e2": 0.013333333333333334, "e3": 0.01888888888888889, "e4": 0.013333333333333334, "e5": 0.015555555555555555, "e6": 0.012222222222222223, "e7": 0.01888888888888889, "e8": 0.01, "e9": 0.0077777777777777776}, "Precision_A": {"e0": 0.8805970149253731, "e1": 0.7868852459016393, "e2": 0.8032786885245902, "e3": 0.7702702702702703, "e4": 0.8032786885245902, "e5": 0.7910447761194029, "e6": 0.8533333333333334, "e7": 0.7733333333333333, "e8": 0.8615384615384616, "e9": 0.9066666666666666}, "Flag_rate_B": {"e0": 0.133, "e1": 0.139, "e2": 0.139, "e3": 0.126, "e4": 0.139, "e5": 0.133, "e6": 0.125, "e7": 0.125, "e8": 0.135, "e9": 0.125}, "Recall_B": {"e0": 0.73, "e1": 0.7, "e2": 0.82, "e3": 0.83, "e4": 0.57, "e5": 0.78, "e6": 0.8, "e7": 0.78, "e8": 0.84, "e9": 0.73}, "FPR_B": {"e0": 0.06666666666666667, "e1": 0.07666666666666666, "e2": 0.06333333333333334, "e3": 0.04777777777777778, "e4": 0.09111111111111111, "e5": 0.06111111111111111, "e6": 0.05, "e7": 0.052222222222222225, "e8": 0.056666666666666664, "e9": 0.057777777777777775}, "Precision_B": {"e0": 0.5488721804511278, "e1": 0.5035971223021583, "e2": 0.5899280575539568, "e3": 0.6587301587301587, "e4": 0.41007194244604317, "e5": 0.5864661654135338, "e6": 0.64, "e7": 0.624, "e8": 0.6222222222222222, "e9": 0.584}, "Flag_rate_overall": {"e0": 0.1, "e1": 0.1, "e2": 0.1, "e3": 0.1, "e4": 0.1, "e5": 0.1, "e6": 0.1, "e7": 0.1, "e8": 0.1, "e9": 0.1}, "Recall_overall": {"e0": 0.66, "e1": 0.59, "e2": 0.655, "e3": 0.7, "e4": 0.53, "e5": 0.655, "e6": 0.72, "e7": 0.68, "e8": 0.7, "e9": 0.705}, "FPR_ovrall": {"e0": 0.03777777777777778, "e1": 0.04555555555555556, "e2": 0.03833333333333333, "e3": 0.03333333333333333, "e4": 0.052222222222222225, "e5": 0.03833333333333333, "e6": 0.03111111111111111, "e7": 0.035555555555555556, "e8": 0.03333333333333333, "e9": 0.03277777777777778}, "Precision_overall": {"e0": 0.66, "e1": 0.59, "e2": 0.655, "e3": 0.7, "e4": 0.53, "e5": 0.655, "e6": 0.72,