{"0.01-0.01": {"roc": 0.9008905639307649, "flag_rate": [0.095, 0.1041041041041041], "flag_rate_ratio": 0.9125480769230769, "TPR": [0.63, 0.7373737373737373], "TPR whole": 0.6834170854271356, "TPR ratio": 0.8543835616438357, "FPR": [0.035555555555555556, 0.034444444444444444], "FPR whole": 0.035, "FPR ratio": 1.032258064516129, "PPR": [0.6631578947368421, 0.7019230769230769], "PPR whole": 0.6834170854271356, "PPR ratio": 0.9447728911319394}, "0.01-0.2": {"roc": 0.9173115577889448, "flag_rate": [0.097, 0.1021021021021021], "flag_rate_ratio": 0.9500294117647059, "TPR": [0.67, 0.7373737373737373], "TPR whole": 0.7035175879396985, "TPR ratio": 0.9086301369863015, "FPR": [0.03333333333333333, 0.03222222222222222], "FPR whole": 0.03277777777777778, "FPR ratio": 1.0344827586206897, "PPR": [0.6907216494845361, 0.7156862745098039], "PPR whole": 0.7035175879396985, "PPR ratio": 0.9651179211975709}, "0.01-0.5": {"roc": 0.9228056951423785, "flag_rate": [0.103, 0.0960960960960961], "flag_rate_ratio": 1.07184375, "TPR": [0.73, 0.7373737373737373], "TPR whole": 0.7336683417085427, "TPR ratio": 0.99, "FPR": [0.03333333333333333, 0.025555555555555557], "FPR whole": 0.029444444444444443, "FPR ratio": 1.3043478260869563, "PPR": [0.7087378640776699, 0.7604166666666666], "PPR whole": 0.7336683417085427, "PPR ratio": 0.9320388349514563}, "0.01-0.8": {"roc": 0.9264237855946398, "flag_rate": [0.096, 0.1031031031031031], "flag_rate_ratio": 0.9311067961165049, "TPR": [0.72, 0.7474747474747475], "TPR whole": 0.7336683417085427, "TPR ratio": 0.9632432432432432, "FPR": [0.02666666666666667, 0.03222222222222222], "FPR whole": 0.029444444444444443, "FPR ratio": 0.8275862068965518, "PPR": [0.75, 0.7184466019417476], "PPR whole": 0.7336683417085427, "PPR ratio": 1.0439189189189189}, "0.05-0.01": {"roc": 0.9011222780569514, "flag_rate": [0.096, 0.1031031031031031], "flag_rate_ratio": 0.9311067961165049, "TPR": [0.62, 0.7171717171717171], "TPR whole": 0.6683417085427136, "TPR ratio": 0.8645070422535212, "FPR": [0.03777777777777778, 0.035555555555555556], "FPR whole": 0.03666666666666667, "FPR ratio": 1.0625, "PPR": [0.6458333333333334, 0.6893203883495146], "PPR whole": 0.6683417085427136, "PPR ratio": 0.9369131455399061}, "0.05-0.2": {"roc": 0.9225907314349525, "flag_rate": [0.094, 0.10510510510510511], "flag_rate_ratio": 0.8943428571428571, "TPR": [0.68, 0.7777777777777778], "TPR whole": 0.7286432160804021, "TPR ratio": 0.8742857142857143, "FPR": [0.028888888888888888, 0.03111111111111111], "FPR whole": 0.03, "FPR ratio": 0.9285714285714286, "PPR": [0.723404255319149, 0.7333333333333333], "PPR whole": 0.7286432160804021, "PPR ratio": 0.986460348162476}, "0.05-0.5": {"roc": 0.9220156337241765, "flag_rate": [0.1, 0.0990990990990991], "flag_rate_ratio": 1.009090909090909, "TPR": [0.72, 0.696969696969697], "TPR whole": 0.7085427135678392, "TPR ratio": 1.0330434782608695, "FPR": [0.03111111111111111, 0.03333333333333333], "FPR whole": 0.03222222222222222, "FPR ratio": 0.9333333333333333, "PPR": [0.72, 0.696969696969697], "PPR whole": 0.7085427135678392, "PPR ratio": 1.0330434782608695}, "0.05-0.8": {"roc": 0.9142713567839195, "flag_rate": [0.104, 0.09509509509509509], "flag_rate_ratio": 1.093642105263158, "TPR": [0.73, 0.7070707070707071], "TPR whole": 0.7185929648241206, "TPR ratio": 1.0324285714285715, "FPR": [0.034444444444444444, 0.027777777777777776], "FPR whole": 0.03111111111111111, "FPR ratio": 1.24, "PPR": [0.7019230769230769, 0.7368421052631579], "PPR whole": 0.7185929648241206, "PPR ratio": 0.9526098901098901}, "0.2-0.01": {"roc": 0.9034896705750977, "flag_rate": [0.09, 0.1091091091091091], "flag_rate_ratio": 0.8248623853211009, "TPR": [0.61, 0.7373737373737373], "TPR whole": 0.6733668341708543, "TPR ratio": 0.8272602739726027, "FPR": [0.03222222222222222, 0.04], "FPR whole": 0.03611111111111111, "FPR ratio": 0.8055555555555555, "PPR": [0.6777777777777778, 0.6697247706422018], "PPR whole": 0.6733668341708543, "PPR ratio": 1.0120243531202435}, "0.2-0.2": {"roc": 0.9198073701842545, "flag_rate": [0.107, 0.0920920920920921], "flag_rate_ratio": 1.1618804347826086, "TPR": [0.73, 0.7171717171717171], "TPR whole": 0.7236180904522613, "TPR ratio": 1.017887323943662, "FPR": [0.03777777777777778, 0.023333333333333334], "FPR whole": 0.030555555555555555, "FPR ratio": 1.619047619047619, "PPR": [0.6822429906542056, 0.7717391304347826], "PPR whole": 0.7236180904522613, "PPR ratio": 0.8840331709885481}, "0.2-0.5": {"roc": 0.9184450027917365, "flag_rate": [0.11, 0.0890890890890891], "flag_rate_ratio": 1.2347191011235954, "TPR": [0.76, 0.7171717171717171], "TPR whole": 0.7386934673366834, "TPR ratio": 1.059718309859155, "FPR": [0.03777777777777778, 0.02], "FPR whole": 0.028888888888888888, "FPR ratio": 1.8888888888888888, "PPR": [0.6909090909090909, 0.797752808988764], "PPR whole": 0.7386934673366834, "PPR ratio": 0.8660691421254803}, "0.2-0.8": {"roc": 0.9077917364600782, "flag_rate": [0.099, 0.1001001001001001], "flag_rate_ratio": 0.98901, "TPR": [0.7, 0.7070707070707071], "TPR whole": 0.7035175879396985, "TPR ratio": 0.99, "FPR": [0.03222222222222222, 0.03333333333333333], "FPR whole": 0.03277777777777778, "FPR ratio": 0.9666666666666667, "PPR": [0.7070707070707071, 0.7], "PPR whole": 0.7035175879396985, "PPR ratio": 1.0101010101010102}, "0.5-0.01": {"roc": 0.9071691792294806, "flag_rate": [0.099, 0.1001001001001001], "flag_rate_ratio": 0.98901, "TPR": [0.66, 0.7272727272727273], "TPR whole": 0.6934673366834171, "TPR ratio": 0.9075, "FPR": [0.03666666666666667, 0.03111111111111111], "FPR whole": 0.03388888888888889, "FPR ratio": 1.1785714285714286, "PPR": [0.6666666666666666, 0.72], "PPR whole": 0.6934673366834171, "PPR ratio": 0.9259259259259259}, "0.5-0.2": {"roc": 0.9255192629815745, "flag_rate": [0.104, 0.09509509509509509], "flag_rate_ratio": 1.093642105263158, "TPR": [0.7, 0.7373737373737373], "TPR whole": 0.7185929648241206, "TPR ratio": 0.9493150684931506, "FPR": [0.03777777777777778, 0.024444444444444446], "FPR whole": 0.03111111111111111, "FPR ratio": 1.5454545454545454, "PPR": [0.6730769230769231, 0.7684210526315789], "PPR whole": 0.7185929648241206, "PPR ratio": 0.8759220231822973}, "0.5-0.5": {"roc": 0.9214209938581798, "flag_rate": [0.1, 0.0990990990990991], "flag_rate_ratio": 1.009090909090909, "TPR": [0.71, 0.7575757575757576], "TPR whole": 0.7336683417085427, "TPR ratio": 0.9371999999999999, "FPR": [0.03222222222222222, 0.02666666666666667], "FPR whole": 0.029444444444444443, "FPR ratio": 1.2083333333333333, "PPR": [0.71, 0.7575757575757576], "PPR whole": 0.7336683417085427, "PPR ratio": 0.9371999999999999}, "0.5-0.8": {"roc": 0.9135050251256283, "flag_rate": [0.099, 0.1001001001001001], "flag_rate_ratio": 0.98901, "TPR": [0.71, 0.7070707070707071], "TPR whole": 0.7085427135678392, "TPR ratio": 1.004142857142857, "FPR": [0.03111111111111111, 0.03333333333333333], "FPR whole": 0.03222222222222222, "FPR ratio": 0.9333333333333333, "PPR": [0.7171717171717171, 0.7], "PPR whole": 0.7085427135678392, "PPR ratio": 1.0245310245310246}, "0.8-0.01": {"roc": 0.9106030150753769, "flag_rate": [0.09, 0.1091091091091091], "flag_rate_ratio": 0.8248623853211009, "TPR": [0.65, 0.7777777777777778], "TPR whole": 0.7135678391959799, "TPR ratio": 0.8357142857142857, "FPR": [0.027777777777777776, 0.035555555555555556], "FPR whole": 0.03166666666666667, "FPR ratio": 0.78125, "PPR": [0.7222222222222222, 0.7064220183486238], "PPR whole": 0.7135678391959799, "PPR ratio": 1.0223665223665224}, "0.8-0.2": {"roc": 0.9135175879396985, "flag_rate": [0.103, 0.0960960960960961], "flag_rate_ratio": 1.07184375, "TPR": [0.73, 0.7070707070707071], "TPR whole": 0.7185929648241206, "TPR ratio": 1.0324285714285715, "FPR": [0.03333333333333333, 0.028888888888888888], "FPR whole": 0.03111111111111111, "FPR ratio": 1.153846153846154, "PPR": [0.7087378640776699, 0.7291666666666666], "PPR whole": 0.7185929648241206, "PPR ratio": 0.971983356449376}, "0.8-0.5": {"roc": 0.9112451144611949,