{"0.01-0.01": {"roc": 0.9379490740740741, "flag_rate": [0.077, 0.04673913043478261], "flag_rate_ratio": 1.6474418604651162, "TPR": [0.72, 0.65], "TPR whole": 0.7083333333333334, "TPR ratio": 1.1076923076923075, "FPR": [0.005555555555555556, 0.03333333333333333], "FPR whole": 0.019444444444444445, "FPR ratio": 0.16666666666666669, "PPR": [0.935064935064935, 0.3023255813953488], "PPR whole": 0.7083333333333334, "PPR ratio": 3.092907092907093}, "0.01-0.2": {"roc": 0.9450601851851853, "flag_rate": [0.083, 0.04021739130434782], "flag_rate_ratio": 2.063783783783784, "TPR": [0.77, 0.8], "TPR whole": 0.775, "TPR ratio": 0.9625, "FPR": [0.006666666666666667, 0.023333333333333334], "FPR whole": 0.015, "FPR ratio": 0.2857142857142857, "PPR": [0.927710843373494, 0.43243243243243246], "PPR whole": 0.775, "PPR ratio": 2.1453313253012047}, "0.01-0.5": {"roc": 0.9289814814814815, "flag_rate": [0.077, 0.04673913043478261], "flag_rate_ratio": 1.6474418604651162, "TPR": [0.71, 0.75], "TPR whole": 0.7166666666666667, "TPR ratio": 0.9466666666666667, "FPR": [0.006666666666666667, 0.03111111111111111], "FPR whole": 0.01888888888888889, "FPR ratio": 0.2142857142857143, "PPR": [0.922077922077922, 0.3488372093023256], "PPR whole": 0.7166666666666667, "PPR ratio": 2.643290043290043}, "0.01-0.8": {"roc": 0.9429305555555555, "flag_rate": [0.078, 0.04565217391304348], "flag_rate_ratio": 1.7085714285714286, "TPR": [0.72, 0.85], "TPR whole": 0.7416666666666667, "TPR ratio": 0.8470588235294118, "FPR": [0.006666666666666667, 0.027777777777777776], "FPR whole": 0.017222222222222222, "FPR ratio": 0.24000000000000002, "PPR": [0.9230769230769231, 0.40476190476190477], "PPR whole": 0.7416666666666667, "PPR ratio": 2.2805429864253393}, "0.05-0.01": {"roc": 0.9400231481481482, "flag_rate": [0.075, 0.04891304347826087], "flag_rate_ratio": 1.5333333333333332, "TPR": [0.73, 0.8], "TPR whole": 0.7416666666666667, "TPR ratio": 0.9125, "FPR": [0.0022222222222222222, 0.03222222222222222], "FPR whole": 0.017222222222222222, "FPR ratio": 0.06896551724137931, "PPR": [0.9733333333333334, 0.35555555555555557], "PPR whole": 0.7416666666666667, "PPR ratio": 2.7375}, "0.05-0.2": {"roc": 0.9312222222222222, "flag_rate": [0.077, 0.04673913043478261], "flag_rate_ratio": 1.6474418604651162, "TPR": [0.72, 0.85], "TPR whole": 0.7416666666666667, "TPR ratio": 0.8470588235294118, "FPR": [0.005555555555555556, 0.028888888888888888], "FPR whole": 0.017222222222222222, "FPR ratio": 0.19230769230769232, "PPR": [0.935064935064935, 0.3953488372093023], "PPR whole": 0.7416666666666667, "PPR ratio": 2.3651642475171886}, "0.05-0.5": {"roc": 0.9235740740740741, "flag_rate": [0.07, 0.05434782608695652], "flag_rate_ratio": 1.2880000000000003, "TPR": [0.67, 0.75], "TPR whole": 0.6833333333333333, "TPR ratio": 0.8933333333333334, "FPR": [0.0033333333333333335, 0.03888888888888889], "FPR whole": 0.021111111111111112, "FPR ratio": 0.08571428571428572, "PPR": [0.9571428571428572, 0.3], "PPR whole": 0.6833333333333333, "PPR ratio": 3.1904761904761907}, "0.05-0.8": {"roc": 0.9339814814814814, "flag_rate": [0.083, 0.04021739130434782], "flag_rate_ratio": 2.063783783783784, "TPR": [0.7, 0.85], "TPR whole": 0.725, "TPR ratio": 0.8235294117647058, "FPR": [0.014444444444444444, 0.022222222222222223], "FPR whole": 0.018333333333333333, "FPR ratio": 0.6499999999999999, "PPR": [0.8433734939759037, 0.4594594594594595], "PPR whole": 0.725, "PPR ratio": 1.8355776045357903}, "0.2-0.01": {"roc": 0.9348888888888889, "flag_rate": [0.077, 0.04673913043478261], "flag_rate_ratio": 1.6474418604651162, "TPR": [0.73, 0.85], "TPR whole": 0.75, "TPR ratio": 0.8588235294117647, "FPR": [0.0044444444444444444, 0.028888888888888888], "FPR whole": 0.016666666666666666, "FPR ratio": 0.15384615384615385, "PPR": [0.948051948051948, 0.3953488372093023], "PPR whole": 0.75, "PPR ratio": 2.3980137509549273}, "0.2-0.2": {"roc": 0.9427870370370369, "flag_rate": [0.081, 0.042391304347826085], "flag_rate_ratio": 1.910769230769231, "TPR": [0.75, 0.8], "TPR whole": 0.7583333333333333, "TPR ratio": 0.9375, "FPR": [0.006666666666666667, 0.025555555555555557], "FPR whole": 0.01611111111111111, "FPR ratio": 0.2608695652173913, "PPR": [0.9259259259259259, 0.41025641025641024], "PPR whole": 0.7583333333333333, "PPR ratio": 2.2569444444444446}, "0.2-0.5": {"roc": 0.9287638888888889, "flag_rate": [0.079, 0.04456521739130435], "flag_rate_ratio": 1.7726829268292683, "TPR": [0.74, 0.8], "TPR whole": 0.75, "TPR ratio": 0.9249999999999999, "FPR": [0.005555555555555556, 0.027777777777777776], "FPR whole": 0.016666666666666666, "FPR ratio": 0.2, "PPR": [0.9367088607594937, 0.3902439024390244], "PPR whole": 0.75, "PPR ratio": 2.4003164556962022}, "0.2-0.8": {"roc": 0.9040555555555556, "flag_rate": [0.079, 0.04456521739130435], "flag_rate_ratio": 1.7726829268292683, "TPR": [0.7, 0.8], "TPR whole": 0.7166666666666667, "TPR ratio": 0.8749999999999999, "FPR": [0.01, 0.027777777777777776], "FPR whole": 0.01888888888888889, "FPR ratio": 0.36000000000000004, "PPR": [0.8860759493670886, 0.3902439024390244], "PPR whole": 0.7166666666666667, "PPR ratio": 2.2705696202531644}, "0.5-0.01": {"roc": 0.9390462962962963, "flag_rate": [0.076, 0.04782608695652174], "flag_rate_ratio": 1.589090909090909, "TPR": [0.72, 0.85], "TPR whole": 0.7416666666666667, "TPR ratio": 0.8470588235294118, "FPR": [0.0044444444444444444, 0.03], "FPR whole": 0.017222222222222222, "FPR ratio": 0.14814814814814814, "PPR": [0.9473684210526315, 0.38636363636363635], "PPR whole": 0.7416666666666667, "PPR ratio": 2.4520123839009287}, "0.5-0.2": {"roc": 0.9315925925925925, "flag_rate": [0.076, 0.04782608695652174], "flag_rate_ratio": 1.589090909090909, "TPR": [0.72, 0.8], "TPR whole": 0.7333333333333333, "TPR ratio": 0.8999999999999999, "FPR": [0.0044444444444444444, 0.03111111111111111], "FPR whole": 0.017777777777777778, "FPR ratio": 0.14285714285714285, "PPR": [0.9473684210526315, 0.36363636363636365], "PPR whole": 0.7333333333333333, "PPR ratio": 2.6052631578947367}, "0.5-0.5": {"roc": 0.9301759259259259, "flag_rate": [0.08, 0.043478260869565216], "flag_rate_ratio": 1.84, "TPR": [0.69, 0.65], "TPR whole": 0.6833333333333333, "TPR ratio": 1.0615384615384613, "FPR": [0.012222222222222223, 0.03], "FPR whole": 0.021111111111111112, "FPR ratio": 0.40740740740740744, "PPR": [0.8625, 0.325], "PPR whole": 0.6833333333333333, "PPR ratio": 2.6538461538461537}, "0.5-0.8": {"roc": 0.9177916666666668, "flag_rate": [0.084, 0.0391304347826087], "flag_rate_ratio": 2.1466666666666665, "TPR": [0.71, 0.8], "TPR whole": 0.725, "TPR ratio": 0.8875, "FPR": [0.014444444444444444, 0.022222222222222223], "FPR whole": 0.018333333333333333, "FPR ratio": 0.6499999999999999, "PPR": [0.8452380952380952, 0.4444444444444444], "PPR whole": 0.725, "PPR ratio": 1.9017857142857144}, "0.8-0.01": {"roc": 0.9424722222222224, "flag_rate": [0.077, 0.04673913043478261], "flag_rate_ratio": 1.6474418604651162, "TPR": [0.74, 0.8], "TPR whole": 0.75, "TPR ratio": 0.9249999999999999, "FPR": [0.0033333333333333335, 0.03], "FPR whole": 0.016666666666666666, "FPR ratio": 0.11111111111111112, "PPR": [0.961038961038961, 0.37209302325581395], "PPR whole": 0.75, "PPR ratio": 2.582792207792208}, "0.8-0.2": {"roc": 0.9245185185185185, "flag_rate": [0.075, 0.04891304347826087], "flag_rate_ratio": 1.5333333333333332, "TPR": [0.65, 0.85], "TPR whole": 0.6833333333333333, "TPR ratio": 0.7647058823529412, "FPR": [0.011111111111111112, 0.03111111111111111], "FPR whole": 0.021111111111111112, "FPR ratio": 0.35714285714285715, "PPR": [0.8666666666666667, 0.37777777777777777], "PPR whole": 0.6833333333333333, "PPR ratio": 2.294117647058824}, "0.8-0.5": {"roc": 0.9361435185185185, "flag_rate": [0.078, 0.04565217391304348], "flag_rate_ratio": 1.7085714285714286, "TPR": [0.74, 0.8], "TPR whole": 0.75, "TPR ratio": 0.9249999999999999, "FPR": [0.0044444444444444444, 0.028888888888888888], "FPR whole": 0.016666666666666666, "FPR ratio": 0.15384615384615385,