{"0.01-0.01": {"roc": 0.9459444444444445, "flag_rate": [0.097, 0.09393939393939393], "flag_rate_ratio": 1.0325806451612904, "TPR": [0.74, 0.7666666666666667], "TPR whole": 0.7526315789473684, "TPR ratio": 0.9652173913043477, "FPR": [0.025555555555555557, 0.02666666666666667], "FPR whole": 0.026111111111111113, "FPR ratio": 0.9583333333333334, "PPR": [0.7628865979381443, 0.7419354838709677], "PPR whole": 0.7526315789473684, "PPR ratio": 1.0282384580905424}, "0.01-0.2": {"roc": 0.9410526315789473, "flag_rate": [0.092, 0.09898989898989899], "flag_rate_ratio": 0.9293877551020409, "TPR": [0.71, 0.8], "TPR whole": 0.7526315789473684, "TPR ratio": 0.8875, "FPR": [0.023333333333333334, 0.028888888888888888], "FPR whole": 0.026111111111111113, "FPR ratio": 0.8076923076923078, "PPR": [0.7717391304347826, 0.7346938775510204], "PPR whole": 0.7526315789473684, "PPR ratio": 1.0504227053140096}, "0.01-0.5": {"roc": 0.9446081871345029, "flag_rate": [0.092, 0.09898989898989899], "flag_rate_ratio": 0.9293877551020409, "TPR": [0.71, 0.7777777777777778], "TPR whole": 0.7421052631578947, "TPR ratio": 0.9128571428571428, "FPR": [0.023333333333333334, 0.03111111111111111], "FPR whole": 0.02722222222222222, "FPR ratio": 0.7500000000000001, "PPR": [0.7717391304347826, 0.7142857142857143], "PPR whole": 0.7421052631578947, "PPR ratio": 1.0804347826086955}, "0.01-0.8": {"roc": 0.9416695906432748, "flag_rate": [0.095, 0.09595959595959595], "flag_rate_ratio": 0.9900000000000001, "TPR": [0.68, 0.7666666666666667], "TPR whole": 0.7210526315789474, "TPR ratio": 0.8869565217391304, "FPR": [0.03, 0.028888888888888888], "FPR whole": 0.029444444444444443, "FPR ratio": 1.0384615384615385, "PPR": [0.7157894736842105, 0.7263157894736842], "PPR whole": 0.7210526315789474, "PPR ratio": 0.9855072463768115}, "0.05-0.01": {"roc": 0.9437280701754385, "flag_rate": [0.093, 0.09797979797979799], "flag_rate_ratio": 0.9491752577319587, "TPR": [0.73, 0.8], "TPR whole": 0.7631578947368421, "TPR ratio": 0.9125, "FPR": [0.022222222222222223, 0.027777777777777776], "FPR whole": 0.025, "FPR ratio": 0.8, "PPR": [0.7849462365591398, 0.7422680412371134], "PPR whole": 0.7631578947368421, "PPR ratio": 1.0574970131421744}, "0.05-0.2": {"roc": 0.9432748538011697, "flag_rate": [0.094, 0.09696969696969697], "flag_rate_ratio": 0.969375, "TPR": [0.73, 0.7888888888888889], "TPR whole": 0.7578947368421053, "TPR ratio": 0.9253521126760563, "FPR": [0.023333333333333334, 0.027777777777777776], "FPR whole": 0.025555555555555557, "FPR ratio": 0.8400000000000001, "PPR": [0.776595744680851, 0.7395833333333334], "PPR whole": 0.7578947368421053, "PPR ratio": 1.05004495055439}, "0.05-0.5": {"roc": 0.9381578947368422, "flag_rate": [0.094, 0.09696969696969697], "flag_rate_ratio": 0.969375, "TPR": [0.71, 0.7888888888888889], "TPR whole": 0.7473684210526316, "TPR ratio": 0.9, "FPR": [0.025555555555555557, 0.027777777777777776], "FPR whole": 0.02666666666666667, "FPR ratio": 0.9200000000000002, "PPR": [0.7553191489361702, 0.7395833333333334], "PPR whole": 0.7473684210526316, "PPR ratio": 1.0212765957446808}, "0.05-0.8": {"roc": 0.9409619883040937, "flag_rate": [0.093, 0.09797979797979799], "flag_rate_ratio": 0.9491752577319587, "TPR": [0.71, 0.7777777777777778], "TPR whole": 0.7421052631578947, "TPR ratio": 0.9128571428571428, "FPR": [0.024444444444444446, 0.03], "FPR whole": 0.02722222222222222, "FPR ratio": 0.8148148148148149, "PPR": [0.7634408602150538, 0.7216494845360825], "PPR whole": 0.7421052631578947, "PPR ratio": 1.057910906298003}, "0.2-0.01": {"roc": 0.9473947368421053, "flag_rate": [0.094, 0.09696969696969697], "flag_rate_ratio": 0.969375, "TPR": [0.74, 0.7777777777777778], "TPR whole": 0.7578947368421053, "TPR ratio": 0.9514285714285714, "FPR": [0.022222222222222223, 0.028888888888888888], "FPR whole": 0.025555555555555557, "FPR ratio": 0.7692307692307693, "PPR": [0.7872340425531915, 0.7291666666666666], "PPR whole": 0.7578947368421053, "PPR ratio": 1.0796352583586628}, "0.2-0.2": {"roc": 0.9334970760233918, "flag_rate": [0.095, 0.09595959595959595], "flag_rate_ratio": 0.9900000000000001, "TPR": [0.72, 0.7777777777777778], "TPR whole": 0.7473684210526316, "TPR ratio": 0.9257142857142857, "FPR": [0.025555555555555557, 0.027777777777777776], "FPR whole": 0.02666666666666667, "FPR ratio": 0.9200000000000002, "PPR": [0.7578947368421053, 0.7368421052631579], "PPR whole": 0.7473684210526316, "PPR ratio": 1.0285714285714287}, "0.2-0.5": {"roc": 0.9397192982456138, "flag_rate": [0.094, 0.09696969696969697], "flag_rate_ratio": 0.969375, "TPR": [0.69, 0.7555555555555555], "TPR whole": 0.7210526315789474, "TPR ratio": 0.913235294117647, "FPR": [0.027777777777777776, 0.03111111111111111], "FPR whole": 0.029444444444444443, "FPR ratio": 0.8928571428571428, "PPR": [0.7340425531914894, 0.7083333333333334], "PPR whole": 0.7210526315789474, "PPR ratio": 1.0362953692115144}, "0.2-0.8": {"roc": 0.9315730994152048, "flag_rate": [0.097, 0.09393939393939393], "flag_rate_ratio": 1.0325806451612904, "TPR": [0.7, 0.7444444444444445], "TPR whole": 0.7210526315789474, "TPR ratio": 0.9402985074626865, "FPR": [0.03, 0.028888888888888888], "FPR whole": 0.029444444444444443, "FPR ratio": 1.0384615384615385, "PPR": [0.7216494845360825, 0.7204301075268817], "PPR whole": 0.7210526315789474, "PPR ratio": 1.001692568087398}, "0.5-0.01": {"roc": 0.9466812865497075, "flag_rate": [0.092, 0.09898989898989899], "flag_rate_ratio": 0.9293877551020409, "TPR": [0.74, 0.7888888888888889], "TPR whole": 0.7631578947368421, "TPR ratio": 0.9380281690140845, "FPR": [0.02, 0.03], "FPR whole": 0.025, "FPR ratio": 0.6666666666666667, "PPR": [0.8043478260869565, 0.7244897959183674], "PPR whole": 0.7631578947368421, "PPR ratio": 1.1102265768524189}, "0.5-0.2": {"roc": 0.9426023391812866, "flag_rate": [0.097, 0.09393939393939393], "flag_rate_ratio": 1.0325806451612904, "TPR": [0.72, 0.7666666666666667], "TPR whole": 0.7421052631578947, "TPR ratio": 0.9391304347826086, "FPR": [0.027777777777777776, 0.02666666666666667], "FPR whole": 0.02722222222222222, "FPR ratio": 1.0416666666666665, "PPR": [0.7422680412371134, 0.7419354838709677], "PPR whole": 0.7421052631578947, "PPR ratio": 1.0004482294935007}, "0.5-0.5": {"roc": 0.9383625730994152, "flag_rate": [0.093, 0.09797979797979799], "flag_rate_ratio": 0.9491752577319587, "TPR": [0.71, 0.7777777777777778], "TPR whole": 0.7421052631578947, "TPR ratio": 0.9128571428571428, "FPR": [0.024444444444444446, 0.03], "FPR whole": 0.02722222222222222, "FPR ratio": 0.8148148148148149, "PPR": [0.7634408602150538, 0.7216494845360825], "PPR whole": 0.7421052631578947, "PPR ratio": 1.057910906298003}, "0.5-0.8": {"roc": 0.9316827485380117, "flag_rate": [0.094, 0.09696969696969697], "flag_rate_ratio": 0.969375, "TPR": [0.72, 0.7666666666666667], "TPR whole": 0.7421052631578947, "TPR ratio": 0.9391304347826086, "FPR": [0.024444444444444446, 0.03], "FPR whole": 0.02722222222222222, "FPR ratio": 0.8148148148148149, "PPR": [0.7659574468085106, 0.71875], "PPR whole": 0.7421052631578947, "PPR ratio": 1.0656799259944496}, "0.8-0.01": {"roc": 0.944763157894737, "flag_rate": [0.094, 0.09696969696969697], "flag_rate_ratio": 0.969375, "TPR": [0.73, 0.8], "TPR whole": 0.7631578947368421, "TPR ratio": 0.9125, "FPR": [0.023333333333333334, 0.02666666666666667], "FPR whole": 0.025, "FPR ratio": 0.875, "PPR": [0.776595744680851, 0.75], "PPR whole": 0.7631578947368421, "PPR ratio": 1.0354609929078014}, "0.8-0.2": {"roc": 0.9350175438596493, "flag_rate": [0.094, 0.09696969696969697], "flag_rate_ratio": 0.969375, "TPR": [0.7, 0.7666666666666667], "TPR whole": 0.7315789473684211, "TPR ratio": 0.9130434782608694, "FPR": [0.02666666666666667, 0.03], "FPR whole": 0.028333333333333332, "FPR ratio": 0.888888888888889, "PPR": [0.7446808510638298, 0.71875], "PPR whole": 0.7315789473684211, "PPR ratio": 1.0360777058279371}, "0.8-0.5": {"roc": 0.9337397660818713, "flag_rate": [0.098, 0.09292929292929293], "flag_rate_ratio": 1.0545652173913043,