{"Bias Type": "under_representation_bias", "Data Type": "cluster", "Algorithm method": "DeepAE", "Base Rate A": 0.1, "Base Rate B": 0.1, "Base Rate whole": 0.1, "Group A": "Type: Gaussian, Xc mean: 0 variance: 1", "Group B": "Type: Gaussian, Xc mean: 0 variance: 1", "Group A_anomaly": "Type: Gaussian, Xc mean: 3 variance: 1", "Group B_anomaly": "Type: Gaussian, Xc mean: 3 variance: 1", "parameter_0.01": {"parameter": 0.01, "Flag_rate_A": {"e0": 0.101, "e1": 0.098, "e2": 0.094, "e3": 0.099, "e4": 0.097}, "Recall_A": {"e0": 0.81, "e1": 0.84, "e2": 0.8, "e3": 0.75, "e4": 0.76}, "FPR_A": {"e0": 0.022222222222222223, "e1": 0.015555555555555555, "e2": 0.015555555555555555, "e3": 0.02666666666666667, "e4": 0.023333333333333334}, "Precision_A": {"e0": 0.801980198019802, "e1": 0.8571428571428571, "e2": 0.851063829787234, "e3": 0.7575757575757576, "e4": 0.7835051546391752}, "Flag_rate_B": {"e0": 0.0980980980980981, "e1": 0.1011011011011011, "e2": 0.10510510510510511, "e3": 0.1001001001001001, "e4": 0.1021021021021021}, "Recall_B": {"e0": 0.7676767676767676, "e1": 0.7676767676767676, "e2": 0.797979797979798, "e3": 0.7777777777777778, "e4": 0.7777777777777778}, "FPR_B": {"e0": 0.024444444444444446, "e1": 0.027777777777777776, "e2": 0.028888888888888888, "e3": 0.025555555555555557, "e4": 0.027777777777777776}, "Precision_B": {"e0": 0.7755102040816326, "e1": 0.7524752475247525, "e2": 0.7523809523809524, "e3": 0.77, "e4": 0.7549019607843137}, "Recall_overall": {"e0": 0.7889447236180904, "e1": 0.8040201005025126, "e2": 0.7989949748743719, "e3": 0.7638190954773869, "e4": 0.7688442211055276}, "FPR_ovrall": {"e0": 0.023333333333333334, "e1": 0.021666666666666667, "e2": 0.022222222222222223, "e3": 0.026111111111111113, "e4": 0.025555555555555557}, "Precision_overall": {"e0": 0.7889447236180904, "e1": 0.8040201005025126, "e2": 0.7989949748743719, "e3": 0.7638190954773869, "e4": 0.7688442211055276}, "Flag_rate_ratio": {"e0": 1.0295816326530614, "e1": 0.9693267326732674, "e2": 0.8943428571428571, "e3": 0.98901, "e4": 0.9500294117647059}, "TPR_ratio": {"e0": 1.0551315789473685, "e1": 1.0942105263157895, "e2": 1.0025316455696203, "e3": 0.9642857142857143, "e4": 0.9771428571428571}, "FPR_ratio": {"e0": 0.9090909090909091, "e1": 0.56, "e2": 0.5384615384615384, "e3": 1.0434782608695652, "e4": 0.8400000000000001}, "PPR_ratio": {"e0": 1.0341323606044817, "e1": 1.1390977443609023, "e2": 1.1311607864260707, "e3": 0.9838646202282566, "e4": 1.03788994510644}, "auroc": {"e0": 0.98178391959799, "e1": 0.986962590731435, "e2": 0.9860301507537688, "e3": 0.9770993858179788, "e4": 0.9854383026242324}}, "parameter_0.05": {"parameter": 0.05, "Flag_rate_A": {"e0": 0.108, "e1": 0.105, "e2": 0.093, "e3": 0.098, "e4": 0.1}, "Recall_A": {"e0": 0.8, "e1": 0.86, "e2": 0.8, "e3": 0.75, "e4": 0.78}, "FPR_A": {"e0": 0.03111111111111111, "e1": 0.021111111111111112, "e2": 0.014444444444444444, "e3": 0.025555555555555557, "e4": 0.024444444444444446}, "Precision_A": {"e0": 0.7407407407407407, "e1": 0.819047619047619, "e2": 0.8602150537634409, "e3": 0.7653061224489796, "e4": 0.78}, "Flag_rate_B": {"e0": 0.08743718592964825, "e1": 0.09045226130653267, "e2": 0.10251256281407035, "e3": 0.09748743718592964, "e4": 0.09547738693467336}, "Recall_B": {"e0": 0.7789473684210526, "e1": 0.6947368421052632, "e2": 0.8, "e3": 0.7789473684210526, "e4": 0.7684210526315789}, "FPR_B": {"e0": 0.014444444444444444, "e1": 0.02666666666666667, "e2": 0.028888888888888888, "e3": 0.025555555555555557, "e4": 0.024444444444444446}, "Precision_B": {"e0": 0.8505747126436781, "e1": 0.7333333333333333, "e2": 0.7450980392156863, "e3": 0.7628865979381443, "e4": 0.7684210526315789}, "Recall_overall": {"e0": 0.7897435897435897, "e1": 0.7794871794871795, "e2": 0.8, "e3": 0.764102564102564, "e4": 0.7743589743589744}, "FPR_ovrall": {"e0": 0.02277777777777778, "e1": 0.02388888888888889, "e2": 0.021666666666666667, "e3": 0.025555555555555557, "e4": 0.024444444444444446}, "Precision_overall": {"e0": 0.7897435897435897, "e1": 0.7794871794871795, "e2": 0.8, "e3": 0.764102564102564, "e4": 0.7743589743589744}, "Flag_rate_ratio": {"e0": 1.2351724137931033, "e1": 1.1608333333333332, "e2": 0.9072058823529412, "e3": 1.005257731958763, "e4": 1.0473684210526317}, "TPR_ratio": {"e0": 1.0270270270270272, "e1": 1.2378787878787878, "e2": 1.0, "e3": 0.9628378378378378, "e4": 1.015068493150685}, "FPR_ratio": {"e0": 2.1538461538461537, "e1": 0.7916666666666666, "e2": 0.5, "e3": 1.0, "e4": 1.0}, "PPR_ratio": {"e0": 0.8708708708708709, "e1": 1.116883116883117, "e2": 1.1544991511035654, "e3": 1.0031715388858247, "e4": 1.015068493150685}, "auroc": {"e0": 0.9838803418803419, "e1": 0.9804102564102565, "e2": 0.9865925925925927, "e3": 0.9773703703703703, "e4": 0.9854957264957265}}, "parameter_0.1": {"parameter": 0.1, "Flag_rate_A": {"e0": 0.085, "e1": 0.089, "e2": 0.083, "e3": 0.104, "e4": 0.094}, "Recall_A": {"e0": 0.65, "e1": 0.77, "e2": 0.72, "e3": 0.84, "e4": 0.75}, "FPR_A": {"e0": 0.022222222222222223, "e1": 0.013333333333333334, "e2": 0.012222222222222223, "e3": 0.022222222222222223, "e4": 0.021111111111111112}, "Precision_A": {"e0": 0.7647058823529411, "e1": 0.8651685393258427, "e2": 0.8674698795180723, "e3": 0.8076923076923077, "e4": 0.7978723404255319}, "Flag_rate_B": {"e0": 0.10606060606060606, "e1": 0.10202020202020202, "e2": 0.10808080808080808, "e3": 0.08686868686868687, "e4": 0.09696969696969697}, "Recall_B": {"e0": 0.8777777777777778, "e1": 0.7666666666666667, "e2": 0.9222222222222223, "e3": 0.7666666666666667, "e4": 0.7777777777777778}, "FPR_B": {"e0": 0.028888888888888888, "e1": 0.035555555555555556, "e2": 0.02666666666666667, "e3": 0.01888888888888889, "e4": 0.028888888888888888}, "Precision_B": {"e0": 0.7523809523809524, "e1": 0.6831683168316832, "e2": 0.7757009345794392, "e3": 0.8023255813953488, "e4": 0.7291666666666666}, "Recall_overall": {"e0": 0.7578947368421053, "e1": 0.7684210526315789, "e2": 0.8157894736842105, "e3": 0.8052631578947368, "e4": 0.7631578947368421}, "FPR_ovrall": {"e0": 0.025555555555555557, "e1": 0.024444444444444446, "e2": 0.019444444444444445, "e3": 0.020555555555555556, "e4": 0.025}, "Precision_overall": {"e0": 0.7578947368421053, "e1": 0.7684210526315789, "e2": 0.8157894736842105, "e3": 0.8052631578947368, "e4": 0.7631578947368421}, "Flag_rate_ratio": {"e0": 0.8014285714285715, "e1": 0.8723762376237623, "e2": 0.7679439252336449, "e3": 1.1972093023255812, "e4": 0.969375}, "TPR_ratio": {"e0": 0.7405063291139241, "e1": 1.0043478260869565, "e2": 0.780722891566265, "e3": 1.0956521739130434, "e4": 0.9642857142857143}, "FPR_ratio": {"e0": 0.7692307692307693, "e1": 0.375, "e2": 0.4583333333333333, "e3": 1.1764705882352942, "e4": 0.7307692307692308}, "PPR_ratio": {"e0": 1.0163812360387192, "e1": 1.266406122781306, "e2": 1.1183045434751053, "e3": 1.0066889632107023, "e4": 1.094224924012158}, "auroc": {"e0": 0.9808654970760234, "e1": 0.9837222222222223, "e2": 0.9886081871345029, "e3": 0.9858304093567252, "e4": 0.9842982456140351}}, "parameter_0.2": {"parameter": 0.2, "Flag_rate_A": {"e0": 0.095, "e1": 0.101, "e2": 0.093, "e3": 0.093, "e4": 0.091}, "Recall_A": {"e0": 0.81, "e1": 0.84, "e2": 0.77, "e3": 0.73, "e4": 0.72}, "FPR_A": {"e0": 0.015555555555555555, "e1": 0.01888888888888889, "e2": 0.017777777777777778, "e3": 0.022222222222222223, "e4": 0.021111111111111112}, "Precision_A": {"e0": 0.8526315789473684, "e1": 0.8316831683168316, "e2": 0.8279569892473119, "e3": 0.7849462365591398, "e4": 0.7912087912087912}, "Flag_rate_B": {"e0": 0.08673469387755102, "e1": 0.08061224489795918, "e2": 0.08877551020408163, "e3": 0.08877551020408163, "e4": 0.09081632653061225}, "Recall_B": {"e0": 0.8375, "e1": 0.7375, "e2": 0.775, "e3": 0.7875, "e4": 0.825}, "FPR_B": {"e0": 0.02, "e1": 0.022222222222222223, "e2": 0.027777777777777776, "e3": 0.02666666666666667, "e4": 0.025555555555555557}, "Precision_B": {"e0": 0.788235294117647, "e1": 0.7468354430379747, "e2": 0.7126436781609196, "e3": 0.7241379310344828, "e4": 0.7415730337078652},