{"0.01-0.01": {"roc": 0.9881516798068045, "flag_rate": [0.106, 0.08333333333333333], "flag_rate_ratio": 1.272, "TPR": [0.92, 0.6607142857142857], "TPR whole": 0.8269230769230769, "TPR ratio": 1.3924324324324324, "FPR": [0.015555555555555555, 0.02389705882352941], "FPR whole": 0.018698060941828253, "FPR ratio": 0.650940170940171, "PPR": [0.8679245283018868, 0.74], "PPR whole": 0.8269230769230769, "PPR ratio": 1.1728709841917389}, "0.01-0.2": {"roc": 0.9857900063924995, "flag_rate": [0.097, 0.09833333333333333], "flag_rate_ratio": 0.9864406779661018, "TPR": [0.77, 0.7857142857142857], "TPR whole": 0.7756410256410257, "TPR ratio": 0.9800000000000001, "FPR": [0.022222222222222223, 0.027573529411764705], "FPR whole": 0.024238227146814405, "FPR ratio": 0.8059259259259259, "PPR": [0.7938144329896907, 0.7457627118644068], "PPR whole": 0.7756410256410257, "PPR ratio": 1.0644329896907216}, "0.01-0.5": {"roc": 0.9872771503657931, "flag_rate": [0.097, 0.09833333333333333], "flag_rate_ratio": 0.9864406779661018, "TPR": [0.79, 0.7857142857142857], "TPR whole": 0.7884615384615384, "TPR ratio": 1.0054545454545456, "FPR": [0.02, 0.027573529411764705], "FPR whole": 0.022853185595567867, "FPR ratio": 0.7253333333333334, "PPR": [0.8144329896907216, 0.7457627118644068], "PPR whole": 0.7884615384615384, "PPR ratio": 1.0920805998125585}, "0.01-0.8": {"roc": 0.984786739114994, "flag_rate": [0.097, 0.09833333333333333], "flag_rate_ratio": 0.9864406779661018, "TPR": [0.76, 0.7857142857142857], "TPR whole": 0.7692307692307693, "TPR ratio": 0.9672727272727273, "FPR": [0.023333333333333334, 0.027573529411764705], "FPR whole": 0.024930747922437674, "FPR ratio": 0.8462222222222223, "PPR": [0.7835051546391752, 0.7457627118644068], "PPR whole": 0.7692307692307693, "PPR ratio": 1.0506091846298031}, "0.05-0.01": {"roc": 0.9852129057461467, "flag_rate": [0.104, 0.08666666666666667], "flag_rate_ratio": 1.2, "TPR": [0.9, 0.6607142857142857], "TPR whole": 0.8141025641025641, "TPR ratio": 1.3621621621621622, "FPR": [0.015555555555555555, 0.027573529411764705], "FPR whole": 0.02008310249307479, "FPR ratio": 0.5641481481481482, "PPR": [0.8653846153846154, 0.7115384615384616], "PPR whole": 0.8141025641025641, "PPR ratio": 1.2162162162162162}, "0.05-0.2": {"roc": 0.985501456069323, "flag_rate": [0.096, 0.1], "flag_rate_ratio": 0.96, "TPR": [0.76, 0.7857142857142857], "TPR whole": 0.7692307692307693, "TPR ratio": 0.9672727272727273, "FPR": [0.022222222222222223, 0.029411764705882353], "FPR whole": 0.024930747922437674, "FPR ratio": 0.7555555555555556, "PPR": [0.7916666666666666, 0.7333333333333333], "PPR whole": 0.7692307692307693, "PPR ratio": 1.0795454545454546}, "0.05-0.5": {"roc": 0.9860252858867817, "flag_rate": [0.097, 0.09833333333333333], "flag_rate_ratio": 0.9864406779661018, "TPR": [0.78, 0.7857142857142857], "TPR whole": 0.782051282051282, "TPR ratio": 0.9927272727272728, "FPR": [0.021111111111111112, 0.027573529411764705], "FPR whole": 0.023545706371191136, "FPR ratio": 0.7656296296296297, "PPR": [0.8041237113402062, 0.7457627118644068], "PPR whole": 0.782051282051282, "PPR ratio": 1.0782567947516402}, "0.05-0.8": {"roc": 0.9849953831948292, "flag_rate": [0.096, 0.1], "flag_rate_ratio": 0.96, "TPR": [0.76, 0.7857142857142857], "TPR whole": 0.7692307692307693, "TPR ratio": 0.9672727272727273, "FPR": [0.022222222222222223, 0.029411764705882353], "FPR whole": 0.024930747922437674, "FPR ratio": 0.7555555555555556, "PPR": [0.7916666666666666, 0.7333333333333333], "PPR whole": 0.7692307692307693, "PPR ratio": 1.0795454545454546}, "0.2-0.01": {"roc": 0.9869131330350167, "flag_rate": [0.105, 0.085], "flag_rate_ratio": 1.2352941176470587, "TPR": [0.92, 0.6607142857142857], "TPR whole": 0.8269230769230769, "TPR ratio": 1.3924324324324324, "FPR": [0.014444444444444444, 0.025735294117647058], "FPR whole": 0.018698060941828253, "FPR ratio": 0.5612698412698413, "PPR": [0.8761904761904762, 0.7254901960784313], "PPR whole": 0.8269230769230769, "PPR ratio": 1.2077220077220077}, "0.2-0.2": {"roc": 0.9847689821720294, "flag_rate": [0.096, 0.1], "flag_rate_ratio": 0.96, "TPR": [0.75, 0.8035714285714286], "TPR whole": 0.7692307692307693, "TPR ratio": 0.9333333333333333, "FPR": [0.023333333333333334, 0.027573529411764705], "FPR whole": 0.024930747922437674, "FPR ratio": 0.8462222222222223, "PPR": [0.78125, 0.75], "PPR whole": 0.7692307692307693, "PPR ratio": 1.0416666666666667}, "0.2-0.5": {"roc": 0.9863093969742169, "flag_rate": [0.095, 0.10166666666666667], "flag_rate_ratio": 0.9344262295081968, "TPR": [0.77, 0.8214285714285714], "TPR whole": 0.7884615384615384, "TPR ratio": 0.9373913043478261, "FPR": [0.02, 0.027573529411764705], "FPR whole": 0.022853185595567867, "FPR ratio": 0.7253333333333334, "PPR": [0.8105263157894737, 0.7540983606557377], "PPR whole": 0.7884615384615384, "PPR ratio": 1.0748283752860412}, "0.2-0.8": {"roc": 0.9849598693088997, "flag_rate": [0.098, 0.09666666666666666], "flag_rate_ratio": 1.013793103448276, "TPR": [0.78, 0.7678571428571429], "TPR whole": 0.7756410256410257, "TPR ratio": 1.0158139534883721, "FPR": [0.022222222222222223, 0.027573529411764705], "FPR whole": 0.024238227146814405, "FPR ratio": 0.8059259259259259, "PPR": [0.7959183673469388, 0.7413793103448276], "PPR whole": 0.7756410256410257, "PPR ratio": 1.073564309444708}, "0.5-0.01": {"roc": 0.9879474749627104, "flag_rate": [0.104, 0.08666666666666667], "flag_rate_ratio": 1.2, "TPR": [0.9, 0.6964285714285714], "TPR whole": 0.8269230769230769, "TPR ratio": 1.2923076923076924, "FPR": [0.015555555555555555, 0.02389705882352941], "FPR whole": 0.018698060941828253, "FPR ratio": 0.650940170940171, "PPR": [0.8653846153846154, 0.75], "PPR whole": 0.8269230769230769, "PPR ratio": 1.153846153846154}, "0.5-0.2": {"roc": 0.9857544925065701, "flag_rate": [0.097, 0.09833333333333333], "flag_rate_ratio": 0.9864406779661018, "TPR": [0.77, 0.7857142857142857], "TPR whole": 0.7756410256410257, "TPR ratio": 0.9800000000000001, "FPR": [0.022222222222222223, 0.027573529411764705], "FPR whole": 0.024238227146814405, "FPR ratio": 0.8059259259259259, "PPR": [0.7938144329896907, 0.7457627118644068], "PPR whole": 0.7756410256410257, "PPR ratio": 1.0644329896907216}, "0.5-0.5": {"roc": 0.985825520278429, "flag_rate": [0.097, 0.09833333333333333], "flag_rate_ratio": 0.9864406779661018, "TPR": [0.76, 0.8035714285714286], "TPR whole": 0.7756410256410257, "TPR ratio": 0.9457777777777777, "FPR": [0.023333333333333334, 0.025735294117647058], "FPR whole": 0.024238227146814405, "FPR ratio": 0.9066666666666667, "PPR": [0.7835051546391752, 0.7627118644067796], "PPR whole": 0.7756410256410257, "PPR ratio": 1.0272623138602521}, "0.5-0.8": {"roc": 0.9866734143049933, "flag_rate": [0.096, 0.1], "flag_rate_ratio": 0.96, "TPR": [0.77, 0.8035714285714286], "TPR whole": 0.782051282051282, "TPR ratio": 0.9582222222222222, "FPR": [0.021111111111111112, 0.027573529411764705], "FPR whole": 0.023545706371191136, "FPR ratio": 0.7656296296296297, "PPR": [0.8020833333333334, 0.75], "PPR whole": 0.782051282051282, "PPR ratio": 1.0694444444444444}, "0.8-0.01": {"roc": 0.9874236451452518, "flag_rate": [0.1, 0.09333333333333334], "flag_rate_ratio": 1.0714285714285714, "TPR": [0.83, 0.75], "TPR whole": 0.8012820512820513, "TPR ratio": 1.1066666666666667, "FPR": [0.01888888888888889, 0.025735294117647058], "FPR whole": 0.02146814404432133, "FPR ratio": 0.733968253968254, "PPR": [0.83, 0.75], "PPR whole": 0.8012820512820513, "PPR ratio": 1.1066666666666667}, "0.8-0.2": {"roc": 0.9865047233468287, "flag_rate": [0.095, 0.10166666666666667], "flag_rate_ratio": 0.9344262295081968, "TPR": [0.76, 0.8214285714285714], "TPR whole": 0.782051282051282, "TPR ratio": 0.9252173913043479, "FPR": [0.021111111111111112, 0.027573529411764705], "FPR whole": 0.023545706371191136, "FPR ratio": 0.7656296296296297, "PPR": [0.8, 0.7540983606557377], "PPR whole": 0.782051282051282, "PPR ratio": 1.0608695652173914}, "0.8-0.5": {"roc": 0.9872105618296755, "flag_rate": [0.095, 0.10166666666666667],