{"0.01-0.01": {"roc": 0.9949259503537594, "flag_rate": [0.109, 0.075], "flag_rate_ratio": 1.4533333333333334, "TPR": [0.98, 0.5833333333333334], "TPR whole": 0.9032258064516129, "TPR ratio": 1.68, "FPR": [0.012222222222222223, 0.005681818181818182], "FPR whole": 0.011152416356877323, "FPR ratio": 2.151111111111111, "PPR": [0.8990825688073395, 0.9333333333333333], "PPR whole": 0.9032258064516129, "PPR ratio": 0.963302752293578}, "0.01-0.2": {"roc": 0.988315445497062, "flag_rate": [0.108, 0.08], "flag_rate_ratio": 1.3499999999999999, "TPR": [0.95, 0.5416666666666666], "TPR whole": 0.8709677419354839, "TPR ratio": 1.7538461538461538, "FPR": [0.014444444444444444, 0.017045454545454544], "FPR whole": 0.01486988847583643, "FPR ratio": 0.8474074074074074, "PPR": [0.8796296296296297, 0.8125], "PPR whole": 0.8709677419354839, "PPR ratio": 1.0826210826210827}, "0.01-0.5": {"roc": 0.9877308430267417, "flag_rate": [0.111, 0.065], "flag_rate_ratio": 1.7076923076923076, "TPR": [0.95, 0.4166666666666667], "TPR whole": 0.8467741935483871, "TPR ratio": 2.28, "FPR": [0.017777777777777778, 0.017045454545454544], "FPR whole": 0.017657992565055763, "FPR ratio": 1.042962962962963, "PPR": [0.8558558558558559, 0.7692307692307693], "PPR whole": 0.8467741935483871, "PPR ratio": 1.1126126126126126}, "0.01-0.8": {"roc": 0.9773578966302914, "flag_rate": [0.111, 0.065], "flag_rate_ratio": 1.7076923076923076, "TPR": [0.91, 0.375], "TPR whole": 0.8064516129032258, "TPR ratio": 2.4266666666666667, "FPR": [0.022222222222222223, 0.022727272727272728], "FPR whole": 0.022304832713754646, "FPR ratio": 0.9777777777777777, "PPR": [0.8198198198198198, 0.6923076923076923], "PPR whole": 0.8064516129032258, "PPR ratio": 1.1841841841841843}, "0.05-0.01": {"roc": 0.9919354838709677, "flag_rate": [0.118, 0.03], "flag_rate_ratio": 3.933333333333333, "TPR": [0.94, 0.25], "TPR whole": 0.8064516129032258, "TPR ratio": 3.76, "FPR": [0.02666666666666667, 0.0], "FPR whole": 0.022304832713754646, "FPR ratio": 2.6666666666666667e-07, "PPR": [0.7966101694915254, 1.0], "PPR whole": 0.8064516129032258, "PPR ratio": 0.7966101694915254}, "0.05-0.2": {"roc": 0.9935094135987528, "flag_rate": [0.109, 0.075], "flag_rate_ratio": 1.4533333333333334, "TPR": [0.96, 0.5833333333333334], "TPR whole": 0.8870967741935484, "TPR ratio": 1.6457142857142855, "FPR": [0.014444444444444444, 0.005681818181818182], "FPR whole": 0.013011152416356878, "FPR ratio": 2.542222222222222, "PPR": [0.8807339449541285, 0.9333333333333333], "PPR whole": 0.8870967741935484, "PPR ratio": 0.943643512450852}, "0.05-0.5": {"roc": 0.9865991126034297, "flag_rate": [0.108, 0.08], "flag_rate_ratio": 1.3499999999999999, "TPR": [0.89, 0.5416666666666666], "TPR whole": 0.8225806451612904, "TPR ratio": 1.6430769230769233, "FPR": [0.021111111111111112, 0.017045454545454544], "FPR whole": 0.020446096654275093, "FPR ratio": 1.2385185185185186, "PPR": [0.8240740740740741, 0.8125], "PPR whole": 0.8225806451612904, "PPR ratio": 1.0142450142450143}, "0.05-0.8": {"roc": 0.9913958508214414, "flag_rate": [0.108, 0.08], "flag_rate_ratio": 1.3499999999999999, "TPR": [0.93, 0.5833333333333334], "TPR whole": 0.8629032258064516, "TPR ratio": 1.5942857142857143, "FPR": [0.016666666666666666, 0.011363636363636364], "FPR whole": 0.015799256505576207, "FPR ratio": 1.4666666666666666, "PPR": [0.8611111111111112, 0.875], "PPR whole": 0.8629032258064516, "PPR ratio": 0.9841269841269842}, "0.2-0.01": {"roc": 0.9879856697445737, "flag_rate": [0.116, 0.04], "flag_rate_ratio": 2.9, "TPR": [0.97, 0.25], "TPR whole": 0.8306451612903226, "TPR ratio": 3.88, "FPR": [0.021111111111111112, 0.011363636363636364], "FPR whole": 0.019516728624535316, "FPR ratio": 1.8577777777777778, "PPR": [0.8362068965517241, 0.75], "PPR whole": 0.8306451612903226, "PPR ratio": 1.114942528735632}, "0.2-0.2": {"roc": 0.9867490106727426, "flag_rate": [0.109, 0.075], "flag_rate_ratio": 1.4533333333333334, "TPR": [0.87, 0.5833333333333334], "TPR whole": 0.8145161290322581, "TPR ratio": 1.4914285714285713, "FPR": [0.024444444444444446, 0.005681818181818182], "FPR whole": 0.02137546468401487, "FPR ratio": 4.302222222222222, "PPR": [0.7981651376146789, 0.9333333333333333], "PPR whole": 0.8145161290322581, "PPR ratio": 0.8551769331585846}, "0.2-0.5": {"roc": 0.9900542631010913, "flag_rate": [0.109, 0.075], "flag_rate_ratio": 1.4533333333333334, "TPR": [0.95, 0.5], "TPR whole": 0.8629032258064516, "TPR ratio": 1.9, "FPR": [0.015555555555555555, 0.017045454545454544], "FPR whole": 0.015799256505576207, "FPR ratio": 0.9125925925925926, "PPR": [0.8715596330275229, 0.8], "PPR whole": 0.8629032258064516, "PPR ratio": 1.0894495412844036}, "0.2-0.8": {"roc": 0.9909536515169685, "flag_rate": [0.109, 0.075], "flag_rate_ratio": 1.4533333333333334, "TPR": [0.92, 0.625], "TPR whole": 0.8629032258064516, "TPR ratio": 1.472, "FPR": [0.01888888888888889, 0.0], "FPR whole": 0.015799256505576207, "FPR ratio": 1.888888888888889e-07, "PPR": [0.8440366972477065, 1.0], "PPR whole": 0.8629032258064516, "PPR ratio": 0.8440366972477065}, "0.5-0.01": {"roc": 0.9938616740616381, "flag_rate": [0.107, 0.085], "flag_rate_ratio": 1.2588235294117647, "TPR": [0.97, 0.5833333333333334], "TPR whole": 0.8951612903225806, "TPR ratio": 1.6628571428571428, "FPR": [0.011111111111111112, 0.017045454545454544], "FPR whole": 0.012081784386617101, "FPR ratio": 0.6518518518518519, "PPR": [0.9065420560747663, 0.8235294117647058], "PPR whole": 0.8951612903225806, "PPR ratio": 1.1008010680907878}, "0.5-0.2": {"roc": 0.9836761002518288, "flag_rate": [0.109, 0.075], "flag_rate_ratio": 1.4533333333333334, "TPR": [0.91, 0.5], "TPR whole": 0.8306451612903226, "TPR ratio": 1.82, "FPR": [0.02, 0.017045454545454544], "FPR whole": 0.019516728624535316, "FPR ratio": 1.1733333333333333, "PPR": [0.8348623853211009, 0.8], "PPR whole": 0.8306451612903226, "PPR ratio": 1.0435779816513762}, "0.5-0.5": {"roc": 0.9818923132270057, "flag_rate": [0.104, 0.1], "flag_rate_ratio": 1.0399999999999998, "TPR": [0.83, 0.625], "TPR whole": 0.7903225806451613, "TPR ratio": 1.3279999999999998, "FPR": [0.023333333333333334, 0.028409090909090908], "FPR whole": 0.024163568773234202, "FPR ratio": 0.8213333333333334, "PPR": [0.7980769230769231, 0.75], "PPR whole": 0.7903225806451613, "PPR ratio": 1.064102564102564}, "0.5-0.8": {"roc": 0.9902116560738697, "flag_rate": [0.099, 0.125], "flag_rate_ratio": 0.792, "TPR": [0.86, 0.75], "TPR whole": 0.8387096774193549, "TPR ratio": 1.1466666666666667, "FPR": [0.014444444444444444, 0.03977272727272727], "FPR whole": 0.01858736059479554, "FPR ratio": 0.36317460317460315, "PPR": [0.8686868686868687, 0.72], "PPR whole": 0.8387096774193549, "PPR ratio": 1.2065095398428733}, "0.8-0.01": {"roc": 0.9936967861853939, "flag_rate": [0.107, 0.085], "flag_rate_ratio": 1.2588235294117647, "TPR": [0.99, 0.5], "TPR whole": 0.8951612903225806, "TPR ratio": 1.98, "FPR": [0.008888888888888889, 0.028409090909090908], "FPR whole": 0.012081784386617101, "FPR ratio": 0.3128888888888889, "PPR": [0.9252336448598131, 0.7058823529411765], "PPR whole": 0.8951612903225806, "PPR ratio": 1.3107476635514017}, "0.8-0.2": {"roc": 0.9921978054922653, "flag_rate": [0.108, 0.08], "flag_rate_ratio": 1.3499999999999999, "TPR": [0.94, 0.5833333333333334], "TPR whole": 0.8709677419354839, "TPR ratio": 1.6114285714285712, "FPR": [0.015555555555555555, 0.011363636363636364], "FPR whole": 0.01486988847583643, "FPR ratio": 1.3688888888888888, "PPR": [0.8703703703703703, 0.875], "PPR whole": 0.8709677419354839, "PPR ratio": 0.9947089947089947}, "0.8-0.5": {"roc": 0.9890724307470921, "flag_rate": [0.106, 0.09], "flag_rate_ratio": 1.1777777777777778, "TPR": [0.9, 0.5833333333333334], "TPR whole": 0.8387096774193549, "TPR ratio": 1.5428571428571427, "FPR": [0.017777777777777778, 0.022727272727272728], "FPR whole": 0.01858736059479554, "FPR ratio": 0.7822222222222222, "PPR": [0.8490566037735849, 0.7777777777777778], "PPR whole": 0.8387096774193549, "PPR ratio": 1.091644204851752},