{"0.01-0.01": {"roc": 0.9819608938547486, "flag_rate": [0.095, 0.10606060606060606], "flag_rate_ratio": 0.8957142857142857, "TPR": [0.78, 0.81], "TPR whole": 0.795, "TPR ratio": 0.9629629629629629, "FPR": [0.01888888888888889, 0.02696629213483146], "FPR whole": 0.022905027932960894, "FPR ratio": 0.700462962962963, "PPR": [0.8210526315789474, 0.7714285714285715], "PPR whole": 0.795, "PPR ratio": 1.064327485380117}, "0.01-0.2": {"roc": 0.9789553072625699, "flag_rate": [0.098, 0.10303030303030303], "flag_rate_ratio": 0.9511764705882354, "TPR": [0.79, 0.81], "TPR whole": 0.8, "TPR ratio": 0.9753086419753086, "FPR": [0.021111111111111112, 0.02359550561797753], "FPR whole": 0.0223463687150838, "FPR ratio": 0.8947089947089947, "PPR": [0.8061224489795918, 0.7941176470588235], "PPR whole": 0.8, "PPR ratio": 1.0151171579743008}, "0.01-0.5": {"roc": 0.9699636871508379, "flag_rate": [0.101, 0.1], "flag_rate_ratio": 1.01, "TPR": [0.78, 0.74], "TPR whole": 0.76, "TPR ratio": 1.0540540540540542, "FPR": [0.025555555555555557, 0.028089887640449437], "FPR whole": 0.026815642458100558, "FPR ratio": 0.9097777777777779, "PPR": [0.7722772277227723, 0.7474747474747475], "PPR whole": 0.76, "PPR ratio": 1.0331816965480332}, "0.01-0.8": {"roc": 0.9719832402234636, "flag_rate": [0.099, 0.10202020202020202], "flag_rate_ratio": 0.9703960396039604, "TPR": [0.77, 0.76], "TPR whole": 0.765, "TPR ratio": 1.013157894736842, "FPR": [0.024444444444444446, 0.028089887640449437], "FPR whole": 0.026256983240223464, "FPR ratio": 0.8702222222222223, "PPR": [0.7777777777777778, 0.7524752475247525], "PPR whole": 0.765, "PPR ratio": 1.0336257309941521}, "0.05-0.01": {"roc": 0.9753351955307262, "flag_rate": [0.098, 0.10303030303030303], "flag_rate_ratio": 0.9511764705882354, "TPR": [0.78, 0.78], "TPR whole": 0.78, "TPR ratio": 1.0, "FPR": [0.022222222222222223, 0.02696629213483146], "FPR whole": 0.024581005586592177, "FPR ratio": 0.8240740740740741, "PPR": [0.7959183673469388, 0.7647058823529411], "PPR whole": 0.78, "PPR ratio": 1.0408163265306123}, "0.05-0.2": {"roc": 0.9769581005586592, "flag_rate": [0.099, 0.10202020202020202], "flag_rate_ratio": 0.9703960396039604, "TPR": [0.79, 0.78], "TPR whole": 0.785, "TPR ratio": 1.0128205128205128, "FPR": [0.022222222222222223, 0.025842696629213482], "FPR whole": 0.024022346368715083, "FPR ratio": 0.8599033816425121, "PPR": [0.797979797979798, 0.7722772277227723], "PPR whole": 0.785, "PPR ratio": 1.0332815332815333}, "0.05-0.5": {"roc": 0.972296089385475, "flag_rate": [0.101, 0.1], "flag_rate_ratio": 1.01, "TPR": [0.79, 0.76], "TPR whole": 0.775, "TPR ratio": 1.0394736842105263, "FPR": [0.024444444444444446, 0.025842696629213482], "FPR whole": 0.025139664804469275, "FPR ratio": 0.9458937198067634, "PPR": [0.7821782178217822, 0.7676767676767676], "PPR whole": 0.775, "PPR ratio": 1.0188900468994269}, "0.05-0.8": {"roc": 0.9760502793296089, "flag_rate": [0.1, 0.10101010101010101], "flag_rate_ratio": 0.9900000000000001, "TPR": [0.79, 0.78], "TPR whole": 0.785, "TPR ratio": 1.0128205128205128, "FPR": [0.023333333333333334, 0.024719101123595506], "FPR whole": 0.024022346368715083, "FPR ratio": 0.943939393939394, "PPR": [0.79, 0.78], "PPR whole": 0.785, "PPR ratio": 1.0128205128205128}, "0.2-0.01": {"roc": 0.9755893854748603, "flag_rate": [0.1, 0.10101010101010101], "flag_rate_ratio": 0.9900000000000001, "TPR": [0.79, 0.77], "TPR whole": 0.78, "TPR ratio": 1.025974025974026, "FPR": [0.023333333333333334, 0.025842696629213482], "FPR whole": 0.024581005586592177, "FPR ratio": 0.9028985507246378, "PPR": [0.79, 0.77], "PPR whole": 0.78, "PPR ratio": 1.025974025974026}, "0.2-0.2": {"roc": 0.9708603351955307, "flag_rate": [0.098, 0.10303030303030303], "flag_rate_ratio": 0.9511764705882354, "TPR": [0.77, 0.76], "TPR whole": 0.765, "TPR ratio": 1.013157894736842, "FPR": [0.023333333333333334, 0.029213483146067417], "FPR whole": 0.026256983240223464, "FPR ratio": 0.7987179487179488, "PPR": [0.7857142857142857, 0.7450980392156863], "PPR whole": 0.765, "PPR ratio": 1.0545112781954886}, "0.2-0.5": {"roc": 0.9797932960893854, "flag_rate": [0.099, 0.10202020202020202], "flag_rate_ratio": 0.9703960396039604, "TPR": [0.79, 0.78], "TPR whole": 0.785, "TPR ratio": 1.0128205128205128, "FPR": [0.022222222222222223, 0.025842696629213482], "FPR whole": 0.024022346368715083, "FPR ratio": 0.8599033816425121, "PPR": [0.797979797979798, 0.7722772277227723], "PPR whole": 0.785, "PPR ratio": 1.0332815332815333}, "0.2-0.8": {"roc": 0.9764050279329609, "flag_rate": [0.1, 0.10101010101010101], "flag_rate_ratio": 0.9900000000000001, "TPR": [0.78, 0.78], "TPR whole": 0.78, "TPR ratio": 1.0, "FPR": [0.024444444444444446, 0.024719101123595506], "FPR whole": 0.024581005586592177, "FPR ratio": 0.9888888888888889, "PPR": [0.78, 0.78], "PPR whole": 0.78, "PPR ratio": 1.0}, "0.5-0.01": {"roc": 0.9806117318435754, "flag_rate": [0.098, 0.10303030303030303], "flag_rate_ratio": 0.9511764705882354, "TPR": [0.79, 0.8], "TPR whole": 0.795, "TPR ratio": 0.9875, "FPR": [0.021111111111111112, 0.024719101123595506], "FPR whole": 0.022905027932960894, "FPR ratio": 0.854040404040404, "PPR": [0.8061224489795918, 0.7843137254901961], "PPR whole": 0.795, "PPR ratio": 1.0278061224489796}, "0.5-0.2": {"roc": 0.9787039106145251, "flag_rate": [0.098, 0.10303030303030303], "flag_rate_ratio": 0.9511764705882354, "TPR": [0.79, 0.79], "TPR whole": 0.79, "TPR ratio": 1.0, "FPR": [0.021111111111111112, 0.025842696629213482], "FPR whole": 0.02346368715083799, "FPR ratio": 0.8169082125603866, "PPR": [0.8061224489795918, 0.7745098039215687], "PPR whole": 0.79, "PPR ratio": 1.0408163265306123}, "0.5-0.5": {"roc": 0.9745391061452513, "flag_rate": [0.103, 0.09797979797979799], "flag_rate_ratio": 1.0512371134020617, "TPR": [0.8, 0.76], "TPR whole": 0.78, "TPR ratio": 1.0526315789473684, "FPR": [0.025555555555555557, 0.02359550561797753], "FPR whole": 0.024581005586592177, "FPR ratio": 1.083068783068783, "PPR": [0.7766990291262136, 0.7835051546391752], "PPR whole": 0.78, "PPR ratio": 0.9913132345426673}, "0.5-0.8": {"roc": 0.9724078212290501, "flag_rate": [0.1, 0.10101010101010101], "flag_rate_ratio": 0.9900000000000001, "TPR": [0.78, 0.75], "TPR whole": 0.765, "TPR ratio": 1.04, "FPR": [0.024444444444444446, 0.028089887640449437], "FPR whole": 0.026256983240223464, "FPR ratio": 0.8702222222222223, "PPR": [0.78, 0.75], "PPR whole": 0.765, "PPR ratio": 1.04}, "0.8-0.01": {"roc": 0.9704553072625699, "flag_rate": [0.099, 0.10202020202020202], "flag_rate_ratio": 0.9703960396039604, "TPR": [0.78, 0.77], "TPR whole": 0.775, "TPR ratio": 1.012987012987013, "FPR": [0.023333333333333334, 0.02696629213483146], "FPR whole": 0.025139664804469275, "FPR ratio": 0.8652777777777778, "PPR": [0.7878787878787878, 0.7623762376237624], "PPR whole": 0.775, "PPR ratio": 1.0334513970877606}, "0.8-0.2": {"roc": 0.9795251396648044, "flag_rate": [0.1, 0.10101010101010101], "flag_rate_ratio": 0.9900000000000001, "TPR": [0.8, 0.79], "TPR whole": 0.795, "TPR ratio": 1.0126582278481013, "FPR": [0.022222222222222223, 0.02359550561797753], "FPR whole": 0.022905027932960894, "FPR ratio": 0.9417989417989417, "PPR": [0.8, 0.79], "PPR whole": 0.795, "PPR ratio": 1.0126582278481013}, "0.8-0.5": {"roc": 0.9685558659217878, "flag_rate": [0.1, 0.10101010101010101], "flag_rate_ratio": 0.9900000000000001, "TPR": [0.77, 0.74], "TPR whole": 0.755, "TPR ratio": 1.0405405405405406, "FPR": [0.025555555555555557, 0.029213483146067417], "FPR whole": 0.027374301675977653, "FPR ratio": 0.8747863247863248, "PPR": [0.77, 0.74], "PPR whole": 0.755, "PPR ratio": 1.0405405405405406}, "0.8-0.8": {"roc": 0.9797486033519552, "flag_rate": [0.102, 0.09898989898989899], "flag_rate_ratio": 1.0304081632653062, "TPR": [0.82, 0.78], "TPR whole": 0.8, "TPR ratio": 1.051282051282051, "FPR": [0.022222222222222223, 0.02247191011235955], "FPR whole": 0.0223463687150838, "FPR ratio": 0.9888888888888889, "PPR": [0.803921568627451, 0.7959183673469388], "PPR whole": 0.8,