{"0.01-0.01": {"roc": 0.9843333669612073, "flag_rate": [0.098, 0.0875], "flag_rate_ratio": 1.12, "TPR": [0.78, 0.696969696969697], "TPR whole": 0.7593984962406015, "TPR ratio": 1.1191304347826088, "FPR": [0.022222222222222223, 0.0326975476839237], "FPR whole": 0.025256511444356748, "FPR ratio": 0.6796296296296297, "PPR": [0.7959183673469388, 0.6571428571428571], "PPR whole": 0.7593984962406015, "PPR ratio": 1.2111801242236024}, "0.01-0.2": {"roc": 0.9615455370865997, "flag_rate": [0.089, 0.11], "flag_rate_ratio": 0.8090909090909091, "TPR": [0.59, 0.7878787878787878], "TPR whole": 0.6390977443609023, "TPR ratio": 0.7488461538461538, "FPR": [0.03333333333333333, 0.04904632152588556], "FPR whole": 0.037884767166535126, "FPR ratio": 0.6796296296296296, "PPR": [0.6629213483146067, 0.5909090909090909], "PPR whole": 0.6390977443609023, "PPR ratio": 1.1218668971477959}, "0.01-0.5": {"roc": 0.9572194100088421, "flag_rate": [0.086, 0.1175], "flag_rate_ratio": 0.7319148936170212, "TPR": [0.54, 0.7878787878787878], "TPR whole": 0.6015037593984962, "TPR ratio": 0.6853846153846155, "FPR": [0.035555555555555556, 0.05722070844686648], "FPR whole": 0.041831097079715863, "FPR ratio": 0.6213756613756614, "PPR": [0.627906976744186, 0.5531914893617021], "PPR whole": 0.6015037593984962, "PPR ratio": 1.135062611806798}, "0.01-0.8": {"roc": 0.9368171810742325, "flag_rate": [0.087, 0.115], "flag_rate_ratio": 0.7565217391304347, "TPR": [0.46, 0.7272727272727273], "TPR whole": 0.5263157894736842, "TPR ratio": 0.6325000000000001, "FPR": [0.04555555555555556, 0.05994550408719346], "FPR whole": 0.049723756906077346, "FPR ratio": 0.759949494949495, "PPR": [0.5287356321839081, 0.5217391304347826], "PPR whole": 0.5263157894736842, "PPR ratio": 1.0134099616858239}, "0.05-0.01": {"roc": 0.98730646664016, "flag_rate": [0.1, 0.0825], "flag_rate_ratio": 1.2121212121212122, "TPR": [0.83, 0.6666666666666666], "TPR whole": 0.7894736842105263, "TPR ratio": 1.245, "FPR": [0.01888888888888889, 0.02997275204359673], "FPR whole": 0.022099447513812154, "FPR ratio": 0.6302020202020202, "PPR": [0.83, 0.6666666666666666], "PPR whole": 0.7894736842105263, "PPR ratio": 1.245}, "0.05-0.2": {"roc": 0.9611004622843613, "flag_rate": [0.088, 0.1125], "flag_rate_ratio": 0.7822222222222222, "TPR": [0.57, 0.7575757575757576], "TPR whole": 0.6165413533834586, "TPR ratio": 0.7524, "FPR": [0.034444444444444444, 0.05449591280653951], "FPR whole": 0.04025256511444357, "FPR ratio": 0.6320555555555556, "PPR": [0.6477272727272727, 0.5555555555555556], "PPR whole": 0.6165413533834586, "PPR ratio": 1.1659090909090908}, "0.05-0.5": {"roc": 0.9594803900042134, "flag_rate": [0.09, 0.1075], "flag_rate_ratio": 0.8372093023255813, "TPR": [0.56, 0.7575757575757576], "TPR whole": 0.6090225563909775, "TPR ratio": 0.7392000000000001, "FPR": [0.03777777777777778, 0.04904632152588556], "FPR whole": 0.04104183109707971, "FPR ratio": 0.7702469135802469, "PPR": [0.6222222222222222, 0.5813953488372093], "PPR whole": 0.6090225563909775, "PPR ratio": 1.0702222222222222}, "0.05-0.8": {"roc": 0.9620440208651067, "flag_rate": [0.088, 0.1125], "flag_rate_ratio": 0.7822222222222222, "TPR": [0.58, 0.7575757575757576], "TPR whole": 0.6240601503759399, "TPR ratio": 0.7656, "FPR": [0.03333333333333333, 0.05449591280653951], "FPR whole": 0.03946329913180742, "FPR ratio": 0.6116666666666667, "PPR": [0.6590909090909091, 0.5555555555555556], "PPR whole": 0.6240601503759399, "PPR ratio": 1.1863636363636363}, "0.2-0.01": {"roc": 0.9882381565595124, "flag_rate": [0.102, 0.0775], "flag_rate_ratio": 1.3161290322580645, "TPR": [0.86, 0.6363636363636364], "TPR whole": 0.8045112781954887, "TPR ratio": 1.3514285714285714, "FPR": [0.017777777777777778, 0.027247956403269755], "FPR whole": 0.020520915548539857, "FPR ratio": 0.6524444444444445, "PPR": [0.8431372549019608, 0.6774193548387096], "PPR whole": 0.8045112781954887, "PPR ratio": 1.2446311858076564}, "0.2-0.2": {"roc": 0.9583350641797865, "flag_rate": [0.092, 0.1025], "flag_rate_ratio": 0.8975609756097561, "TPR": [0.56, 0.7575757575757576], "TPR whole": 0.6090225563909775, "TPR ratio": 0.7392000000000001, "FPR": [0.04, 0.043596730245231606], "FPR whole": 0.04104183109707971, "FPR ratio": 0.9175000000000001, "PPR": [0.6086956521739131, 0.6097560975609756], "PPR whole": 0.6090225563909775, "PPR ratio": 0.9982608695652174}, "0.2-0.5": {"roc": 0.9564716843410817, "flag_rate": [0.085, 0.12], "flag_rate_ratio": 0.7083333333333334, "TPR": [0.51, 0.8484848484848485], "TPR whole": 0.5939849624060151, "TPR ratio": 0.6010714285714286, "FPR": [0.03777777777777778, 0.05449591280653951], "FPR whole": 0.042620363062352014, "FPR ratio": 0.6932222222222222, "PPR": [0.6, 0.5833333333333334], "PPR whole": 0.5939849624060151, "PPR ratio": 1.0285714285714285}, "0.2-0.8": {"roc": 0.9550118389897395, "flag_rate": [0.087, 0.115], "flag_rate_ratio": 0.7565217391304347, "TPR": [0.55, 0.7878787878787878], "TPR whole": 0.6090225563909775, "TPR ratio": 0.6980769230769232, "FPR": [0.035555555555555556, 0.05449591280653951], "FPR whole": 0.04104183109707971, "FPR ratio": 0.6524444444444445, "PPR": [0.632183908045977, 0.5652173913043478], "PPR whole": 0.6090225563909775, "PPR ratio": 1.118479221927498}, "0.5-0.01": {"roc": 0.9843452356226003, "flag_rate": [0.097, 0.09], "flag_rate_ratio": 1.077777777777778, "TPR": [0.78, 0.7272727272727273], "TPR whole": 0.7669172932330827, "TPR ratio": 1.0725, "FPR": [0.021111111111111112, 0.0326975476839237], "FPR whole": 0.0244672454617206, "FPR ratio": 0.6456481481481482, "PPR": [0.8041237113402062, 0.6666666666666666], "PPR whole": 0.7669172932330827, "PPR ratio": 1.2061855670103094}, "0.5-0.2": {"roc": 0.9635157348778418, "flag_rate": [0.091, 0.105], "flag_rate_ratio": 0.8666666666666667, "TPR": [0.57, 0.7878787878787878], "TPR whole": 0.6240601503759399, "TPR ratio": 0.7234615384615384, "FPR": [0.03777777777777778, 0.043596730245231606], "FPR whole": 0.03946329913180742, "FPR ratio": 0.8665277777777778, "PPR": [0.6263736263736264, 0.6190476190476191], "PPR whole": 0.6240601503759399, "PPR ratio": 1.0118343195266273}, "0.5-0.5": {"roc": 0.9584062761481447, "flag_rate": [0.086, 0.1175], "flag_rate_ratio": 0.7319148936170212, "TPR": [0.55, 0.7575757575757576], "TPR whole": 0.6015037593984962, "TPR ratio": 0.7260000000000001, "FPR": [0.034444444444444444, 0.05994550408719346], "FPR whole": 0.041831097079715863, "FPR ratio": 0.5745959595959597, "PPR": [0.6395348837209303, 0.5319148936170213], "PPR whole": 0.6015037593984962, "PPR ratio": 1.2023255813953488}, "0.5-0.8": {"roc": 0.9626018479505788, "flag_rate": [0.086, 0.1175], "flag_rate_ratio": 0.7319148936170212, "TPR": [0.55, 0.8484848484848485], "TPR whole": 0.6240601503759399, "TPR ratio": 0.6482142857142857, "FPR": [0.034444444444444444, 0.051771117166212535], "FPR whole": 0.03946329913180742, "FPR ratio": 0.6653216374269005, "PPR": [0.6395348837209303, 0.5957446808510638], "PPR whole": 0.6240601503759399, "PPR ratio": 1.0735049833887045}, "0.8-0.01": {"roc": 0.9752004320192746, "flag_rate": [0.094, 0.0975], "flag_rate_ratio": 0.9641025641025641, "TPR": [0.71, 0.7272727272727273], "TPR whole": 0.7142857142857143, "TPR ratio": 0.97625, "FPR": [0.025555555555555557, 0.04087193460490463], "FPR whole": 0.02999210734017364, "FPR ratio": 0.6252592592592593, "PPR": [0.7553191489361702, 0.6153846153846154], "PPR whole": 0.7142857142857143, "PPR ratio": 1.2273936170212767}, "0.8-0.2": {"roc": 0.966749945107441, "flag_rate": [0.09, 0.1075], "flag_rate_ratio": 0.8372093023255813, "TPR": [0.59, 0.7878787878787878], "TPR whole": 0.6390977443609023, "TPR ratio": 0.7488461538461538, "FPR": [0.034444444444444444, 0.04632152588555858], "FPR whole": 0.037884767166535126, "FPR ratio": 0.7435947712418302, "PPR": [0.6555555555555556, 0.6046511627906976], "PPR whole": 0.6390977443609023, "PPR ratio": 1.0841880341880343}, "0.8-0.5": {"roc": 0.9538902504880986, "flag_rate": [0.086, 0.1175], "flag_rate_ratio": 0.7319148936170212, "TPR": [0.51, 0.7878787878787878],