{"0.01-0.01": {"roc": 0.9900619966931236, "flag_rate": [0.101, 0.10105263157894737], "flag_rate_ratio": 0.9994791666666668, "TPR": [0.85, 0.8041237113402062], "TPR whole": 0.8274111675126904, "TPR ratio": 1.057051282051282, "FPR": [0.017777777777777778, 0.021101992966002344], "FPR whole": 0.01939532230462065, "FPR ratio": 0.8424691358024692, "PPR": [0.8415841584158416, 0.8125], "PPR whole": 0.8274111675126904, "PPR ratio": 1.0357958872810358}, "0.01-0.2": {"roc": 0.9883158964617581, "flag_rate": [0.096, 0.10631578947368421], "flag_rate_ratio": 0.902970297029703, "TPR": [0.8, 0.8144329896907216], "TPR whole": 0.8071065989847716, "TPR ratio": 0.9822784810126582, "FPR": [0.017777777777777778, 0.02579132473622509], "FPR whole": 0.02167712492869367, "FPR ratio": 0.6892929292929293, "PPR": [0.8333333333333334, 0.7821782178217822], "PPR whole": 0.8071065989847716, "PPR ratio": 1.0654008438818565}, "0.01-0.5": {"roc": 0.9875137907170015, "flag_rate": [0.099, 0.1031578947368421], "flag_rate_ratio": 0.9596938775510205, "TPR": [0.79, 0.7938144329896907], "TPR whole": 0.7918781725888325, "TPR ratio": 0.9951948051948053, "FPR": [0.022222222222222223, 0.0246189917936694], "FPR whole": 0.02338847689674843, "FPR ratio": 0.9026455026455027, "PPR": [0.797979797979798, 0.7857142857142857], "PPR whole": 0.7918781725888325, "PPR ratio": 1.0156106519742885}, "0.01-0.8": {"roc": 0.9869549228154202, "flag_rate": [0.096, 0.10631578947368421], "flag_rate_ratio": 0.902970297029703, "TPR": [0.77, 0.8144329896907216], "TPR whole": 0.7918781725888325, "TPR ratio": 0.9454430379746835, "FPR": [0.021111111111111112, 0.02579132473622509], "FPR whole": 0.02338847689674843, "FPR ratio": 0.8185353535353536, "PPR": [0.8020833333333334, 0.7821782178217822], "PPR whole": 0.7918781725888325, "PPR ratio": 1.025448312236287}, "0.05-0.01": {"roc": 0.9876788449677275, "flag_rate": [0.101, 0.10105263157894737], "flag_rate_ratio": 0.9994791666666668, "TPR": [0.82, 0.7731958762886598], "TPR whole": 0.7969543147208121, "TPR ratio": 1.0605333333333333, "FPR": [0.021111111111111112, 0.0246189917936694], "FPR whole": 0.022818026240730177, "FPR ratio": 0.8575132275132276, "PPR": [0.8118811881188119, 0.78125], "PPR whole": 0.7969543147208121, "PPR ratio": 1.0392079207920792}, "0.05-0.2": {"roc": 0.9860196153946389, "flag_rate": [0.094, 0.10842105263157895], "flag_rate_ratio": 0.8669902912621359, "TPR": [0.73, 0.8247422680412371], "TPR whole": 0.7766497461928934, "TPR ratio": 0.885125, "FPR": [0.023333333333333334, 0.026963657678780773], "FPR whole": 0.025099828864803195, "FPR ratio": 0.8653623188405798, "PPR": [0.776595744680851, 0.7766990291262136], "PPR whole": 0.7766497461928934, "PPR ratio": 0.9998670212765957}, "0.05-0.5": {"roc": 0.9879886836489151, "flag_rate": [0.096, 0.10631578947368421], "flag_rate_ratio": 0.902970297029703, "TPR": [0.78, 0.8247422680412371], "TPR whole": 0.8020304568527918, "TPR ratio": 0.9457500000000001, "FPR": [0.02, 0.0246189917936694], "FPR whole": 0.022247575584711923, "FPR ratio": 0.8123809523809524, "PPR": [0.8125, 0.7920792079207921], "PPR whole": 0.8020304568527918, "PPR ratio": 1.0257812499999999}, "0.05-0.8": {"roc": 0.9860283024604666, "flag_rate": [0.094, 0.10842105263157895], "flag_rate_ratio": 0.8669902912621359, "TPR": [0.75, 0.8247422680412371], "TPR whole": 0.7868020304568528, "TPR ratio": 0.909375, "FPR": [0.021111111111111112, 0.026963657678780773], "FPR whole": 0.023958927552766685, "FPR ratio": 0.7829468599033816, "PPR": [0.7978723404255319, 0.7766990291262136], "PPR whole": 0.7868020304568528, "PPR ratio": 1.0272606382978724}, "0.2-0.01": {"roc": 0.9864597600632419, "flag_rate": [0.102, 0.1], "flag_rate_ratio": 1.0199999999999998, "TPR": [0.86, 0.7422680412371134], "TPR whole": 0.8020304568527918, "TPR ratio": 1.158611111111111, "FPR": [0.017777777777777778, 0.026963657678780773], "FPR whole": 0.022247575584711923, "FPR ratio": 0.6593236714975845, "PPR": [0.8431372549019608, 0.7578947368421053], "PPR whole": 0.8020304568527918, "PPR ratio": 1.1124727668845316}, "0.2-0.2": {"roc": 0.9837812480997044, "flag_rate": [0.094, 0.10842105263157895], "flag_rate_ratio": 0.8669902912621359, "TPR": [0.72, 0.8041237113402062], "TPR whole": 0.7614213197969543, "TPR ratio": 0.8953846153846153, "FPR": [0.024444444444444446, 0.029308323563892145], "FPR whole": 0.026811180832857957, "FPR ratio": 0.8340444444444445, "PPR": [0.7659574468085106, 0.7572815533980582], "PPR whole": 0.7614213197969543, "PPR ratio": 1.011456628477905}, "0.2-0.5": {"roc": 0.9859993455743743, "flag_rate": [0.097, 0.10526315789473684], "flag_rate_ratio": 0.9215000000000001, "TPR": [0.77, 0.8144329896907216], "TPR whole": 0.7918781725888325, "TPR ratio": 0.9454430379746835, "FPR": [0.022222222222222223, 0.0246189917936694], "FPR whole": 0.02338847689674843, "FPR ratio": 0.9026455026455027, "PPR": [0.7938144329896907, 0.79], "PPR whole": 0.7918781725888325, "PPR ratio": 1.0048283961894817}, "0.2-0.8": {"roc": 0.9858487697666943, "flag_rate": [0.1, 0.10210526315789474], "flag_rate_ratio": 0.9793814432989691, "TPR": [0.78, 0.7731958762886598], "TPR whole": 0.7766497461928934, "TPR ratio": 1.0088, "FPR": [0.024444444444444446, 0.02579132473622509], "FPR whole": 0.025099828864803195, "FPR ratio": 0.9477777777777778, "PPR": [0.78, 0.7731958762886598], "PPR whole": 0.7766497461928934, "PPR ratio": 1.0088}, "0.5-0.01": {"roc": 0.9863844721594018, "flag_rate": [0.098, 0.10421052631578948], "flag_rate_ratio": 0.9404040404040405, "TPR": [0.78, 0.7731958762886598], "TPR whole": 0.7766497461928934, "TPR ratio": 1.0088, "FPR": [0.022222222222222223, 0.02813599062133646], "FPR whole": 0.025099828864803195, "FPR ratio": 0.7898148148148147, "PPR": [0.7959183673469388, 0.7575757575757576], "PPR whole": 0.7766497461928934, "PPR ratio": 1.0506122448979591}, "0.5-0.2": {"roc": 0.9868217211393955, "flag_rate": [0.093, 0.10947368421052632], "flag_rate_ratio": 0.8495192307692307, "TPR": [0.73, 0.8247422680412371], "TPR whole": 0.7766497461928934, "TPR ratio": 0.885125, "FPR": [0.022222222222222223, 0.02813599062133646], "FPR whole": 0.025099828864803195, "FPR ratio": 0.7898148148148147, "PPR": [0.7849462365591398, 0.7692307692307693], "PPR whole": 0.7766497461928934, "PPR ratio": 1.0204301075268816}, "0.5-0.5": {"roc": 0.988063971552755, "flag_rate": [0.098, 0.10421052631578948], "flag_rate_ratio": 0.9404040404040405, "TPR": [0.81, 0.8041237113402062], "TPR whole": 0.8071065989847716, "TPR ratio": 1.0073076923076922, "FPR": [0.01888888888888889, 0.0246189917936694], "FPR whole": 0.02167712492869367, "FPR ratio": 0.7672486772486773, "PPR": [0.826530612244898, 0.7878787878787878], "PPR whole": 0.8071065989847716, "PPR ratio": 1.0490580847723705}, "0.5-0.8": {"roc": 0.9879539353856044, "flag_rate": [0.1, 0.10210526315789474], "flag_rate_ratio": 0.9793814432989691, "TPR": [0.82, 0.7835051546391752], "TPR whole": 0.8020304568527918, "TPR ratio": 1.046578947368421, "FPR": [0.02, 0.0246189917936694], "FPR whole": 0.022247575584711923, "FPR ratio": 0.8123809523809524, "PPR": [0.82, 0.7835051546391752], "PPR whole": 0.8020304568527918, "PPR ratio": 1.046578947368421}, "0.8-0.01": {"roc": 0.9854983914449775, "flag_rate": [0.098, 0.10421052631578948], "flag_rate_ratio": 0.9404040404040405, "TPR": [0.8, 0.7835051546391752], "TPR whole": 0.7918781725888325, "TPR ratio": 1.0210526315789474, "FPR": [0.02, 0.026963657678780773], "FPR whole": 0.02338847689674843, "FPR ratio": 0.7417391304347827, "PPR": [0.8163265306122449, 0.7676767676767676], "PPR whole": 0.7918781725888325, "PPR ratio": 1.0633727175080558}, "0.8-0.2": {"roc": 0.9863786807821834, "flag_rate": [0.092, 0.11052631578947368], "flag_rate_ratio": 0.8323809523809524, "TPR": [0.74, 0.8247422680412371], "TPR whole": 0.7817258883248731, "TPR ratio": 0.89725, "FPR": [0.02, 0.029308323563892145], "FPR whole": 0.02452937820878494, "FPR ratio": 0.6824, "PPR": [0.8043478260869565, 0.7619047619047619], "PPR whole": 0.7817258883248731, "PPR ratio": 1.0557065217391306},