{"0.01-0.01": {"roc": 0.9664805555555556, "flag_rate": [0.078, 0.122], "flag_rate_ratio": 0.639344262295082, "TPR": [0.7, 0.68], "TPR whole": 0.69, "TPR ratio": 1.0294117647058822, "FPR": [0.008888888888888889, 0.06], "FPR whole": 0.034444444444444444, "FPR ratio": 0.14814814814814814, "PPR": [0.8974358974358975, 0.5573770491803278], "PPR whole": 0.69, "PPR ratio": 1.6101055806938163}, "0.01-0.2": {"roc": 0.9607027777777778, "flag_rate": [0.077, 0.123], "flag_rate_ratio": 0.6260162601626016, "TPR": [0.67, 0.65], "TPR whole": 0.66, "TPR ratio": 1.0307692307692309, "FPR": [0.011111111111111112, 0.06444444444444444], "FPR whole": 0.03777777777777778, "FPR ratio": 0.1724137931034483, "PPR": [0.8701298701298701, 0.5284552845528455], "PPR whole": 0.66, "PPR ratio": 1.6465534465534466}, "0.01-0.5": {"roc": 0.9606888888888888, "flag_rate": [0.074, 0.126], "flag_rate_ratio": 0.5873015873015872, "TPR": [0.67, 0.66], "TPR whole": 0.665, "TPR ratio": 1.0151515151515151, "FPR": [0.0077777777777777776, 0.06666666666666667], "FPR whole": 0.03722222222222222, "FPR ratio": 0.11666666666666667, "PPR": [0.9054054054054054, 0.5238095238095238], "PPR whole": 0.665, "PPR ratio": 1.7285012285012284}, "0.01-0.8": {"roc": 0.9626555555555556, "flag_rate": [0.077, 0.123], "flag_rate_ratio": 0.6260162601626016, "TPR": [0.67, 0.68], "TPR whole": 0.675, "TPR ratio": 0.9852941176470588, "FPR": [0.011111111111111112, 0.06111111111111111], "FPR whole": 0.03611111111111111, "FPR ratio": 0.18181818181818182, "PPR": [0.8701298701298701, 0.5528455284552846], "PPR whole": 0.675, "PPR ratio": 1.573911382734912}, "0.05-0.01": {"roc": 0.9665972222222221, "flag_rate": [0.079, 0.121], "flag_rate_ratio": 0.6528925619834711, "TPR": [0.72, 0.68], "TPR whole": 0.7, "TPR ratio": 1.0588235294117645, "FPR": [0.0077777777777777776, 0.058888888888888886], "FPR whole": 0.03333333333333333, "FPR ratio": 0.1320754716981132, "PPR": [0.9113924050632911, 0.5619834710743802], "PPR whole": 0.7, "PPR ratio": 1.6217423678332092}, "0.05-0.2": {"roc": 0.9676916666666667, "flag_rate": [0.076, 0.124], "flag_rate_ratio": 0.6129032258064516, "TPR": [0.68, 0.71], "TPR whole": 0.695, "TPR ratio": 0.9577464788732396, "FPR": [0.008888888888888889, 0.058888888888888886], "FPR whole": 0.03388888888888889, "FPR ratio": 0.1509433962264151, "PPR": [0.8947368421052632, 0.5725806451612904], "PPR whole": 0.695, "PPR ratio": 1.5626389918458117}, "0.05-0.5": {"roc": 0.9604944444444445, "flag_rate": [0.077, 0.123], "flag_rate_ratio": 0.6260162601626016, "TPR": [0.67, 0.66], "TPR whole": 0.665, "TPR ratio": 1.0151515151515151, "FPR": [0.011111111111111112, 0.06333333333333334], "FPR whole": 0.03722222222222222, "FPR ratio": 0.17543859649122806, "PPR": [0.8701298701298701, 0.5365853658536586], "PPR whole": 0.665, "PPR ratio": 1.6216056670602124}, "0.05-0.8": {"roc": 0.9675944444444444, "flag_rate": [0.076, 0.124], "flag_rate_ratio": 0.6129032258064516, "TPR": [0.68, 0.7], "TPR whole": 0.69, "TPR ratio": 0.9714285714285715, "FPR": [0.008888888888888889, 0.06], "FPR whole": 0.034444444444444444, "FPR ratio": 0.14814814814814814, "PPR": [0.8947368421052632, 0.5645161290322581], "PPR whole": 0.69, "PPR ratio": 1.5849624060150374}, "0.2-0.01": {"roc": 0.9697111111111111, "flag_rate": [0.08, 0.12], "flag_rate_ratio": 0.6666666666666667, "TPR": [0.73, 0.69], "TPR whole": 0.71, "TPR ratio": 1.0579710144927537, "FPR": [0.0077777777777777776, 0.056666666666666664], "FPR whole": 0.03222222222222222, "FPR ratio": 0.13725490196078433, "PPR": [0.9125, 0.575], "PPR whole": 0.71, "PPR ratio": 1.5869565217391306}, "0.2-0.2": {"roc": 0.9705583333333333, "flag_rate": [0.079, 0.121], "flag_rate_ratio": 0.6528925619834711, "TPR": [0.72, 0.72], "TPR whole": 0.72, "TPR ratio": 1.0, "FPR": [0.0077777777777777776, 0.05444444444444444], "FPR whole": 0.03111111111111111, "FPR ratio": 0.14285714285714285, "PPR": [0.9113924050632911, 0.5950413223140496], "PPR whole": 0.72, "PPR ratio": 1.5316455696202531}, "0.2-0.5": {"roc": 0.9584305555555556, "flag_rate": [0.075, 0.125], "flag_rate_ratio": 0.6, "TPR": [0.66, 0.65], "TPR whole": 0.655, "TPR ratio": 1.0153846153846153, "FPR": [0.01, 0.06666666666666667], "FPR whole": 0.03833333333333333, "FPR ratio": 0.15, "PPR": [0.88, 0.52], "PPR whole": 0.655, "PPR ratio": 1.6923076923076923}, "0.2-0.8": {"roc": 0.966338888888889, "flag_rate": [0.074, 0.126], "flag_rate_ratio": 0.5873015873015872, "TPR": [0.67, 0.71], "TPR whole": 0.69, "TPR ratio": 0.943661971830986, "FPR": [0.0077777777777777776, 0.06111111111111111], "FPR whole": 0.034444444444444444, "FPR ratio": 0.12727272727272726, "PPR": [0.9054054054054054, 0.5634920634920635], "PPR whole": 0.69, "PPR ratio": 1.6067757898743813}, "0.5-0.01": {"roc": 0.9617805555555556, "flag_rate": [0.077, 0.123], "flag_rate_ratio": 0.6260162601626016, "TPR": [0.69, 0.65], "TPR whole": 0.67, "TPR ratio": 1.0615384615384613, "FPR": [0.008888888888888889, 0.06444444444444444], "FPR whole": 0.03666666666666667, "FPR ratio": 0.13793103448275862, "PPR": [0.8961038961038961, 0.5284552845528455], "PPR whole": 0.67, "PPR ratio": 1.6957042957042956}, "0.5-0.2": {"roc": 0.968575, "flag_rate": [0.075, 0.125], "flag_rate_ratio": 0.6, "TPR": [0.68, 0.72], "TPR whole": 0.7, "TPR ratio": 0.9444444444444445, "FPR": [0.0077777777777777776, 0.058888888888888886], "FPR whole": 0.03333333333333333, "FPR ratio": 0.1320754716981132, "PPR": [0.9066666666666666, 0.576], "PPR whole": 0.7, "PPR ratio": 1.5740740740740742}, "0.5-0.5": {"roc": 0.9673416666666665, "flag_rate": [0.078, 0.122], "flag_rate_ratio": 0.639344262295082, "TPR": [0.7, 0.69], "TPR whole": 0.695, "TPR ratio": 1.0144927536231885, "FPR": [0.008888888888888889, 0.058888888888888886], "FPR whole": 0.03388888888888889, "FPR ratio": 0.1509433962264151, "PPR": [0.8974358974358975, 0.5655737704918032], "PPR whole": 0.695, "PPR ratio": 1.5867707172055}, "0.5-0.8": {"roc": 0.9639, "flag_rate": [0.069, 0.131], "flag_rate_ratio": 0.5267175572519084, "TPR": [0.61, 0.75], "TPR whole": 0.68, "TPR ratio": 0.8133333333333334, "FPR": [0.008888888888888889, 0.06222222222222222], "FPR whole": 0.035555555555555556, "FPR ratio": 0.14285714285714285, "PPR": [0.8840579710144928, 0.5725190839694656], "PPR whole": 0.68, "PPR ratio": 1.5441545893719808}, "0.8-0.01": {"roc": 0.9587361111111111, "flag_rate": [0.075, 0.125], "flag_rate_ratio": 0.6, "TPR": [0.67, 0.65], "TPR whole": 0.66, "TPR ratio": 1.0307692307692309, "FPR": [0.008888888888888889, 0.06666666666666667], "FPR whole": 0.03777777777777778, "FPR ratio": 0.13333333333333333, "PPR": [0.8933333333333333, 0.52], "PPR whole": 0.66, "PPR ratio": 1.7179487179487178}, "0.8-0.2": {"roc": 0.9661722222222222, "flag_rate": [0.074, 0.126], "flag_rate_ratio": 0.5873015873015872, "TPR": [0.67, 0.69], "TPR whole": 0.68, "TPR ratio": 0.9710144927536233, "FPR": [0.0077777777777777776, 0.06333333333333334], "FPR whole": 0.035555555555555556, "FPR ratio": 0.12280701754385963, "PPR": [0.9054054054054054, 0.5476190476190477], "PPR whole": 0.68, "PPR ratio": 1.653349001175088}, "0.8-0.5": {"roc": 0.9607722222222222, "flag_rate": [0.062, 0.138], "flag_rate_ratio": 0.4492753623188405, "TPR": [0.56, 0.75], "TPR whole": 0.655, "TPR ratio": 0.7466666666666667, "FPR": [0.006666666666666667, 0.07], "FPR whole": 0.03833333333333333, "FPR ratio": 0.09523809523809523, "PPR": [0.9032258064516129, 0.5434782608695652], "PPR whole": 0.655, "PPR ratio": 1.6619354838709677}, "0.8-0.8": {"roc": 0.9654611111111111, "flag_rate": [0.064, 0.136], "flag_rate_ratio": 0.47058823529411764, "TPR": [0.59, 0.75], "TPR whole": 0.67, "TPR ratio": 0.7866666666666666, "FPR": [0.005555555555555556, 0.06777777777777778], "FPR whole": 0.03666666666666667, "FPR ratio": 0.08196721311475409, "PPR": [0.921875, 0.5514705882352942], "PPR whole": 0.67, "PPR ratio": 1.6716666666666666}}