{"0.01-0.01": {"roc": 0.8221055555555555, "flag_rate": [0.033, 0.167], "flag_rate_ratio": 0.19760479041916168, "TPR": [0.07, 0.79], "TPR whole": 0.43, "TPR ratio": 0.08860759493670886, "FPR": [0.028888888888888888, 0.09777777777777778], "FPR whole": 0.06333333333333334, "FPR ratio": 0.2954545454545454, "PPR": [0.21212121212121213, 0.47305389221556887], "PPR whole": 0.43, "PPR ratio": 0.44840813195243573}, "0.01-0.2": {"roc": 0.8228527777777778, "flag_rate": [0.031, 0.169], "flag_rate_ratio": 0.1834319526627219, "TPR": [0.07, 0.78], "TPR whole": 0.425, "TPR ratio": 0.08974358974358974, "FPR": [0.02666666666666667, 0.10111111111111111], "FPR whole": 0.06388888888888888, "FPR ratio": 0.26373626373626374, "PPR": [0.22580645161290322, 0.46153846153846156], "PPR whole": 0.425, "PPR ratio": 0.48924731182795694}, "0.01-0.5": {"roc": 0.8186638888888887, "flag_rate": [0.035, 0.165], "flag_rate_ratio": 0.21212121212121213, "TPR": [0.07, 0.79], "TPR whole": 0.43, "TPR ratio": 0.08860759493670886, "FPR": [0.03111111111111111, 0.09555555555555556], "FPR whole": 0.06333333333333334, "FPR ratio": 0.3255813953488372, "PPR": [0.2, 0.47878787878787876], "PPR whole": 0.43, "PPR ratio": 0.41772151898734183}, "0.01-0.8": {"roc": 0.8407083333333333, "flag_rate": [0.034, 0.166], "flag_rate_ratio": 0.20481927710843373, "TPR": [0.09, 0.75], "TPR whole": 0.42, "TPR ratio": 0.12, "FPR": [0.027777777777777776, 0.10111111111111111], "FPR whole": 0.06444444444444444, "FPR ratio": 0.2747252747252747, "PPR": [0.2647058823529412, 0.45180722891566266], "PPR whole": 0.42, "PPR ratio": 0.5858823529411764}, "0.05-0.01": {"roc": 0.8300222222222222, "flag_rate": [0.039, 0.161], "flag_rate_ratio": 0.24223602484472048, "TPR": [0.09, 0.75], "TPR whole": 0.42, "TPR ratio": 0.12, "FPR": [0.03333333333333333, 0.09555555555555556], "FPR whole": 0.06444444444444444, "FPR ratio": 0.34883720930232553, "PPR": [0.23076923076923078, 0.4658385093167702], "PPR whole": 0.42, "PPR ratio": 0.4953846153846154}, "0.05-0.2": {"roc": 0.8263138888888888, "flag_rate": [0.03, 0.17], "flag_rate_ratio": 0.1764705882352941, "TPR": [0.08, 0.79], "TPR whole": 0.435, "TPR ratio": 0.10126582278481013, "FPR": [0.024444444444444446, 0.10111111111111111], "FPR whole": 0.06277777777777778, "FPR ratio": 0.2417582417582418, "PPR": [0.26666666666666666, 0.4647058823529412], "PPR whole": 0.435, "PPR ratio": 0.5738396624472574}, "0.05-0.5": {"roc": 0.8301527777777777, "flag_rate": [0.042, 0.158], "flag_rate_ratio": 0.2658227848101266, "TPR": [0.09, 0.69], "TPR whole": 0.39, "TPR ratio": 0.13043478260869565, "FPR": [0.03666666666666667, 0.09888888888888889], "FPR whole": 0.06777777777777778, "FPR ratio": 0.3707865168539326, "PPR": [0.21428571428571427, 0.43670886075949367], "PPR whole": 0.39, "PPR ratio": 0.4906832298136646}, "0.05-0.8": {"roc": 0.8194305555555554, "flag_rate": [0.037, 0.163], "flag_rate_ratio": 0.22699386503067484, "TPR": [0.07, 0.72], "TPR whole": 0.395, "TPR ratio": 0.09722222222222224, "FPR": [0.03333333333333333, 0.10111111111111111], "FPR whole": 0.06722222222222222, "FPR ratio": 0.32967032967032966, "PPR": [0.1891891891891892, 0.44171779141104295], "PPR whole": 0.395, "PPR ratio": 0.42830330330330335}, "0.2-0.01": {"roc": 0.823811111111111, "flag_rate": [0.035, 0.165], "flag_rate_ratio": 0.21212121212121213, "TPR": [0.08, 0.79], "TPR whole": 0.435, "TPR ratio": 0.10126582278481013, "FPR": [0.03, 0.09555555555555556], "FPR whole": 0.06277777777777778, "FPR ratio": 0.31395348837209297, "PPR": [0.22857142857142856, 0.47878787878787876], "PPR whole": 0.435, "PPR ratio": 0.4773960216998192}, "0.2-0.2": {"roc": 0.8249555555555556, "flag_rate": [0.032, 0.168], "flag_rate_ratio": 0.19047619047619047, "TPR": [0.08, 0.77], "TPR whole": 0.425, "TPR ratio": 0.10389610389610389, "FPR": [0.02666666666666667, 0.10111111111111111], "FPR whole": 0.06388888888888888, "FPR ratio": 0.26373626373626374, "PPR": [0.25, 0.4583333333333333], "PPR whole": 0.425, "PPR ratio": 0.5454545454545455}, "0.2-0.5": {"roc": 0.8062027777777777, "flag_rate": [0.036, 0.164], "flag_rate_ratio": 0.2195121951219512, "TPR": [0.06, 0.75], "TPR whole": 0.405, "TPR ratio": 0.08, "FPR": [0.03333333333333333, 0.09888888888888889], "FPR whole": 0.0661111111111111, "FPR ratio": 0.33707865168539325, "PPR": [0.16666666666666666, 0.4573170731707317], "PPR whole": 0.405, "PPR ratio": 0.3644444444444444}, "0.2-0.8": {"roc": 0.835488888888889, "flag_rate": [0.036, 0.164], "flag_rate_ratio": 0.2195121951219512, "TPR": [0.08, 0.76], "TPR whole": 0.42, "TPR ratio": 0.10526315789473684, "FPR": [0.03111111111111111, 0.09777777777777778], "FPR whole": 0.06444444444444444, "FPR ratio": 0.3181818181818182, "PPR": [0.2222222222222222, 0.4634146341463415], "PPR whole": 0.42, "PPR ratio": 0.47953216374269003}, "0.5-0.01": {"roc": 0.8202166666666667, "flag_rate": [0.032, 0.168], "flag_rate_ratio": 0.19047619047619047, "TPR": [0.07, 0.77], "TPR whole": 0.42, "TPR ratio": 0.09090909090909091, "FPR": [0.027777777777777776, 0.10111111111111111], "FPR whole": 0.06444444444444444, "FPR ratio": 0.2747252747252747, "PPR": [0.21875, 0.4583333333333333], "PPR whole": 0.42, "PPR ratio": 0.4772727272727273}, "0.5-0.2": {"roc": 0.8199611111111111, "flag_rate": [0.033, 0.167], "flag_rate_ratio": 0.19760479041916168, "TPR": [0.07, 0.77], "TPR whole": 0.42, "TPR ratio": 0.09090909090909091, "FPR": [0.028888888888888888, 0.1], "FPR whole": 0.06444444444444444, "FPR ratio": 0.28888888888888886, "PPR": [0.21212121212121213, 0.46107784431137727], "PPR whole": 0.42, "PPR ratio": 0.46005509641873277}, "0.5-0.5": {"roc": 0.8314833333333334, "flag_rate": [0.033, 0.167], "flag_rate_ratio": 0.19760479041916168, "TPR": [0.08, 0.77], "TPR whole": 0.425, "TPR ratio": 0.10389610389610389, "FPR": [0.027777777777777776, 0.1], "FPR whole": 0.06388888888888888, "FPR ratio": 0.27777777777777773, "PPR": [0.24242424242424243, 0.46107784431137727], "PPR whole": 0.425, "PPR ratio": 0.5257772530499804}, "0.5-0.8": {"roc": 0.822786111111111, "flag_rate": [0.019, 0.181], "flag_rate_ratio": 0.10497237569060773, "TPR": [0.05, 0.83], "TPR whole": 0.44, "TPR ratio": 0.06024096385542169, "FPR": [0.015555555555555555, 0.10888888888888888], "FPR whole": 0.06222222222222222, "FPR ratio": 0.14285714285714285, "PPR": [0.2631578947368421, 0.4585635359116022], "PPR whole": 0.44, "PPR ratio": 0.5738744451490171}, "0.8-0.01": {"roc": 0.8124333333333333, "flag_rate": [0.038, 0.162], "flag_rate_ratio": 0.2345679012345679, "TPR": [0.07, 0.75], "TPR whole": 0.41, "TPR ratio": 0.09333333333333334, "FPR": [0.034444444444444444, 0.09666666666666666], "FPR whole": 0.06555555555555556, "FPR ratio": 0.3563218390804598, "PPR": [0.18421052631578946, 0.46296296296296297], "PPR whole": 0.41, "PPR ratio": 0.39789473684210525}, "0.8-0.2": {"roc": 0.8429027777777777, "flag_rate": [0.03, 0.17], "flag_rate_ratio": 0.1764705882352941, "TPR": [0.08, 0.77], "TPR whole": 0.425, "TPR ratio": 0.10389610389610389, "FPR": [0.024444444444444446, 0.10333333333333333], "FPR whole": 0.06388888888888888, "FPR ratio": 0.23655913978494625, "PPR": [0.26666666666666666, 0.45294117647058824], "PPR whole": 0.425, "PPR ratio": 0.5887445887445887}, "0.8-0.5": {"roc": 0.8086111111111112, "flag_rate": [0.025, 0.175], "flag_rate_ratio": 0.14285714285714288, "TPR": [0.07, 0.8], "TPR whole": 0.435, "TPR ratio": 0.08750000000000001, "FPR": [0.02, 0.10555555555555556], "FPR whole": 0.06277777777777778, "FPR ratio": 0.18947368421052632, "PPR": [0.28, 0.45714285714285713], "PPR whole": 0.435, "PPR ratio": 0.6125}, "0.8-0.8": {"roc": 0.7887388888888888, "flag_rate": [0.016, 0.184], "flag_rate_ratio": 0.08695652173913043, "TPR": [0.04, 0.9], "TPR whole": 0.47, "TPR ratio": 0.044444444444444446, "FPR": [0.013333333333333334, 0.10444444444444445], "FPR whole": 0.058888888888888886, "FPR ratio": 0.1276595744680851, "PPR": [0.25, 0.4891304347826087], "PPR whole": 0.47, "PPR ratio": 0.5111111111111111}}