{"0.01-0.01": {"roc": 0.9724305555555555, "flag_rate": [0.075, 0.125], "flag_rate_ratio": 0.6, "TPR": [0.63, 0.77], "TPR whole": 0.7, "TPR ratio": 0.8181818181818181, "FPR": [0.013333333333333334, 0.05333333333333334], "FPR whole": 0.03333333333333333, "FPR ratio": 0.25, "PPR": [0.84, 0.616], "PPR whole": 0.7, "PPR ratio": 1.3636363636363635}, "0.01-0.2": {"roc": 0.9650194444444444, "flag_rate": [0.075, 0.125], "flag_rate_ratio": 0.6, "TPR": [0.62, 0.7], "TPR whole": 0.66, "TPR ratio": 0.8857142857142858, "FPR": [0.014444444444444444, 0.06111111111111111], "FPR whole": 0.03777777777777778, "FPR ratio": 0.23636363636363636, "PPR": [0.8266666666666667, 0.56], "PPR whole": 0.66, "PPR ratio": 1.476190476190476}, "0.01-0.5": {"roc": 0.9672555555555555, "flag_rate": [0.075, 0.125], "flag_rate_ratio": 0.6, "TPR": [0.62, 0.7], "TPR whole": 0.66, "TPR ratio": 0.8857142857142858, "FPR": [0.014444444444444444, 0.06111111111111111], "FPR whole": 0.03777777777777778, "FPR ratio": 0.23636363636363636, "PPR": [0.8266666666666667, 0.56], "PPR whole": 0.66, "PPR ratio": 1.476190476190476}, "0.01-0.8": {"roc": 0.9652166666666666, "flag_rate": [0.073, 0.127], "flag_rate_ratio": 0.5748031496062992, "TPR": [0.63, 0.69], "TPR whole": 0.66, "TPR ratio": 0.9130434782608696, "FPR": [0.011111111111111112, 0.06444444444444444], "FPR whole": 0.03777777777777778, "FPR ratio": 0.1724137931034483, "PPR": [0.863013698630137, 0.5433070866141733], "PPR whole": 0.66, "PPR ratio": 1.5884455032757594}, "0.05-0.01": {"roc": 0.9711972222222223, "flag_rate": [0.077, 0.123], "flag_rate_ratio": 0.6260162601626016, "TPR": [0.66, 0.74], "TPR whole": 0.7, "TPR ratio": 0.891891891891892, "FPR": [0.012222222222222223, 0.05444444444444444], "FPR whole": 0.03333333333333333, "FPR ratio": 0.22448979591836737, "PPR": [0.8571428571428571, 0.6016260162601627], "PPR whole": 0.7, "PPR ratio": 1.4247104247104245}, "0.05-0.2": {"roc": 0.9654611111111111, "flag_rate": [0.075, 0.125], "flag_rate_ratio": 0.6, "TPR": [0.62, 0.69], "TPR whole": 0.655, "TPR ratio": 0.8985507246376813, "FPR": [0.014444444444444444, 0.06222222222222222], "FPR whole": 0.03833333333333333, "FPR ratio": 0.23214285714285715, "PPR": [0.8266666666666667, 0.552], "PPR whole": 0.655, "PPR ratio": 1.4975845410628017}, "0.05-0.5": {"roc": 0.9626111111111111, "flag_rate": [0.075, 0.125], "flag_rate_ratio": 0.6, "TPR": [0.62, 0.65], "TPR whole": 0.635, "TPR ratio": 0.9538461538461538, "FPR": [0.014444444444444444, 0.06666666666666667], "FPR whole": 0.04055555555555555, "FPR ratio": 0.21666666666666665, "PPR": [0.8266666666666667, 0.52], "PPR whole": 0.635, "PPR ratio": 1.5897435897435896}, "0.05-0.8": {"roc": 0.9641305555555556, "flag_rate": [0.075, 0.125], "flag_rate_ratio": 0.6, "TPR": [0.62, 0.66], "TPR whole": 0.64, "TPR ratio": 0.9393939393939393, "FPR": [0.014444444444444444, 0.06555555555555556], "FPR whole": 0.04, "FPR ratio": 0.22033898305084743, "PPR": [0.8266666666666667, 0.528], "PPR whole": 0.64, "PPR ratio": 1.5656565656565655}, "0.2-0.01": {"roc": 0.9699416666666667, "flag_rate": [0.078, 0.122], "flag_rate_ratio": 0.639344262295082, "TPR": [0.66, 0.71], "TPR whole": 0.685, "TPR ratio": 0.9295774647887325, "FPR": [0.013333333333333334, 0.056666666666666664], "FPR whole": 0.035, "FPR ratio": 0.23529411764705885, "PPR": [0.8461538461538461, 0.5819672131147541], "PPR whole": 0.685, "PPR ratio": 1.4539544962080173}, "0.2-0.2": {"roc": 0.9674972222222222, "flag_rate": [0.076, 0.124], "flag_rate_ratio": 0.6129032258064516, "TPR": [0.63, 0.7], "TPR whole": 0.665, "TPR ratio": 0.9, "FPR": [0.014444444444444444, 0.06], "FPR whole": 0.03722222222222222, "FPR ratio": 0.24074074074074073, "PPR": [0.8289473684210527, 0.5645161290322581], "PPR whole": 0.665, "PPR ratio": 1.4684210526315788}, "0.2-0.5": {"roc": 0.9644638888888889, "flag_rate": [0.071, 0.129], "flag_rate_ratio": 0.5503875968992248, "TPR": [0.62, 0.7], "TPR whole": 0.66, "TPR ratio": 0.8857142857142858, "FPR": [0.01, 0.06555555555555556], "FPR whole": 0.03777777777777778, "FPR ratio": 0.15254237288135591, "PPR": [0.8732394366197183, 0.5426356589147286], "PPR whole": 0.66, "PPR ratio": 1.6092555331991951}, "0.2-0.8": {"roc": 0.966825, "flag_rate": [0.073, 0.127], "flag_rate_ratio": 0.5748031496062992, "TPR": [0.65, 0.7], "TPR whole": 0.675, "TPR ratio": 0.9285714285714287, "FPR": [0.008888888888888889, 0.06333333333333334], "FPR whole": 0.03611111111111111, "FPR ratio": 0.14035087719298245, "PPR": [0.8904109589041096, 0.5511811023622047], "PPR whole": 0.675, "PPR ratio": 1.6154598825831703}, "0.5-0.01": {"roc": 0.9694138888888888, "flag_rate": [0.076, 0.124], "flag_rate_ratio": 0.6129032258064516, "TPR": [0.66, 0.71], "TPR whole": 0.685, "TPR ratio": 0.9295774647887325, "FPR": [0.011111111111111112, 0.058888888888888886], "FPR whole": 0.035, "FPR ratio": 0.18867924528301888, "PPR": [0.868421052631579, 0.5725806451612904], "PPR whole": 0.685, "PPR ratio": 1.5166790214974055}, "0.5-0.2": {"roc": 0.9676444444444444, "flag_rate": [0.072, 0.128], "flag_rate_ratio": 0.5625, "TPR": [0.65, 0.71], "TPR whole": 0.68, "TPR ratio": 0.915492957746479, "FPR": [0.0077777777777777776, 0.06333333333333334], "FPR whole": 0.035555555555555556, "FPR ratio": 0.12280701754385963, "PPR": [0.9027777777777778, 0.5546875], "PPR whole": 0.68, "PPR ratio": 1.6275430359937402}, "0.5-0.5": {"roc": 0.9640888888888889, "flag_rate": [0.074, 0.126], "flag_rate_ratio": 0.5873015873015872, "TPR": [0.62, 0.67], "TPR whole": 0.645, "TPR ratio": 0.9253731343283581, "FPR": [0.013333333333333334, 0.06555555555555556], "FPR whole": 0.03944444444444444, "FPR ratio": 0.20338983050847456, "PPR": [0.8378378378378378, 0.5317460317460317], "PPR whole": 0.645, "PPR ratio": 1.5756353368293667}, "0.5-0.8": {"roc": 0.9643527777777778, "flag_rate": [0.072, 0.128], "flag_rate_ratio": 0.5625, "TPR": [0.63, 0.68], "TPR whole": 0.655, "TPR ratio": 0.926470588235294, "FPR": [0.01, 0.06666666666666667], "FPR whole": 0.03833333333333333, "FPR ratio": 0.15, "PPR": [0.875, 0.53125], "PPR whole": 0.655, "PPR ratio": 1.6470588235294117}, "0.8-0.01": {"roc": 0.9687527777777778, "flag_rate": [0.071, 0.129], "flag_rate_ratio": 0.5503875968992248, "TPR": [0.62, 0.71], "TPR whole": 0.665, "TPR ratio": 0.8732394366197184, "FPR": [0.01, 0.06444444444444444], "FPR whole": 0.03722222222222222, "FPR ratio": 0.15517241379310345, "PPR": [0.8732394366197183, 0.5503875968992248], "PPR whole": 0.665, "PPR ratio": 1.5865899623090656}, "0.8-0.2": {"roc": 0.9645694444444445, "flag_rate": [0.073, 0.127], "flag_rate_ratio": 0.5748031496062992, "TPR": [0.62, 0.65], "TPR whole": 0.635, "TPR ratio": 0.9538461538461538, "FPR": [0.012222222222222223, 0.06888888888888889], "FPR whole": 0.04055555555555555, "FPR ratio": 0.1774193548387097, "PPR": [0.8493150684931506, 0.5118110236220472], "PPR whole": 0.635, "PPR ratio": 1.659430979978925}, "0.8-0.5": {"roc": 0.966225, "flag_rate": [0.076, 0.124], "flag_rate_ratio": 0.6129032258064516, "TPR": [0.66, 0.65], "TPR whole": 0.655, "TPR ratio": 1.0153846153846153, "FPR": [0.011111111111111112, 0.06555555555555556], "FPR whole": 0.03833333333333333, "FPR ratio": 0.1694915254237288, "PPR": [0.868421052631579, 0.5241935483870968], "PPR whole": 0.655, "PPR ratio": 1.65668016194332}, "0.8-0.8": {"roc": 0.9636361111111112, "flag_rate": [0.078, 0.122], "flag_rate_ratio": 0.639344262295082, "TPR": [0.66, 0.64], "TPR whole": 0.65, "TPR ratio": 1.03125, "FPR": [0.013333333333333334, 0.06444444444444444], "FPR whole": 0.03888888888888889, "FPR ratio": 0.20689655172413796, "PPR": [0.8461538461538461, 0.5245901639344263], "PPR whole": 0.65, "PPR ratio": 1.6129807692307692}}