{"0.01-0.01": {"roc": 0.943863888888889, "flag_rate": [0.099, 0.101], "flag_rate_ratio": 0.9801980198019802, "TPR": [0.65, 0.59], "TPR whole": 0.62, "TPR ratio": 1.1016949152542375, "FPR": [0.03777777777777778, 0.04666666666666667], "FPR whole": 0.042222222222222223, "FPR ratio": 0.8095238095238095, "PPR": [0.6565656565656566, 0.5841584158415841], "PPR whole": 0.62, "PPR ratio": 1.1239513781886663}, "0.01-0.2": {"roc": 0.9412805555555556, "flag_rate": [0.098, 0.102], "flag_rate_ratio": 0.9607843137254903, "TPR": [0.63, 0.59], "TPR whole": 0.61, "TPR ratio": 1.0677966101694916, "FPR": [0.03888888888888889, 0.04777777777777778], "FPR whole": 0.043333333333333335, "FPR ratio": 0.813953488372093, "PPR": [0.6428571428571429, 0.5784313725490197], "PPR whole": 0.61, "PPR ratio": 1.1113801452784504}, "0.01-0.5": {"roc": 0.9419888888888889, "flag_rate": [0.096, 0.104], "flag_rate_ratio": 0.9230769230769231, "TPR": [0.64, 0.59], "TPR whole": 0.615, "TPR ratio": 1.0847457627118644, "FPR": [0.035555555555555556, 0.05], "FPR whole": 0.042777777777777776, "FPR ratio": 0.711111111111111, "PPR": [0.6666666666666666, 0.5673076923076923], "PPR whole": 0.615, "PPR ratio": 1.1751412429378532}, "0.01-0.8": {"roc": 0.9414472222222223, "flag_rate": [0.096, 0.104], "flag_rate_ratio": 0.9230769230769231, "TPR": [0.63, 0.59], "TPR whole": 0.61, "TPR ratio": 1.0677966101694916, "FPR": [0.03666666666666667, 0.05], "FPR whole": 0.043333333333333335, "FPR ratio": 0.7333333333333333, "PPR": [0.65625, 0.5673076923076923], "PPR whole": 0.61, "PPR ratio": 1.1567796610169492}, "0.05-0.01": {"roc": 0.944425, "flag_rate": [0.099, 0.101], "flag_rate_ratio": 0.9801980198019802, "TPR": [0.65, 0.59], "TPR whole": 0.62, "TPR ratio": 1.1016949152542375, "FPR": [0.03777777777777778, 0.04666666666666667], "FPR whole": 0.042222222222222223, "FPR ratio": 0.8095238095238095, "PPR": [0.6565656565656566, 0.5841584158415841], "PPR whole": 0.62, "PPR ratio": 1.1239513781886663}, "0.05-0.2": {"roc": 0.9405, "flag_rate": [0.099, 0.101], "flag_rate_ratio": 0.9801980198019802, "TPR": [0.64, 0.59], "TPR whole": 0.615, "TPR ratio": 1.0847457627118644, "FPR": [0.03888888888888889, 0.04666666666666667], "FPR whole": 0.042777777777777776, "FPR ratio": 0.8333333333333333, "PPR": [0.6464646464646465, 0.5841584158415841], "PPR whole": 0.615, "PPR ratio": 1.1066598185242256}, "0.05-0.5": {"roc": 0.9403999999999999, "flag_rate": [0.098, 0.102], "flag_rate_ratio": 0.9607843137254903, "TPR": [0.63, 0.59], "TPR whole": 0.61, "TPR ratio": 1.0677966101694916, "FPR": [0.03888888888888889, 0.04777777777777778], "FPR whole": 0.043333333333333335, "FPR ratio": 0.813953488372093, "PPR": [0.6428571428571429, 0.5784313725490197], "PPR whole": 0.61, "PPR ratio": 1.1113801452784504}, "0.05-0.8": {"roc": 0.9435527777777778, "flag_rate": [0.097, 0.103], "flag_rate_ratio": 0.941747572815534, "TPR": [0.64, 0.59], "TPR whole": 0.615, "TPR ratio": 1.0847457627118644, "FPR": [0.03666666666666667, 0.04888888888888889], "FPR whole": 0.042777777777777776, "FPR ratio": 0.75, "PPR": [0.6597938144329897, 0.5728155339805825], "PPR whole": 0.615, "PPR ratio": 1.1518434387558973}, "0.2-0.01": {"roc": 0.9448111111111112, "flag_rate": [0.099, 0.101], "flag_rate_ratio": 0.9801980198019802, "TPR": [0.66, 0.59], "TPR whole": 0.625, "TPR ratio": 1.1186440677966103, "FPR": [0.03666666666666667, 0.04666666666666667], "FPR whole": 0.041666666666666664, "FPR ratio": 0.7857142857142857, "PPR": [0.6666666666666666, 0.5841584158415841], "PPR whole": 0.625, "PPR ratio": 1.1412429378531073}, "0.2-0.2": {"roc": 0.9428749999999999, "flag_rate": [0.097, 0.103], "flag_rate_ratio": 0.941747572815534, "TPR": [0.64, 0.59], "TPR whole": 0.615, "TPR ratio": 1.0847457627118644, "FPR": [0.03666666666666667, 0.04888888888888889], "FPR whole": 0.042777777777777776, "FPR ratio": 0.75, "PPR": [0.6597938144329897, 0.5728155339805825], "PPR whole": 0.615, "PPR ratio": 1.1518434387558973}, "0.2-0.5": {"roc": 0.9365499999999999, "flag_rate": [0.095, 0.105], "flag_rate_ratio": 0.9047619047619048, "TPR": [0.61, 0.59], "TPR whole": 0.6, "TPR ratio": 1.033898305084746, "FPR": [0.03777777777777778, 0.051111111111111114], "FPR whole": 0.044444444444444446, "FPR ratio": 0.7391304347826086, "PPR": [0.6421052631578947, 0.5619047619047619], "PPR whole": 0.6, "PPR ratio": 1.142729705619982}, "0.2-0.8": {"roc": 0.9428694444444444, "flag_rate": [0.092, 0.108], "flag_rate_ratio": 0.8518518518518519, "TPR": [0.61, 0.6], "TPR whole": 0.605, "TPR ratio": 1.0166666666666666, "FPR": [0.034444444444444444, 0.05333333333333334], "FPR whole": 0.04388888888888889, "FPR ratio": 0.6458333333333333, "PPR": [0.6630434782608695, 0.5555555555555556], "PPR whole": 0.605, "PPR ratio": 1.193478260869565}, "0.5-0.01": {"roc": 0.9434861111111111, "flag_rate": [0.099, 0.101], "flag_rate_ratio": 0.9801980198019802, "TPR": [0.65, 0.59], "TPR whole": 0.62, "TPR ratio": 1.1016949152542375, "FPR": [0.03777777777777778, 0.04666666666666667], "FPR whole": 0.042222222222222223, "FPR ratio": 0.8095238095238095, "PPR": [0.6565656565656566, 0.5841584158415841], "PPR whole": 0.62, "PPR ratio": 1.1239513781886663}, "0.5-0.2": {"roc": 0.9421333333333334, "flag_rate": [0.097, 0.103], "flag_rate_ratio": 0.941747572815534, "TPR": [0.64, 0.59], "TPR whole": 0.615, "TPR ratio": 1.0847457627118644, "FPR": [0.03666666666666667, 0.04888888888888889], "FPR whole": 0.042777777777777776, "FPR ratio": 0.75, "PPR": [0.6597938144329897, 0.5728155339805825], "PPR whole": 0.615, "PPR ratio": 1.1518434387558973}, "0.5-0.5": {"roc": 0.9349458333333334, "flag_rate": [0.093, 0.107], "flag_rate_ratio": 0.8691588785046729, "TPR": [0.6, 0.59], "TPR whole": 0.595, "TPR ratio": 1.0169491525423728, "FPR": [0.03666666666666667, 0.05333333333333334], "FPR whole": 0.045, "FPR ratio": 0.6875, "PPR": [0.6451612903225806, 0.5514018691588785], "PPR whole": 0.595, "PPR ratio": 1.1700382722799345}, "0.5-0.8": {"roc": 0.9432027777777777, "flag_rate": [0.091, 0.109], "flag_rate_ratio": 0.8348623853211009, "TPR": [0.61, 0.6], "TPR whole": 0.605, "TPR ratio": 1.0166666666666666, "FPR": [0.03333333333333333, 0.05444444444444444], "FPR whole": 0.04388888888888889, "FPR ratio": 0.6122448979591837, "PPR": [0.6703296703296703, 0.5504587155963303], "PPR whole": 0.605, "PPR ratio": 1.2177655677655677}, "0.8-0.01": {"roc": 0.9466055555555555, "flag_rate": [0.098, 0.102], "flag_rate_ratio": 0.9607843137254903, "TPR": [0.65, 0.59], "TPR whole": 0.62, "TPR ratio": 1.1016949152542375, "FPR": [0.03666666666666667, 0.04777777777777778], "FPR whole": 0.042222222222222223, "FPR ratio": 0.7674418604651162, "PPR": [0.6632653061224489, 0.5784313725490197], "PPR whole": 0.62, "PPR ratio": 1.1466620546523691}, "0.8-0.2": {"roc": 0.9342333333333334, "flag_rate": [0.092, 0.108], "flag_rate_ratio": 0.8518518518518519, "TPR": [0.59, 0.59], "TPR whole": 0.59, "TPR ratio": 1.0, "FPR": [0.03666666666666667, 0.05444444444444444], "FPR whole": 0.04555555555555556, "FPR ratio": 0.6734693877551021, "PPR": [0.6413043478260869, 0.5462962962962963], "PPR whole": 0.59, "PPR ratio": 1.1739130434782608}, "0.8-0.5": {"roc": 0.9440722222222222, "flag_rate": [0.086, 0.114], "flag_rate_ratio": 0.7543859649122806, "TPR": [0.59, 0.63], "TPR whole": 0.61, "TPR ratio": 0.9365079365079364, "FPR": [0.03, 0.056666666666666664], "FPR whole": 0.043333333333333335, "FPR ratio": 0.5294117647058824, "PPR": [0.686046511627907, 0.5526315789473685], "PPR whole": 0.61, "PPR ratio": 1.2414174972314507}, "0.8-0.8": {"roc": 0.9380111111111111, "flag_rate": [0.074, 0.126], "flag_rate_ratio": 0.5873015873015872, "TPR": [0.54, 0.66], "TPR whole": 0.6, "TPR ratio": 0.8181818181818182, "FPR": [0.022222222222222223, 0.06666666666666667], "FPR whole": 0.044444444444444446, "FPR ratio": 0.33333333333333337, "PPR": [0.7297297297297297, 0.5238095238095238], "PPR whole": 0.6, "PPR ratio": 1.393120393120393}}