{"0.01-0.01": {"roc": 0.9874833333333333, "flag_rate": [0.104, 0.096], "flag_rate_ratio": 1.0833333333333333, "TPR": [0.9, 0.75], "TPR whole": 0.825, "TPR ratio": 1.2, "FPR": [0.015555555555555555, 0.023333333333333334], "FPR whole": 0.019444444444444445, "FPR ratio": 0.6666666666666666, "PPR": [0.8653846153846154, 0.78125], "PPR whole": 0.825, "PPR ratio": 1.1076923076923078}, "0.01-0.2": {"roc": 0.9821472222222221, "flag_rate": [0.104, 0.096], "flag_rate_ratio": 1.0833333333333333, "TPR": [0.87, 0.71], "TPR whole": 0.79, "TPR ratio": 1.2253521126760565, "FPR": [0.01888888888888889, 0.027777777777777776], "FPR whole": 0.023333333333333334, "FPR ratio": 0.68, "PPR": [0.8365384615384616, 0.7395833333333334], "PPR whole": 0.79, "PPR ratio": 1.1310942578548213}, "0.01-0.5": {"roc": 0.9855722222222222, "flag_rate": [0.104, 0.096], "flag_rate_ratio": 1.0833333333333333, "TPR": [0.88, 0.73], "TPR whole": 0.805, "TPR ratio": 1.2054794520547945, "FPR": [0.017777777777777778, 0.025555555555555557], "FPR whole": 0.021666666666666667, "FPR ratio": 0.6956521739130435, "PPR": [0.8461538461538461, 0.7604166666666666], "PPR whole": 0.805, "PPR ratio": 1.112750263435195}, "0.01-0.8": {"roc": 0.9840194444444446, "flag_rate": [0.099, 0.101], "flag_rate_ratio": 0.9801980198019802, "TPR": [0.83, 0.76], "TPR whole": 0.795, "TPR ratio": 1.0921052631578947, "FPR": [0.017777777777777778, 0.027777777777777776], "FPR whole": 0.02277777777777778, "FPR ratio": 0.64, "PPR": [0.8383838383838383, 0.7524752475247525], "PPR whole": 0.795, "PPR ratio": 1.114167995746943}, "0.05-0.01": {"roc": 0.9917694444444445, "flag_rate": [0.103, 0.097], "flag_rate_ratio": 1.0618556701030928, "TPR": [0.92, 0.8], "TPR whole": 0.86, "TPR ratio": 1.15, "FPR": [0.012222222222222223, 0.01888888888888889], "FPR whole": 0.015555555555555555, "FPR ratio": 0.6470588235294118, "PPR": [0.8932038834951457, 0.8247422680412371], "PPR whole": 0.86, "PPR ratio": 1.0830097087378643}, "0.05-0.2": {"roc": 0.984325, "flag_rate": [0.101, 0.099], "flag_rate_ratio": 1.02020202020202, "TPR": [0.87, 0.75], "TPR whole": 0.81, "TPR ratio": 1.16, "FPR": [0.015555555555555555, 0.02666666666666667], "FPR whole": 0.021111111111111112, "FPR ratio": 0.5833333333333333, "PPR": [0.8613861386138614, 0.7575757575757576], "PPR whole": 0.81, "PPR ratio": 1.137029702970297}, "0.05-0.5": {"roc": 0.9867138888888889, "flag_rate": [0.102, 0.098], "flag_rate_ratio": 1.040816326530612, "TPR": [0.89, 0.77], "TPR whole": 0.83, "TPR ratio": 1.155844155844156, "FPR": [0.014444444444444444, 0.023333333333333334], "FPR whole": 0.01888888888888889, "FPR ratio": 0.619047619047619, "PPR": [0.8725490196078431, 0.7857142857142857], "PPR whole": 0.83, "PPR ratio": 1.1105169340463459}, "0.05-0.8": {"roc": 0.9830027777777779, "flag_rate": [0.105, 0.095], "flag_rate_ratio": 1.1052631578947367, "TPR": [0.87, 0.71], "TPR whole": 0.79, "TPR ratio": 1.2253521126760565, "FPR": [0.02, 0.02666666666666667], "FPR whole": 0.023333333333333334, "FPR ratio": 0.75, "PPR": [0.8285714285714286, 0.7473684210526316], "PPR whole": 0.79, "PPR ratio": 1.108651911468813}, "0.2-0.01": {"roc": 0.9844944444444444, "flag_rate": [0.102, 0.098], "flag_rate_ratio": 1.040816326530612, "TPR": [0.86, 0.72], "TPR whole": 0.79, "TPR ratio": 1.1944444444444444, "FPR": [0.017777777777777778, 0.028888888888888888], "FPR whole": 0.023333333333333334, "FPR ratio": 0.6153846153846154, "PPR": [0.8431372549019608, 0.7346938775510204], "PPR whole": 0.79, "PPR ratio": 1.1476034858387798}, "0.2-0.2": {"roc": 0.986875, "flag_rate": [0.105, 0.095], "flag_rate_ratio": 1.1052631578947367, "TPR": [0.89, 0.73], "TPR whole": 0.81, "TPR ratio": 1.2191780821917808, "FPR": [0.017777777777777778, 0.024444444444444446], "FPR whole": 0.021111111111111112, "FPR ratio": 0.7272727272727272, "PPR": [0.8476190476190476, 0.7684210526315789], "PPR whole": 0.81, "PPR ratio": 1.1030658838878018}, "0.2-0.5": {"roc": 0.9868416666666667, "flag_rate": [0.101, 0.099], "flag_rate_ratio": 1.02020202020202, "TPR": [0.89, 0.76], "TPR whole": 0.825, "TPR ratio": 1.1710526315789473, "FPR": [0.013333333333333334, 0.025555555555555557], "FPR whole": 0.019444444444444445, "FPR ratio": 0.5217391304347826, "PPR": [0.8811881188118812, 0.7676767676767676], "PPR whole": 0.825, "PPR ratio": 1.147863470557582}, "0.2-0.8": {"roc": 0.9850722222222221, "flag_rate": [0.103, 0.097], "flag_rate_ratio": 1.0618556701030928, "TPR": [0.88, 0.75], "TPR whole": 0.815, "TPR ratio": 1.1733333333333333, "FPR": [0.016666666666666666, 0.024444444444444446], "FPR whole": 0.020555555555555556, "FPR ratio": 0.6818181818181818, "PPR": [0.8543689320388349, 0.7731958762886598], "PPR whole": 0.815, "PPR ratio": 1.1049838187702263}, "0.5-0.01": {"roc": 0.9838861111111112, "flag_rate": [0.102, 0.098], "flag_rate_ratio": 1.040816326530612, "TPR": [0.87, 0.73], "TPR whole": 0.8, "TPR ratio": 1.1917808219178083, "FPR": [0.016666666666666666, 0.027777777777777776], "FPR whole": 0.022222222222222223, "FPR ratio": 0.6, "PPR": [0.8529411764705882, 0.7448979591836735], "PPR whole": 0.8, "PPR ratio": 1.145044319097502}, "0.5-0.2": {"roc": 0.9840111111111112, "flag_rate": [0.101, 0.099], "flag_rate_ratio": 1.02020202020202, "TPR": [0.86, 0.74], "TPR whole": 0.8, "TPR ratio": 1.162162162162162, "FPR": [0.016666666666666666, 0.027777777777777776], "FPR whole": 0.022222222222222223, "FPR ratio": 0.6, "PPR": [0.8514851485148515, 0.7474747474747475], "PPR whole": 0.8, "PPR ratio": 1.139149050040139}, "0.5-0.5": {"roc": 0.9834166666666667, "flag_rate": [0.103, 0.097], "flag_rate_ratio": 1.0618556701030928, "TPR": [0.86, 0.73], "TPR whole": 0.795, "TPR ratio": 1.178082191780822, "FPR": [0.01888888888888889, 0.02666666666666667], "FPR whole": 0.02277777777777778, "FPR ratio": 0.7083333333333333, "PPR": [0.8349514563106796, 0.7525773195876289], "PPR whole": 0.795, "PPR ratio": 1.1094560446867934}, "0.5-0.8": {"roc": 0.9871222222222222, "flag_rate": [0.098, 0.102], "flag_rate_ratio": 0.9607843137254903, "TPR": [0.87, 0.77], "TPR whole": 0.82, "TPR ratio": 1.12987012987013, "FPR": [0.012222222222222223, 0.027777777777777776], "FPR whole": 0.02, "FPR ratio": 0.44000000000000006, "PPR": [0.8877551020408163, 0.7549019607843137], "PPR whole": 0.82, "PPR ratio": 1.1759872780280944}, "0.8-0.01": {"roc": 0.9822305555555555, "flag_rate": [0.105, 0.095], "flag_rate_ratio": 1.1052631578947367, "TPR": [0.88, 0.71], "TPR whole": 0.795, "TPR ratio": 1.23943661971831, "FPR": [0.01888888888888889, 0.02666666666666667], "FPR whole": 0.02277777777777778, "FPR ratio": 0.7083333333333333, "PPR": [0.8380952380952381, 0.7473684210526316], "PPR whole": 0.795, "PPR ratio": 1.1213950368879946}, "0.8-0.2": {"roc": 0.9868333333333333, "flag_rate": [0.101, 0.099], "flag_rate_ratio": 1.02020202020202, "TPR": [0.89, 0.77], "TPR whole": 0.83, "TPR ratio": 1.155844155844156, "FPR": [0.013333333333333334, 0.024444444444444446], "FPR whole": 0.01888888888888889, "FPR ratio": 0.5454545454545454, "PPR": [0.8811881188118812, 0.7777777777777778], "PPR whole": 0.83, "PPR ratio": 1.1329561527581329}, "0.8-0.5": {"roc": 0.9852694444444444, "flag_rate": [0.105, 0.095], "flag_rate_ratio": 1.1052631578947367, "TPR": [0.89, 0.73], "TPR whole": 0.81, "TPR ratio": 1.2191780821917808, "FPR": [0.017777777777777778, 0.024444444444444446], "FPR whole": 0.021111111111111112, "FPR ratio": 0.7272727272727272, "PPR": [0.8476190476190476, 0.7684210526315789], "PPR whole": 0.81, "PPR ratio": 1.1030658838878018}, "0.8-0.8": {"roc": 0.9886527777777777, "flag_rate": [0.098, 0.102], "flag_rate_ratio": 0.9607843137254903, "TPR": [0.89, 0.79], "TPR whole": 0.84, "TPR ratio": 1.1265822784810127, "FPR": [0.01, 0.025555555555555557], "FPR whole": 0.017777777777777778, "FPR ratio": 0.3913043478260869, "PPR": [0.9081632653061225, 0.7745098039215687], "PPR whole": 0.84, "PPR ratio": 1.1725652286230948}}