{"0.01-0.01": {"roc": 0.9414305555555554, "flag_rate": [0.079, 0.121], "flag_rate_ratio": 0.6528925619834711, "TPR": [0.78, 0.45], "TPR whole": 0.615, "TPR ratio": 1.7333333333333334, "FPR": [0.0011111111111111111, 0.08444444444444445], "FPR whole": 0.042777777777777776, "FPR ratio": 0.013157894736842105, "PPR": [0.9873417721518988, 0.371900826446281], "PPR whole": 0.615, "PPR ratio": 2.6548523206751056}, "0.01-0.2": {"roc": 0.958486111111111, "flag_rate": [0.086, 0.114], "flag_rate_ratio": 0.7543859649122806, "TPR": [0.85, 0.52], "TPR whole": 0.685, "TPR ratio": 1.6346153846153846, "FPR": [0.0011111111111111111, 0.06888888888888889], "FPR whole": 0.035, "FPR ratio": 0.016129032258064516, "PPR": [0.9883720930232558, 0.45614035087719296], "PPR whole": 0.685, "PPR ratio": 2.1668157423971377}, "0.01-0.5": {"roc": 0.9218000000000001, "flag_rate": [0.046, 0.154], "flag_rate_ratio": 0.2987012987012987, "TPR": [0.45, 0.51], "TPR whole": 0.48, "TPR ratio": 0.8823529411764706, "FPR": [0.0011111111111111111, 0.11444444444444445], "FPR whole": 0.057777777777777775, "FPR ratio": 0.009708737864077669, "PPR": [0.9782608695652174, 0.33116883116883117], "PPR whole": 0.48, "PPR ratio": 2.9539641943734014}, "0.01-0.8": {"roc": 0.9466444444444445, "flag_rate": [0.058, 0.142], "flag_rate_ratio": 0.4084507042253522, "TPR": [0.58, 0.61], "TPR whole": 0.595, "TPR ratio": 0.9508196721311475, "FPR": [0.0, 0.09], "FPR whole": 0.045, "FPR ratio": 0.0, "PPR": [1.0, 0.4295774647887324], "PPR whole": 0.595, "PPR ratio": 2.3278688524590163}, "0.05-0.01": {"roc": 0.93725, "flag_rate": [0.075, 0.125], "flag_rate_ratio": 0.6, "TPR": [0.74, 0.44], "TPR whole": 0.59, "TPR ratio": 1.6818181818181819, "FPR": [0.0011111111111111111, 0.09], "FPR whole": 0.04555555555555556, "FPR ratio": 0.01234567901234568, "PPR": [0.9866666666666667, 0.352], "PPR whole": 0.59, "PPR ratio": 2.803030303030303}, "0.05-0.2": {"roc": 0.9541999999999999, "flag_rate": [0.095, 0.105], "flag_rate_ratio": 0.9047619047619048, "TPR": [0.92, 0.49], "TPR whole": 0.705, "TPR ratio": 1.8775510204081634, "FPR": [0.0033333333333333335, 0.06222222222222222], "FPR whole": 0.03277777777777778, "FPR ratio": 0.053571428571428575, "PPR": [0.968421052631579, 0.4666666666666667], "PPR whole": 0.705, "PPR ratio": 2.075187969924812}, "0.05-0.5": {"roc": 0.94445, "flag_rate": [0.066, 0.134], "flag_rate_ratio": 0.4925373134328358, "TPR": [0.65, 0.53], "TPR whole": 0.59, "TPR ratio": 1.2264150943396226, "FPR": [0.0011111111111111111, 0.09], "FPR whole": 0.04555555555555556, "FPR ratio": 0.01234567901234568, "PPR": [0.9848484848484849, 0.39552238805970147], "PPR whole": 0.59, "PPR ratio": 2.4899942824471126}, "0.05-0.8": {"roc": 0.9237694444444445, "flag_rate": [0.044, 0.156], "flag_rate_ratio": 0.28205128205128205, "TPR": [0.43, 0.54], "TPR whole": 0.485, "TPR ratio": 0.7962962962962963, "FPR": [0.0011111111111111111, 0.11333333333333333], "FPR whole": 0.05722222222222222, "FPR ratio": 0.00980392156862745, "PPR": [0.9772727272727273, 0.34615384615384615], "PPR whole": 0.485, "PPR ratio": 2.8232323232323235}, "0.2-0.01": {"roc": 0.9370500000000002, "flag_rate": [0.076, 0.124], "flag_rate_ratio": 0.6129032258064516, "TPR": [0.75, 0.45], "TPR whole": 0.6, "TPR ratio": 1.6666666666666665, "FPR": [0.0011111111111111111, 0.08777777777777777], "FPR whole": 0.044444444444444446, "FPR ratio": 0.012658227848101266, "PPR": [0.9868421052631579, 0.3629032258064516], "PPR whole": 0.6, "PPR ratio": 2.719298245614035}, "0.2-0.2": {"roc": 0.9310055555555555, "flag_rate": [0.056, 0.144], "flag_rate_ratio": 0.38888888888888895, "TPR": [0.55, 0.52], "TPR whole": 0.535, "TPR ratio": 1.0576923076923077, "FPR": [0.0011111111111111111, 0.10222222222222223], "FPR whole": 0.051666666666666666, "FPR ratio": 0.010869565217391304, "PPR": [0.9821428571428571, 0.3611111111111111], "PPR whole": 0.535, "PPR ratio": 2.71978021978022}, "0.2-0.5": {"roc": 0.9499888888888889, "flag_rate": [0.065, 0.135], "flag_rate_ratio": 0.48148148148148145, "TPR": [0.65, 0.6], "TPR whole": 0.625, "TPR ratio": 1.0833333333333335, "FPR": [0.0, 0.08333333333333333], "FPR whole": 0.041666666666666664, "FPR ratio": 0.0, "PPR": [1.0, 0.4444444444444444], "PPR whole": 0.625, "PPR ratio": 2.25}, "0.2-0.8": {"roc": 0.9303527777777777, "flag_rate": [0.044, 0.156], "flag_rate_ratio": 0.28205128205128205, "TPR": [0.44, 0.54], "TPR whole": 0.49, "TPR ratio": 0.8148148148148148, "FPR": [0.0, 0.11333333333333333], "FPR whole": 0.056666666666666664, "FPR ratio": 0.0, "PPR": [1.0, 0.34615384615384615], "PPR whole": 0.49, "PPR ratio": 2.888888888888889}, "0.5-0.01": {"roc": 0.9316249999999999, "flag_rate": [0.076, 0.124], "flag_rate_ratio": 0.6129032258064516, "TPR": [0.75, 0.43], "TPR whole": 0.59, "TPR ratio": 1.744186046511628, "FPR": [0.0011111111111111111, 0.09], "FPR whole": 0.04555555555555556, "FPR ratio": 0.01234567901234568, "PPR": [0.9868421052631579, 0.3467741935483871], "PPR whole": 0.59, "PPR ratio": 2.845777233782129}, "0.5-0.2": {"roc": 0.957325, "flag_rate": [0.082, 0.118], "flag_rate_ratio": 0.6949152542372882, "TPR": [0.8, 0.55], "TPR whole": 0.675, "TPR ratio": 1.4545454545454546, "FPR": [0.0022222222222222222, 0.07], "FPR whole": 0.03611111111111111, "FPR ratio": 0.031746031746031744, "PPR": [0.975609756097561, 0.4661016949152542], "PPR whole": 0.675, "PPR ratio": 2.0931263858093128}, "0.5-0.5": {"roc": 0.9389527777777777, "flag_rate": [0.066, 0.134], "flag_rate_ratio": 0.4925373134328358, "TPR": [0.65, 0.49], "TPR whole": 0.57, "TPR ratio": 1.326530612244898, "FPR": [0.0011111111111111111, 0.09444444444444444], "FPR whole": 0.04777777777777778, "FPR ratio": 0.011764705882352941, "PPR": [0.9848484848484849, 0.3656716417910448], "PPR whole": 0.57, "PPR ratio": 2.6932591218305504}, "0.5-0.8": {"roc": 0.9264666666666667, "flag_rate": [0.039, 0.161], "flag_rate_ratio": 0.24223602484472048, "TPR": [0.39, 0.58], "TPR whole": 0.485, "TPR ratio": 0.6724137931034484, "FPR": [0.0, 0.11444444444444445], "FPR whole": 0.05722222222222222, "FPR ratio": 0.0, "PPR": [1.0, 0.36024844720496896], "PPR whole": 0.485, "PPR ratio": 2.7758620689655173}, "0.8-0.01": {"roc": 0.9494194444444444, "flag_rate": [0.1, 0.1], "flag_rate_ratio": 1.0, "TPR": [0.94, 0.48], "TPR whole": 0.71, "TPR ratio": 1.9583333333333333, "FPR": [0.006666666666666667, 0.057777777777777775], "FPR whole": 0.03222222222222222, "FPR ratio": 0.11538461538461539, "PPR": [0.94, 0.48], "PPR whole": 0.71, "PPR ratio": 1.9583333333333333}, "0.8-0.2": {"roc": 0.9298249999999999, "flag_rate": [0.06, 0.14], "flag_rate_ratio": 0.4285714285714285, "TPR": [0.58, 0.48], "TPR whole": 0.53, "TPR ratio": 1.2083333333333333, "FPR": [0.0022222222222222222, 0.10222222222222223], "FPR whole": 0.052222222222222225, "FPR ratio": 0.021739130434782608, "PPR": [0.9666666666666667, 0.34285714285714286], "PPR whole": 0.53, "PPR ratio": 2.8194444444444446}, "0.8-0.5": {"roc": 0.9193916666666667, "flag_rate": [0.036, 0.164], "flag_rate_ratio": 0.2195121951219512, "TPR": [0.36, 0.55], "TPR whole": 0.455, "TPR ratio": 0.6545454545454544, "FPR": [0.0, 0.12111111111111111], "FPR whole": 0.06055555555555556, "FPR ratio": 0.0, "PPR": [1.0, 0.3353658536585366], "PPR whole": 0.455, "PPR ratio": 2.9818181818181815}, "0.8-0.8": {"roc": 0.925025, "flag_rate": [0.041, 0.159], "flag_rate_ratio": 0.2578616352201258, "TPR": [0.41, 0.55], "TPR whole": 0.48, "TPR ratio": 0.7454545454545454, "FPR": [0.0, 0.11555555555555555], "FPR whole": 0.057777777777777775, "FPR ratio": 0.0, "PPR": [1.0, 0.34591194968553457], "PPR whole": 0.48, "PPR ratio": 2.890909090909091}}