{"0.01-0.01": {"roc": 0.8621888888888889, "flag_rate": [0.057, 0.143], "flag_rate_ratio": 0.39860139860139865, "TPR": [0.55, 0.4], "TPR whole": 0.475, "TPR ratio": 1.375, "FPR": [0.0022222222222222222, 0.11444444444444445], "FPR whole": 0.058333333333333334, "FPR ratio": 0.019417475728155338, "PPR": [0.9649122807017544, 0.27972027972027974], "PPR whole": 0.475, "PPR ratio": 3.449561403508772}, "0.01-0.2": {"roc": 0.8835138888888887, "flag_rate": [0.055, 0.145], "flag_rate_ratio": 0.37931034482758624, "TPR": [0.53, 0.43], "TPR whole": 0.48, "TPR ratio": 1.232558139534884, "FPR": [0.0022222222222222222, 0.11333333333333333], "FPR whole": 0.057777777777777775, "FPR ratio": 0.0196078431372549, "PPR": [0.9636363636363636, 0.296551724137931], "PPR whole": 0.48, "PPR ratio": 3.2494714587737845}, "0.01-0.5": {"roc": 0.8810027777777778, "flag_rate": [0.051, 0.149], "flag_rate_ratio": 0.3422818791946309, "TPR": [0.51, 0.42], "TPR whole": 0.465, "TPR ratio": 1.2142857142857144, "FPR": [0.0, 0.11888888888888889], "FPR whole": 0.059444444444444446, "FPR ratio": 0.0, "PPR": [1.0, 0.28187919463087246], "PPR whole": 0.465, "PPR ratio": 3.547619047619048}, "0.01-0.8": {"roc": 0.875475, "flag_rate": [0.053, 0.147], "flag_rate_ratio": 0.36054421768707484, "TPR": [0.5, 0.41], "TPR whole": 0.455, "TPR ratio": 1.2195121951219512, "FPR": [0.0033333333333333335, 0.11777777777777777], "FPR whole": 0.06055555555555556, "FPR ratio": 0.028301886792452834, "PPR": [0.9433962264150944, 0.2789115646258503], "PPR whole": 0.455, "PPR ratio": 3.382420616658997}, "0.05-0.01": {"roc": 0.8842888888888889, "flag_rate": [0.05, 0.15], "flag_rate_ratio": 0.33333333333333337, "TPR": [0.47, 0.41], "TPR whole": 0.44, "TPR ratio": 1.146341463414634, "FPR": [0.0033333333333333335, 0.12111111111111111], "FPR whole": 0.06222222222222222, "FPR ratio": 0.027522935779816515, "PPR": [0.94, 0.2733333333333333], "PPR whole": 0.44, "PPR ratio": 3.4390243902439024}, "0.05-0.2": {"roc": 0.8799722222222222, "flag_rate": [0.051, 0.149], "flag_rate_ratio": 0.3422818791946309, "TPR": [0.49, 0.41], "TPR whole": 0.45, "TPR ratio": 1.1951219512195121, "FPR": [0.0022222222222222222, 0.12], "FPR whole": 0.06111111111111111, "FPR ratio": 0.018518518518518517, "PPR": [0.9607843137254902, 0.2751677852348993], "PPR whole": 0.45, "PPR ratio": 3.491630798660928}, "0.05-0.5": {"roc": 0.8759499999999999, "flag_rate": [0.056, 0.144], "flag_rate_ratio": 0.38888888888888895, "TPR": [0.52, 0.4], "TPR whole": 0.46, "TPR ratio": 1.3, "FPR": [0.0044444444444444444, 0.11555555555555555], "FPR whole": 0.06, "FPR ratio": 0.038461538461538464, "PPR": [0.9285714285714286, 0.2777777777777778], "PPR whole": 0.46, "PPR ratio": 3.342857142857143}, "0.05-0.8": {"roc": 0.874538888888889, "flag_rate": [0.054, 0.146], "flag_rate_ratio": 0.36986301369863017, "TPR": [0.5, 0.39], "TPR whole": 0.445, "TPR ratio": 1.282051282051282, "FPR": [0.0044444444444444444, 0.11888888888888889], "FPR whole": 0.06166666666666667, "FPR ratio": 0.037383177570093455, "PPR": [0.9259259259259259, 0.2671232876712329], "PPR whole": 0.445, "PPR ratio": 3.466286799620133}, "0.2-0.01": {"roc": 0.8797611111111112, "flag_rate": [0.055, 0.145], "flag_rate_ratio": 0.37931034482758624, "TPR": [0.52, 0.39], "TPR whole": 0.455, "TPR ratio": 1.3333333333333333, "FPR": [0.0033333333333333335, 0.11777777777777777], "FPR whole": 0.06055555555555556, "FPR ratio": 0.028301886792452834, "PPR": [0.9454545454545454, 0.2689655172413793], "PPR whole": 0.455, "PPR ratio": 3.515151515151515}, "0.2-0.2": {"roc": 0.8791458333333333, "flag_rate": [0.052, 0.148], "flag_rate_ratio": 0.35135135135135137, "TPR": [0.5, 0.4], "TPR whole": 0.45, "TPR ratio": 1.25, "FPR": [0.0022222222222222222, 0.12], "FPR whole": 0.06111111111111111, "FPR ratio": 0.018518518518518517, "PPR": [0.9615384615384616, 0.2702702702702703], "PPR whole": 0.45, "PPR ratio": 3.5576923076923075}, "0.2-0.5": {"roc": 0.8751388888888889, "flag_rate": [0.05, 0.15], "flag_rate_ratio": 0.33333333333333337, "TPR": [0.48, 0.42], "TPR whole": 0.45, "TPR ratio": 1.1428571428571428, "FPR": [0.0022222222222222222, 0.12], "FPR whole": 0.06111111111111111, "FPR ratio": 0.018518518518518517, "PPR": [0.96, 0.28], "PPR whole": 0.45, "PPR ratio": 3.428571428571428}, "0.2-0.8": {"roc": 0.8643083333333332, "flag_rate": [0.053, 0.147], "flag_rate_ratio": 0.36054421768707484, "TPR": [0.52, 0.36], "TPR whole": 0.44, "TPR ratio": 1.4444444444444446, "FPR": [0.0011111111111111111, 0.12333333333333334], "FPR whole": 0.06222222222222222, "FPR ratio": 0.009009009009009009, "PPR": [0.9811320754716981, 0.24489795918367346], "PPR whole": 0.44, "PPR ratio": 4.0062893081761}, "0.5-0.01": {"roc": 0.8878666666666666, "flag_rate": [0.055, 0.145], "flag_rate_ratio": 0.37931034482758624, "TPR": [0.52, 0.42], "TPR whole": 0.47, "TPR ratio": 1.2380952380952381, "FPR": [0.0033333333333333335, 0.11444444444444445], "FPR whole": 0.058888888888888886, "FPR ratio": 0.02912621359223301, "PPR": [0.9454545454545454, 0.2896551724137931], "PPR whole": 0.47, "PPR ratio": 3.264069264069264}, "0.5-0.2": {"roc": 0.8753166666666665, "flag_rate": [0.053, 0.147], "flag_rate_ratio": 0.36054421768707484, "TPR": [0.51, 0.4], "TPR whole": 0.455, "TPR ratio": 1.275, "FPR": [0.0022222222222222222, 0.11888888888888889], "FPR whole": 0.06055555555555556, "FPR ratio": 0.018691588785046728, "PPR": [0.9622641509433962, 0.272108843537415], "PPR whole": 0.455, "PPR ratio": 3.536320754716981}, "0.5-0.5": {"roc": 0.8641638888888888, "flag_rate": [0.05, 0.15], "flag_rate_ratio": 0.33333333333333337, "TPR": [0.48, 0.41], "TPR whole": 0.445, "TPR ratio": 1.170731707317073, "FPR": [0.0022222222222222222, 0.12111111111111111], "FPR whole": 0.06166666666666667, "FPR ratio": 0.01834862385321101, "PPR": [0.96, 0.2733333333333333], "PPR whole": 0.445, "PPR ratio": 3.5121951219512195}, "0.5-0.8": {"roc": 0.8819222222222222, "flag_rate": [0.057, 0.143], "flag_rate_ratio": 0.39860139860139865, "TPR": [0.52, 0.42], "TPR whole": 0.47, "TPR ratio": 1.2380952380952381, "FPR": [0.005555555555555556, 0.11222222222222222], "FPR whole": 0.058888888888888886, "FPR ratio": 0.04950495049504951, "PPR": [0.9122807017543859, 0.2937062937062937], "PPR whole": 0.47, "PPR ratio": 3.10609857978279}, "0.8-0.01": {"roc": 0.9031833333333332, "flag_rate": [0.052, 0.148], "flag_rate_ratio": 0.35135135135135137, "TPR": [0.52, 0.46], "TPR whole": 0.49, "TPR ratio": 1.1304347826086956, "FPR": [0.0, 0.11333333333333333], "FPR whole": 0.056666666666666664, "FPR ratio": 0.0, "PPR": [1.0, 0.3108108108108108], "PPR whole": 0.49, "PPR ratio": 3.217391304347826}, "0.8-0.2": {"roc": 0.8868027777777777, "flag_rate": [0.058, 0.142], "flag_rate_ratio": 0.4084507042253522, "TPR": [0.55, 0.41], "TPR whole": 0.48, "TPR ratio": 1.3414634146341464, "FPR": [0.0033333333333333335, 0.11222222222222222], "FPR whole": 0.057777777777777775, "FPR ratio": 0.029702970297029705, "PPR": [0.9482758620689655, 0.2887323943661972], "PPR whole": 0.48, "PPR ratio": 3.2842724978973927}, "0.8-0.5": {"roc": 0.8764888888888888, "flag_rate": [0.057, 0.143], "flag_rate_ratio": 0.39860139860139865, "TPR": [0.52, 0.38], "TPR whole": 0.45, "TPR ratio": 1.368421052631579, "FPR": [0.005555555555555556, 0.11666666666666667], "FPR whole": 0.06111111111111111, "FPR ratio": 0.04761904761904762, "PPR": [0.9122807017543859, 0.26573426573426573], "PPR whole": 0.45, "PPR ratio": 3.433056325023084}, "0.8-0.8": {"roc": 0.8897361111111112, "flag_rate": [0.052, 0.148], "flag_rate_ratio": 0.35135135135135137, "TPR": [0.49, 0.43], "TPR whole": 0.46, "TPR ratio": 1.1395348837209303, "FPR": [0.0033333333333333335, 0.11666666666666667], "FPR whole": 0.06, "FPR ratio": 0.028571428571428574, "PPR": [0.9423076923076923, 0.2905405405405405], "PPR whole": 0.46, "PPR ratio": 3.2432915921288017}}