{"0.01-0.01": {"roc": 0.8439888888888889, "flag_rate": [0.039, 0.161], "flag_rate_ratio": 0.24223602484472048, "TPR": [0.39, 0.36], "TPR whole": 0.375, "TPR ratio": 1.0833333333333335, "FPR": [0.0, 0.1388888888888889], "FPR whole": 0.06944444444444445, "FPR ratio": 0.0, "PPR": [1.0, 0.2236024844720497], "PPR whole": 0.375, "PPR ratio": 4.472222222222222}, "0.01-0.2": {"roc": 0.8458166666666667, "flag_rate": [0.04, 0.16], "flag_rate_ratio": 0.25, "TPR": [0.4, 0.31], "TPR whole": 0.355, "TPR ratio": 1.2903225806451615, "FPR": [0.0, 0.14333333333333334], "FPR whole": 0.07166666666666667, "FPR ratio": 0.0, "PPR": [1.0, 0.19375], "PPR whole": 0.355, "PPR ratio": 5.161290322580645}, "0.01-0.5": {"roc": 0.8399694444444444, "flag_rate": [0.036, 0.164], "flag_rate_ratio": 0.2195121951219512, "TPR": [0.36, 0.31], "TPR whole": 0.335, "TPR ratio": 1.161290322580645, "FPR": [0.0, 0.14777777777777779], "FPR whole": 0.07388888888888889, "FPR ratio": 0.0, "PPR": [1.0, 0.18902439024390244], "PPR whole": 0.335, "PPR ratio": 5.290322580645161}, "0.01-0.8": {"roc": 0.8346305555555555, "flag_rate": [0.033, 0.167], "flag_rate_ratio": 0.19760479041916168, "TPR": [0.33, 0.32], "TPR whole": 0.325, "TPR ratio": 1.03125, "FPR": [0.0, 0.15], "FPR whole": 0.075, "FPR ratio": 0.0, "PPR": [1.0, 0.19161676646706588], "PPR whole": 0.325, "PPR ratio": 5.21875}, "0.05-0.01": {"roc": 0.8232361111111112, "flag_rate": [0.038, 0.162], "flag_rate_ratio": 0.2345679012345679, "TPR": [0.38, 0.34], "TPR whole": 0.36, "TPR ratio": 1.1176470588235294, "FPR": [0.0, 0.14222222222222222], "FPR whole": 0.07111111111111111, "FPR ratio": 0.0, "PPR": [1.0, 0.20987654320987653], "PPR whole": 0.36, "PPR ratio": 4.764705882352941}, "0.05-0.2": {"roc": 0.8299833333333333, "flag_rate": [0.033, 0.167], "flag_rate_ratio": 0.19760479041916168, "TPR": [0.33, 0.31], "TPR whole": 0.32, "TPR ratio": 1.0645161290322582, "FPR": [0.0, 0.1511111111111111], "FPR whole": 0.07555555555555556, "FPR ratio": 0.0, "PPR": [1.0, 0.18562874251497005], "PPR whole": 0.32, "PPR ratio": 5.387096774193549}, "0.05-0.5": {"roc": 0.8279055555555556, "flag_rate": [0.04, 0.16], "flag_rate_ratio": 0.25, "TPR": [0.4, 0.29], "TPR whole": 0.345, "TPR ratio": 1.3793103448275863, "FPR": [0.0, 0.14555555555555555], "FPR whole": 0.07277777777777777, "FPR ratio": 0.0, "PPR": [1.0, 0.18125], "PPR whole": 0.345, "PPR ratio": 5.517241379310345}, "0.05-0.8": {"roc": 0.8318666666666666, "flag_rate": [0.036, 0.164], "flag_rate_ratio": 0.2195121951219512, "TPR": [0.36, 0.33], "TPR whole": 0.345, "TPR ratio": 1.0909090909090908, "FPR": [0.0, 0.14555555555555555], "FPR whole": 0.07277777777777777, "FPR ratio": 0.0, "PPR": [1.0, 0.20121951219512196], "PPR whole": 0.345, "PPR ratio": 4.96969696969697}, "0.2-0.01": {"roc": 0.8321472222222221, "flag_rate": [0.036, 0.164], "flag_rate_ratio": 0.2195121951219512, "TPR": [0.36, 0.31], "TPR whole": 0.335, "TPR ratio": 1.161290322580645, "FPR": [0.0, 0.14777777777777779], "FPR whole": 0.07388888888888889, "FPR ratio": 0.0, "PPR": [1.0, 0.18902439024390244], "PPR whole": 0.335, "PPR ratio": 5.290322580645161}, "0.2-0.2": {"roc": 0.8418305555555554, "flag_rate": [0.043, 0.157], "flag_rate_ratio": 0.27388535031847133, "TPR": [0.42, 0.31], "TPR whole": 0.365, "TPR ratio": 1.3548387096774193, "FPR": [0.0011111111111111111, 0.14], "FPR whole": 0.07055555555555555, "FPR ratio": 0.007936507936507936, "PPR": [0.9767441860465116, 0.19745222929936307], "PPR whole": 0.365, "PPR ratio": 4.946736684171042}, "0.2-0.5": {"roc": 0.8276722222222221, "flag_rate": [0.034, 0.166], "flag_rate_ratio": 0.20481927710843373, "TPR": [0.34, 0.33], "TPR whole": 0.335, "TPR ratio": 1.0303030303030303, "FPR": [0.0, 0.14777777777777779], "FPR whole": 0.07388888888888889, "FPR ratio": 0.0, "PPR": [1.0, 0.19879518072289157], "PPR whole": 0.335, "PPR ratio": 5.03030303030303}, "0.2-0.8": {"roc": 0.8334611111111112, "flag_rate": [0.042, 0.158], "flag_rate_ratio": 0.2658227848101266, "TPR": [0.42, 0.31], "TPR whole": 0.365, "TPR ratio": 1.3548387096774193, "FPR": [0.0, 0.1411111111111111], "FPR whole": 0.07055555555555555, "FPR ratio": 0.0, "PPR": [1.0, 0.1962025316455696], "PPR whole": 0.365, "PPR ratio": 5.096774193548387}, "0.5-0.01": {"roc": 0.8444722222222222, "flag_rate": [0.042, 0.158], "flag_rate_ratio": 0.2658227848101266, "TPR": [0.42, 0.36], "TPR whole": 0.39, "TPR ratio": 1.1666666666666667, "FPR": [0.0, 0.13555555555555557], "FPR whole": 0.06777777777777778, "FPR ratio": 0.0, "PPR": [1.0, 0.22784810126582278], "PPR whole": 0.39, "PPR ratio": 4.388888888888889}, "0.5-0.2": {"roc": 0.841325, "flag_rate": [0.036, 0.164], "flag_rate_ratio": 0.2195121951219512, "TPR": [0.36, 0.31], "TPR whole": 0.335, "TPR ratio": 1.161290322580645, "FPR": [0.0, 0.14777777777777779], "FPR whole": 0.07388888888888889, "FPR ratio": 0.0, "PPR": [1.0, 0.18902439024390244], "PPR whole": 0.335, "PPR ratio": 5.290322580645161}, "0.5-0.5": {"roc": 0.8492666666666667, "flag_rate": [0.039, 0.161], "flag_rate_ratio": 0.24223602484472048, "TPR": [0.39, 0.33], "TPR whole": 0.36, "TPR ratio": 1.1818181818181819, "FPR": [0.0, 0.14222222222222222], "FPR whole": 0.07111111111111111, "FPR ratio": 0.0, "PPR": [1.0, 0.20496894409937888], "PPR whole": 0.36, "PPR ratio": 4.878787878787879}, "0.5-0.8": {"roc": 0.8303555555555554, "flag_rate": [0.033, 0.167], "flag_rate_ratio": 0.19760479041916168, "TPR": [0.33, 0.34], "TPR whole": 0.335, "TPR ratio": 0.9705882352941176, "FPR": [0.0, 0.14777777777777779], "FPR whole": 0.07388888888888889, "FPR ratio": 0.0, "PPR": [1.0, 0.20359281437125748], "PPR whole": 0.335, "PPR ratio": 4.911764705882353}, "0.8-0.01": {"roc": 0.8588444444444445, "flag_rate": [0.049, 0.151], "flag_rate_ratio": 0.3245033112582782, "TPR": [0.48, 0.39], "TPR whole": 0.435, "TPR ratio": 1.2307692307692306, "FPR": [0.0011111111111111111, 0.12444444444444444], "FPR whole": 0.06277777777777778, "FPR ratio": 0.008928571428571428, "PPR": [0.9795918367346939, 0.2582781456953642], "PPR whole": 0.435, "PPR ratio": 3.792778649921507}, "0.8-0.2": {"roc": 0.8319972222222223, "flag_rate": [0.038, 0.162], "flag_rate_ratio": 0.2345679012345679, "TPR": [0.38, 0.33], "TPR whole": 0.355, "TPR ratio": 1.1515151515151514, "FPR": [0.0, 0.14333333333333334], "FPR whole": 0.07166666666666667, "FPR ratio": 0.0, "PPR": [1.0, 0.2037037037037037], "PPR whole": 0.355, "PPR ratio": 4.909090909090909}, "0.8-0.5": {"roc": 0.8304027777777778, "flag_rate": [0.035, 0.165], "flag_rate_ratio": 0.21212121212121213, "TPR": [0.35, 0.33], "TPR whole": 0.34, "TPR ratio": 1.0606060606060606, "FPR": [0.0, 0.14666666666666667], "FPR whole": 0.07333333333333333, "FPR ratio": 0.0, "PPR": [1.0, 0.2], "PPR whole": 0.34, "PPR ratio": 5.0}, "0.8-0.8": {"roc": 0.8592138888888888, "flag_rate": [0.035, 0.165], "flag_rate_ratio": 0.21212121212121213, "TPR": [0.35, 0.33], "TPR whole": 0.34, "TPR ratio": 1.0606060606060606, "FPR": [0.0, 0.14666666666666667], "FPR whole": 0.07333333333333333, "FPR ratio": 0.0, "PPR": [1.0, 0.2], "PPR whole": 0.34, "PPR ratio": 5.0}}