{"0.01-0.01": {"roc": 0.9122166666666667, "flag_rate": [0.073, 0.127], "flag_rate_ratio": 0.5748031496062992, "TPR": [0.67, 0.57], "TPR whole": 0.62, "TPR ratio": 1.1754385964912282, "FPR": [0.006666666666666667, 0.07777777777777778], "FPR whole": 0.042222222222222223, "FPR ratio": 0.08571428571428572, "PPR": [0.9178082191780822, 0.44881889763779526], "PPR whole": 0.62, "PPR ratio": 2.0449411199230956}, "0.01-0.2": {"roc": 0.9133555555555556, "flag_rate": [0.075, 0.125], "flag_rate_ratio": 0.6, "TPR": [0.71, 0.55], "TPR whole": 0.63, "TPR ratio": 1.2909090909090908, "FPR": [0.0044444444444444444, 0.07777777777777778], "FPR whole": 0.04111111111111111, "FPR ratio": 0.05714285714285714, "PPR": [0.9466666666666667, 0.44], "PPR whole": 0.63, "PPR ratio": 2.1515151515151514}, "0.01-0.5": {"roc": 0.9007666666666666, "flag_rate": [0.082, 0.118], "flag_rate_ratio": 0.6949152542372882, "TPR": [0.66, 0.48], "TPR whole": 0.57, "TPR ratio": 1.3750000000000002, "FPR": [0.017777777777777778, 0.07777777777777778], "FPR whole": 0.04777777777777778, "FPR ratio": 0.22857142857142856, "PPR": [0.8048780487804879, 0.4067796610169492], "PPR whole": 0.57, "PPR ratio": 1.978658536585366}, "0.01-0.8": {"roc": 0.9106305555555556, "flag_rate": [0.075, 0.125], "flag_rate_ratio": 0.6, "TPR": [0.7, 0.55], "TPR whole": 0.625, "TPR ratio": 1.2727272727272725, "FPR": [0.005555555555555556, 0.07777777777777778], "FPR whole": 0.041666666666666664, "FPR ratio": 0.07142857142857142, "PPR": [0.9333333333333333, 0.44], "PPR whole": 0.625, "PPR ratio": 2.121212121212121}, "0.05-0.01": {"roc": 0.9139749999999999, "flag_rate": [0.075, 0.125], "flag_rate_ratio": 0.6, "TPR": [0.72, 0.55], "TPR whole": 0.635, "TPR ratio": 1.3090909090909089, "FPR": [0.0033333333333333335, 0.07777777777777778], "FPR whole": 0.04055555555555555, "FPR ratio": 0.04285714285714286, "PPR": [0.96, 0.44], "PPR whole": 0.635, "PPR ratio": 2.1818181818181817}, "0.05-0.2": {"roc": 0.9189361111111112, "flag_rate": [0.072, 0.128], "flag_rate_ratio": 0.5625, "TPR": [0.68, 0.58], "TPR whole": 0.63, "TPR ratio": 1.1724137931034484, "FPR": [0.0044444444444444444, 0.07777777777777778], "FPR whole": 0.04111111111111111, "FPR ratio": 0.05714285714285714, "PPR": [0.9444444444444444, 0.453125], "PPR whole": 0.63, "PPR ratio": 2.0842911877394634}, "0.05-0.5": {"roc": 0.9066222222222221, "flag_rate": [0.076, 0.124], "flag_rate_ratio": 0.6129032258064516, "TPR": [0.7, 0.54], "TPR whole": 0.62, "TPR ratio": 1.296296296296296, "FPR": [0.006666666666666667, 0.07777777777777778], "FPR whole": 0.042222222222222223, "FPR ratio": 0.08571428571428572, "PPR": [0.9210526315789473, 0.43548387096774194], "PPR whole": 0.62, "PPR ratio": 2.1150097465886937}, "0.05-0.8": {"roc": 0.9125333333333334, "flag_rate": [0.077, 0.123], "flag_rate_ratio": 0.6260162601626016, "TPR": [0.71, 0.53], "TPR whole": 0.62, "TPR ratio": 1.3396226415094339, "FPR": [0.006666666666666667, 0.07777777777777778], "FPR whole": 0.042222222222222223, "FPR ratio": 0.08571428571428572, "PPR": [0.922077922077922, 0.43089430894308944], "PPR whole": 0.62, "PPR ratio": 2.1399166870864983}, "0.2-0.01": {"roc": 0.9162861111111111, "flag_rate": [0.074, 0.126], "flag_rate_ratio": 0.5873015873015872, "TPR": [0.67, 0.56], "TPR whole": 0.615, "TPR ratio": 1.1964285714285714, "FPR": [0.0077777777777777776, 0.07777777777777778], "FPR whole": 0.042777777777777776, "FPR ratio": 0.09999999999999999, "PPR": [0.9054054054054054, 0.4444444444444444], "PPR whole": 0.615, "PPR ratio": 2.0371621621621623}, "0.2-0.2": {"roc": 0.9105944444444445, "flag_rate": [0.076, 0.124], "flag_rate_ratio": 0.6129032258064516, "TPR": [0.7, 0.54], "TPR whole": 0.62, "TPR ratio": 1.296296296296296, "FPR": [0.006666666666666667, 0.07777777777777778], "FPR whole": 0.042222222222222223, "FPR ratio": 0.08571428571428572, "PPR": [0.9210526315789473, 0.43548387096774194], "PPR whole": 0.62, "PPR ratio": 2.1150097465886937}, "0.2-0.5": {"roc": 0.9153749999999999, "flag_rate": [0.076, 0.124], "flag_rate_ratio": 0.6129032258064516, "TPR": [0.7, 0.54], "TPR whole": 0.62, "TPR ratio": 1.296296296296296, "FPR": [0.006666666666666667, 0.07777777777777778], "FPR whole": 0.042222222222222223, "FPR ratio": 0.08571428571428572, "PPR": [0.9210526315789473, 0.43548387096774194], "PPR whole": 0.62, "PPR ratio": 2.1150097465886937}, "0.2-0.8": {"roc": 0.9004722222222222, "flag_rate": [0.079, 0.121], "flag_rate_ratio": 0.6528925619834711, "TPR": [0.74, 0.51], "TPR whole": 0.625, "TPR ratio": 1.4509803921568627, "FPR": [0.005555555555555556, 0.07777777777777778], "FPR whole": 0.041666666666666664, "FPR ratio": 0.07142857142857142, "PPR": [0.9367088607594937, 0.4214876033057851], "PPR whole": 0.625, "PPR ratio": 2.2223876892529164}, "0.5-0.01": {"roc": 0.9284833333333333, "flag_rate": [0.069, 0.131], "flag_rate_ratio": 0.5267175572519084, "TPR": [0.68, 0.61], "TPR whole": 0.645, "TPR ratio": 1.1147540983606559, "FPR": [0.0011111111111111111, 0.07777777777777778], "FPR whole": 0.03944444444444444, "FPR ratio": 0.014285714285714285, "PPR": [0.9855072463768116, 0.46564885496183206], "PPR whole": 0.645, "PPR ratio": 2.116417201235448}, "0.5-0.2": {"roc": 0.9124555555555556, "flag_rate": [0.073, 0.127], "flag_rate_ratio": 0.5748031496062992, "TPR": [0.69, 0.57], "TPR whole": 0.63, "TPR ratio": 1.2105263157894737, "FPR": [0.0044444444444444444, 0.07777777777777778], "FPR whole": 0.04111111111111111, "FPR ratio": 0.05714285714285714, "PPR": [0.9452054794520548, 0.44881889763779526], "PPR whole": 0.63, "PPR ratio": 2.1059841384282625}, "0.5-0.5": {"roc": 0.9130611111111111, "flag_rate": [0.072, 0.128], "flag_rate_ratio": 0.5625, "TPR": [0.66, 0.58], "TPR whole": 0.62, "TPR ratio": 1.1379310344827587, "FPR": [0.006666666666666667, 0.07777777777777778], "FPR whole": 0.042222222222222223, "FPR ratio": 0.08571428571428572, "PPR": [0.9166666666666666, 0.453125], "PPR whole": 0.62, "PPR ratio": 2.022988505747126}, "0.5-0.8": {"roc": 0.9026611111111112, "flag_rate": [0.081, 0.119], "flag_rate_ratio": 0.680672268907563, "TPR": [0.72, 0.49], "TPR whole": 0.605, "TPR ratio": 1.469387755102041, "FPR": [0.01, 0.07777777777777778], "FPR whole": 0.04388888888888889, "FPR ratio": 0.12857142857142856, "PPR": [0.8888888888888888, 0.4117647058823529], "PPR whole": 0.605, "PPR ratio": 2.1587301587301586}, "0.8-0.01": {"roc": 0.9184305555555555, "flag_rate": [0.075, 0.125], "flag_rate_ratio": 0.6, "TPR": [0.71, 0.55], "TPR whole": 0.63, "TPR ratio": 1.2909090909090908, "FPR": [0.0044444444444444444, 0.07777777777777778], "FPR whole": 0.04111111111111111, "FPR ratio": 0.05714285714285714, "PPR": [0.9466666666666667, 0.44], "PPR whole": 0.63, "PPR ratio": 2.1515151515151514}, "0.8-0.2": {"roc": 0.8798499999999999, "flag_rate": [0.083, 0.117], "flag_rate_ratio": 0.7094017094017094, "TPR": [0.7, 0.47], "TPR whole": 0.585, "TPR ratio": 1.4893617021276595, "FPR": [0.014444444444444444, 0.07777777777777778], "FPR whole": 0.04611111111111111, "FPR ratio": 0.1857142857142857, "PPR": [0.8433734939759037, 0.4017094017094017], "PPR whole": 0.585, "PPR ratio": 2.099461676493207}, "0.8-0.5": {"roc": 0.8886055555555555, "flag_rate": [0.078, 0.122], "flag_rate_ratio": 0.639344262295082, "TPR": [0.68, 0.52], "TPR whole": 0.6, "TPR ratio": 1.3076923076923077, "FPR": [0.011111111111111112, 0.07777777777777778], "FPR whole": 0.044444444444444446, "FPR ratio": 0.14285714285714285, "PPR": [0.8717948717948718, 0.4262295081967213], "PPR whole": 0.6, "PPR ratio": 2.0453648915187377}, "0.8-0.8": {"roc": 0.9138999999999999, "flag_rate": [0.072, 0.128], "flag_rate_ratio": 0.5625, "TPR": [0.64, 0.58], "TPR whole": 0.61, "TPR ratio": 1.1034482758620692, "FPR": [0.008888888888888889, 0.07777777777777778], "FPR whole": 0.043333333333333335, "FPR ratio": 0.11428571428571428, "PPR": [0.8888888888888888, 0.453125], "PPR whole": 0.61, "PPR ratio": 1.9616858237547892}}