{"0.01-0.01": {"roc": 0.9332749999999999, "flag_rate": [0.095, 0.105], "flag_rate_ratio": 0.9047619047619048, "TPR": [0.74, 0.66], "TPR whole": 0.7, "TPR ratio": 1.121212121212121, "FPR": [0.023333333333333334, 0.043333333333333335], "FPR whole": 0.03333333333333333, "FPR ratio": 0.5384615384615384, "PPR": [0.7789473684210526, 0.6285714285714286], "PPR whole": 0.7, "PPR ratio": 1.2392344497607655}, "0.01-0.2": {"roc": 0.9207638888888888, "flag_rate": [0.097, 0.103], "flag_rate_ratio": 0.941747572815534, "TPR": [0.76, 0.64], "TPR whole": 0.7, "TPR ratio": 1.1875, "FPR": [0.023333333333333334, 0.043333333333333335], "FPR whole": 0.03333333333333333, "FPR ratio": 0.5384615384615384, "PPR": [0.7835051546391752, 0.6213592233009708], "PPR whole": 0.7, "PPR ratio": 1.2609536082474229}, "0.01-0.5": {"roc": 0.9288249999999999, "flag_rate": [0.093, 0.107], "flag_rate_ratio": 0.8691588785046729, "TPR": [0.78, 0.66], "TPR whole": 0.72, "TPR ratio": 1.1818181818181819, "FPR": [0.016666666666666666, 0.04555555555555556], "FPR whole": 0.03111111111111111, "FPR ratio": 0.36585365853658536, "PPR": [0.8387096774193549, 0.616822429906542], "PPR whole": 0.72, "PPR ratio": 1.3597262952101663}, "0.01-0.8": {"roc": 0.9326277777777778, "flag_rate": [0.095, 0.105], "flag_rate_ratio": 0.9047619047619048, "TPR": [0.8, 0.64], "TPR whole": 0.72, "TPR ratio": 1.25, "FPR": [0.016666666666666666, 0.04555555555555556], "FPR whole": 0.03111111111111111, "FPR ratio": 0.36585365853658536, "PPR": [0.8421052631578947, 0.6095238095238096], "PPR whole": 0.72, "PPR ratio": 1.3815789473684208}, "0.05-0.01": {"roc": 0.9356472222222221, "flag_rate": [0.094, 0.106], "flag_rate_ratio": 0.8867924528301887, "TPR": [0.8, 0.66], "TPR whole": 0.73, "TPR ratio": 1.2121212121212122, "FPR": [0.015555555555555555, 0.044444444444444446], "FPR whole": 0.03, "FPR ratio": 0.35, "PPR": [0.851063829787234, 0.6226415094339622], "PPR whole": 0.73, "PPR ratio": 1.3668600902643457}, "0.05-0.2": {"roc": 0.9279555555555554, "flag_rate": [0.094, 0.106], "flag_rate_ratio": 0.8867924528301887, "TPR": [0.78, 0.67], "TPR whole": 0.725, "TPR ratio": 1.164179104477612, "FPR": [0.017777777777777778, 0.043333333333333335], "FPR whole": 0.030555555555555555, "FPR ratio": 0.41025641025641024, "PPR": [0.8297872340425532, 0.6320754716981132], "PPR whole": 0.725, "PPR ratio": 1.3127977135598603}, "0.05-0.5": {"roc": 0.9219277777777778, "flag_rate": [0.093, 0.107], "flag_rate_ratio": 0.8691588785046729, "TPR": [0.79, 0.66], "TPR whole": 0.725, "TPR ratio": 1.196969696969697, "FPR": [0.015555555555555555, 0.04555555555555556], "FPR whole": 0.030555555555555555, "FPR ratio": 0.3414634146341463, "PPR": [0.8494623655913979, 0.616822429906542], "PPR whole": 0.725, "PPR ratio": 1.3771586836102967}, "0.05-0.8": {"roc": 0.9303555555555555, "flag_rate": [0.092, 0.108], "flag_rate_ratio": 0.8518518518518519, "TPR": [0.77, 0.68], "TPR whole": 0.725, "TPR ratio": 1.1323529411764706, "FPR": [0.016666666666666666, 0.044444444444444446], "FPR whole": 0.030555555555555555, "FPR ratio": 0.375, "PPR": [0.8369565217391305, 0.6296296296296297], "PPR whole": 0.725, "PPR ratio": 1.3292838874680308}, "0.2-0.01": {"roc": 0.9273472222222221, "flag_rate": [0.096, 0.104], "flag_rate_ratio": 0.9230769230769231, "TPR": [0.77, 0.65], "TPR whole": 0.71, "TPR ratio": 1.1846153846153846, "FPR": [0.021111111111111112, 0.043333333333333335], "FPR whole": 0.03222222222222222, "FPR ratio": 0.48717948717948717, "PPR": [0.8020833333333334, 0.625], "PPR whole": 0.71, "PPR ratio": 1.2833333333333334}, "0.2-0.2": {"roc": 0.9292305555555557, "flag_rate": [0.092, 0.108], "flag_rate_ratio": 0.8518518518518519, "TPR": [0.78, 0.68], "TPR whole": 0.73, "TPR ratio": 1.1470588235294117, "FPR": [0.015555555555555555, 0.044444444444444446], "FPR whole": 0.03, "FPR ratio": 0.35, "PPR": [0.8478260869565217, 0.6296296296296297], "PPR whole": 0.73, "PPR ratio": 1.3465473145780051}, "0.2-0.5": {"roc": 0.9371444444444444, "flag_rate": [0.089, 0.111], "flag_rate_ratio": 0.8018018018018017, "TPR": [0.77, 0.71], "TPR whole": 0.74, "TPR ratio": 1.0845070422535212, "FPR": [0.013333333333333334, 0.044444444444444446], "FPR whole": 0.028888888888888888, "FPR ratio": 0.3, "PPR": [0.8651685393258427, 0.6396396396396397], "PPR whole": 0.74, "PPR ratio": 1.3525874347206837}, "0.2-0.8": {"roc": 0.9296694444444445, "flag_rate": [0.095, 0.105], "flag_rate_ratio": 0.9047619047619048, "TPR": [0.76, 0.66], "TPR whole": 0.71, "TPR ratio": 1.1515151515151514, "FPR": [0.021111111111111112, 0.043333333333333335], "FPR whole": 0.03222222222222222, "FPR ratio": 0.48717948717948717, "PPR": [0.8, 0.6285714285714286], "PPR whole": 0.71, "PPR ratio": 1.272727272727273}, "0.5-0.01": {"roc": 0.9415916666666667, "flag_rate": [0.091, 0.109], "flag_rate_ratio": 0.8348623853211009, "TPR": [0.83, 0.7], "TPR whole": 0.765, "TPR ratio": 1.1857142857142857, "FPR": [0.008888888888888889, 0.043333333333333335], "FPR whole": 0.026111111111111113, "FPR ratio": 0.20512820512820512, "PPR": [0.9120879120879121, 0.6422018348623854], "PPR whole": 0.765, "PPR ratio": 1.4202511773940345}, "0.5-0.2": {"roc": 0.9288958333333333, "flag_rate": [0.093, 0.107], "flag_rate_ratio": 0.8691588785046729, "TPR": [0.79, 0.67], "TPR whole": 0.73, "TPR ratio": 1.1791044776119404, "FPR": [0.015555555555555555, 0.044444444444444446], "FPR whole": 0.03, "FPR ratio": 0.35, "PPR": [0.8494623655913979, 0.6261682242990654], "PPR whole": 0.73, "PPR ratio": 1.3566040763922325}, "0.5-0.5": {"roc": 0.9244277777777778, "flag_rate": [0.093, 0.107], "flag_rate_ratio": 0.8691588785046729, "TPR": [0.77, 0.66], "TPR whole": 0.715, "TPR ratio": 1.1666666666666667, "FPR": [0.017777777777777778, 0.04555555555555556], "FPR whole": 0.03166666666666667, "FPR ratio": 0.39024390243902435, "PPR": [0.8279569892473119, 0.616822429906542], "PPR whole": 0.715, "PPR ratio": 1.342293906810036}, "0.5-0.8": {"roc": 0.9141611111111111, "flag_rate": [0.099, 0.101], "flag_rate_ratio": 0.9801980198019802, "TPR": [0.78, 0.62], "TPR whole": 0.7, "TPR ratio": 1.2580645161290323, "FPR": [0.023333333333333334, 0.043333333333333335], "FPR whole": 0.03333333333333333, "FPR ratio": 0.5384615384615384, "PPR": [0.7878787878787878, 0.6138613861386139], "PPR whole": 0.7, "PPR ratio": 1.2834799608993157}, "0.8-0.01": {"roc": 0.92285, "flag_rate": [0.09, 0.11], "flag_rate_ratio": 0.8181818181818181, "TPR": [0.74, 0.69], "TPR whole": 0.715, "TPR ratio": 1.0724637681159421, "FPR": [0.017777777777777778, 0.04555555555555556], "FPR whole": 0.03166666666666667, "FPR ratio": 0.39024390243902435, "PPR": [0.8222222222222222, 0.6272727272727273], "PPR whole": 0.715, "PPR ratio": 1.3107890499194845}, "0.8-0.2": {"roc": 0.9317722222222222, "flag_rate": [0.09, 0.11], "flag_rate_ratio": 0.8181818181818181, "TPR": [0.75, 0.69], "TPR whole": 0.72, "TPR ratio": 1.0869565217391306, "FPR": [0.016666666666666666, 0.04555555555555556], "FPR whole": 0.03111111111111111, "FPR ratio": 0.36585365853658536, "PPR": [0.8333333333333334, 0.6272727272727273], "PPR whole": 0.72, "PPR ratio": 1.328502415458937}, "0.8-0.5": {"roc": 0.9305249999999999, "flag_rate": [0.094, 0.106], "flag_rate_ratio": 0.8867924528301887, "TPR": [0.78, 0.65], "TPR whole": 0.715, "TPR ratio": 1.2, "FPR": [0.017777777777777778, 0.04555555555555556], "FPR whole": 0.03166666666666667, "FPR ratio": 0.39024390243902435, "PPR": [0.8297872340425532, 0.6132075471698113], "PPR whole": 0.715, "PPR ratio": 1.353191489361702}, "0.8-0.8": {"roc": 0.9262194444444445, "flag_rate": [0.098, 0.102], "flag_rate_ratio": 0.9607843137254903, "TPR": [0.79, 0.61], "TPR whole": 0.7, "TPR ratio": 1.2950819672131149, "FPR": [0.021111111111111112, 0.04555555555555556], "FPR whole": 0.03333333333333333, "FPR ratio": 0.46341463414634143, "PPR": [0.8061224489795918, 0.5980392156862745], "PPR whole": 0.7, "PPR ratio": 1.3479424556707928}}