{"Bias Type": "variance_shift", "Data Type": "scatter", "Algorithm method": "FairOD", "Base Rate A": 0.1, "Base Rate B": 0.1, "Base Rate whole": 0.1, "Group A": "Type: Gaussian, Xc mean: 0 variance: 1", "Group B": "Type: Gaussian, Xc mean: 0 variance: 1", "Group A_anomaly": "Type: Gaussian, Xc mean: 3 variance: 1", "Group B_anomaly": "Type: Gaussian, Xc mean: 3 variance: 1", "parameter_0": {"parameter": 0, "Flag_rate_A": {"e0": 0.102, "e1": 0.099, "e2": 0.103, "e3": 0.095, "e4": 0.107}, "Recall_A": {"e0": 0.78, "e1": 0.8, "e2": 0.85, "e3": 0.78, "e4": 0.78}, "FPR_A": {"e0": 0.02666666666666667, "e1": 0.021111111111111112, "e2": 0.02, "e3": 0.01888888888888889, "e4": 0.03222222222222222}, "Precision_A": {"e0": 0.7647058823529411, "e1": 0.8080808080808081, "e2": 0.8252427184466019, "e3": 0.8210526315789474, "e4": 0.7289719626168224}, "Flag_rate_B": {"e0": 0.098, "e1": 0.101, "e2": 0.097, "e3": 0.105, "e4": 0.093}, "Recall_B": {"e0": 0.69, "e1": 0.81, "e2": 0.81, "e3": 0.77, "e4": 0.76}, "FPR_B": {"e0": 0.03222222222222222, "e1": 0.022222222222222223, "e2": 0.017777777777777778, "e3": 0.03111111111111111, "e4": 0.01888888888888889}, "Precision_B": {"e0": 0.7040816326530612, "e1": 0.801980198019802, "e2": 0.8350515463917526, "e3": 0.7333333333333333, "e4": 0.8172043010752689}, "Recall_overall": {"e0": 0.735, "e1": 0.805, "e2": 0.83, "e3": 0.775, "e4": 0.77}, "FPR_ovrall": {"e0": 0.029444444444444443, "e1": 0.021666666666666667, "e2": 0.01888888888888889, "e3": 0.025, "e4": 0.025555555555555557}, "Precision_overall": {"e0": 0.735, "e1": 0.805, "e2": 0.83, "e3": 0.775, "e4": 0.77}, "Flag_rate_ratio": {"e0": 1.040816326530612, "e1": 0.9801980198019802, "e2": 1.0618556701030928, "e3": 0.9047619047619048, "e4": 1.1505376344086022}, "TPR_ratio": {"e0": 1.1304347826086958, "e1": 0.9876543209876543, "e2": 1.0493827160493827, "e3": 1.012987012987013, "e4": 1.0263157894736843}, "FPR_ratio": {"e0": 0.8275862068965518, "e1": 0.95, "e2": 1.125, "e3": 0.6071428571428572, "e4": 1.7058823529411764}, "PPR_ratio": {"e0": 1.0861040068201193, "e1": 1.0076069335328595, "e2": 0.9882536257940788, "e3": 1.1196172248803828, "e4": 0.8920314805705852}, "auroc": {"e0": 0.9534833333333333, "e1": 0.946575, "e2": 0.9608083333333333, "e3": 0.9535333333333333, "e4": 0.9420361111111111}}, "parameter_0.05": {"parameter": 0.05, "Flag_rate_A": {"e0": 0.103, "e1": 0.099, "e2": 0.103, "e3": 0.1, "e4": 0.093}, "Recall_A": {"e0": 0.79, "e1": 0.58, "e2": 0.87, "e3": 0.75, "e4": 0.75}, "FPR_A": {"e0": 0.02666666666666667, "e1": 0.04555555555555556, "e2": 0.017777777777777778, "e3": 0.027777777777777776, "e4": 0.02}, "Precision_A": {"e0": 0.7669902912621359, "e1": 0.5858585858585859, "e2": 0.8446601941747572, "e3": 0.75, "e4": 0.8064516129032258}, "Flag_rate_B": {"e0": 0.097, "e1": 0.101, "e2": 0.097, "e3": 0.1, "e4": 0.107}, "Recall_B": {"e0": 0.73, "e1": 0.59, "e2": 0.82, "e3": 0.75, "e4": 0.77}, "FPR_B": {"e0": 0.02666666666666667, "e1": 0.04666666666666667, "e2": 0.016666666666666666, "e3": 0.027777777777777776, "e4": 0.03333333333333333}, "Precision_B": {"e0": 0.7525773195876289, "e1": 0.5841584158415841, "e2": 0.845360824742268, "e3": 0.75, "e4": 0.719626168224299}, "Recall_overall": {"e0": 0.76, "e1": 0.585, "e2": 0.845, "e3": 0.75, "e4": 0.76}, "FPR_ovrall": {"e0": 0.02666666666666667, "e1": 0.04611111111111111, "e2": 0.017222222222222222, "e3": 0.027777777777777776, "e4": 0.02666666666666667}, "Precision_overall": {"e0": 0.76, "e1": 0.585, "e2": 0.845, "e3": 0.75, "e4": 0.76}, "Flag_rate_ratio": {"e0": 1.0618556701030928, "e1": 0.9801980198019802, "e2": 1.0618556701030928, "e3": 1.0, "e4": 0.8691588785046729}, "TPR_ratio": {"e0": 1.082191780821918, "e1": 0.983050847457627, "e2": 1.0609756097560976, "e3": 1.0, "e4": 0.974025974025974}, "FPR_ratio": {"e0": 1.0, "e1": 0.9761904761904762, "e2": 1.0666666666666667, "e3": 1.0, "e4": 0.6}, "PPR_ratio": {"e0": 1.0191514829099615, "e1": 1.0029104605375792, "e2": 0.999171205304286, "e3": 1.0, "e4": 1.1206535400083788}, "auroc": {"e0": 0.9463583333333333, "e1": 0.8930027777777777, "e2": 0.9635777777777778, "e3": 0.9395694444444445, "e4": 0.9271805555555557}}, "parameter_0.1": {"parameter": 0.1, "Flag_rate_A": {"e0": 0.096, "e1": 0.097, "e2": 0.104, "e3": 0.103, "e4": 0.101}, "Recall_A": {"e0": 0.82, "e1": 0.75, "e2": 0.87, "e3": 0.85, "e4": 0.83}, "FPR_A": {"e0": 0.015555555555555555, "e1": 0.024444444444444446, "e2": 0.01888888888888889, "e3": 0.02, "e4": 0.02}, "Precision_A": {"e0": 0.8541666666666666, "e1": 0.7731958762886598, "e2": 0.8365384615384616, "e3": 0.8252427184466019, "e4": 0.8217821782178217}, "Flag_rate_B": {"e0": 0.104, "e1": 0.103, "e2": 0.096, "e3": 0.097, "e4": 0.099}, "Recall_B": {"e0": 0.83, "e1": 0.76, "e2": 0.8, "e3": 0.81, "e4": 0.81}, "FPR_B": {"e0": 0.023333333333333334, "e1": 0.03, "e2": 0.017777777777777778, "e3": 0.017777777777777778, "e4": 0.02}, "Precision_B": {"e0": 0.7980769230769231, "e1": 0.7378640776699029, "e2": 0.8333333333333334, "e3": 0.8350515463917526, "e4": 0.8181818181818182}, "Recall_overall": {"e0": 0.825, "e1": 0.755, "e2": 0.835, "e3": 0.83, "e4": 0.82}, "FPR_ovrall": {"e0": 0.019444444444444445, "e1": 0.02722222222222222, "e2": 0.018333333333333333, "e3": 0.01888888888888889, "e4": 0.02}, "Precision_overall": {"e0": 0.825, "e1": 0.755, "e2": 0.835, "e3": 0.83, "e4": 0.82}, "Flag_rate_ratio": {"e0": 0.9230769230769231, "e1": 0.941747572815534, "e2": 1.0833333333333333, "e3": 1.0618556701030928, "e4": 1.02020202020202}, "TPR_ratio": {"e0": 0.9879518072289156, "e1": 0.9868421052631579, "e2": 1.0875, "e3": 1.0493827160493827, "e4": 1.0246913580246912}, "FPR_ratio": {"e0": 0.6666666666666666, "e1": 0.8148148148148149, "e2": 1.0625, "e3": 1.125, "e4": 1.0}, "PPR_ratio": {"e0": 1.070281124497992, "e1": 1.0478838849701573, "e2": 1.0038461538461538, "e3": 0.9882536257940788, "e4": 1.0044004400440043}, "auroc": {"e0": 0.9673416666666667, "e1": 0.9358472222222222, "e2": 0.9616416666666667, "e3": 0.9619333333333334, "e4": 0.9448194444444444}}, "parameter_0.2": {"parameter": 0.2, "Flag_rate_A": {"e0": 0.099, "e1": 0.104, "e2": 0.098, "e3": 0.099, "e4": 0.1}, "Recall_A": {"e0": 0.69, "e1": 0.53, "e2": 0.5, "e3": 0.72, "e4": 0.65}, "FPR_A": {"e0": 0.03333333333333333, "e1": 0.056666666666666664, "e2": 0.05333333333333334, "e3": 0.03, "e4": 0.03888888888888889}, "Precision_A": {"e0": 0.696969696969697, "e1": 0.5096153846153846, "e2": 0.5102040816326531, "e3": 0.7272727272727273, "e4": 0.65}, "Flag_rate_B": {"e0": 0.101, "e1": 0.096, "e2": 0.102, "e3": 0.101, "e4": 0.1}, "Recall_B": {"e0": 0.64, "e1": 0.52, "e2": 0.52, "e3": 0.66, "e4": 0.62}, "FPR_B": {"e0": 0.04111111111111111, "e1": 0.04888888888888889, "e2": 0.05555555555555555, "e3": 0.03888888888888889, "e4": 0.042222222222222223}, "Precision_B": {"e0": 0.6336633663366337, "e1": 0.5416666666666666, "e2": 0.5098039215686274, "e3": 0.6534653465346535, "e4": 0.62}, "Recall_overall": {"e0": 0.665, "e1": 0.525, "e2": 0.51, "e3": 0.69, "e4": 0.635}, "FPR_ovrall": {"e0": 0.03722222222222222, "e1": 0.05277777777777778, "e2": 0.05444444444444444, "e3": 0.034444444444444444, "e4": 0.04055555555555555}, "Precision_overall": {"e0": 0.665, "e1": 0.525, "e2": 0.51, "e3": 0.69, "e4": 0.635}, "Flag_rate_ratio": {"e0": 0.9801980198019802, "e1": 1.0833333333333333, "e2": 0.9607843137254903, "e3": 0.9801980198019802, "e4": 1.0}, "TPR_ratio": {"e0": 1.078125, "e1": 1.0192307692307692, "e2": 0.9615384615384615, "e3": 1.0909090909090908, "e4": 1.0483870967741935}, "FPR_ratio": {"e0": 0.8108108108108107, "e1": 1.159090909090909, "e2": 0.9600000000000001, "e3": 0.7714285714285714, "e4": 0.9210526315789473}, "PPR_ratio": {"e0": 1.099905303030303, "e1": 0.9408284023668639, "e2": 1.000784929356358, "e3": 1.1129476584022038, "e4": 1.0483870967741935}, "auroc": {"e0": 0.9154055555555556, "e1": 0.8512583333333333, "e2": 0.8428694444444443, "e3": 0.9255527777777778, "e4": 0.914588888888889}}, "parameter_0.5": {"parameter": 0.5, "Flag_rate_A": {"e0": 0.106, "e1": 0.098, "e2": 0.091,