{"0.01-0.01": {"roc": 0.9374105263157895, "flag_rate": [0.05, 0.05], "flag_rate_ratio": 1.0, "TPR": [0.84, 0.76], "TPR whole": 0.8, "TPR ratio": 1.1052631578947367, "FPR": [0.008421052631578947, 0.01263157894736842], "FPR whole": 0.010526315789473684, "FPR ratio": 0.6666666666666666, "PPR": [0.84, 0.76], "PPR whole": 0.8, "PPR ratio": 1.1052631578947367}, "0.01-0.2": {"roc": 0.9319368421052632, "flag_rate": [0.054, 0.046], "flag_rate_ratio": 1.173913043478261, "TPR": [0.82, 0.72], "TPR whole": 0.77, "TPR ratio": 1.1388888888888888, "FPR": [0.01368421052631579, 0.010526315789473684], "FPR whole": 0.012105263157894737, "FPR ratio": 1.3, "PPR": [0.7592592592592593, 0.782608695652174], "PPR whole": 0.77, "PPR ratio": 0.970164609053498}, "0.01-0.5": {"roc": 0.9089631578947368, "flag_rate": [0.047, 0.053], "flag_rate_ratio": 0.8867924528301887, "TPR": [0.8, 0.72], "TPR whole": 0.76, "TPR ratio": 1.1111111111111112, "FPR": [0.007368421052631579, 0.017894736842105262], "FPR whole": 0.01263157894736842, "FPR ratio": 0.411764705882353, "PPR": [0.851063829787234, 0.6792452830188679], "PPR whole": 0.76, "PPR ratio": 1.2529550827423168}, "0.01-0.8": {"roc": 0.9307473684210525, "flag_rate": [0.052, 0.048], "flag_rate_ratio": 1.0833333333333333, "TPR": [0.82, 0.72], "TPR whole": 0.77, "TPR ratio": 1.1388888888888888, "FPR": [0.011578947368421053, 0.01263157894736842], "FPR whole": 0.012105263157894737, "FPR ratio": 0.9166666666666667, "PPR": [0.7884615384615384, 0.75], "PPR whole": 0.77, "PPR ratio": 1.0512820512820513}, "0.05-0.01": {"roc": 0.9346473684210524, "flag_rate": [0.051, 0.049], "flag_rate_ratio": 1.040816326530612, "TPR": [0.82, 0.76], "TPR whole": 0.79, "TPR ratio": 1.0789473684210527, "FPR": [0.010526315789473684, 0.011578947368421053], "FPR whole": 0.011052631578947368, "FPR ratio": 0.9090909090909091, "PPR": [0.803921568627451, 0.7755102040816326], "PPR whole": 0.79, "PPR ratio": 1.0366357069143448}, "0.05-0.2": {"roc": 0.9343631578947368, "flag_rate": [0.047, 0.053], "flag_rate_ratio": 0.8867924528301887, "TPR": [0.8, 0.72], "TPR whole": 0.76, "TPR ratio": 1.1111111111111112, "FPR": [0.007368421052631579, 0.017894736842105262], "FPR whole": 0.01263157894736842, "FPR ratio": 0.411764705882353, "PPR": [0.851063829787234, 0.6792452830188679], "PPR whole": 0.76, "PPR ratio": 1.2529550827423168}, "0.05-0.5": {"roc": 0.9353473684210526, "flag_rate": [0.053, 0.047], "flag_rate_ratio": 1.127659574468085, "TPR": [0.8, 0.72], "TPR whole": 0.76, "TPR ratio": 1.1111111111111112, "FPR": [0.01368421052631579, 0.011578947368421053], "FPR whole": 0.01263157894736842, "FPR ratio": 1.1818181818181819, "PPR": [0.7547169811320755, 0.7659574468085106], "PPR whole": 0.76, "PPR ratio": 0.9853249475890986}, "0.05-0.8": {"roc": 0.931321052631579, "flag_rate": [0.054, 0.046], "flag_rate_ratio": 1.173913043478261, "TPR": [0.72, 0.74], "TPR whole": 0.73, "TPR ratio": 0.9729729729729729, "FPR": [0.018947368421052633, 0.009473684210526316], "FPR whole": 0.014210526315789474, "FPR ratio": 2.0, "PPR": [0.6666666666666666, 0.8043478260869565], "PPR whole": 0.73, "PPR ratio": 0.8288288288288288}, "0.2-0.01": {"roc": 0.9373052631578948, "flag_rate": [0.051, 0.049], "flag_rate_ratio": 1.040816326530612, "TPR": [0.84, 0.76], "TPR whole": 0.8, "TPR ratio": 1.1052631578947367, "FPR": [0.009473684210526316, 0.011578947368421053], "FPR whole": 0.010526315789473684, "FPR ratio": 0.8181818181818182, "PPR": [0.8235294117647058, 0.7755102040816326], "PPR whole": 0.8, "PPR ratio": 1.061919504643963}, "0.2-0.2": {"roc": 0.9146947368421053, "flag_rate": [0.049, 0.051], "flag_rate_ratio": 0.9607843137254903, "TPR": [0.82, 0.7], "TPR whole": 0.76, "TPR ratio": 1.1714285714285715, "FPR": [0.008421052631578947, 0.016842105263157894], "FPR whole": 0.01263157894736842, "FPR ratio": 0.5, "PPR": [0.8367346938775511, 0.6862745098039216], "PPR whole": 0.76, "PPR ratio": 1.2192419825072887}, "0.2-0.5": {"roc": 0.9382157894736843, "flag_rate": [0.055, 0.045], "flag_rate_ratio": 1.2222222222222223, "TPR": [0.8, 0.7], "TPR whole": 0.75, "TPR ratio": 1.142857142857143, "FPR": [0.015789473684210527, 0.010526315789473684], "FPR whole": 0.013157894736842105, "FPR ratio": 1.5, "PPR": [0.7272727272727273, 0.7777777777777778], "PPR whole": 0.75, "PPR ratio": 0.935064935064935}, "0.2-0.8": {"roc": 0.9234842105263157, "flag_rate": [0.049, 0.051], "flag_rate_ratio": 0.9607843137254903, "TPR": [0.76, 0.66], "TPR whole": 0.71, "TPR ratio": 1.1515151515151514, "FPR": [0.011578947368421053, 0.018947368421052633], "FPR whole": 0.015263157894736841, "FPR ratio": 0.611111111111111, "PPR": [0.7755102040816326, 0.6470588235294118], "PPR whole": 0.71, "PPR ratio": 1.1985157699443412}, "0.5-0.01": {"roc": 0.9404, "flag_rate": [0.047, 0.053], "flag_rate_ratio": 0.8867924528301887, "TPR": [0.84, 0.76], "TPR whole": 0.8, "TPR ratio": 1.1052631578947367, "FPR": [0.005263157894736842, 0.015789473684210527], "FPR whole": 0.010526315789473684, "FPR ratio": 0.3333333333333333, "PPR": [0.8936170212765957, 0.7169811320754716], "PPR whole": 0.8, "PPR ratio": 1.2463605823068309}, "0.5-0.2": {"roc": 0.9245210526315789, "flag_rate": [0.053, 0.047], "flag_rate_ratio": 1.127659574468085, "TPR": [0.76, 0.74], "TPR whole": 0.75, "TPR ratio": 1.027027027027027, "FPR": [0.015789473684210527, 0.010526315789473684], "FPR whole": 0.013157894736842105, "FPR ratio": 1.5, "PPR": [0.7169811320754716, 0.7872340425531915], "PPR whole": 0.75, "PPR ratio": 0.9107598164201937}, "0.5-0.5": {"roc": 0.9367684210526316, "flag_rate": [0.05, 0.05], "flag_rate_ratio": 1.0, "TPR": [0.78, 0.68], "TPR whole": 0.73, "TPR ratio": 1.1470588235294117, "FPR": [0.011578947368421053, 0.016842105263157894], "FPR whole": 0.014210526315789474, "FPR ratio": 0.6875, "PPR": [0.78, 0.68], "PPR whole": 0.73, "PPR ratio": 1.1470588235294117}, "0.5-0.8": {"roc": 0.9175894736842105, "flag_rate": [0.059, 0.041], "flag_rate_ratio": 1.4390243902439024, "TPR": [0.8, 0.7], "TPR whole": 0.75, "TPR ratio": 1.142857142857143, "FPR": [0.02, 0.00631578947368421], "FPR whole": 0.013157894736842105, "FPR ratio": 3.166666666666667, "PPR": [0.6779661016949152, 0.8536585365853658], "PPR whole": 0.75, "PPR ratio": 0.7941888619854721}, "0.8-0.01": {"roc": 0.9385894736842104, "flag_rate": [0.047, 0.053], "flag_rate_ratio": 0.8867924528301887, "TPR": [0.84, 0.76], "TPR whole": 0.8, "TPR ratio": 1.1052631578947367, "FPR": [0.005263157894736842, 0.015789473684210527], "FPR whole": 0.010526315789473684, "FPR ratio": 0.3333333333333333, "PPR": [0.8936170212765957, 0.7169811320754716], "PPR whole": 0.8, "PPR ratio": 1.2463605823068309}, "0.8-0.2": {"roc": 0.9182947368421053, "flag_rate": [0.051, 0.049], "flag_rate_ratio": 1.040816326530612, "TPR": [0.8, 0.72], "TPR whole": 0.76, "TPR ratio": 1.1111111111111112, "FPR": [0.011578947368421053, 0.01368421052631579], "FPR whole": 0.01263157894736842, "FPR ratio": 0.8461538461538461, "PPR": [0.7843137254901961, 0.7346938775510204], "PPR whole": 0.76, "PPR ratio": 1.0675381263616557}, "0.8-0.5": {"roc": 0.9254368421052631, "flag_rate": [0.058, 0.042], "flag_rate_ratio": 1.380952380952381, "TPR": [0.78, 0.68], "TPR whole": 0.73, "TPR ratio": 1.1470588235294117, "FPR": [0.02, 0.008421052631578947], "FPR whole": 0.014210526315789474, "FPR ratio": 2.375, "PPR": [0.6724137931034483, 0.8095238095238095], "PPR whole": 0.73, "PPR ratio": 0.8306288032454361}, "0.8-0.8": {"roc": 0.9183210526315789, "flag_rate": [0.051, 0.049], "flag_rate_ratio": 1.040816326530612, "TPR": [0.74, 0.68], "TPR whole": 0.71, "TPR ratio": 1.088235294117647, "FPR": [0.014736842105263158, 0.015789473684210527], "FPR whole": 0.015263157894736841, "FPR ratio": 0.9333333333333332, "PPR": [0.7254901960784313, 0.6938775510204082], "PPR whole": 0.71, "PPR ratio": 1.0455594002306805}}