{"Bias Type": "obfuscation_bias", "Data Type": "scatter", "Algorithm method": "DeepAE", "Base Rate A": 0.1, "Base Rate B": 0.1, "Base Rate whole": 0.1, "Group A": "Type: Gaussian, Xc mean: 0 variance: 1", "Group B": "Type: Gaussian, Xc mean: 0 variance: 1", "Group A_anomaly": "Type: Gaussian, Xc mean: 3 variance: 1", "Group B_anomaly": "Type: Gaussian, Xc mean: 3 variance: 1", "parameter_0.05": {"parameter": 0.05, "Flag_rate_A": {"e0": 0.075, "e1": 0.079, "e2": 0.078, "e3": 0.079, "e4": 0.076}, "Recall_A": {"e0": 0.7, "e1": 0.76, "e2": 0.74, "e3": 0.77, "e4": 0.65}, "FPR_A": {"e0": 0.005555555555555556, "e1": 0.0033333333333333335, "e2": 0.0044444444444444444, "e3": 0.0022222222222222222, "e4": 0.012222222222222223}, "Precision_A": {"e0": 0.9333333333333333, "e1": 0.9620253164556962, "e2": 0.9487179487179487, "e3": 0.9746835443037974, "e4": 0.8552631578947368}, "Flag_rate_B": {"e0": 0.125, "e1": 0.121, "e2": 0.122, "e3": 0.121, "e4": 0.124}, "Recall_B": {"e0": 0.78, "e1": 0.78, "e2": 0.77, "e3": 0.8, "e4": 0.71}, "FPR_B": {"e0": 0.052222222222222225, "e1": 0.04777777777777778, "e2": 0.05, "e3": 0.04555555555555556, "e4": 0.058888888888888886}, "Precision_B": {"e0": 0.624, "e1": 0.6446280991735537, "e2": 0.6311475409836066, "e3": 0.6611570247933884, "e4": 0.5725806451612904}, "Recall_overall": {"e0": 0.74, "e1": 0.77, "e2": 0.755, "e3": 0.785, "e4": 0.68}, "FPR_ovrall": {"e0": 0.028888888888888888, "e1": 0.025555555555555557, "e2": 0.02722222222222222, "e3": 0.02388888888888889, "e4": 0.035555555555555556}, "Precision_overall": {"e0": 0.74, "e1": 0.77, "e2": 0.755, "e3": 0.785, "e4": 0.68}, "Flag_rate_ratio": {"e0": 0.6, "e1": 0.6528925619834711, "e2": 0.639344262295082, "e3": 0.6528925619834711, "e4": 0.6129032258064516}, "TPR_ratio": {"e0": 0.8974358974358974, "e1": 0.9743589743589743, "e2": 0.961038961038961, "e3": 0.9625, "e4": 0.915492957746479}, "FPR_ratio": {"e0": 0.10638297872340426, "e1": 0.06976744186046512, "e2": 0.08888888888888888, "e3": 0.048780487804878044, "e4": 0.20754716981132076}, "PPR_ratio": {"e0": 1.4957264957264957, "e1": 1.4923726062966571, "e2": 1.5031635031635031, "e3": 1.4742088607594936, "e4": 1.4936990363232023}, "auroc": {"e0": 0.9390027777777777, "e1": 0.9624444444444444, "e2": 0.9513277777777777, "e3": 0.9615166666666666, "e4": 0.9341722222222222}}, "parameter_0.1": {"parameter": 0.1, "Flag_rate_A": {"e0": 0.064, "e1": 0.063, "e2": 0.062, "e3": 0.062, "e4": 0.062}, "Recall_A": {"e0": 0.63, "e1": 0.63, "e2": 0.62, "e3": 0.62, "e4": 0.62}, "FPR_A": {"e0": 0.0011111111111111111, "e1": 0.0, "e2": 0.0, "e3": 0.0, "e4": 0.0}, "Precision_A": {"e0": 0.984375, "e1": 1.0, "e2": 1.0, "e3": 1.0, "e4": 1.0}, "Flag_rate_B": {"e0": 0.136, "e1": 0.137, "e2": 0.138, "e3": 0.138, "e4": 0.138}, "Recall_B": {"e0": 0.66, "e1": 0.67, "e2": 0.65, "e3": 0.68, "e4": 0.68}, "FPR_B": {"e0": 0.07777777777777778, "e1": 0.07777777777777778, "e2": 0.0811111111111111, "e3": 0.07777777777777778, "e4": 0.07777777777777778}, "Precision_B": {"e0": 0.4852941176470588, "e1": 0.48905109489051096, "e2": 0.47101449275362317, "e3": 0.4927536231884058, "e4": 0.4927536231884058}, "Recall_overall": {"e0": 0.645, "e1": 0.65, "e2": 0.635, "e3": 0.65, "e4": 0.65}, "FPR_ovrall": {"e0": 0.03944444444444444, "e1": 0.03888888888888889, "e2": 0.04055555555555555, "e3": 0.03888888888888889, "e4": 0.03888888888888889}, "Precision_overall": {"e0": 0.645, "e1": 0.65, "e2": 0.635, "e3": 0.65, "e4": 0.65}, "Flag_rate_ratio": {"e0": 0.47058823529411764, "e1": 0.45985401459854014, "e2": 0.4492753623188405, "e3": 0.4492753623188405, "e4": 0.4492753623188405}, "TPR_ratio": {"e0": 0.9545454545454545, "e1": 0.9402985074626865, "e2": 0.9538461538461538, "e3": 0.9117647058823529, "e4": 0.9117647058823529}, "FPR_ratio": {"e0": 0.014285714285714285, "e1": 0.0, "e2": 0.0, "e3": 0.0, "e4": 0.0}, "PPR_ratio": {"e0": 2.028409090909091, "e1": 2.044776119402985, "e2": 2.123076923076923, "e3": 2.0294117647058822, "e4": 2.0294117647058822}, "auroc": {"e0": 0.9254888888888889, "e1": 0.9388527777777778, "e2": 0.9385305555555556, "e3": 0.932875, "e4": 0.9412333333333333}}, "parameter_0.15": {"parameter": 0.15, "Flag_rate_A": {"e0": 0.042, "e1": 0.039, "e2": 0.041, "e3": 0.044, "e4": 0.036}, "Recall_A": {"e0": 0.42, "e1": 0.39, "e2": 0.4, "e3": 0.44, "e4": 0.36}, "FPR_A": {"e0": 0.0, "e1": 0.0, "e2": 0.0011111111111111111, "e3": 0.0, "e4": 0.0}, "Precision_A": {"e0": 1.0, "e1": 1.0, "e2": 0.975609756097561, "e3": 1.0, "e4": 1.0}, "Flag_rate_B": {"e0": 0.158, "e1": 0.161, "e2": 0.159, "e3": 0.156, "e4": 0.164}, "Recall_B": {"e0": 0.52, "e1": 0.55, "e2": 0.53, "e3": 0.5, "e4": 0.58}, "FPR_B": {"e0": 0.11777777777777777, "e1": 0.11777777777777777, "e2": 0.11777777777777777, "e3": 0.11777777777777777, "e4": 0.11777777777777777}, "Precision_B": {"e0": 0.3291139240506329, "e1": 0.3416149068322981, "e2": 0.3333333333333333, "e3": 0.32051282051282054, "e4": 0.35365853658536583}, "Recall_overall": {"e0": 0.47, "e1": 0.47, "e2": 0.465, "e3": 0.47, "e4": 0.47}, "FPR_ovrall": {"e0": 0.058888888888888886, "e1": 0.058888888888888886, "e2": 0.059444444444444446, "e3": 0.058888888888888886, "e4": 0.058888888888888886}, "Precision_overall": {"e0": 0.47, "e1": 0.47, "e2": 0.465, "e3": 0.47, "e4": 0.47}, "Flag_rate_ratio": {"e0": 0.2658227848101266, "e1": 0.24223602484472048, "e2": 0.2578616352201258, "e3": 0.28205128205128205, "e4": 0.2195121951219512}, "TPR_ratio": {"e0": 0.8076923076923076, "e1": 0.7090909090909091, "e2": 0.7547169811320755, "e3": 0.88, "e4": 0.6206896551724138}, "FPR_ratio": {"e0": 0.0, "e1": 0.0, "e2": 0.009433962264150943, "e3": 0.0, "e4": 0.0}, "PPR_ratio": {"e0": 3.0384615384615388, "e1": 2.9272727272727272, "e2": 2.926829268292683, "e3": 3.1199999999999997, "e4": 2.827586206896552}, "auroc": {"e0": 0.9033833333333334, "e1": 0.9275805555555556, "e2": 0.9209416666666667, "e3": 0.9197611111111111, "e4": 0.9069194444444445}}, "parameter_0.2": {"parameter": 0.2, "Flag_rate_A": {"e0": 0.033, "e1": 0.027, "e2": 0.025, "e3": 0.024, "e4": 0.031}, "Recall_A": {"e0": 0.33, "e1": 0.27, "e2": 0.25, "e3": 0.24, "e4": 0.31}, "FPR_A": {"e0": 0.0, "e1": 0.0, "e2": 0.0, "e3": 0.0, "e4": 0.0}, "Precision_A": {"e0": 1.0, "e1": 1.0, "e2": 1.0, "e3": 1.0, "e4": 1.0}, "Flag_rate_B": {"e0": 0.167, "e1": 0.173, "e2": 0.175, "e3": 0.176, "e4": 0.169}, "Recall_B": {"e0": 0.45, "e1": 0.49, "e2": 0.37, "e3": 0.39, "e4": 0.47}, "FPR_B": {"e0": 0.13555555555555557, "e1": 0.13777777777777778, "e2": 0.15333333333333332, "e3": 0.15222222222222223, "e4": 0.13555555555555557}, "Precision_B": {"e0": 0.2694610778443114, "e1": 0.2832369942196532, "e2": 0.21142857142857144, "e3": 0.2215909090909091, "e4": 0.2781065088757396}, "Recall_overall": {"e0": 0.39, "e1": 0.38, "e2": 0.31, "e3": 0.315, "e4": 0.39}, "FPR_ovrall": {"e0": 0.06777777777777778, "e1": 0.06888888888888889, "e2": 0.07666666666666666, "e3": 0.07611111111111112, "e4": 0.06777777777777778}, "Precision_overall": {"e0": 0.39, "e1": 0.38, "e2": 0.31, "e3": 0.315, "e4": 0.39}, "Flag_rate_ratio": {"e0": 0.19760479041916168, "e1": 0.15606936416184972, "e2": 0.14285714285714288, "e3": 0.13636363636363638, "e4": 0.1834319526627219}, "TPR_ratio": {"e0": 0.7333333333333334, "e1": 0.5510204081632654, "e2": 0.6756756756756757, "e3": 0.6153846153846153, "e4": 0.6595744680851064}, "FPR_ratio": {"e0": 0.0, "e1": 0.0, "e2": 0.0, "e3": 0.0, "e4": 0.0}, "PPR_ratio": {"e0": 3.711111111111111, "e1": 3.530612244897959, "e2": 4.72972972972973, "e3": 4.512820512820513, "e4": 3.5957446808510642}, "auroc": {"e0": 0.9042388888888888, "e1": 0.8991611111111111, "e2": 0.9060472222222222, "e3": 0.9010083333333333, "e4": 0.9026305555555555}}, "parameter_0.3": {"parameter": 0.3, "Flag_rate_A": {"e0": 0.034, "e1": 0.069, "e2": 0.027, "e3": 0.017, "e4": 0.018}, "Recall_A": {"e0": 0.34, "e1": 0.68, "e2": 0.27, "e3": 0.17, "e4": 0.18}, "FPR_A": {"e0": 0.0, "e1": 0.0011111111111111111, "e2": 0.0, "e3": 0.0, "e4": 0.0}, "Precision_A": {"e0": 1.0, "e1": 0.9855072463768116, "e2": 1.0, "e3": 1.0,