{"Bias Type": "obfuscation_bias", "Data Type": "scatter", "Algorithm method": "LOF", "Base Rate A": 0.1, "Base Rate B": 0.1, "Group A": "Type: Gaussian, Xc mean: 0 variance: 1", "Group B": "Type: Gaussian, Xc mean: 0 variance: 1", "Group A_anomaly": "Type: Gaussian, Xc mean: 3 variance: 1", "Group B_anomaly": "Type: Gaussian, Xc mean: 3 variance: 1", "parameter_0.05": {"parameter": 0.05, "Flag_rate_A": {"e0": 0.081, "e1": 0.071, "e2": 0.086, "e3": 0.084, "e4": 0.079, "e5": 0.082, "e6": 0.079, "e7": 0.085, "e8": 0.088, "e9": 0.084}, "Recall_A": {"e0": 0.68, "e1": 0.59, "e2": 0.66, "e3": 0.66, "e4": 0.58, "e5": 0.62, "e6": 0.62, "e7": 0.67, "e8": 0.59, "e9": 0.72}, "FPR_A": {"e0": 0.014444444444444444, "e1": 0.013333333333333334, "e2": 0.022222222222222223, "e3": 0.02, "e4": 0.023333333333333334, "e5": 0.022222222222222223, "e6": 0.01888888888888889, "e7": 0.02, "e8": 0.03222222222222222, "e9": 0.013333333333333334}, "Precision_A": {"e0": 0.8395061728395061, "e1": 0.8309859154929577, "e2": 0.7674418604651163, "e3": 0.7857142857142857, "e4": 0.7341772151898734, "e5": 0.7560975609756098, "e6": 0.7848101265822784, "e7": 0.788235294117647, "e8": 0.6704545454545454, "e9": 0.8571428571428571}, "Flag_rate_B": {"e0": 0.119, "e1": 0.129, "e2": 0.114, "e3": 0.116, "e4": 0.121, "e5": 0.118, "e6": 0.121, "e7": 0.115, "e8": 0.112, "e9": 0.116}, "Recall_B": {"e0": 0.67, "e1": 0.67, "e2": 0.67, "e3": 0.69, "e4": 0.68, "e5": 0.69, "e6": 0.69, "e7": 0.6, "e8": 0.73, "e9": 0.63}, "FPR_B": {"e0": 0.057777777777777775, "e1": 0.06888888888888889, "e2": 0.052222222222222225, "e3": 0.052222222222222225, "e4": 0.058888888888888886, "e5": 0.05444444444444444, "e6": 0.057777777777777775, "e7": 0.06111111111111111, "e8": 0.043333333333333335, "e9": 0.058888888888888886}, "Precision_B": {"e0": 0.5630252100840336, "e1": 0.5193798449612403, "e2": 0.5877192982456141, "e3": 0.5948275862068966, "e4": 0.5619834710743802, "e5": 0.5847457627118644, "e6": 0.5702479338842975, "e7": 0.5217391304347826, "e8": 0.6517857142857143, "e9": 0.5431034482758621}, "Flag_rate_overall": {"e0": 0.1, "e1": 0.1, "e2": 0.1, "e3": 0.1, "e4": 0.1, "e5": 0.1, "e6": 0.1, "e7": 0.1, "e8": 0.1, "e9": 0.1}, "Recall_overall": {"e0": 0.675, "e1": 0.63, "e2": 0.665, "e3": 0.675, "e4": 0.63, "e5": 0.655, "e6": 0.655, "e7": 0.635, "e8": 0.66, "e9": 0.675}, "FPR_ovrall": {"e0": 0.03611111111111111, "e1": 0.04111111111111111, "e2": 0.03722222222222222, "e3": 0.03611111111111111, "e4": 0.04111111111111111, "e5": 0.03833333333333333, "e6": 0.03833333333333333, "e7": 0.04055555555555555, "e8": 0.03777777777777778, "e9": 0.03611111111111111}, "Precision_overall": {"e0": 0.675, "e1": 0.63, "e2": 0.665, "e3": 0.675, "e4": 0.63, "e5": 0.655, "e6": 0.655, "e7": 0.635, "e8": 0.66, "e9": 0.675}, "auroc": {"e0": 0.9171277777777779, "e1": 0.901875, "e2": 0.9120027777777778, "e3": 0.9167416666666667, "e4": 0.9060416666666665, "e5": 0.9017277777777779, "e6": 0.9094361111111112, "e7": 0.9047555555555556, "e8": 0.9107111111111112, "e9": 0.8965722222222222}}, "parameter_0.1": {"parameter": 0.1, "Flag_rate_A": {"e0": 0.08, "e1": 0.076, "e2": 0.083, "e3": 0.088, "e4": 0.074, "e5": 0.065, "e6": 0.068, "e7": 0.082, "e8": 0.085, "e9": 0.073}, "Recall_A": {"e0": 0.63, "e1": 0.6, "e2": 0.65, "e3": 0.68, "e4": 0.56, "e5": 0.62, "e6": 0.54, "e7": 0.68, "e8": 0.62, "e9": 0.63}, "FPR_A": {"e0": 0.01888888888888889, "e1": 0.017777777777777778, "e2": 0.02, "e3": 0.022222222222222223, "e4": 0.02, "e5": 0.0033333333333333335, "e6": 0.015555555555555555, "e7": 0.015555555555555555, "e8": 0.025555555555555557, "e9": 0.011111111111111112}, "Precision_A": {"e0": 0.7875, "e1": 0.7894736842105263, "e2": 0.7831325301204819, "e3": 0.7727272727272727, "e4": 0.7567567567567568, "e5": 0.9538461538461539, "e6": 0.7941176470588235, "e7": 0.8292682926829268, "e8": 0.7294117647058823, "e9": 0.863013698630137}, "Flag_rate_B": {"e0": 0.12, "e1": 0.124, "e2": 0.117, "e3": 0.112, "e4": 0.126, "e5": 0.135, "e6": 0.132, "e7": 0.118, "e8": 0.115, "e9": 0.127}, "Recall_B": {"e0": 0.64, "e1": 0.67, "e2": 0.7, "e3": 0.64, "e4": 0.67, "e5": 0.62, "e6": 0.69, "e7": 0.64, "e8": 0.63, "e9": 0.68}, "FPR_B": {"e0": 0.06222222222222222, "e1": 0.06333333333333334, "e2": 0.052222222222222225, "e3": 0.05333333333333334, "e4": 0.06555555555555556, "e5": 0.0811111111111111, "e6": 0.07, "e7": 0.06, "e8": 0.057777777777777775, "e9": 0.06555555555555556}, "Precision_B": {"e0": 0.5333333333333333, "e1": 0.5403225806451613, "e2": 0.5982905982905983, "e3": 0.5714285714285714, "e4": 0.5317460317460317, "e5": 0.45925925925925926, "e6": 0.5227272727272727, "e7": 0.5423728813559322, "e8": 0.5478260869565217, "e9": 0.5354330708661418}, "Flag_rate_overall": {"e0": 0.1, "e1": 0.1, "e2": 0.1, "e3": 0.1, "e4": 0.1, "e5": 0.1, "e6": 0.1, "e7": 0.1, "e8": 0.1, "e9": 0.1}, "Recall_overall": {"e0": 0.635, "e1": 0.635, "e2": 0.675, "e3": 0.66, "e4": 0.615, "e5": 0.62, "e6": 0.615, "e7": 0.66, "e8": 0.625, "e9": 0.655}, "FPR_ovrall": {"e0": 0.04055555555555555, "e1": 0.04055555555555555, "e2": 0.03611111111111111, "e3": 0.03777777777777778, "e4": 0.042777777777777776, "e5": 0.042222222222222223, "e6": 0.042777777777777776, "e7": 0.03777777777777778, "e8": 0.041666666666666664, "e9": 0.03833333333333333}, "Precision_overall": {"e0": 0.635, "e1": 0.635, "e2": 0.675, "e3": 0.66, "e4": 0.615, "e5": 0.62, "e6": 0.615, "e7": 0.66, "e8": 0.625, "e9": 0.655}, "auroc": {"e0": 0.8873861111111111, "e1": 0.9073416666666666, "e2": 0.9065916666666666, "e3": 0.9142111111111111, "e4": 0.8771916666666667, "e5": 0.8911055555555555, "e6": 0.8929027777777777, "e7": 0.8950222222222223, "e8": 0.8876388888888888, "e9": 0.9231944444444445}}, "parameter_0.15": {"parameter": 0.15, "Flag_rate_A": {"e0": 0.065, "e1": 0.062, "e2": 0.071, "e3": 0.078, "e4": 0.075, "e5": 0.071, "e6": 0.064, "e7": 0.072, "e8": 0.074, "e9": 0.074}, "Recall_A": {"e0": 0.56, "e1": 0.58, "e2": 0.58, "e3": 0.67, "e4": 0.61, "e5": 0.62, "e6": 0.56, "e7": 0.63, "e8": 0.57, "e9": 0.69}, "FPR_A": {"e0": 0.01, "e1": 0.0044444444444444444, "e2": 0.014444444444444444, "e3": 0.012222222222222223, "e4": 0.015555555555555555, "e5": 0.01, "e6": 0.008888888888888889, "e7": 0.01, "e8": 0.01888888888888889, "e9": 0.005555555555555556}, "Precision_A": {"e0": 0.8615384615384616, "e1": 0.9354838709677419, "e2": 0.8169014084507042, "e3": 0.8589743589743589, "e4": 0.8133333333333334, "e5": 0.8732394366197183, "e6": 0.875, "e7": 0.875, "e8": 0.7702702702702703, "e9": 0.9324324324324325}, "Flag_rate_B": {"e0": 0.135, "e1": 0.138, "e2": 0.129, "e3": 0.122, "e4": 0.125, "e5": 0.129, "e6": 0.136, "e7": 0.128, "e8": 0.126, "e9": 0.126}, "Recall_B": {"e0": 0.6, "e1": 0.68, "e2": 0.62, "e3": 0.57, "e4": 0.67, "e5": 0.66, "e6": 0.64, "e7": 0.6, "e8": 0.57, "e9": 0.65}, "FPR_B": {"e0": 0.08333333333333333, "e1": 0.07777777777777778, "e2": 0.07444444444444444, "e3": 0.07222222222222222, "e4": 0.06444444444444444, "e5": 0.07, "e6": 0.08, "e7": 0.07555555555555556, "e8": 0.07666666666666666, "e9": 0.06777777777777778}, "Precision_B": {"e0": 0.4444444444444444, "e1": 0.4927536231884058, "e2": 0.4806201550387597, "e3": 0.4672131147540984, "e4": 0.536, "e5": 0.5116279069767442, "e6": 0.47058823529411764, "e7": 0.46875, "e8": 0.4523809523809524, "e9": 0.5158730158730159}, "Flag_rate_overall": {"e0": 0.1, "e1": 0.1, "e2": 0.1, "e3": 0.1, "e4": 0.1, "e5": 0.1, "e6": 0.1, "e7": 0.1, "e8": 0.1, "e9": 0.1}, "Recall_overall": {"e0": 0.58, "e1": 0.63, "e2": 0.6, "e3": 0.62, "e4": 0.64, "e5": 0.64, "e6": 0.6, "e7": 0.615, "e8": 0.57, "e9": 0.67}, "FPR_ovrall": {"e0": 0.04666666666666667, "e1": 0.04111111111111111, "e2": 0.044444444444444446, "e3": 0.042222222222222223, "e4": 0.04, "e5": 0.04, "e6": 0.044444444444444446, "e7": 0.042777777777777776, "e8": 0.04777777777777778, "e9": 0.03666666666666667}, "Precision_overall": {"e0": 0.58, "e1": 0.63, "e2": 0.6, "e3": 0.62, "e4": 0.64, "e5": 0.64, "e6": 0.6, "e7": 0.615, "e8": 0.57, "e9": 0.67}, "auroc": {"e0": 0.8934222222222221, "e1": 0.8912083333333333,