{"flag_ratio": [0.9083969465648853, 0.8975332068311194, 0.8518518518518517, 0.8691588785046728, 0.9120458891013384, 0.8656716417910447, 0.8382352941176469, 0.8975332068311194, 0.8975332068311194, 0.8832391713747645, 0.8248175182481751, 0.8656716417910447, 0.8621973929236497, 0.8552875695732837, 0.8248175182481751, 0.8621973929236497, 0.8382352941176469, 0.8018018018018018, 0.8867924528301886, 0.8726591760299625], "tpr_ratio": [0.8532608695652174, 0.8337730870712401, 0.832020997375328, 0.8170103092783505, 0.8153034300791557, 0.8455497382198952, 0.8515625, 0.8373333333333334, 0.8242894056847544, 0.832020997375328, 0.8850267379679145, 0.8594164456233421, 0.849740932642487, 0.8709677419354839, 0.8635170603674541, 0.8355091383812008, 0.8763157894736843, 0.8726790450928383, 0.8302387267904509, 0.8328981723237598], "auroc": [0.9109855555555555, 0.9095472222222222, 0.9120888888888888, 0.9101811111111111, 0.9101816666666667, 0.9148538888888889, 0.9108699999999998, 0.9083716666666666, 0.9116144444444444, 0.9116705555555557, 0.9087033333333332, 0.9102333333333332, 0.9127638888888889, 0.9118741666666665, 0.912641111111111, 0.9071938888888889, 0.9184666666666667, 0.911505, 0.9092666666666667, 0.910445], "key": ["0.01-0.01", "0.01-0.2", "0.01-0.5", "0.01-0.8", "0.05-0.01", "0.05-0.2", "0.05-0.5", "0.05-0.8", "0.2-0.01", "0.2-0.2", "0.2-0.5", "0.2-0.8", "0.5-0.01", "0.5-0.2", "0.5-0.5", "0.5-0.8", "0.8-0.01", "0.8-0.2", "0.8-0.5", "0.8-0.8"]}