{"flag_ratio": [0.3927576601671309, 0.3986013986013986, 0.39664804469273734, 0.3947001394700139, 0.4184397163120567, 0.39860139860139854, 0.4025245441795231, 0.3986013986013986, 0.40056022408963576, 0.3986013986013986, 0.3986013986013986, 0.3908205841446453, 0.40845070422535207, 0.3947001394700139, 0.3908205841446453, 0.41643059490084977, 0.39082058414464527, 0.4064697609001406, 0.4064697609001406, 0.3927576601671309], "tpr_ratio": [0.7527675276752768, 0.7046263345195728, 0.7333333333333332, 0.7210144927536232, 0.6830985915492958, 0.715302491103203, 0.7250000000000001, 0.7210144927536232, 0.7370370370370369, 0.7173913043478262, 0.7454545454545455, 0.7435897435897435, 0.754646840148699, 0.7256317689530686, 0.72, 0.6928571428571428, 0.7670250896057348, 0.695804195804196, 0.7046263345195728, 0.7445255474452555], "auroc": [0.8419044444444443, 0.8454761111111111, 0.8441233333333333, 0.8419252777777778, 0.8361861111111111, 0.8452788888888888, 0.8439366666666668, 0.8400261111111111, 0.8365683333333334, 0.8463383333333333, 0.8473116666666668, 0.83905, 0.8424327777777778, 0.8468172222222222, 0.8384122222222222, 0.8435516666666667, 0.8535966666666667, 0.8506669444444445, 0.8432527777777779, 0.8446816666666667], "key": ["0.01-0.01", "0.01-0.2", "0.01-0.5", "0.01-0.8", "0.05-0.01", "0.05-0.2", "0.05-0.5", "0.05-0.8", "0.2-0.01", "0.2-0.2", "0.2-0.5", "0.2-0.8", "0.5-0.01", "0.5-0.2", "0.5-0.5", "0.5-0.8", "0.8-0.01", "0.8-0.2", "0.8-0.5", "0.8-0.8"]}