{"flag_ratio": [0.9801980198019802, 0.9880715705765408, 0.9880715705765408, 0.99203187250996, 0.9762845849802372, 0.9880715705765408, 0.9880715705765408, 0.9880715705765408, 0.9801980198019802, 0.9801980198019802, 0.9880715705765408, 0.9880715705765408, 0.9841269841269841, 0.9880715705765408, 0.9880715705765408, 0.9841269841269841, 0.9801980198019802, 0.99203187250996, 0.9880715705765408, 0.9880715705765408], "tpr_ratio": [0.986, 0.9880000000000001, 0.9880000000000001, 0.994, 0.982, 0.99, 0.9880000000000001, 0.992, 0.984, 0.9880000000000001, 0.986, 0.9879999999999999, 0.984, 0.992, 0.986, 0.9860000000000001, 0.982, 0.994, 0.9879999999999999, 0.982], "auroc": [0.9999755555555556, 0.9999872222222221, 0.9999783333333333, 0.9999855555555556, 0.9999727777777778, 0.9999783333333333, 0.9999694444444446, 0.999991111111111, 0.9999683333333333, 0.9999844444444446, 0.9999772222222223, 0.9999694444444444, 0.9999655555555556, 0.99997, 0.9999816666666665, 0.9999722222222223, 0.9999566666666666, 0.9999894444444444, 0.9999733333333334, 0.99997], "key": ["0.01-0.01", "0.01-0.2", "0.01-0.5", "0.01-0.8", "0.05-0.01", "0.05-0.2", "0.05-0.5", "0.05-0.8", "0.2-0.01", "0.2-0.2", "0.2-0.5", "0.2-0.8", "0.5-0.01", "0.5-0.2", "0.5-0.5", "0.5-0.8", "0.8-0.01", "0.8-0.2", "0.8-0.5", "0.8-0.8"]}