{"flag_ratio": [0.99203187250996, 0.99203187250996, 0.99203187250996, 0.99203187250996, 0.99203187250996, 0.99203187250996, 0.99203187250996, 0.99203187250996, 0.99203187250996, 0.99203187250996, 0.99203187250996, 0.99203187250996, 0.99203187250996, 0.99203187250996, 0.99203187250996, 0.99203187250996, 0.99203187250996, 0.99203187250996, 0.99203187250996, 0.99203187250996], "tpr_ratio": [0.994, 0.994, 0.994, 0.994, 0.994, 0.9960000000000001, 0.994, 0.9960000000000001, 0.994, 0.994, 0.994, 0.994, 0.994, 0.994, 0.994, 0.9960000000000001, 0.9960000000000001, 0.994, 0.9960000000000001, 0.994], "auroc": [0.999986111111111, 0.9999938888888888, 0.9999872222222222, 0.999988888888889, 0.999986111111111, 0.999991111111111, 0.999991111111111, 0.9999944444444445, 0.9999872222222222, 0.9999916666666667, 0.999986111111111, 0.9999938888888888, 0.999991111111111, 0.9999916666666667, 0.999988888888889, 0.9999922222222223, 0.9999938888888888, 0.999991111111111, 0.9999927777777777, 0.9999922222222223], "key": ["0.01-0.01", "0.01-0.2", "0.01-0.5", "0.01-0.8", "0.05-0.01", "0.05-0.2", "0.05-0.5", "0.05-0.8", "0.2-0.01", "0.2-0.2", "0.2-0.5", "0.2-0.8", "0.5-0.01", "0.5-0.2", "0.5-0.5", "0.5-0.8", "0.8-0.01", "0.8-0.2", "0.8-0.5", "0.8-0.8"]}