{"0.01-0.01": {"roc": 0.9826609686609686, "flag_rate": [0.101, 0.09447236180904522], "flag_rate_ratio": 1.0690957446808511, "TPR": [0.83, 0.7578947368421053], "TPR whole": 0.7948717948717948, "TPR ratio": 1.0951388888888889, "FPR": [0.02, 0.024444444444444446], "FPR whole": 0.022222222222222223, "FPR ratio": 0.8181818181818181, "PPR": [0.8217821782178217, 0.7659574468085106], "PPR whole": 0.7948717948717948, "PPR ratio": 1.072882288228823}, "0.01-0.2": {"roc": 0.9833846153846153, "flag_rate": [0.1, 0.09547738693467336], "flag_rate_ratio": 1.0473684210526317, "TPR": [0.84, 0.7684210526315789], "TPR whole": 0.8051282051282052, "TPR ratio": 1.093150684931507, "FPR": [0.017777777777777778, 0.024444444444444446], "FPR whole": 0.021111111111111112, "FPR ratio": 0.7272727272727272, "PPR": [0.84, 0.7684210526315789], "PPR whole": 0.8051282051282052, "PPR ratio": 1.093150684931507}, "0.01-0.5": {"roc": 0.9828376068376068, "flag_rate": [0.097, 0.09849246231155778], "flag_rate_ratio": 0.9848469387755103, "TPR": [0.82, 0.7684210526315789], "TPR whole": 0.7948717948717948, "TPR ratio": 1.0671232876712329, "FPR": [0.016666666666666666, 0.027777777777777776], "FPR whole": 0.022222222222222223, "FPR ratio": 0.6, "PPR": [0.845360824742268, 0.7448979591836735], "PPR whole": 0.7948717948717948, "PPR ratio": 1.1348679565033186}, "0.01-0.8": {"roc": 0.9850569800569801, "flag_rate": [0.102, 0.09346733668341708], "flag_rate_ratio": 1.0912903225806452, "TPR": [0.85, 0.7684210526315789], "TPR whole": 0.8102564102564103, "TPR ratio": 1.106164383561644, "FPR": [0.01888888888888889, 0.022222222222222223], "FPR whole": 0.020555555555555556, "FPR ratio": 0.85, "PPR": [0.8333333333333334, 0.7849462365591398], "PPR whole": 0.8102564102564103, "PPR ratio": 1.0616438356164384}, "0.05-0.01": {"roc": 0.9857407407407408, "flag_rate": [0.099, 0.0964824120603015], "flag_rate_ratio": 1.02609375, "TPR": [0.85, 0.8105263157894737], "TPR whole": 0.8307692307692308, "TPR ratio": 1.0487012987012987, "FPR": [0.015555555555555555, 0.021111111111111112], "FPR whole": 0.018333333333333333, "FPR ratio": 0.7368421052631579, "PPR": [0.8585858585858586, 0.8020833333333334], "PPR whole": 0.8307692307692308, "PPR ratio": 1.0704447068083431}, "0.05-0.2": {"roc": 0.9851538461538462, "flag_rate": [0.1, 0.09547738693467336], "flag_rate_ratio": 1.0473684210526317, "TPR": [0.85, 0.7894736842105263], "TPR whole": 0.8205128205128205, "TPR ratio": 1.0766666666666667, "FPR": [0.016666666666666666, 0.022222222222222223], "FPR whole": 0.019444444444444445, "FPR ratio": 0.75, "PPR": [0.85, 0.7894736842105263], "PPR whole": 0.8205128205128205, "PPR ratio": 1.0766666666666667}, "0.05-0.5": {"roc": 0.981133903133903, "flag_rate": [0.101, 0.09447236180904522], "flag_rate_ratio": 1.0690957446808511, "TPR": [0.82, 0.7473684210526316], "TPR whole": 0.7846153846153846, "TPR ratio": 1.0971830985915492, "FPR": [0.021111111111111112, 0.025555555555555557], "FPR whole": 0.023333333333333334, "FPR ratio": 0.8260869565217391, "PPR": [0.8118811881188119, 0.7553191489361702], "PPR whole": 0.7846153846153846, "PPR ratio": 1.0748849532840608}, "0.05-0.8": {"roc": 0.9849971509971509, "flag_rate": [0.1, 0.09547738693467336], "flag_rate_ratio": 1.0473684210526317, "TPR": [0.84, 0.7789473684210526], "TPR whole": 0.8102564102564103, "TPR ratio": 1.0783783783783785, "FPR": [0.017777777777777778, 0.023333333333333334], "FPR whole": 0.020555555555555556, "FPR ratio": 0.7619047619047619, "PPR": [0.84, 0.7789473684210526], "PPR whole": 0.8102564102564103, "PPR ratio": 1.0783783783783785}, "0.2-0.01": {"roc": 0.9812108262108262, "flag_rate": [0.099, 0.0964824120603015], "flag_rate_ratio": 1.02609375, "TPR": [0.83, 0.7684210526315789], "TPR whole": 0.8, "TPR ratio": 1.08013698630137, "FPR": [0.017777777777777778, 0.025555555555555557], "FPR whole": 0.021666666666666667, "FPR ratio": 0.6956521739130435, "PPR": [0.8383838383838383, 0.7604166666666666], "PPR whole": 0.8, "PPR ratio": 1.1025321710253217}, "0.2-0.2": {"roc": 0.9811965811965813, "flag_rate": [0.099, 0.0964824120603015], "flag_rate_ratio": 1.02609375, "TPR": [0.83, 0.7578947368421053], "TPR whole": 0.7948717948717948, "TPR ratio": 1.0951388888888889, "FPR": [0.017777777777777778, 0.02666666666666667], "FPR whole": 0.022222222222222223, "FPR ratio": 0.6666666666666666, "PPR": [0.8383838383838383, 0.75], "PPR whole": 0.7948717948717948, "PPR ratio": 1.1178451178451179}, "0.2-0.5": {"roc": 0.979082621082621, "flag_rate": [0.101, 0.09447236180904522], "flag_rate_ratio": 1.0690957446808511, "TPR": [0.81, 0.7368421052631579], "TPR whole": 0.7743589743589744, "TPR ratio": 1.0992857142857144, "FPR": [0.022222222222222223, 0.02666666666666667], "FPR whole": 0.024444444444444446, "FPR ratio": 0.8333333333333333, "PPR": [0.801980198019802, 0.7446808510638298], "PPR whole": 0.7743589743589744, "PPR ratio": 1.076944837340877}, "0.2-0.8": {"roc": 0.9826324786324787, "flag_rate": [0.1, 0.09547738693467336], "flag_rate_ratio": 1.0473684210526317, "TPR": [0.84, 0.7789473684210526], "TPR whole": 0.8102564102564103, "TPR ratio": 1.0783783783783785, "FPR": [0.017777777777777778, 0.023333333333333334], "FPR whole": 0.020555555555555556, "FPR ratio": 0.7619047619047619, "PPR": [0.84, 0.7789473684210526], "PPR whole": 0.8102564102564103, "PPR ratio": 1.0783783783783785}, "0.5-0.01": {"roc": 0.9810626780626781, "flag_rate": [0.101, 0.09447236180904522], "flag_rate_ratio": 1.0690957446808511, "TPR": [0.83, 0.7473684210526316], "TPR whole": 0.7897435897435897, "TPR ratio": 1.11056338028169, "FPR": [0.02, 0.025555555555555557], "FPR whole": 0.02277777777777778, "FPR ratio": 0.7826086956521738, "PPR": [0.8217821782178217, 0.7553191489361702], "PPR whole": 0.7897435897435897, "PPR ratio": 1.0879933063728906}, "0.5-0.2": {"roc": 0.9825868945868945, "flag_rate": [0.096, 0.09949748743718594], "flag_rate_ratio": 0.9648484848484848, "TPR": [0.81, 0.7789473684210526], "TPR whole": 0.7948717948717948, "TPR ratio": 1.039864864864865, "FPR": [0.016666666666666666, 0.027777777777777776], "FPR whole": 0.022222222222222223, "FPR ratio": 0.6, "PPR": [0.84375, 0.7474747474747475], "PPR whole": 0.7948717948717948, "PPR ratio": 1.1288006756756757}, "0.5-0.5": {"roc": 0.9795270655270655, "flag_rate": [0.097, 0.09849246231155778], "flag_rate_ratio": 0.9848469387755103, "TPR": [0.79, 0.7684210526315789], "TPR whole": 0.7794871794871795, "TPR ratio": 1.028082191780822, "FPR": [0.02, 0.027777777777777776], "FPR whole": 0.02388888888888889, "FPR ratio": 0.7200000000000001, "PPR": [0.8144329896907216, 0.7448979591836735], "PPR whole": 0.7794871794871795, "PPR ratio": 1.093348397119051}, "0.5-0.8": {"roc": 0.9773646723646724, "flag_rate": [0.101, 0.09447236180904522], "flag_rate_ratio": 1.0690957446808511, "TPR": [0.81, 0.7368421052631579], "TPR whole": 0.7743589743589744, "TPR ratio": 1.0992857142857144, "FPR": [0.022222222222222223, 0.02666666666666667], "FPR whole": 0.024444444444444446, "FPR ratio": 0.8333333333333333, "PPR": [0.801980198019802, 0.7446808510638298], "PPR whole": 0.7743589743589744, "PPR ratio": 1.076944837340877}, "0.8-0.01": {"roc": 0.9804615384615385, "flag_rate": [0.099, 0.0964824120603015], "flag_rate_ratio": 1.02609375, "TPR": [0.83, 0.7684210526315789], "TPR whole": 0.8, "TPR ratio": 1.08013698630137, "FPR": [0.017777777777777778, 0.025555555555555557], "FPR whole": 0.021666666666666667, "FPR ratio": 0.6956521739130435, "PPR": [0.8383838383838383, 0.7604166666666666], "PPR whole": 0.8, "PPR ratio": 1.1025321710253217}, "0.8-0.2": {"roc": 0.9675669515669516, "flag_rate": [0.099, 0.0964824120603015], "flag_rate_ratio": 1.02609375, "TPR": [0.74, 0.7263157894736842], "TPR whole": 0.7333333333333333, "TPR ratio": 1.018840579710145, "FPR": [0.027777777777777776, 0.03], "FPR whole": 0.028888888888888888, "FPR ratio": 0.9259259259259259, "PPR": [0.7474747474747475, 0.71875], "PPR whole": 0.7333333333333333, "PPR ratio": 1.0399648660518226}, "0.8-0.5": {"roc": 0.9841481481481482,