{"0.01-0.01": {"roc": 0.9798548297040759, "flag_rate": [0.104, 0.09509509509509509], "flag_rate_ratio": 1.093642105263158, "TPR": [0.83, 0.7474747474747475], "TPR whole": 0.7889447236180904, "TPR ratio": 1.1104054054054053, "FPR": [0.023333333333333334, 0.023333333333333334], "FPR whole": 0.023333333333333334, "FPR ratio": 1.0, "PPR": [0.7980769230769231, 0.7789473684210526], "PPR whole": 0.7889447236180904, "PPR ratio": 1.0245582120582122}, "0.01-0.2": {"roc": 0.9797934115019542, "flag_rate": [0.099, 0.1001001001001001], "flag_rate_ratio": 0.98901, "TPR": [0.83, 0.7878787878787878], "TPR whole": 0.8090452261306532, "TPR ratio": 1.0534615384615384, "FPR": [0.017777777777777778, 0.024444444444444446], "FPR whole": 0.021111111111111112, "FPR ratio": 0.7272727272727272, "PPR": [0.8383838383838383, 0.78], "PPR whole": 0.8090452261306532, "PPR ratio": 1.0748510748510747}, "0.01-0.5": {"roc": 0.9833026242322724, "flag_rate": [0.1, 0.0990990990990991], "flag_rate_ratio": 1.009090909090909, "TPR": [0.84, 0.7777777777777778], "TPR whole": 0.8090452261306532, "TPR ratio": 1.0799999999999998, "FPR": [0.017777777777777778, 0.024444444444444446], "FPR whole": 0.021111111111111112, "FPR ratio": 0.7272727272727272, "PPR": [0.84, 0.7777777777777778], "PPR whole": 0.8090452261306532, "PPR ratio": 1.0799999999999998}, "0.01-0.8": {"roc": 0.9824539363484087, "flag_rate": [0.099, 0.1001001001001001], "flag_rate_ratio": 0.98901, "TPR": [0.84, 0.7878787878787878], "TPR whole": 0.8140703517587939, "TPR ratio": 1.0661538461538462, "FPR": [0.016666666666666666, 0.024444444444444446], "FPR whole": 0.020555555555555556, "FPR ratio": 0.6818181818181818, "PPR": [0.8484848484848485, 0.78], "PPR whole": 0.8140703517587939, "PPR ratio": 1.0878010878010878}, "0.05-0.01": {"roc": 0.9860469011725292, "flag_rate": [0.101, 0.0980980980980981], "flag_rate_ratio": 1.0295816326530614, "TPR": [0.87, 0.8080808080808081], "TPR whole": 0.8391959798994975, "TPR ratio": 1.076625, "FPR": [0.015555555555555555, 0.02], "FPR whole": 0.017777777777777778, "FPR ratio": 0.7777777777777778, "PPR": [0.8613861386138614, 0.8163265306122449], "PPR whole": 0.8391959798994975, "PPR ratio": 1.0551980198019801}, "0.05-0.2": {"roc": 0.9844137353433835, "flag_rate": [0.1, 0.0990990990990991], "flag_rate_ratio": 1.009090909090909, "TPR": [0.85, 0.7878787878787878], "TPR whole": 0.8190954773869347, "TPR ratio": 1.0788461538461538, "FPR": [0.016666666666666666, 0.023333333333333334], "FPR whole": 0.02, "FPR ratio": 0.7142857142857142, "PPR": [0.85, 0.7878787878787878], "PPR whole": 0.8190954773869347, "PPR ratio": 1.0788461538461538}, "0.05-0.5": {"roc": 0.9861948632049135, "flag_rate": [0.101, 0.0980980980980981], "flag_rate_ratio": 1.0295816326530614, "TPR": [0.87, 0.8080808080808081], "TPR whole": 0.8391959798994975, "TPR ratio": 1.076625, "FPR": [0.015555555555555555, 0.02], "FPR whole": 0.017777777777777778, "FPR ratio": 0.7777777777777778, "PPR": [0.8613861386138614, 0.8163265306122449], "PPR whole": 0.8391959798994975, "PPR ratio": 1.0551980198019801}, "0.05-0.8": {"roc": 0.9828168620882188, "flag_rate": [0.103, 0.0960960960960961], "flag_rate_ratio": 1.07184375, "TPR": [0.84, 0.7575757575757576], "TPR whole": 0.7989949748743719, "TPR ratio": 1.1088, "FPR": [0.021111111111111112, 0.023333333333333334], "FPR whole": 0.022222222222222223, "FPR ratio": 0.9047619047619048, "PPR": [0.8155339805825242, 0.78125], "PPR whole": 0.7989949748743719, "PPR ratio": 1.043883495145631}, "0.2-0.01": {"roc": 0.9803266331658291, "flag_rate": [0.098, 0.1011011011011011], "flag_rate_ratio": 0.9693267326732674, "TPR": [0.83, 0.7676767676767676], "TPR whole": 0.7989949748743719, "TPR ratio": 1.0811842105263159, "FPR": [0.016666666666666666, 0.027777777777777776], "FPR whole": 0.022222222222222223, "FPR ratio": 0.6, "PPR": [0.8469387755102041, 0.7524752475247525], "PPR whole": 0.7989949748743719, "PPR ratio": 1.1255370569280345}, "0.2-0.2": {"roc": 0.9843997766610832, "flag_rate": [0.099, 0.1001001001001001], "flag_rate_ratio": 0.98901, "TPR": [0.85, 0.7878787878787878], "TPR whole": 0.8190954773869347, "TPR ratio": 1.0788461538461538, "FPR": [0.015555555555555555, 0.024444444444444446], "FPR whole": 0.02, "FPR ratio": 0.6363636363636364, "PPR": [0.8585858585858586, 0.78], "PPR whole": 0.8190954773869347, "PPR ratio": 1.1007511007511006}, "0.2-0.5": {"roc": 0.9861362367392519, "flag_rate": [0.099, 0.1001001001001001], "flag_rate_ratio": 0.98901, "TPR": [0.85, 0.8080808080808081], "TPR whole": 0.8291457286432161, "TPR ratio": 1.051875, "FPR": [0.015555555555555555, 0.022222222222222223], "FPR whole": 0.01888888888888889, "FPR ratio": 0.7, "PPR": [0.8585858585858586, 0.8], "PPR whole": 0.8291457286432161, "PPR ratio": 1.073232323232323}, "0.2-0.8": {"roc": 0.979497487437186, "flag_rate": [0.103, 0.0960960960960961], "flag_rate_ratio": 1.07184375, "TPR": [0.83, 0.7474747474747475], "TPR whole": 0.7889447236180904, "TPR ratio": 1.1104054054054053, "FPR": [0.022222222222222223, 0.024444444444444446], "FPR whole": 0.023333333333333334, "FPR ratio": 0.9090909090909091, "PPR": [0.8058252427184466, 0.7708333333333334], "PPR whole": 0.7889447236180904, "PPR ratio": 1.0453949094725794}, "0.5-0.01": {"roc": 0.976317699609157, "flag_rate": [0.101, 0.0980980980980981], "flag_rate_ratio": 1.0295816326530614, "TPR": [0.8, 0.7272727272727273], "TPR whole": 0.7638190954773869, "TPR ratio": 1.1, "FPR": [0.023333333333333334, 0.028888888888888888], "FPR whole": 0.026111111111111113, "FPR ratio": 0.8076923076923078, "PPR": [0.7920792079207921, 0.7346938775510204], "PPR whole": 0.7638190954773869, "PPR ratio": 1.0781078107810782}, "0.5-0.2": {"roc": 0.9749162479061977, "flag_rate": [0.103, 0.0960960960960961], "flag_rate_ratio": 1.07184375, "TPR": [0.8, 0.7373737373737373], "TPR whole": 0.7688442211055276, "TPR ratio": 1.0849315068493153, "FPR": [0.025555555555555557, 0.025555555555555557], "FPR whole": 0.025555555555555557, "FPR ratio": 1.0, "PPR": [0.7766990291262136, 0.7604166666666666], "PPR whole": 0.7688442211055276, "PPR ratio": 1.0214124218646097}, "0.5-0.5": {"roc": 0.9842043551088777, "flag_rate": [0.102, 0.0970970970970971], "flag_rate_ratio": 1.0504948453608247, "TPR": [0.85, 0.7878787878787878], "TPR whole": 0.8190954773869347, "TPR ratio": 1.0788461538461538, "FPR": [0.01888888888888889, 0.021111111111111112], "FPR whole": 0.02, "FPR ratio": 0.8947368421052632, "PPR": [0.8333333333333334, 0.8041237113402062], "PPR whole": 0.8190954773869347, "PPR ratio": 1.0363247863247864}, "0.5-0.8": {"roc": 0.9795365717476271, "flag_rate": [0.098, 0.1011011011011011], "flag_rate_ratio": 0.9693267326732674, "TPR": [0.81, 0.7878787878787878], "TPR whole": 0.7989949748743719, "TPR ratio": 1.028076923076923, "FPR": [0.01888888888888889, 0.025555555555555557], "FPR whole": 0.022222222222222223, "FPR ratio": 0.7391304347826086, "PPR": [0.826530612244898, 0.7722772277227723], "PPR whole": 0.7989949748743719, "PPR ratio": 1.0702511773940346}, "0.8-0.01": {"roc": 0.9803601340033501, "flag_rate": [0.101, 0.0980980980980981], "flag_rate_ratio": 1.0295816326530614, "TPR": [0.84, 0.7777777777777778], "TPR whole": 0.8090452261306532, "TPR ratio": 1.0799999999999998, "FPR": [0.01888888888888889, 0.023333333333333334], "FPR whole": 0.021111111111111112, "FPR ratio": 0.8095238095238095, "PPR": [0.8316831683168316, 0.7857142857142857], "PPR whole": 0.8090452261306532, "PPR ratio": 1.0585058505850584}, "0.8-0.2": {"roc": 0.9853322166387493, "flag_rate": [0.099, 0.1001001001001001], "flag_rate_ratio": 0.98901, "TPR": [0.84, 0.797979797979798], "TPR whole": 0.8190954773869347, "TPR ratio": 1.0526582278481011, "FPR": [0.016666666666666666, 0.023333333333333334], "FPR whole": 0.02, "FPR ratio": 0.7142857142857142, "PPR": [0.8484848484848485, 0.79], "PPR whole": 0.8190954773869347, "PPR ratio": 1.0740314537782891}, "0.8-0.5": {"roc": 0.9858821887213847, "flag_rate": [0.102, 0.0970970970970971], "flag_rate_ratio": 1.0504948453608247, "TPR": [0.87, 0.8080808080808081],