{"0.01-0.01": {"roc": 0.9902326388888889, "flag_rate": [0.088, 0.075], "flag_rate_ratio": 1.1733333333333333, "TPR": [0.78, 0.8833333333333333], "TPR whole": 0.81875, "TPR ratio": 0.8830188679245283, "FPR": [0.011111111111111112, 0.021111111111111112], "FPR whole": 0.01611111111111111, "FPR ratio": 0.5263157894736842, "PPR": [0.8863636363636364, 0.7361111111111112], "PPR whole": 0.81875, "PPR ratio": 1.2041166380789021}, "0.01-0.2": {"roc": 0.98928125, "flag_rate": [0.085, 0.078125], "flag_rate_ratio": 1.088, "TPR": [0.75, 0.9333333333333333], "TPR whole": 0.81875, "TPR ratio": 0.8035714285714286, "FPR": [0.011111111111111112, 0.021111111111111112], "FPR whole": 0.01611111111111111, "FPR ratio": 0.5263157894736842, "PPR": [0.8823529411764706, 0.7466666666666667], "PPR whole": 0.81875, "PPR ratio": 1.1817226890756303}, "0.01-0.5": {"roc": 0.9898194444444445, "flag_rate": [0.088, 0.075], "flag_rate_ratio": 1.1733333333333333, "TPR": [0.78, 0.8833333333333333], "TPR whole": 0.81875, "TPR ratio": 0.8830188679245283, "FPR": [0.011111111111111112, 0.021111111111111112], "FPR whole": 0.01611111111111111, "FPR ratio": 0.5263157894736842, "PPR": [0.8863636363636364, 0.7361111111111112], "PPR whole": 0.81875, "PPR ratio": 1.2041166380789021}, "0.01-0.8": {"roc": 0.9926840277777778, "flag_rate": [0.089, 0.07395833333333333], "flag_rate_ratio": 1.2033802816901407, "TPR": [0.8, 0.9], "TPR whole": 0.8375, "TPR ratio": 0.888888888888889, "FPR": [0.01, 0.01888888888888889], "FPR whole": 0.014444444444444444, "FPR ratio": 0.5294117647058824, "PPR": [0.898876404494382, 0.7605633802816901], "PPR whole": 0.8375, "PPR ratio": 1.1818560133166875}, "0.05-0.01": {"roc": 0.9863541666666666, "flag_rate": [0.088, 0.075], "flag_rate_ratio": 1.1733333333333333, "TPR": [0.76, 0.8333333333333334], "TPR whole": 0.7875, "TPR ratio": 0.9119999999999999, "FPR": [0.013333333333333334, 0.024444444444444446], "FPR whole": 0.01888888888888889, "FPR ratio": 0.5454545454545454, "PPR": [0.8636363636363636, 0.6944444444444444], "PPR whole": 0.7875, "PPR ratio": 1.2436363636363637}, "0.05-0.2": {"roc": 0.9895347222222222, "flag_rate": [0.088, 0.075], "flag_rate_ratio": 1.1733333333333333, "TPR": [0.77, 0.8833333333333333], "TPR whole": 0.8125, "TPR ratio": 0.8716981132075472, "FPR": [0.012222222222222223, 0.021111111111111112], "FPR whole": 0.016666666666666666, "FPR ratio": 0.5789473684210527, "PPR": [0.875, 0.7361111111111112], "PPR whole": 0.8125, "PPR ratio": 1.1886792452830188}, "0.05-0.5": {"roc": 0.9910659722222221, "flag_rate": [0.088, 0.075], "flag_rate_ratio": 1.1733333333333333, "TPR": [0.78, 0.8833333333333333], "TPR whole": 0.81875, "TPR ratio": 0.8830188679245283, "FPR": [0.011111111111111112, 0.021111111111111112], "FPR whole": 0.01611111111111111, "FPR ratio": 0.5263157894736842, "PPR": [0.8863636363636364, 0.7361111111111112], "PPR whole": 0.81875, "PPR ratio": 1.2041166380789021}, "0.05-0.8": {"roc": 0.9898611111111111, "flag_rate": [0.089, 0.07395833333333333], "flag_rate_ratio": 1.2033802816901407, "TPR": [0.79, 0.85], "TPR whole": 0.8125, "TPR ratio": 0.9294117647058824, "FPR": [0.011111111111111112, 0.022222222222222223], "FPR whole": 0.016666666666666666, "FPR ratio": 0.5, "PPR": [0.8876404494382022, 0.7183098591549296], "PPR whole": 0.8125, "PPR ratio": 1.2357347433355363}, "0.2-0.01": {"roc": 0.9893090277777778, "flag_rate": [0.088, 0.075], "flag_rate_ratio": 1.1733333333333333, "TPR": [0.77, 0.8666666666666667], "TPR whole": 0.80625, "TPR ratio": 0.8884615384615384, "FPR": [0.012222222222222223, 0.022222222222222223], "FPR whole": 0.017222222222222222, "FPR ratio": 0.55, "PPR": [0.875, 0.7222222222222222], "PPR whole": 0.80625, "PPR ratio": 1.2115384615384615}, "0.2-0.2": {"roc": 0.9895277777777778, "flag_rate": [0.088, 0.075], "flag_rate_ratio": 1.1733333333333333, "TPR": [0.77, 0.8833333333333333], "TPR whole": 0.8125, "TPR ratio": 0.8716981132075472, "FPR": [0.012222222222222223, 0.021111111111111112], "FPR whole": 0.016666666666666666, "FPR ratio": 0.5789473684210527, "PPR": [0.875, 0.7361111111111112], "PPR whole": 0.8125, "PPR ratio": 1.1886792452830188}, "0.2-0.5": {"roc": 0.9890590277777778, "flag_rate": [0.087, 0.07604166666666666], "flag_rate_ratio": 1.144109589041096, "TPR": [0.76, 0.8833333333333333], "TPR whole": 0.80625, "TPR ratio": 0.8603773584905661, "FPR": [0.012222222222222223, 0.022222222222222223], "FPR whole": 0.017222222222222222, "FPR ratio": 0.55, "PPR": [0.8735632183908046, 0.726027397260274], "PPR whole": 0.80625, "PPR ratio": 1.2032097158967687}, "0.2-0.8": {"roc": 0.9916145833333333, "flag_rate": [0.09, 0.07291666666666667], "flag_rate_ratio": 1.2342857142857142, "TPR": [0.8, 0.8666666666666667], "TPR whole": 0.825, "TPR ratio": 0.9230769230769231, "FPR": [0.011111111111111112, 0.02], "FPR whole": 0.015555555555555555, "FPR ratio": 0.5555555555555556, "PPR": [0.8888888888888888, 0.7428571428571429], "PPR whole": 0.825, "PPR ratio": 1.1965811965811965}, "0.5-0.01": {"roc": 0.9903611111111111, "flag_rate": [0.089, 0.07395833333333333], "flag_rate_ratio": 1.2033802816901407, "TPR": [0.79, 0.8666666666666667], "TPR whole": 0.81875, "TPR ratio": 0.9115384615384615, "FPR": [0.011111111111111112, 0.021111111111111112], "FPR whole": 0.01611111111111111, "FPR ratio": 0.5263157894736842, "PPR": [0.8876404494382022, 0.7323943661971831], "PPR whole": 0.81875, "PPR ratio": 1.211970613656007}, "0.5-0.2": {"roc": 0.9900416666666666, "flag_rate": [0.087, 0.07604166666666666], "flag_rate_ratio": 1.144109589041096, "TPR": [0.77, 0.9], "TPR whole": 0.81875, "TPR ratio": 0.8555555555555555, "FPR": [0.011111111111111112, 0.021111111111111112], "FPR whole": 0.01611111111111111, "FPR ratio": 0.5263157894736842, "PPR": [0.8850574712643678, 0.7397260273972602], "PPR whole": 0.81875, "PPR ratio": 1.196466581524053}, "0.5-0.5": {"roc": 0.99103125, "flag_rate": [0.087, 0.07604166666666666], "flag_rate_ratio": 1.144109589041096, "TPR": [0.77, 0.9333333333333333], "TPR whole": 0.83125, "TPR ratio": 0.825, "FPR": [0.011111111111111112, 0.01888888888888889], "FPR whole": 0.015, "FPR ratio": 0.5882352941176471, "PPR": [0.8850574712643678, 0.7671232876712328], "PPR whole": 0.83125, "PPR ratio": 1.153735632183908}, "0.5-0.8": {"roc": 0.9904722222222222, "flag_rate": [0.088, 0.075], "flag_rate_ratio": 1.1733333333333333, "TPR": [0.78, 0.9], "TPR whole": 0.825, "TPR ratio": 0.8666666666666667, "FPR": [0.011111111111111112, 0.02], "FPR whole": 0.015555555555555555, "FPR ratio": 0.5555555555555556, "PPR": [0.8863636363636364, 0.75], "PPR whole": 0.825, "PPR ratio": 1.1818181818181819}, "0.8-0.01": {"roc": 0.98975, "flag_rate": [0.088, 0.075], "flag_rate_ratio": 1.1733333333333333, "TPR": [0.77, 0.8833333333333333], "TPR whole": 0.8125, "TPR ratio": 0.8716981132075472, "FPR": [0.012222222222222223, 0.021111111111111112], "FPR whole": 0.016666666666666666, "FPR ratio": 0.5789473684210527, "PPR": [0.875, 0.7361111111111112], "PPR whole": 0.8125, "PPR ratio": 1.1886792452830188}, "0.8-0.2": {"roc": 0.98996875, "flag_rate": [0.088, 0.075], "flag_rate_ratio": 1.1733333333333333, "TPR": [0.78, 0.8666666666666667], "TPR whole": 0.8125, "TPR ratio": 0.9, "FPR": [0.011111111111111112, 0.022222222222222223], "FPR whole": 0.016666666666666666, "FPR ratio": 0.5, "PPR": [0.8863636363636364, 0.7222222222222222], "PPR whole": 0.8125, "PPR ratio": 1.2272727272727273}, "0.8-0.5": {"roc": 0.9889062500000001, "flag_rate": [0.087, 0.07604166666666666], "flag_rate_ratio": 1.144109589041096, "TPR": [0.77, 0.8833333333333333], "TPR whole": 0.8125, "TPR ratio": 0.8716981132075472, "FPR": [0.011111111111111112, 0.022222222222222223], "FPR whole": 0.016666666666666666, "FPR ratio": 0.5, "PPR": [0.8850574712643678, 0.726027397260274], "PPR whole": 0.8125, "PPR ratio": 1.219041422684884}, "0.8-0.8": {"roc": 0.9909270833333333, "flag_rate": [0.088, 0.075], "flag_rate_ratio": 1.1733333333333333, "TPR": [0.78, 0.8833333333333333], "TPR whole": 0.81875, "TPR ratio": 0.8830188679245283,