{"0.01-0.01": {"roc": 0.9914523809523809, "flag_rate": [0.081, 0.0627659574468085], "flag_rate_ratio": 1.2905084745762714, "TPR": [0.72, 1.0], "TPR whole": 0.8, "TPR ratio": 0.72, "FPR": [0.01, 0.021111111111111112], "FPR whole": 0.015555555555555555, "FPR ratio": 0.47368421052631576, "PPR": [0.8888888888888888, 0.6779661016949152], "PPR whole": 0.8, "PPR ratio": 1.3111111111111111}, "0.01-0.2": {"roc": 0.9902936507936508, "flag_rate": [0.083, 0.06063829787234042], "flag_rate_ratio": 1.3687719298245615, "TPR": [0.74, 1.0], "TPR whole": 0.8142857142857143, "TPR ratio": 0.74, "FPR": [0.01, 0.01888888888888889], "FPR whole": 0.014444444444444444, "FPR ratio": 0.5294117647058824, "PPR": [0.891566265060241, 0.7017543859649122], "PPR whole": 0.8142857142857143, "PPR ratio": 1.2704819277108435}, "0.01-0.5": {"roc": 0.9918968253968254, "flag_rate": [0.086, 0.0574468085106383], "flag_rate_ratio": 1.497037037037037, "TPR": [0.78, 0.975], "TPR whole": 0.8357142857142857, "TPR ratio": 0.8, "FPR": [0.008888888888888889, 0.016666666666666666], "FPR whole": 0.012777777777777779, "FPR ratio": 0.5333333333333333, "PPR": [0.9069767441860465, 0.7222222222222222], "PPR whole": 0.8357142857142857, "PPR ratio": 1.255813953488372}, "0.01-0.8": {"roc": 0.9869484126984127, "flag_rate": [0.086, 0.0574468085106383], "flag_rate_ratio": 1.497037037037037, "TPR": [0.74, 0.9], "TPR whole": 0.7857142857142857, "TPR ratio": 0.8222222222222222, "FPR": [0.013333333333333334, 0.02], "FPR whole": 0.016666666666666666, "FPR ratio": 0.6666666666666667, "PPR": [0.8604651162790697, 0.6666666666666666], "PPR whole": 0.7857142857142857, "PPR ratio": 1.2906976744186047}, "0.05-0.01": {"roc": 0.983797619047619, "flag_rate": [0.076, 0.06808510638297872], "flag_rate_ratio": 1.11625, "TPR": [0.63, 1.0], "TPR whole": 0.7357142857142858, "TPR ratio": 0.63, "FPR": [0.014444444444444444, 0.02666666666666667], "FPR whole": 0.020555555555555556, "FPR ratio": 0.5416666666666666, "PPR": [0.8289473684210527, 0.625], "PPR whole": 0.7357142857142858, "PPR ratio": 1.3263157894736843}, "0.05-0.2": {"roc": 0.9911984126984128, "flag_rate": [0.085, 0.05851063829787234], "flag_rate_ratio": 1.4527272727272729, "TPR": [0.75, 0.975], "TPR whole": 0.8142857142857143, "TPR ratio": 0.7692307692307693, "FPR": [0.011111111111111112, 0.017777777777777778], "FPR whole": 0.014444444444444444, "FPR ratio": 0.625, "PPR": [0.8823529411764706, 0.7090909090909091], "PPR whole": 0.8142857142857143, "PPR ratio": 1.244343891402715}, "0.05-0.5": {"roc": 0.9924007936507937, "flag_rate": [0.095, 0.047872340425531915], "flag_rate_ratio": 1.9844444444444445, "TPR": [0.84, 0.8], "TPR whole": 0.8285714285714286, "TPR ratio": 1.0499999999999998, "FPR": [0.012222222222222223, 0.014444444444444444], "FPR whole": 0.013333333333333334, "FPR ratio": 0.8461538461538463, "PPR": [0.8842105263157894, 0.7111111111111111], "PPR whole": 0.8285714285714286, "PPR ratio": 1.2434210526315788}, "0.05-0.8": {"roc": 0.9878571428571428, "flag_rate": [0.08, 0.06382978723404255], "flag_rate_ratio": 1.2533333333333334, "TPR": [0.7, 0.975], "TPR whole": 0.7785714285714286, "TPR ratio": 0.717948717948718, "FPR": [0.011111111111111112, 0.023333333333333334], "FPR whole": 0.017222222222222222, "FPR ratio": 0.47619047619047616, "PPR": [0.875, 0.65], "PPR whole": 0.7785714285714286, "PPR ratio": 1.346153846153846}, "0.2-0.01": {"roc": 0.9863134920634921, "flag_rate": [0.078, 0.06595744680851064], "flag_rate_ratio": 1.1825806451612904, "TPR": [0.68, 1.0], "TPR whole": 0.7714285714285715, "TPR ratio": 0.68, "FPR": [0.011111111111111112, 0.024444444444444446], "FPR whole": 0.017777777777777778, "FPR ratio": 0.45454545454545453, "PPR": [0.8717948717948718, 0.6451612903225806], "PPR whole": 0.7714285714285715, "PPR ratio": 1.3512820512820514}, "0.2-0.2": {"roc": 0.990829365079365, "flag_rate": [0.085, 0.05851063829787234], "flag_rate_ratio": 1.4527272727272729, "TPR": [0.75, 0.975], "TPR whole": 0.8142857142857143, "TPR ratio": 0.7692307692307693, "FPR": [0.011111111111111112, 0.017777777777777778], "FPR whole": 0.014444444444444444, "FPR ratio": 0.625, "PPR": [0.8823529411764706, 0.7090909090909091], "PPR whole": 0.8142857142857143, "PPR ratio": 1.244343891402715}, "0.2-0.5": {"roc": 0.9850952380952381, "flag_rate": [0.083, 0.06063829787234042], "flag_rate_ratio": 1.3687719298245615, "TPR": [0.7, 0.925], "TPR whole": 0.7642857142857142, "TPR ratio": 0.7567567567567567, "FPR": [0.014444444444444444, 0.022222222222222223], "FPR whole": 0.018333333333333333, "FPR ratio": 0.6499999999999999, "PPR": [0.8433734939759037, 0.6491228070175439], "PPR whole": 0.7642857142857142, "PPR ratio": 1.299251058287203}, "0.2-0.8": {"roc": 0.985638888888889, "flag_rate": [0.08, 0.06382978723404255], "flag_rate_ratio": 1.2533333333333334, "TPR": [0.68, 1.0], "TPR whole": 0.7714285714285715, "TPR ratio": 0.68, "FPR": [0.013333333333333334, 0.022222222222222223], "FPR whole": 0.017777777777777778, "FPR ratio": 0.6, "PPR": [0.85, 0.6666666666666666], "PPR whole": 0.7714285714285715, "PPR ratio": 1.2750000000000001}, "0.5-0.01": {"roc": 0.9881865079365079, "flag_rate": [0.08, 0.06382978723404255], "flag_rate_ratio": 1.2533333333333334, "TPR": [0.71, 1.0], "TPR whole": 0.7928571428571428, "TPR ratio": 0.71, "FPR": [0.01, 0.022222222222222223], "FPR whole": 0.01611111111111111, "FPR ratio": 0.45, "PPR": [0.8875, 0.6666666666666666], "PPR whole": 0.7928571428571428, "PPR ratio": 1.33125}, "0.5-0.2": {"roc": 0.9805714285714285, "flag_rate": [0.079, 0.06489361702127659], "flag_rate_ratio": 1.217377049180328, "TPR": [0.66, 0.975], "TPR whole": 0.75, "TPR ratio": 0.676923076923077, "FPR": [0.014444444444444444, 0.024444444444444446], "FPR whole": 0.019444444444444445, "FPR ratio": 0.5909090909090908, "PPR": [0.8354430379746836, 0.639344262295082], "PPR whole": 0.75, "PPR ratio": 1.3067185978578384}, "0.5-0.5": {"roc": 0.9845436507936508, "flag_rate": [0.083, 0.06063829787234042], "flag_rate_ratio": 1.3687719298245615, "TPR": [0.7, 0.9], "TPR whole": 0.7571428571428571, "TPR ratio": 0.7777777777777777, "FPR": [0.014444444444444444, 0.023333333333333334], "FPR whole": 0.01888888888888889, "FPR ratio": 0.619047619047619, "PPR": [0.8433734939759037, 0.631578947368421], "PPR whole": 0.7571428571428571, "PPR ratio": 1.3353413654618476}, "0.5-0.8": {"roc": 0.9859563492063492, "flag_rate": [0.083, 0.06063829787234042], "flag_rate_ratio": 1.3687719298245615, "TPR": [0.72, 0.925], "TPR whole": 0.7785714285714286, "TPR ratio": 0.7783783783783783, "FPR": [0.012222222222222223, 0.022222222222222223], "FPR whole": 0.017222222222222222, "FPR ratio": 0.55, "PPR": [0.8674698795180723, 0.6491228070175439], "PPR whole": 0.7785714285714286, "PPR ratio": 1.3363725170954086}, "0.8-0.01": {"roc": 0.9912619047619048, "flag_rate": [0.081, 0.0627659574468085], "flag_rate_ratio": 1.2905084745762714, "TPR": [0.73, 1.0], "TPR whole": 0.8071428571428572, "TPR ratio": 0.73, "FPR": [0.008888888888888889, 0.021111111111111112], "FPR whole": 0.015, "FPR ratio": 0.42105263157894735, "PPR": [0.9012345679012346, 0.6779661016949152], "PPR whole": 0.8071428571428572, "PPR ratio": 1.329320987654321}, "0.8-0.2": {"roc": 0.983670634920635, "flag_rate": [0.077, 0.06702127659574468], "flag_rate_ratio": 1.1488888888888888, "TPR": [0.67, 0.975], "TPR whole": 0.7571428571428571, "TPR ratio": 0.6871794871794872, "FPR": [0.011111111111111112, 0.02666666666666667], "FPR whole": 0.01888888888888889, "FPR ratio": 0.41666666666666663, "PPR": [0.8701298701298701, 0.6190476190476191], "PPR whole": 0.7571428571428571, "PPR ratio": 1.4055944055944054}, "0.8-0.5": {"roc": 0.9817222222222223, "flag_rate": [0.081, 0.0627659574468085], "flag_rate_ratio": 1.2905084745762714, "TPR": [0.66, 0.925], "TPR whole": 0.7357142857142858, "TPR ratio": 0.7135135135135136, "FPR": [0.016666666666666666, 0.024444444444444446], "FPR whole": 0.020555555555555556, "FPR ratio": 0.6818181818181818, "PPR": [0.8148148148148148, 0.6271186440677966], "PPR whole": 0.7357142857142858,