{"0.01-0.01": {"roc": 0.9867006172839506, "flag_rate": [0.092, 0.08979591836734693], "flag_rate_ratio": 1.0245454545454546, "TPR": [0.8, 0.7625], "TPR whole": 0.7833333333333333, "TPR ratio": 1.0491803278688525, "FPR": [0.013333333333333334, 0.03], "FPR whole": 0.021666666666666667, "FPR ratio": 0.4444444444444445, "PPR": [0.8695652173913043, 0.6931818181818182], "PPR whole": 0.7833333333333333, "PPR ratio": 1.2544547398431931}, "0.01-0.2": {"roc": 0.9902592592592593, "flag_rate": [0.099, 0.0826530612244898], "flag_rate_ratio": 1.1977777777777778, "TPR": [0.87, 0.7875], "TPR whole": 0.8333333333333334, "TPR ratio": 1.1047619047619048, "FPR": [0.013333333333333334, 0.02], "FPR whole": 0.016666666666666666, "FPR ratio": 0.6666666666666667, "PPR": [0.8787878787878788, 0.7777777777777778], "PPR whole": 0.8333333333333334, "PPR ratio": 1.12987012987013}, "0.01-0.5": {"roc": 0.9881574074074074, "flag_rate": [0.097, 0.08469387755102041], "flag_rate_ratio": 1.1453012048192772, "TPR": [0.84, 0.775], "TPR whole": 0.8111111111111111, "TPR ratio": 1.0838709677419354, "FPR": [0.014444444444444444, 0.023333333333333334], "FPR whole": 0.01888888888888889, "FPR ratio": 0.619047619047619, "PPR": [0.865979381443299, 0.7469879518072289], "PPR whole": 0.8111111111111111, "PPR ratio": 1.1592949783837714}, "0.01-0.8": {"roc": 0.9865123456790124, "flag_rate": [0.094, 0.08775510204081632], "flag_rate_ratio": 1.0711627906976744, "TPR": [0.82, 0.7625], "TPR whole": 0.7944444444444444, "TPR ratio": 1.0754098360655737, "FPR": [0.013333333333333334, 0.027777777777777776], "FPR whole": 0.020555555555555556, "FPR ratio": 0.48000000000000004, "PPR": [0.8723404255319149, 0.7093023255813954], "PPR whole": 0.7944444444444444, "PPR ratio": 1.2298569933728636}, "0.05-0.01": {"roc": 0.9890555555555556, "flag_rate": [0.094, 0.08775510204081632], "flag_rate_ratio": 1.0711627906976744, "TPR": [0.81, 0.8125], "TPR whole": 0.8111111111111111, "TPR ratio": 0.996923076923077, "FPR": [0.014444444444444444, 0.023333333333333334], "FPR whole": 0.01888888888888889, "FPR ratio": 0.619047619047619, "PPR": [0.8617021276595744, 0.7558139534883721], "PPR whole": 0.8111111111111111, "PPR ratio": 1.1400981996726678}, "0.05-0.2": {"roc": 0.9854660493827161, "flag_rate": [0.094, 0.08775510204081632], "flag_rate_ratio": 1.0711627906976744, "TPR": [0.81, 0.75], "TPR whole": 0.7833333333333333, "TPR ratio": 1.08, "FPR": [0.014444444444444444, 0.028888888888888888], "FPR whole": 0.021666666666666667, "FPR ratio": 0.5, "PPR": [0.8617021276595744, 0.6976744186046512], "PPR whole": 0.7833333333333333, "PPR ratio": 1.2351063829787232}, "0.05-0.5": {"roc": 0.9894598765432099, "flag_rate": [0.096, 0.08571428571428572], "flag_rate_ratio": 1.12, "TPR": [0.83, 0.8], "TPR whole": 0.8166666666666667, "TPR ratio": 1.0374999999999999, "FPR": [0.014444444444444444, 0.022222222222222223], "FPR whole": 0.018333333333333333, "FPR ratio": 0.6499999999999999, "PPR": [0.8645833333333334, 0.7619047619047619], "PPR whole": 0.8166666666666667, "PPR ratio": 1.1347656250000002}, "0.05-0.8": {"roc": 0.9916141975308642, "flag_rate": [0.09, 0.09183673469387756], "flag_rate_ratio": 0.9799999999999999, "TPR": [0.81, 0.8875], "TPR whole": 0.8444444444444444, "TPR ratio": 0.9126760563380283, "FPR": [0.01, 0.021111111111111112], "FPR whole": 0.015555555555555555, "FPR ratio": 0.47368421052631576, "PPR": [0.9, 0.7888888888888889], "PPR whole": 0.8444444444444444, "PPR ratio": 1.1408450704225352}, "0.2-0.01": {"roc": 0.9885154320987655, "flag_rate": [0.095, 0.08673469387755102], "flag_rate_ratio": 1.0952941176470588, "TPR": [0.81, 0.8125], "TPR whole": 0.8111111111111111, "TPR ratio": 0.996923076923077, "FPR": [0.015555555555555555, 0.022222222222222223], "FPR whole": 0.01888888888888889, "FPR ratio": 0.7, "PPR": [0.8526315789473684, 0.7647058823529411], "PPR whole": 0.8111111111111111, "PPR ratio": 1.1149797570850204}, "0.2-0.2": {"roc": 0.9879938271604938, "flag_rate": [0.098, 0.0836734693877551], "flag_rate_ratio": 1.1712195121951219, "TPR": [0.83, 0.7625], "TPR whole": 0.8, "TPR ratio": 1.0885245901639344, "FPR": [0.016666666666666666, 0.023333333333333334], "FPR whole": 0.02, "FPR ratio": 0.7142857142857142, "PPR": [0.8469387755102041, 0.7439024390243902], "PPR whole": 0.8, "PPR ratio": 1.138507862161258}, "0.2-0.5": {"roc": 0.9907314814814815, "flag_rate": [0.096, 0.08571428571428572], "flag_rate_ratio": 1.12, "TPR": [0.85, 0.8125], "TPR whole": 0.8333333333333334, "TPR ratio": 1.0461538461538462, "FPR": [0.012222222222222223, 0.021111111111111112], "FPR whole": 0.016666666666666666, "FPR ratio": 0.5789473684210527, "PPR": [0.8854166666666666, 0.7738095238095238], "PPR whole": 0.8333333333333334, "PPR ratio": 1.1442307692307692}, "0.2-0.8": {"roc": 0.9827777777777778, "flag_rate": [0.094, 0.08775510204081632], "flag_rate_ratio": 1.0711627906976744, "TPR": [0.79, 0.7375], "TPR whole": 0.7666666666666667, "TPR ratio": 1.071186440677966, "FPR": [0.016666666666666666, 0.03], "FPR whole": 0.023333333333333334, "FPR ratio": 0.5555555555555556, "PPR": [0.8404255319148937, 0.686046511627907], "PPR whole": 0.7666666666666667, "PPR ratio": 1.2250270465200146}, "0.5-0.01": {"roc": 0.9860308641975308, "flag_rate": [0.094, 0.08775510204081632], "flag_rate_ratio": 1.0711627906976744, "TPR": [0.79, 0.775], "TPR whole": 0.7833333333333333, "TPR ratio": 1.0193548387096774, "FPR": [0.016666666666666666, 0.02666666666666667], "FPR whole": 0.021666666666666667, "FPR ratio": 0.625, "PPR": [0.8404255319148937, 0.7209302325581395], "PPR whole": 0.7833333333333333, "PPR ratio": 1.165751544269046}, "0.5-0.2": {"roc": 0.9876882716049382, "flag_rate": [0.096, 0.08571428571428572], "flag_rate_ratio": 1.12, "TPR": [0.84, 0.75], "TPR whole": 0.8, "TPR ratio": 1.1199999999999999, "FPR": [0.013333333333333334, 0.02666666666666667], "FPR whole": 0.02, "FPR ratio": 0.5, "PPR": [0.875, 0.7142857142857143], "PPR whole": 0.8, "PPR ratio": 1.2249999999999999}, "0.5-0.5": {"roc": 0.9906574074074074, "flag_rate": [0.098, 0.0836734693877551], "flag_rate_ratio": 1.1712195121951219, "TPR": [0.84, 0.8], "TPR whole": 0.8222222222222222, "TPR ratio": 1.0499999999999998, "FPR": [0.015555555555555555, 0.02], "FPR whole": 0.017777777777777778, "FPR ratio": 0.7777777777777778, "PPR": [0.8571428571428571, 0.7804878048780488], "PPR whole": 0.8222222222222222, "PPR ratio": 1.0982142857142856}, "0.5-0.8": {"roc": 0.9876820987654321, "flag_rate": [0.093, 0.08877551020408163], "flag_rate_ratio": 1.0475862068965518, "TPR": [0.8, 0.8], "TPR whole": 0.8, "TPR ratio": 1.0, "FPR": [0.014444444444444444, 0.025555555555555557], "FPR whole": 0.02, "FPR ratio": 0.5652173913043478, "PPR": [0.8602150537634409, 0.735632183908046], "PPR whole": 0.8, "PPR ratio": 1.1693548387096775}, "0.8-0.01": {"roc": 0.9888364197530864, "flag_rate": [0.092, 0.08979591836734693], "flag_rate_ratio": 1.0245454545454546, "TPR": [0.8, 0.825], "TPR whole": 0.8111111111111111, "TPR ratio": 0.9696969696969698, "FPR": [0.013333333333333334, 0.024444444444444446], "FPR whole": 0.01888888888888889, "FPR ratio": 0.5454545454545454, "PPR": [0.8695652173913043, 0.75], "PPR whole": 0.8111111111111111, "PPR ratio": 1.1594202898550725}, "0.8-0.2": {"roc": 0.9892962962962963, "flag_rate": [0.094, 0.08775510204081632], "flag_rate_ratio": 1.0711627906976744, "TPR": [0.82, 0.825], "TPR whole": 0.8222222222222222, "TPR ratio": 0.9939393939393939, "FPR": [0.013333333333333334, 0.022222222222222223], "FPR whole": 0.017777777777777778, "FPR ratio": 0.6, "PPR": [0.8723404255319149, 0.7674418604651163], "PPR whole": 0.8222222222222222, "PPR ratio": 1.1366860090264346}, "0.8-0.5": {"roc": 0.9856234567901234, "flag_rate": [0.093, 0.08877551020408163], "flag_rate_ratio": 1.0475862068965518, "TPR": [0.79, 0.775], "TPR whole": 0.7833333333333333, "TPR ratio": 1.0193548387096774, "FPR": [0.015555555555555555, 0.027777777777777776], "FPR whole": 0.021666666666666667, "FPR ratio": 0.56, "PPR": [0.8494623655913979, 0.7126436781609196],