{"0.01-0.01": {"roc": 0.988950742240216, "flag_rate": [0.108, 0.08], "flag_rate_ratio": 1.3499999999999999, "TPR": [0.93, 0.7142857142857143], "TPR whole": 0.8525641025641025, "TPR ratio": 1.302, "FPR": [0.016666666666666666, 0.014705882352941176], "FPR whole": 0.01592797783933518, "FPR ratio": 1.1333333333333333, "PPR": [0.8611111111111112, 0.8333333333333334], "PPR whole": 0.8525641025641025, "PPR ratio": 1.0333333333333334}, "0.01-0.2": {"roc": 0.9915698913275091, "flag_rate": [0.102, 0.09], "flag_rate_ratio": 1.1333333333333333, "TPR": [0.87, 0.8392857142857143], "TPR whole": 0.8589743589743589, "TPR ratio": 1.0365957446808511, "FPR": [0.016666666666666666, 0.012867647058823529], "FPR whole": 0.015235457063711912, "FPR ratio": 1.2952380952380953, "PPR": [0.8529411764705882, 0.8703703703703703], "PPR whole": 0.8589743589743589, "PPR ratio": 0.9799749687108886}, "0.01-0.5": {"roc": 0.9898208324454862, "flag_rate": [0.099, 0.095], "flag_rate_ratio": 1.0421052631578949, "TPR": [0.84, 0.8571428571428571], "TPR whole": 0.8461538461538461, "TPR ratio": 0.98, "FPR": [0.016666666666666666, 0.016544117647058824], "FPR whole": 0.01662049861495845, "FPR ratio": 1.0074074074074073, "PPR": [0.8484848484848485, 0.8421052631578947], "PPR whole": 0.8461538461538461, "PPR ratio": 1.0075757575757576}, "0.01-0.8": {"roc": 0.9885245756090631, "flag_rate": [0.097, 0.09833333333333333], "flag_rate_ratio": 0.9864406779661018, "TPR": [0.8, 0.8571428571428571], "TPR whole": 0.8205128205128205, "TPR ratio": 0.9333333333333335, "FPR": [0.01888888888888889, 0.02022058823529412], "FPR whole": 0.019390581717451522, "FPR ratio": 0.934141414141414, "PPR": [0.8247422680412371, 0.8135593220338984], "PPR whole": 0.8205128205128205, "PPR ratio": 1.013745704467354}, "0.05-0.01": {"roc": 0.9880806520349457, "flag_rate": [0.107, 0.08166666666666667], "flag_rate_ratio": 1.310204081632653, "TPR": [0.93, 0.6964285714285714], "TPR whole": 0.8461538461538461, "TPR ratio": 1.3353846153846156, "FPR": [0.015555555555555555, 0.01838235294117647], "FPR whole": 0.01662049861495845, "FPR ratio": 0.8462222222222222, "PPR": [0.8691588785046729, 0.7959183673469388], "PPR whole": 0.8461538461538461, "PPR ratio": 1.092020129403307}, "0.05-0.2": {"roc": 0.9839210881454649, "flag_rate": [0.093, 0.105], "flag_rate_ratio": 0.8857142857142858, "TPR": [0.76, 0.875], "TPR whole": 0.8012820512820513, "TPR ratio": 0.8685714285714285, "FPR": [0.01888888888888889, 0.025735294117647058], "FPR whole": 0.02146814404432133, "FPR ratio": 0.733968253968254, "PPR": [0.8172043010752689, 0.7777777777777778], "PPR whole": 0.8012820512820513, "PPR ratio": 1.0506912442396314}, "0.05-0.5": {"roc": 0.9906065771716741, "flag_rate": [0.101, 0.09166666666666666], "flag_rate_ratio": 1.101818181818182, "TPR": [0.88, 0.8214285714285714], "TPR whole": 0.8589743589743589, "TPR ratio": 1.071304347826087, "FPR": [0.014444444444444444, 0.016544117647058824], "FPR whole": 0.015235457063711912, "FPR ratio": 0.8730864197530863, "PPR": [0.8712871287128713, 0.8363636363636363], "PPR whole": 0.8589743589743589, "PPR ratio": 1.0417563495479985}, "0.05-0.8": {"roc": 0.9833750621493003, "flag_rate": [0.094, 0.10333333333333333], "flag_rate_ratio": 0.9096774193548387, "TPR": [0.77, 0.8571428571428571], "TPR whole": 0.8012820512820513, "TPR ratio": 0.8983333333333334, "FPR": [0.01888888888888889, 0.025735294117647058], "FPR whole": 0.02146814404432133, "FPR ratio": 0.733968253968254, "PPR": [0.8191489361702128, 0.7741935483870968], "PPR whole": 0.8012820512820513, "PPR ratio": 1.0580673758865249}, "0.2-0.01": {"roc": 0.9872771503657929, "flag_rate": [0.107, 0.08166666666666667], "flag_rate_ratio": 1.310204081632653, "TPR": [0.93, 0.6964285714285714], "TPR whole": 0.8461538461538461, "TPR ratio": 1.3353846153846156, "FPR": [0.015555555555555555, 0.01838235294117647], "FPR whole": 0.01662049861495845, "FPR ratio": 0.8462222222222222, "PPR": [0.8691588785046729, 0.7959183673469388], "PPR whole": 0.8461538461538461, "PPR ratio": 1.092020129403307}, "0.2-0.2": {"roc": 0.9898519070956744, "flag_rate": [0.102, 0.09], "flag_rate_ratio": 1.1333333333333333, "TPR": [0.86, 0.8214285714285714], "TPR whole": 0.8461538461538461, "TPR ratio": 1.0469565217391306, "FPR": [0.017777777777777778, 0.014705882352941176], "FPR whole": 0.01662049861495845, "FPR ratio": 1.208888888888889, "PPR": [0.8431372549019608, 0.8518518518518519], "PPR whole": 0.8461538461538461, "PPR ratio": 0.989769820971867}, "0.2-0.5": {"roc": 0.9892392925633923, "flag_rate": [0.097, 0.09833333333333333], "flag_rate_ratio": 0.9864406779661018, "TPR": [0.81, 0.875], "TPR whole": 0.8333333333333334, "TPR ratio": 0.9257142857142858, "FPR": [0.017777777777777778, 0.01838235294117647], "FPR whole": 0.018005540166204988, "FPR ratio": 0.967111111111111, "PPR": [0.8350515463917526, 0.8305084745762712], "PPR whole": 0.8333333333333334, "PPR ratio": 1.0054702293288449}, "0.2-0.8": {"roc": 0.9876456069323105, "flag_rate": [0.098, 0.09666666666666666], "flag_rate_ratio": 1.013793103448276, "TPR": [0.81, 0.8571428571428571], "TPR whole": 0.8269230769230769, "TPR ratio": 0.9450000000000001, "FPR": [0.01888888888888889, 0.01838235294117647], "FPR whole": 0.018698060941828253, "FPR ratio": 1.0275555555555556, "PPR": [0.826530612244898, 0.8275862068965517], "PPR whole": 0.8269230769230769, "PPR ratio": 0.9987244897959184}, "0.5-0.01": {"roc": 0.9900161588180979, "flag_rate": [0.104, 0.08666666666666667], "flag_rate_ratio": 1.2, "TPR": [0.9, 0.7857142857142857], "TPR whole": 0.8589743589743589, "TPR ratio": 1.1454545454545455, "FPR": [0.015555555555555555, 0.014705882352941176], "FPR whole": 0.015235457063711912, "FPR ratio": 1.0577777777777777, "PPR": [0.8653846153846154, 0.8461538461538461], "PPR whole": 0.8589743589743589, "PPR ratio": 1.0227272727272727}, "0.5-0.2": {"roc": 0.9865624334114639, "flag_rate": [0.096, 0.1], "flag_rate_ratio": 0.96, "TPR": [0.79, 0.8571428571428571], "TPR whole": 0.8141025641025641, "TPR ratio": 0.9216666666666667, "FPR": [0.01888888888888889, 0.022058823529411766], "FPR whole": 0.02008310249307479, "FPR ratio": 0.8562962962962962, "PPR": [0.8229166666666666, 0.8], "PPR whole": 0.8141025641025641, "PPR ratio": 1.0286458333333333}, "0.5-0.5": {"roc": 0.9842717877690177, "flag_rate": [0.092, 0.10666666666666667], "flag_rate_ratio": 0.8624999999999999, "TPR": [0.77, 0.8571428571428571], "TPR whole": 0.8012820512820513, "TPR ratio": 0.8983333333333334, "FPR": [0.016666666666666666, 0.029411764705882353], "FPR whole": 0.02146814404432133, "FPR ratio": 0.5666666666666667, "PPR": [0.8369565217391305, 0.75], "PPR whole": 0.8012820512820513, "PPR ratio": 1.1159420289855073}, "0.5-0.8": {"roc": 0.9879563534341927, "flag_rate": [0.095, 0.10166666666666667], "flag_rate_ratio": 0.9344262295081968, "TPR": [0.79, 0.8571428571428571], "TPR whole": 0.8141025641025641, "TPR ratio": 0.9216666666666667, "FPR": [0.017777777777777778, 0.02389705882352941], "FPR whole": 0.02008310249307479, "FPR ratio": 0.7439316239316239, "PPR": [0.8315789473684211, 0.7868852459016393], "PPR whole": 0.8141025641025641, "PPR ratio": 1.0567982456140352}, "0.8-0.01": {"roc": 0.9891993394417217, "flag_rate": [0.1, 0.09333333333333334], "flag_rate_ratio": 1.0714285714285714, "TPR": [0.86, 0.8035714285714286], "TPR whole": 0.8397435897435898, "TPR ratio": 1.0702222222222222, "FPR": [0.015555555555555555, 0.02022058823529412], "FPR whole": 0.01731301939058172, "FPR ratio": 0.7692929292929293, "PPR": [0.86, 0.8035714285714286], "PPR whole": 0.8397435897435898, "PPR ratio": 1.0702222222222222}, "0.8-0.2": {"roc": 0.9867000497194403, "flag_rate": [0.093, 0.105], "flag_rate_ratio": 0.8857142857142858, "TPR": [0.78, 0.8571428571428571], "TPR whole": 0.8076923076923077, "TPR ratio": 0.91, "FPR": [0.016666666666666666, 0.027573529411764705], "FPR whole": 0.02077562326869806, "FPR ratio": 0.6044444444444445, "PPR": [0.8387096774193549, 0.7619047619047619], "PPR whole": 0.8076923076923077, "PPR ratio": 1.1008064516129032},