{"0.01-0.01": {"roc": 0.9904879640122248, "flag_rate": [0.103, 0.09333333333333334], "flag_rate_ratio": 1.1035714285714284, "TPR": [0.91, 0.7701149425287356], "TPR whole": 0.8449197860962567, "TPR ratio": 1.1816417910447763, "FPR": [0.013333333333333334, 0.020910209102091022], "FPR whole": 0.016929363689433742, "FPR ratio": 0.6376470588235295, "PPR": [0.883495145631068, 0.7976190476190477], "PPR whole": 0.8449197860962567, "PPR ratio": 1.1076655557165629}, "0.01-0.2": {"roc": 0.986620089844567, "flag_rate": [0.104, 0.09222222222222222], "flag_rate_ratio": 1.127710843373494, "TPR": [0.9, 0.7241379310344828], "TPR whole": 0.8181818181818182, "TPR ratio": 1.2428571428571429, "FPR": [0.015555555555555555, 0.024600246002460024], "FPR whole": 0.0198482194979568, "FPR ratio": 0.6323333333333333, "PPR": [0.8653846153846154, 0.7590361445783133], "PPR whole": 0.8181818181818182, "PPR ratio": 1.14010989010989}, "0.01-0.5": {"roc": 0.9896919124280822, "flag_rate": [0.103, 0.09333333333333334], "flag_rate_ratio": 1.1035714285714284, "TPR": [0.89, 0.7816091954022989], "TPR whole": 0.839572192513369, "TPR ratio": 1.1386764705882353, "FPR": [0.015555555555555555, 0.01968019680196802], "FPR whole": 0.017513134851138354, "FPR ratio": 0.7904166666666667, "PPR": [0.8640776699029126, 0.8095238095238095], "PPR whole": 0.839572192513369, "PPR ratio": 1.067390062821245}, "0.01-0.8": {"roc": 0.984622156456915, "flag_rate": [0.103, 0.09333333333333334], "flag_rate_ratio": 1.1035714285714284, "TPR": [0.89, 0.7241379310344828], "TPR whole": 0.8128342245989305, "TPR ratio": 1.2290476190476192, "FPR": [0.015555555555555555, 0.025830258302583026], "FPR whole": 0.020431990659661413, "FPR ratio": 0.6022222222222222, "PPR": [0.8640776699029126, 0.75], "PPR whole": 0.8128342245989305, "PPR ratio": 1.15210355987055}, "0.05-0.01": {"roc": 0.986332886920092, "flag_rate": [0.103, 0.09333333333333334], "flag_rate_ratio": 1.1035714285714284, "TPR": [0.88, 0.735632183908046], "TPR whole": 0.8128342245989305, "TPR ratio": 1.19625, "FPR": [0.016666666666666666, 0.024600246002460024], "FPR whole": 0.020431990659661413, "FPR ratio": 0.6775, "PPR": [0.8543689320388349, 0.7619047619047619], "PPR whole": 0.8128342245989305, "PPR ratio": 1.1213592233009708}, "0.05-0.2": {"roc": 0.9876253000802295, "flag_rate": [0.103, 0.09333333333333334], "flag_rate_ratio": 1.1035714285714284, "TPR": [0.9, 0.7471264367816092], "TPR whole": 0.8288770053475936, "TPR ratio": 1.2046153846153846, "FPR": [0.014444444444444444, 0.023370233702337023], "FPR whole": 0.018680677174547577, "FPR ratio": 0.6180701754385964, "PPR": [0.8737864077669902, 0.7738095238095238], "PPR whole": 0.8288770053475936, "PPR ratio": 1.1292008961911872}, "0.05-0.5": {"roc": 0.9871570344424985, "flag_rate": [0.098, 0.09888888888888889], "flag_rate_ratio": 0.9910112359550562, "TPR": [0.85, 0.7816091954022989], "TPR whole": 0.8181818181818182, "TPR ratio": 1.0875, "FPR": [0.014444444444444444, 0.025830258302583026], "FPR whole": 0.0198482194979568, "FPR ratio": 0.5592063492063492, "PPR": [0.8673469387755102, 0.7640449438202247], "PPR whole": 0.8181818181818182, "PPR ratio": 1.135204081632653}, "0.05-0.8": {"roc": 0.9918115948815444, "flag_rate": [0.099, 0.09777777777777778], "flag_rate_ratio": 1.0125, "TPR": [0.85, 0.8275862068965517], "TPR whole": 0.839572192513369, "TPR ratio": 1.0270833333333333, "FPR": [0.015555555555555555, 0.01968019680196802], "FPR whole": 0.017513134851138354, "FPR ratio": 0.7904166666666667, "PPR": [0.8585858585858586, 0.8181818181818182], "PPR whole": 0.839572192513369, "PPR ratio": 1.0493827160493827}, "0.2-0.01": {"roc": 0.9907096097474175, "flag_rate": [0.104, 0.09222222222222222], "flag_rate_ratio": 1.127710843373494, "TPR": [0.91, 0.7701149425287356], "TPR whole": 0.8449197860962567, "TPR ratio": 1.1816417910447763, "FPR": [0.014444444444444444, 0.01968019680196802], "FPR whole": 0.016929363689433742, "FPR ratio": 0.7339583333333333, "PPR": [0.875, 0.8072289156626506], "PPR whole": 0.8449197860962567, "PPR ratio": 1.083955223880597}, "0.2-0.2": {"roc": 0.9893922224199344, "flag_rate": [0.101, 0.09555555555555556], "flag_rate_ratio": 1.0569767441860465, "TPR": [0.88, 0.7931034482758621], "TPR whole": 0.839572192513369, "TPR ratio": 1.1095652173913042, "FPR": [0.014444444444444444, 0.020910209102091022], "FPR whole": 0.017513134851138354, "FPR ratio": 0.6907843137254901, "PPR": [0.8712871287128713, 0.8023255813953488], "PPR whole": 0.839572192513369, "PPR ratio": 1.0859520734682164}, "0.2-0.5": {"roc": 0.9894983626311534, "flag_rate": [0.101, 0.09555555555555556], "flag_rate_ratio": 1.0569767441860465, "TPR": [0.89, 0.7816091954022989], "TPR whole": 0.839572192513369, "TPR ratio": 1.1386764705882353, "FPR": [0.013333333333333334, 0.02214022140221402], "FPR whole": 0.017513134851138354, "FPR ratio": 0.6022222222222223, "PPR": [0.8811881188118812, 0.7906976744186046], "PPR whole": 0.839572192513369, "PPR ratio": 1.1144437973209087}, "0.2-0.8": {"roc": 0.9872569311118812, "flag_rate": [0.098, 0.09888888888888889], "flag_rate_ratio": 0.9910112359550562, "TPR": [0.83, 0.7931034482758621], "TPR whole": 0.8128342245989305, "TPR ratio": 1.0465217391304347, "FPR": [0.016666666666666666, 0.024600246002460024], "FPR whole": 0.020431990659661413, "FPR ratio": 0.6775, "PPR": [0.8469387755102041, 0.7752808988764045], "PPR whole": 0.8128342245989305, "PPR ratio": 1.0924282756580894}, "0.5-0.01": {"roc": 0.9902819271316232, "flag_rate": [0.101, 0.09555555555555556], "flag_rate_ratio": 1.0569767441860465, "TPR": [0.9, 0.7931034482758621], "TPR whole": 0.8502673796791443, "TPR ratio": 1.134782608695652, "FPR": [0.012222222222222223, 0.020910209102091022], "FPR whole": 0.01634559252772913, "FPR ratio": 0.5845098039215686, "PPR": [0.8910891089108911, 0.8023255813953488], "PPR whole": 0.8502673796791443, "PPR ratio": 1.110632802410676}, "0.5-0.2": {"roc": 0.9913558163274863, "flag_rate": [0.099, 0.09777777777777778], "flag_rate_ratio": 1.0125, "TPR": [0.85, 0.8160919540229885], "TPR whole": 0.8342245989304813, "TPR ratio": 1.041549295774648, "FPR": [0.015555555555555555, 0.020910209102091022], "FPR whole": 0.018096906012842966, "FPR ratio": 0.743921568627451, "PPR": [0.8585858585858586, 0.8068181818181818], "PPR whole": 0.8342245989304813, "PPR ratio": 1.0641627543035994}, "0.5-0.5": {"roc": 0.9829083042228195, "flag_rate": [0.101, 0.09555555555555556], "flag_rate_ratio": 1.0569767441860465, "TPR": [0.87, 0.7011494252873564], "TPR whole": 0.7914438502673797, "TPR ratio": 1.2408196721311475, "FPR": [0.015555555555555555, 0.03075030750307503], "FPR whole": 0.02276707530647986, "FPR ratio": 0.5058666666666667, "PPR": [0.8613861386138614, 0.7093023255813954], "PPR whole": 0.7914438502673797, "PPR ratio": 1.2144132446031488}, "0.5-0.8": {"roc": 0.9873224883011635, "flag_rate": [0.096, 0.10111111111111111], "flag_rate_ratio": 0.9494505494505495, "TPR": [0.83, 0.7931034482758621], "TPR whole": 0.8128342245989305, "TPR ratio": 1.0465217391304347, "FPR": [0.014444444444444444, 0.02706027060270603], "FPR whole": 0.020431990659661413, "FPR ratio": 0.5337878787878787, "PPR": [0.8645833333333334, 0.7582417582417582], "PPR whole": 0.8128342245989305, "PPR ratio": 1.140247584541063}, "0.8-0.01": {"roc": 0.9921268937442833, "flag_rate": [0.101, 0.09555555555555556], "flag_rate_ratio": 1.0569767441860465, "TPR": [0.89, 0.8275862068965517], "TPR whole": 0.8609625668449198, "TPR ratio": 1.0754166666666667, "FPR": [0.013333333333333334, 0.017220172201722016], "FPR whole": 0.015178050204319907, "FPR ratio": 0.7742857142857144, "PPR": [0.8811881188118812, 0.8372093023255814], "PPR whole": 0.8609625668449198, "PPR ratio": 1.0525302530253025}, "0.8-0.2": {"roc": 0.990778288707618, "flag_rate": [0.099, 0.09777777777777778], "flag_rate_ratio": 1.0125, "TPR": [0.87, 0.8275862068965517], "TPR whole": 0.8502673796791443, "TPR ratio": 1.05125, "FPR": [0.013333333333333334, 0.01968019680196802], "FPR whole": 0.01634559252772913, "FPR ratio": 0.6775,