{"0.01-0.01": {"roc": 0.9799386693152565, "flag_rate": [0.108, 0.09368421052631579], "flag_rate_ratio": 1.152808988764045, "TPR": [0.9, 0.6185567010309279], "TPR whole": 0.7614213197969543, "TPR ratio": 1.455, "FPR": [0.02, 0.03399765533411489], "FPR whole": 0.026811180832857957, "FPR ratio": 0.5882758620689655, "PPR": [0.8333333333333334, 0.6741573033707865], "PPR whole": 0.7614213197969543, "PPR ratio": 1.2361111111111112}, "0.01-0.2": {"roc": 0.9773875676505251, "flag_rate": [0.103, 0.09894736842105263], "flag_rate_ratio": 1.0409574468085105, "TPR": [0.83, 0.6701030927835051], "TPR whole": 0.751269035532995, "TPR ratio": 1.2386153846153847, "FPR": [0.022222222222222223, 0.03399765533411489], "FPR whole": 0.027952082144894468, "FPR ratio": 0.653639846743295, "PPR": [0.8058252427184466, 0.6914893617021277], "PPR whole": 0.751269035532995, "PPR ratio": 1.165347274085138}, "0.01-0.5": {"roc": 0.980271673505318, "flag_rate": [0.104, 0.09789473684210526], "flag_rate_ratio": 1.0623655913978496, "TPR": [0.87, 0.6494845360824743], "TPR whole": 0.7614213197969543, "TPR ratio": 1.3395238095238096, "FPR": [0.01888888888888889, 0.035169988276670575], "FPR whole": 0.026811180832857957, "FPR ratio": 0.537074074074074, "PPR": [0.8365384615384616, 0.6774193548387096], "PPR whole": 0.7614213197969543, "PPR ratio": 1.23489010989011}, "0.01-0.8": {"roc": 0.9827735484636924, "flag_rate": [0.105, 0.0968421052631579], "flag_rate_ratio": 1.0842391304347825, "TPR": [0.87, 0.6701030927835051], "TPR whole": 0.7715736040609137, "TPR ratio": 1.2983076923076924, "FPR": [0.02, 0.031652989449003514], "FPR whole": 0.02567027952082145, "FPR ratio": 0.6318518518518519, "PPR": [0.8285714285714286, 0.7065217391304348], "PPR whole": 0.7715736040609137, "PPR ratio": 1.1727472527472527}, "0.05-0.01": {"roc": 0.9759860543636579, "flag_rate": [0.108, 0.09368421052631579], "flag_rate_ratio": 1.152808988764045, "TPR": [0.9, 0.5773195876288659], "TPR whole": 0.7411167512690355, "TPR ratio": 1.5589285714285717, "FPR": [0.02, 0.038686987104337635], "FPR whole": 0.029092983456930975, "FPR ratio": 0.516969696969697, "PPR": [0.8333333333333334, 0.6292134831460674], "PPR whole": 0.7411167512690355, "PPR ratio": 1.324404761904762}, "0.05-0.2": {"roc": 0.9782273173472018, "flag_rate": [0.098, 0.10421052631578948], "flag_rate_ratio": 0.9404040404040405, "TPR": [0.78, 0.7010309278350515], "TPR whole": 0.7411167512690355, "TPR ratio": 1.1126470588235295, "FPR": [0.022222222222222223, 0.03634232121922626], "FPR whole": 0.029092983456930975, "FPR ratio": 0.6114695340501792, "PPR": [0.7959183673469388, 0.6868686868686869], "PPR whole": 0.7411167512690355, "PPR ratio": 1.158763505402161}, "0.05-0.5": {"roc": 0.9829443940916369, "flag_rate": [0.097, 0.10526315789473684], "flag_rate_ratio": 0.9215000000000001, "TPR": [0.79, 0.7525773195876289], "TPR whole": 0.7715736040609137, "TPR ratio": 1.0497260273972604, "FPR": [0.02, 0.031652989449003514], "FPR whole": 0.02567027952082145, "FPR ratio": 0.6318518518518519, "PPR": [0.8144329896907216, 0.73], "PPR whole": 0.7715736040609137, "PPR ratio": 1.1156616297133173}, "0.05-0.8": {"roc": 0.979730179735392, "flag_rate": [0.106, 0.09578947368421052], "flag_rate_ratio": 1.1065934065934067, "TPR": [0.88, 0.6597938144329897], "TPR whole": 0.7715736040609137, "TPR ratio": 1.33375, "FPR": [0.02, 0.031652989449003514], "FPR whole": 0.02567027952082145, "FPR ratio": 0.6318518518518519, "PPR": [0.8301886792452831, 0.7032967032967034], "PPR whole": 0.7715736040609137, "PPR ratio": 1.1804245283018868}, "0.2-0.01": {"roc": 0.9833005637905723, "flag_rate": [0.104, 0.09789473684210526], "flag_rate_ratio": 1.0623655913978496, "TPR": [0.87, 0.7010309278350515], "TPR whole": 0.7868020304568528, "TPR ratio": 1.241029411764706, "FPR": [0.01888888888888889, 0.029308323563892145], "FPR whole": 0.023958927552766685, "FPR ratio": 0.6444888888888889, "PPR": [0.8365384615384616, 0.7311827956989247], "PPR whole": 0.7868020304568528, "PPR ratio": 1.1440893665158371}, "0.2-0.2": {"roc": 0.9839810506137412, "flag_rate": [0.096, 0.10631578947368421], "flag_rate_ratio": 0.902970297029703, "TPR": [0.79, 0.7525773195876289], "TPR whole": 0.7715736040609137, "TPR ratio": 1.0497260273972604, "FPR": [0.01888888888888889, 0.032825322391559206], "FPR whole": 0.02567027952082145, "FPR ratio": 0.5754365079365079, "PPR": [0.8229166666666666, 0.7227722772277227], "PPR whole": 0.7715736040609137, "PPR ratio": 1.1385559360730593}, "0.2-0.5": {"roc": 0.98289516738528, "flag_rate": [0.099, 0.1031578947368421], "flag_rate_ratio": 0.9596938775510205, "TPR": [0.82, 0.7422680412371134], "TPR whole": 0.7817258883248731, "TPR ratio": 1.1047222222222222, "FPR": [0.01888888888888889, 0.03048065650644783], "FPR whole": 0.02452937820878494, "FPR ratio": 0.6197008547008548, "PPR": [0.8282828282828283, 0.7346938775510204], "PPR whole": 0.7817258883248731, "PPR ratio": 1.127384960718294}, "0.2-0.8": {"roc": 0.9788672645298416, "flag_rate": [0.099, 0.1031578947368421], "flag_rate_ratio": 0.9596938775510205, "TPR": [0.79, 0.711340206185567], "TPR whole": 0.751269035532995, "TPR ratio": 1.1105797101449275, "FPR": [0.022222222222222223, 0.03399765533411489], "FPR whole": 0.027952082144894468, "FPR ratio": 0.653639846743295, "PPR": [0.797979797979798, 0.7040816326530612], "PPR whole": 0.751269035532995, "PPR ratio": 1.1333626116234812}, "0.5-0.01": {"roc": 0.9834077042691136, "flag_rate": [0.098, 0.10421052631578948], "flag_rate_ratio": 0.9404040404040405, "TPR": [0.81, 0.7422680412371134], "TPR whole": 0.7766497461928934, "TPR ratio": 1.09125, "FPR": [0.01888888888888889, 0.031652989449003514], "FPR whole": 0.025099828864803195, "FPR ratio": 0.5967489711934157, "PPR": [0.826530612244898, 0.7272727272727273], "PPR whole": 0.7766497461928934, "PPR ratio": 1.1364795918367347}, "0.5-0.2": {"roc": 0.9835351145679199, "flag_rate": [0.102, 0.1], "flag_rate_ratio": 1.0199999999999998, "TPR": [0.85, 0.7216494845360825], "TPR whole": 0.7868020304568528, "TPR ratio": 1.177857142857143, "FPR": [0.01888888888888889, 0.029308323563892145], "FPR whole": 0.023958927552766685, "FPR ratio": 0.6444888888888889, "PPR": [0.8333333333333334, 0.7368421052631579], "PPR whole": 0.7868020304568528, "PPR ratio": 1.1309523809523812}, "0.5-0.5": {"roc": 0.9808363327841177, "flag_rate": [0.105, 0.0968421052631579], "flag_rate_ratio": 1.0842391304347825, "TPR": [0.87, 0.6597938144329897], "TPR whole": 0.766497461928934, "TPR ratio": 1.31859375, "FPR": [0.02, 0.032825322391559206], "FPR whole": 0.026240730176839703, "FPR ratio": 0.6092857142857142, "PPR": [0.8285714285714286, 0.6956521739130435], "PPR whole": 0.766497461928934, "PPR ratio": 1.1910714285714288}, "0.5-0.8": {"roc": 0.9653328159703018, "flag_rate": [0.105, 0.0968421052631579], "flag_rate_ratio": 1.0842391304347825, "TPR": [0.76, 0.5670103092783505], "TPR whole": 0.6649746192893401, "TPR ratio": 1.3403636363636364, "FPR": [0.03222222222222222, 0.04337631887456037], "FPR whole": 0.037649743297204795, "FPR ratio": 0.7428528528528529, "PPR": [0.7238095238095238, 0.5978260869565217], "PPR whole": 0.6649746192893401, "PPR ratio": 1.2107359307359307}, "0.8-0.01": {"roc": 0.9817542660732436, "flag_rate": [0.098, 0.10421052631578948], "flag_rate_ratio": 0.9404040404040405, "TPR": [0.81, 0.7422680412371134], "TPR whole": 0.7766497461928934, "TPR ratio": 1.09125, "FPR": [0.01888888888888889, 0.031652989449003514], "FPR whole": 0.025099828864803195, "FPR ratio": 0.5967489711934157, "PPR": [0.826530612244898, 0.7272727272727273], "PPR whole": 0.7766497461928934, "PPR ratio": 1.1364795918367347}, "0.8-0.2": {"roc": 0.9788904300387155, "flag_rate": [0.106, 0.09578947368421052], "flag_rate_ratio": 1.1065934065934067, "TPR": [0.88, 0.6288659793814433], "TPR whole": 0.7563451776649747, "TPR ratio": 1.399344262295082, "FPR": [0.02, 0.035169988276670575], "FPR whole": 0.027381631488876214, "FPR ratio": 0.5686666666666667, "PPR": [0.8301886792452831, 0.6703296703296703], "PPR whole": 0.7563451776649747,