{"0.01-0.01": {"roc": 0.9860602571938923, "flag_rate": [0.103, 0.075], "flag_rate_ratio": 1.3733333333333333, "TPR": [0.9, 0.696969696969697], "TPR whole": 0.849624060150376, "TPR ratio": 1.2913043478260868, "FPR": [0.014444444444444444, 0.01907356948228883], "FPR whole": 0.01578531965272297, "FPR ratio": 0.7573015873015873, "PPR": [0.8737864077669902, 0.7666666666666667], "PPR whole": 0.849624060150376, "PPR ratio": 1.1397214014352046}, "0.01-0.2": {"roc": 0.9875557085294135, "flag_rate": [0.107, 0.065], "flag_rate_ratio": 1.646153846153846, "TPR": [0.94, 0.48484848484848486], "TPR whole": 0.8270676691729323, "TPR ratio": 1.9387499999999998, "FPR": [0.014444444444444444, 0.027247956403269755], "FPR whole": 0.018153117600631413, "FPR ratio": 0.5301111111111111, "PPR": [0.8785046728971962, 0.6153846153846154], "PPR whole": 0.8270676691729323, "PPR ratio": 1.4275700934579438}, "0.01-0.5": {"roc": 0.9802683504340963, "flag_rate": [0.102, 0.0775], "flag_rate_ratio": 1.3161290322580645, "TPR": [0.9, 0.48484848484848486], "TPR whole": 0.7969924812030075, "TPR ratio": 1.85625, "FPR": [0.013333333333333334, 0.04087193460490463], "FPR whole": 0.021310181531176007, "FPR ratio": 0.32622222222222225, "PPR": [0.8823529411764706, 0.5161290322580645], "PPR whole": 0.7969924812030075, "PPR ratio": 1.7095588235294117}, "0.01-0.8": {"roc": 0.9328115078540866, "flag_rate": [0.05, 0.2075], "flag_rate_ratio": 0.24096385542168677, "TPR": [0.48, 0.8787878787878788], "TPR whole": 0.5789473684210527, "TPR ratio": 0.5462068965517242, "FPR": [0.0022222222222222222, 0.14713896457765668], "FPR whole": 0.04419889502762431, "FPR ratio": 0.015102880658436213, "PPR": [0.96, 0.3493975903614458], "PPR whole": 0.5789473684210527, "PPR ratio": 2.7475862068965515}, "0.05-0.01": {"roc": 0.9864400543584692, "flag_rate": [0.102, 0.0775], "flag_rate_ratio": 1.3161290322580645, "TPR": [0.89, 0.7272727272727273], "TPR whole": 0.849624060150376, "TPR ratio": 1.22375, "FPR": [0.014444444444444444, 0.01907356948228883], "FPR whole": 0.01578531965272297, "FPR ratio": 0.7573015873015873, "PPR": [0.8725490196078431, 0.7741935483870968], "PPR whole": 0.849624060150376, "PPR ratio": 1.1270424836601307}, "0.05-0.2": {"roc": 0.982986273893099, "flag_rate": [0.107, 0.065], "flag_rate_ratio": 1.646153846153846, "TPR": [0.94, 0.45454545454545453], "TPR whole": 0.8195488721804511, "TPR ratio": 2.068, "FPR": [0.014444444444444444, 0.02997275204359673], "FPR whole": 0.018942383583267563, "FPR ratio": 0.4819191919191919, "PPR": [0.8785046728971962, 0.5769230769230769], "PPR whole": 0.8195488721804511, "PPR ratio": 1.522741433021807}, "0.05-0.5": {"roc": 0.9810457477553394, "flag_rate": [0.089, 0.11], "flag_rate_ratio": 0.8090909090909091, "TPR": [0.83, 0.7272727272727273], "TPR whole": 0.8045112781954887, "TPR ratio": 1.1412499999999999, "FPR": [0.006666666666666667, 0.05449591280653951], "FPR whole": 0.020520915548539857, "FPR ratio": 0.12233333333333334, "PPR": [0.9325842696629213, 0.5454545454545454], "PPR whole": 0.8045112781954887, "PPR ratio": 1.7097378277153559}, "0.05-0.8": {"roc": 0.9378378859540326, "flag_rate": [0.05, 0.2075], "flag_rate_ratio": 0.24096385542168677, "TPR": [0.48, 0.8787878787878788], "TPR whole": 0.5789473684210527, "TPR ratio": 0.5462068965517242, "FPR": [0.0022222222222222222, 0.14713896457765668], "FPR whole": 0.04419889502762431, "FPR ratio": 0.015102880658436213, "PPR": [0.96, 0.3493975903614458], "PPR whole": 0.5789473684210527, "PPR ratio": 2.7475862068965515}, "0.2-0.01": {"roc": 0.984689426802998, "flag_rate": [0.102, 0.0775], "flag_rate_ratio": 1.3161290322580645, "TPR": [0.89, 0.696969696969697], "TPR whole": 0.8421052631578947, "TPR ratio": 1.2769565217391303, "FPR": [0.014444444444444444, 0.021798365122615803], "FPR whole": 0.016574585635359115, "FPR ratio": 0.6626388888888889, "PPR": [0.8725490196078431, 0.7419354838709677], "PPR whole": 0.8421052631578947, "PPR ratio": 1.1760443307757886}, "0.2-0.2": {"roc": 0.9856092480609574, "flag_rate": [0.107, 0.065], "flag_rate_ratio": 1.646153846153846, "TPR": [0.92, 0.48484848484848486], "TPR whole": 0.8120300751879699, "TPR ratio": 1.8975, "FPR": [0.016666666666666666, 0.027247956403269755], "FPR whole": 0.01973164956590371, "FPR ratio": 0.6116666666666667, "PPR": [0.8598130841121495, 0.6153846153846154], "PPR whole": 0.8120300751879699, "PPR ratio": 1.3971962616822429}, "0.2-0.5": {"roc": 0.9348469832829903, "flag_rate": [0.051, 0.205], "flag_rate_ratio": 0.24878048780487805, "TPR": [0.49, 0.8787878787878788], "TPR whole": 0.5864661654135338, "TPR ratio": 0.5575862068965517, "FPR": [0.0022222222222222222, 0.1444141689373297], "FPR whole": 0.043409629044988164, "FPR ratio": 0.01538784067085954, "PPR": [0.9607843137254902, 0.35365853658536583], "PPR whole": 0.5864661654135338, "PPR ratio": 2.7167004732927658}, "0.2-0.8": {"roc": 0.9039053830313748, "flag_rate": [0.043, 0.225], "flag_rate_ratio": 0.1911111111111111, "TPR": [0.41, 0.9090909090909091], "TPR whole": 0.5338345864661654, "TPR ratio": 0.451, "FPR": [0.0022222222222222222, 0.16348773841961853], "FPR whole": 0.0489344909234412, "FPR ratio": 0.013592592592592592, "PPR": [0.9534883720930233, 0.3333333333333333], "PPR whole": 0.5338345864661654, "PPR ratio": 2.86046511627907}, "0.5-0.01": {"roc": 0.9866358872714541, "flag_rate": [0.103, 0.075], "flag_rate_ratio": 1.3733333333333333, "TPR": [0.9, 0.6666666666666666], "TPR whole": 0.8421052631578947, "TPR ratio": 1.35, "FPR": [0.014444444444444444, 0.021798365122615803], "FPR whole": 0.016574585635359115, "FPR ratio": 0.6626388888888889, "PPR": [0.8737864077669902, 0.7333333333333333], "PPR whole": 0.8421052631578947, "PPR ratio": 1.1915269196822595}, "0.5-0.2": {"roc": 0.9863154334138423, "flag_rate": [0.106, 0.0675], "flag_rate_ratio": 1.5703703703703702, "TPR": [0.94, 0.5151515151515151], "TPR whole": 0.8345864661654135, "TPR ratio": 1.8247058823529412, "FPR": [0.013333333333333334, 0.027247956403269755], "FPR whole": 0.017363851617995266, "FPR ratio": 0.48933333333333334, "PPR": [0.8867924528301887, 0.6296296296296297], "PPR whole": 0.8345864661654135, "PPR ratio": 1.4084350721420644}, "0.5-0.5": {"roc": 0.8889568040068601, "flag_rate": [0.039, 0.235], "flag_rate_ratio": 0.16595744680851066, "TPR": [0.37, 0.9090909090909091], "TPR whole": 0.5037593984962406, "TPR ratio": 0.40700000000000003, "FPR": [0.0022222222222222222, 0.17438692098092642], "FPR whole": 0.05209155485398579, "FPR ratio": 0.012743055555555556, "PPR": [0.9487179487179487, 0.3191489361702128], "PPR whole": 0.5037593984962406, "PPR ratio": 2.9726495726495723}, "0.5-0.8": {"roc": 0.8697473755422495, "flag_rate": [0.031, 0.255], "flag_rate_ratio": 0.12156862745098039, "TPR": [0.3, 0.9090909090909091], "TPR whole": 0.45112781954887216, "TPR ratio": 0.33, "FPR": [0.0011111111111111111, 0.19618528610354224], "FPR whole": 0.05761641673243883, "FPR ratio": 0.0056635802469135795, "PPR": [0.967741935483871, 0.29411764705882354], "PPR whole": 0.45112781954887216, "PPR ratio": 3.2903225806451615}, "0.8-0.01": {"roc": 0.9892291897858301, "flag_rate": [0.108, 0.0625], "flag_rate_ratio": 1.728, "TPR": [0.95, 0.5151515151515151], "TPR whole": 0.8421052631578947, "TPR ratio": 1.8441176470588234, "FPR": [0.014444444444444444, 0.021798365122615803], "FPR whole": 0.016574585635359115, "FPR ratio": 0.6626388888888889, "PPR": [0.8796296296296297, 0.68], "PPR whole": 0.8421052631578947, "PPR ratio": 1.2935729847494553}, "0.8-0.2": {"roc": 0.9071930022372428, "flag_rate": [0.044, 0.2225], "flag_rate_ratio": 0.19775280898876402, "TPR": [0.42, 0.9090909090909091], "TPR whole": 0.5413533834586466, "TPR ratio": 0.462, "FPR": [0.0022222222222222222, 0.16076294277929154], "FPR whole": 0.04814522494080505, "FPR ratio": 0.013822975517890773, "PPR": [0.9545454545454546, 0.33707865168539325], "PPR whole": 0.5413533834586466, "PPR ratio": 2.831818181818182}, "0.8-0.5": {"roc": 0.8455412406311753, "flag_rate": [0.019, 0.285], "flag_rate_ratio": 0.06666666666666667,