{"0.01-0.01": {"roc": 0.9813826815642458, "flag_rate": [0.087, 0.11414141414141414], "flag_rate_ratio": 0.7622123893805309, "TPR": [0.56, 1.0], "TPR whole": 0.78, "TPR ratio": 0.56, "FPR": [0.034444444444444444, 0.014606741573033709], "FPR whole": 0.024581005586592177, "FPR ratio": 2.358119658119658, "PPR": [0.6436781609195402, 0.8849557522123894], "PPR whole": 0.78, "PPR ratio": 0.7273563218390804}, "0.01-0.2": {"roc": 0.9771284916201117, "flag_rate": [0.076, 0.12525252525252525], "flag_rate_ratio": 0.606774193548387, "TPR": [0.52, 1.0], "TPR whole": 0.76, "TPR ratio": 0.52, "FPR": [0.02666666666666667, 0.02696629213483146], "FPR whole": 0.026815642458100558, "FPR ratio": 0.9888888888888889, "PPR": [0.6842105263157895, 0.8064516129032258], "PPR whole": 0.76, "PPR ratio": 0.8484210526315791}, "0.01-0.5": {"roc": 0.9796480446927374, "flag_rate": [0.084, 0.11717171717171718], "flag_rate_ratio": 0.7168965517241379, "TPR": [0.57, 1.0], "TPR whole": 0.785, "TPR ratio": 0.57, "FPR": [0.03, 0.017977528089887642], "FPR whole": 0.024022346368715083, "FPR ratio": 1.6687499999999997, "PPR": [0.6785714285714286, 0.8620689655172413], "PPR whole": 0.785, "PPR ratio": 0.7871428571428573}, "0.01-0.8": {"roc": 0.9672094972067038, "flag_rate": [0.089, 0.11212121212121212], "flag_rate_ratio": 0.7937837837837838, "TPR": [0.53, 0.84], "TPR whole": 0.685, "TPR ratio": 0.630952380952381, "FPR": [0.04, 0.030337078651685393], "FPR whole": 0.03519553072625698, "FPR ratio": 1.3185185185185186, "PPR": [0.5955056179775281, 0.7567567567567568], "PPR whole": 0.685, "PPR ratio": 0.7869181380417335}, "0.05-0.01": {"roc": 0.9817960893854748, "flag_rate": [0.085, 0.11616161616161616], "flag_rate_ratio": 0.7317391304347827, "TPR": [0.56, 1.0], "TPR whole": 0.78, "TPR ratio": 0.56, "FPR": [0.03222222222222222, 0.016853932584269662], "FPR whole": 0.024581005586592177, "FPR ratio": 1.911851851851852, "PPR": [0.6588235294117647, 0.8695652173913043], "PPR whole": 0.78, "PPR ratio": 0.7576470588235295}, "0.05-0.2": {"roc": 0.9782346368715082, "flag_rate": [0.088, 0.11313131313131314], "flag_rate_ratio": 0.7778571428571428, "TPR": [0.53, 1.0], "TPR whole": 0.765, "TPR ratio": 0.53, "FPR": [0.03888888888888889, 0.01348314606741573], "FPR whole": 0.026256983240223464, "FPR ratio": 2.884259259259259, "PPR": [0.6022727272727273, 0.8928571428571429], "PPR whole": 0.765, "PPR ratio": 0.6745454545454546}, "0.05-0.5": {"roc": 0.9801312849162012, "flag_rate": [0.081, 0.1202020202020202], "flag_rate_ratio": 0.6738655462184875, "TPR": [0.57, 1.0], "TPR whole": 0.785, "TPR ratio": 0.57, "FPR": [0.02666666666666667, 0.021348314606741574], "FPR whole": 0.024022346368715083, "FPR ratio": 1.249122807017544, "PPR": [0.7037037037037037, 0.8403361344537815], "PPR whole": 0.785, "PPR ratio": 0.8374074074074074}, "0.05-0.8": {"roc": 0.9800195530726257, "flag_rate": [0.084, 0.11717171717171718], "flag_rate_ratio": 0.7168965517241379, "TPR": [0.58, 1.0], "TPR whole": 0.79, "TPR ratio": 0.58, "FPR": [0.028888888888888888, 0.017977528089887642], "FPR whole": 0.02346368715083799, "FPR ratio": 1.6069444444444443, "PPR": [0.6904761904761905, 0.8620689655172413], "PPR whole": 0.79, "PPR ratio": 0.800952380952381}, "0.2-0.01": {"roc": 0.9753882681564245, "flag_rate": [0.071, 0.1303030303030303], "flag_rate_ratio": 0.5448837209302325, "TPR": [0.5, 1.0], "TPR whole": 0.75, "TPR ratio": 0.5, "FPR": [0.023333333333333334, 0.03258426966292135], "FPR whole": 0.027932960893854747, "FPR ratio": 0.7160919540229885, "PPR": [0.704225352112676, 0.7751937984496124], "PPR whole": 0.75, "PPR ratio": 0.908450704225352}, "0.2-0.2": {"roc": 0.9785055865921788, "flag_rate": [0.082, 0.1191919191919192], "flag_rate_ratio": 0.6879661016949152, "TPR": [0.53, 1.0], "TPR whole": 0.765, "TPR ratio": 0.53, "FPR": [0.03222222222222222, 0.020224719101123594], "FPR whole": 0.026256983240223464, "FPR ratio": 1.59320987654321, "PPR": [0.6463414634146342, 0.847457627118644], "PPR whole": 0.765, "PPR ratio": 0.7626829268292683}, "0.2-0.5": {"roc": 0.9731033519553072, "flag_rate": [0.081, 0.1202020202020202], "flag_rate_ratio": 0.6738655462184875, "TPR": [0.5, 0.99], "TPR whole": 0.745, "TPR ratio": 0.5050505050505051, "FPR": [0.034444444444444444, 0.02247191011235955], "FPR whole": 0.028491620111731845, "FPR ratio": 1.5327777777777778, "PPR": [0.6172839506172839, 0.8319327731092437], "PPR whole": 0.745, "PPR ratio": 0.7419877790248159}, "0.2-0.8": {"roc": 0.9625251396648045, "flag_rate": [0.087, 0.11414141414141414], "flag_rate_ratio": 0.7622123893805309, "TPR": [0.55, 0.78], "TPR whole": 0.665, "TPR ratio": 0.7051282051282052, "FPR": [0.035555555555555556, 0.03932584269662921], "FPR whole": 0.037430167597765365, "FPR ratio": 0.9041269841269841, "PPR": [0.632183908045977, 0.6902654867256637], "PPR whole": 0.665, "PPR ratio": 0.9158561744768642}, "0.5-0.01": {"roc": 0.9830698324022347, "flag_rate": [0.089, 0.11212121212121212], "flag_rate_ratio": 0.7937837837837838, "TPR": [0.61, 1.0], "TPR whole": 0.805, "TPR ratio": 0.61, "FPR": [0.03111111111111111, 0.012359550561797753], "FPR whole": 0.021787709497206705, "FPR ratio": 2.517171717171717, "PPR": [0.6853932584269663, 0.9009009009009009], "PPR whole": 0.805, "PPR ratio": 0.7607865168539326}, "0.5-0.2": {"roc": 0.977449720670391, "flag_rate": [0.084, 0.11717171717171718], "flag_rate_ratio": 0.7168965517241379, "TPR": [0.52, 1.0], "TPR whole": 0.76, "TPR ratio": 0.52, "FPR": [0.035555555555555556, 0.017977528089887642], "FPR whole": 0.026815642458100558, "FPR ratio": 1.9777777777777776, "PPR": [0.6190476190476191, 0.8620689655172413], "PPR whole": 0.76, "PPR ratio": 0.7180952380952381}, "0.5-0.5": {"roc": 0.9739804469273742, "flag_rate": [0.076, 0.12525252525252525], "flag_rate_ratio": 0.606774193548387, "TPR": [0.51, 0.99], "TPR whole": 0.75, "TPR ratio": 0.5151515151515151, "FPR": [0.027777777777777776, 0.028089887640449437], "FPR whole": 0.027932960893854747, "FPR ratio": 0.9888888888888888, "PPR": [0.6710526315789473, 0.7983870967741935], "PPR whole": 0.75, "PPR ratio": 0.8405103668261563}, "0.5-0.8": {"roc": 0.9740251396648045, "flag_rate": [0.08, 0.12121212121212122], "flag_rate_ratio": 0.66, "TPR": [0.51, 0.99], "TPR whole": 0.75, "TPR ratio": 0.5151515151515151, "FPR": [0.03222222222222222, 0.02359550561797753], "FPR whole": 0.027932960893854747, "FPR ratio": 1.3656084656084655, "PPR": [0.6375, 0.825], "PPR whole": 0.75, "PPR ratio": 0.7727272727272727}, "0.8-0.01": {"roc": 0.9872765363128492, "flag_rate": [0.091, 0.1101010101010101], "flag_rate_ratio": 0.8265137614678899, "TPR": [0.67, 1.0], "TPR whole": 0.835, "TPR ratio": 0.67, "FPR": [0.02666666666666667, 0.010112359550561797], "FPR whole": 0.018435754189944135, "FPR ratio": 2.6370370370370373, "PPR": [0.7362637362637363, 0.9174311926605505], "PPR whole": 0.835, "PPR ratio": 0.8025274725274726}, "0.8-0.2": {"roc": 0.9742877094972066, "flag_rate": [0.079, 0.12222222222222222], "flag_rate_ratio": 0.6463636363636364, "TPR": [0.51, 0.99], "TPR whole": 0.75, "TPR ratio": 0.5151515151515151, "FPR": [0.03111111111111111, 0.024719101123595506], "FPR whole": 0.027932960893854747, "FPR ratio": 1.2585858585858585, "PPR": [0.6455696202531646, 0.8181818181818182], "PPR whole": 0.75, "PPR ratio": 0.7890295358649788}, "0.8-0.5": {"roc": 0.9736703910614524, "flag_rate": [0.085, 0.11616161616161616], "flag_rate_ratio": 0.7317391304347827, "TPR": [0.52, 0.92], "TPR whole": 0.72, "TPR ratio": 0.5652173913043478, "FPR": [0.03666666666666667, 0.025842696629213482], "FPR whole": 0.03128491620111732, "FPR ratio": 1.418840579710145, "PPR": [0.611764705882353, 0.8], "PPR whole": 0.72, "PPR ratio": 0.7647058823529412}, "0.8-0.8": {"roc": 0.9660335195530725, "flag_rate": [0.118, 0.08282828282828283], "flag_rate_ratio": 1.4246341463414631, "TPR": [0.69, 0.69], "TPR whole": 0.69, "TPR ratio": 1.0, "FPR": [0.05444444444444444, 0.014606741573033709], "FPR whole": 0.034636871508379886, "FPR ratio": 3.727350427350427, "PPR": [0.5847457627118644, 0.8414634146341463],