{"Bias Type": "mean shift", "Data Type": "cluster", "Algorithm method": "Isolation Forest", "Base Rate A": 0.1, "Base Rate B": 0.1, "Group A": "Type: Gaussian, Xc mean: 0 variance: 1", "Group B": "Type: Gaussian, Xc mean: 0 variance: 1", "Group A_anomaly": "Type: Gaussian, Xc mean: 3 variance: 1", "Group B_anomaly": "Type: Gaussian, Xc mean: 3 variance: 1", "parameter_0": {"parameter": 0, "Flag_rate_A": {"e0": 0.106, "e1": 0.101, "e2": 0.094, "e3": 0.092, "e4": 0.095, "e5": 0.108, "e6": 0.082, "e7": 0.085, "e8": 0.105, "e9": 0.102}, "Recall_A": {"e0": 0.62, "e1": 0.53, "e2": 0.39, "e3": 0.52, "e4": 0.46, "e5": 0.41, "e6": 0.56, "e7": 0.51, "e8": 0.6, "e9": 0.52}, "FPR_A": {"e0": 0.04888888888888889, "e1": 0.05333333333333334, "e2": 0.06111111111111111, "e3": 0.044444444444444446, "e4": 0.05444444444444444, "e5": 0.07444444444444444, "e6": 0.028888888888888888, "e7": 0.03777777777777778, "e8": 0.05, "e9": 0.05555555555555555}, "Precision_A": {"e0": 0.5849056603773585, "e1": 0.5247524752475248, "e2": 0.4148936170212766, "e3": 0.5652173913043478, "e4": 0.4842105263157895, "e5": 0.37962962962962965, "e6": 0.6829268292682927, "e7": 0.6, "e8": 0.5714285714285714, "e9": 0.5098039215686274}, "Flag_rate_B": {"e0": 0.094, "e1": 0.099, "e2": 0.106, "e3": 0.108, "e4": 0.105, "e5": 0.092, "e6": 0.118, "e7": 0.115, "e8": 0.095, "e9": 0.098}, "Recall_B": {"e0": 0.66, "e1": 0.66, "e2": 0.72, "e3": 0.81, "e4": 0.65, "e5": 0.61, "e6": 0.78, "e7": 0.79, "e8": 0.72, "e9": 0.69}, "FPR_B": {"e0": 0.03111111111111111, "e1": 0.03666666666666667, "e2": 0.03777777777777778, "e3": 0.03, "e4": 0.044444444444444446, "e5": 0.034444444444444444, "e6": 0.044444444444444446, "e7": 0.04, "e8": 0.025555555555555557, "e9": 0.03222222222222222}, "Precision_B": {"e0": 0.7021276595744681, "e1": 0.6666666666666666, "e2": 0.6792452830188679, "e3": 0.75, "e4": 0.6190476190476191, "e5": 0.6630434782608695, "e6": 0.6610169491525424, "e7": 0.6869565217391305, "e8": 0.7578947368421053, "e9": 0.7040816326530612}, "Flag_rate_overall": {"e0": 0.1, "e1": 0.1, "e2": 0.1, "e3": 0.1, "e4": 0.1, "e5": 0.1, "e6": 0.1, "e7": 0.1, "e8": 0.1, "e9": 0.1}, "Recall_overall": {"e0": 0.64, "e1": 0.595, "e2": 0.555, "e3": 0.665, "e4": 0.555, "e5": 0.51, "e6": 0.67, "e7": 0.65, "e8": 0.66, "e9": 0.605}, "FPR_ovrall": {"e0": 0.04, "e1": 0.045, "e2": 0.049444444444444444, "e3": 0.03722222222222222, "e4": 0.049444444444444444, "e5": 0.05444444444444444, "e6": 0.03666666666666667, "e7": 0.03888888888888889, "e8": 0.03777777777777778, "e9": 0.04388888888888889}, "Precision_overall": {"e0": 0.64, "e1": 0.595, "e2": 0.555, "e3": 0.665, "e4": 0.555, "e5": 0.51, "e6": 0.67, "e7": 0.65, "e8": 0.66, "e9": 0.605}, "auroc": {"e0": 0.937363888888889, "e1": 0.9338249999999998, "e2": 0.9148166666666666, "e3": 0.9589194444444445, "e4": 0.9264888888888889, "e5": 0.9086416666666667, "e6": 0.955363888888889, "e7": 0.9525555555555556, "e8": 0.9529833333333333, "e9": 0.9348722222222222}}, "parameter_2": {"parameter": 2, "Flag_rate_A": {"e0": 0.106, "e1": 0.101, "e2": 0.094, "e3": 0.092, "e4": 0.095, "e5": 0.108, "e6": 0.082, "e7": 0.085, "e8": 0.105, "e9": 0.102}, "Recall_A": {"e0": 0.62, "e1": 0.53, "e2": 0.39, "e3": 0.52, "e4": 0.46, "e5": 0.41, "e6": 0.56, "e7": 0.51, "e8": 0.6, "e9": 0.52}, "FPR_A": {"e0": 0.04888888888888889, "e1": 0.05333333333333334, "e2": 0.06111111111111111, "e3": 0.044444444444444446, "e4": 0.05444444444444444, "e5": 0.07444444444444444, "e6": 0.028888888888888888, "e7": 0.03777777777777778, "e8": 0.05, "e9": 0.05555555555555555}, "Precision_A": {"e0": 0.5849056603773585, "e1": 0.5247524752475248, "e2": 0.4148936170212766, "e3": 0.5652173913043478, "e4": 0.4842105263157895, "e5": 0.37962962962962965, "e6": 0.6829268292682927, "e7": 0.6, "e8": 0.5714285714285714, "e9": 0.5098039215686274}, "Flag_rate_B": {"e0": 0.094, "e1": 0.099, "e2": 0.106, "e3": 0.108, "e4": 0.105, "e5": 0.092, "e6": 0.118, "e7": 0.115, "e8": 0.095, "e9": 0.098}, "Recall_B": {"e0": 0.66, "e1": 0.66, "e2": 0.72, "e3": 0.81, "e4": 0.65, "e5": 0.61, "e6": 0.78, "e7": 0.79, "e8": 0.72, "e9": 0.69}, "FPR_B": {"e0": 0.03111111111111111, "e1": 0.03666666666666667, "e2": 0.03777777777777778, "e3": 0.03, "e4": 0.044444444444444446, "e5": 0.034444444444444444, "e6": 0.044444444444444446, "e7": 0.04, "e8": 0.025555555555555557, "e9": 0.03222222222222222}, "Precision_B": {"e0": 0.7021276595744681, "e1": 0.6666666666666666, "e2": 0.6792452830188679, "e3": 0.75, "e4": 0.6190476190476191, "e5": 0.6630434782608695, "e6": 0.6610169491525424, "e7": 0.6869565217391305, "e8": 0.7578947368421053, "e9": 0.7040816326530612}, "Flag_rate_overall": {"e0": 0.1, "e1": 0.1, "e2": 0.1, "e3": 0.1, "e4": 0.1, "e5": 0.1, "e6": 0.1, "e7": 0.1, "e8": 0.1, "e9": 0.1}, "Recall_overall": {"e0": 0.64, "e1": 0.595, "e2": 0.555, "e3": 0.665, "e4": 0.555, "e5": 0.51, "e6": 0.67, "e7": 0.65, "e8": 0.66, "e9": 0.605}, "FPR_ovrall": {"e0": 0.04, "e1": 0.045, "e2": 0.049444444444444444, "e3": 0.03722222222222222, "e4": 0.049444444444444444, "e5": 0.05444444444444444, "e6": 0.03666666666666667, "e7": 0.03888888888888889, "e8": 0.03777777777777778, "e9": 0.04388888888888889}, "Precision_overall": {"e0": 0.64, "e1": 0.595, "e2": 0.555, "e3": 0.665, "e4": 0.555, "e5": 0.51, "e6": 0.67, "e7": 0.65, "e8": 0.66, "e9": 0.605}, "auroc": {"e0": 0.937363888888889, "e1": 0.9338249999999998, "e2": 0.9148166666666666, "e3": 0.9589194444444445, "e4": 0.9264888888888889, "e5": 0.9086416666666667, "e6": 0.955363888888889, "e7": 0.9525555555555556, "e8": 0.9529833333333333, "e9": 0.9348722222222222}}, "parameter_4": {"parameter": 4, "Flag_rate_A": {"e0": 0.106, "e1": 0.101, "e2": 0.094, "e3": 0.092, "e4": 0.095, "e5": 0.108, "e6": 0.082, "e7": 0.085, "e8": 0.105, "e9": 0.102}, "Recall_A": {"e0": 0.62, "e1": 0.53, "e2": 0.39, "e3": 0.52, "e4": 0.46, "e5": 0.41, "e6": 0.56, "e7": 0.51, "e8": 0.6, "e9": 0.52}, "FPR_A": {"e0": 0.04888888888888889, "e1": 0.05333333333333334, "e2": 0.06111111111111111, "e3": 0.044444444444444446, "e4": 0.05444444444444444, "e5": 0.07444444444444444, "e6": 0.028888888888888888, "e7": 0.03777777777777778, "e8": 0.05, "e9": 0.05555555555555555}, "Precision_A": {"e0": 0.5849056603773585, "e1": 0.5247524752475248, "e2": 0.4148936170212766, "e3": 0.5652173913043478, "e4": 0.4842105263157895, "e5": 0.37962962962962965, "e6": 0.6829268292682927, "e7": 0.6, "e8": 0.5714285714285714, "e9": 0.5098039215686274}, "Flag_rate_B": {"e0": 0.094, "e1": 0.099, "e2": 0.106, "e3": 0.108, "e4": 0.105, "e5": 0.092, "e6": 0.118, "e7": 0.115, "e8": 0.095, "e9": 0.098}, "Recall_B": {"e0": 0.66, "e1": 0.66, "e2": 0.72, "e3": 0.81, "e4": 0.65, "e5": 0.61, "e6": 0.78, "e7": 0.79, "e8": 0.72, "e9": 0.69}, "FPR_B": {"e0": 0.03111111111111111, "e1": 0.03666666666666667, "e2": 0.03777777777777778, "e3": 0.03, "e4": 0.044444444444444446, "e5": 0.034444444444444444, "e6": 0.044444444444444446, "e7": 0.04, "e8": 0.025555555555555557, "e9": 0.03222222222222222}, "Precision_B": {"e0": 0.7021276595744681, "e1": 0.6666666666666666, "e2": 0.6792452830188679, "e3": 0.75, "e4": 0.6190476190476191, "e5": 0.6630434782608695, "e6": 0.6610169491525424, "e7": 0.6869565217391305, "e8": 0.7578947368421053, "e9": 0.7040816326530612}, "Flag_rate_overall": {"e0": 0.1, "e1": 0.1, "e2": 0.1, "e3": 0.1, "e4": 0.1, "e5": 0.1, "e6": 0.1, "e7": 0.1, "e8": 0.1, "e9": 0.1}, "Recall_overall": {"e0": 0.64, "e1": 0.595, "e2": 0.555, "e3": 0.665, "e4": 0.555, "e5": 0.51, "e6": 0.67, "e7": 0.65, "e8": 0.66, "e9": 0.605}, "FPR_ovrall": {"e0": 0.04, "e1": 0.045, "e2": 0.049444444444444444, "e3": 0.03722222222222222, "e4": 0.049444444444444444, "e5": 0.05444444444444444, "e6": 0.03666666666666667, "e7": 0.03888888888888889, "e8": 0.03777777777777778, "e9": 0.04388888888888889}, "Precision_overall": {"e0": 0.64, "e1": 0.595, "e2": 0.555, "e3": 0.665, "e4": 0.555, "e5": 0.51, "e6": 0.67, "e7": 0.65, "e8": 0.66, "e9": 0.605}, "auroc": {"e0": 0.937363888888889, "e1": 0.9338249999999998, "e2": 0.9148166666666666, "e3": 0.9589194444444445,