{"Bias Type": "mean shift", "Data Type": "cluster", "Algorithm method": "LOF", "Base Rate A": 0.1, "Base Rate B": 0.1, "Group A": "Type: Gaussian, Xc mean: 0 variance: 1", "Group B": "Type: Gaussian, Xc mean: 0 variance: 1", "Group A_anomaly": "Type: Gaussian, Xc mean: 3 variance: 1", "Group B_anomaly": "Type: Gaussian, Xc mean: 3 variance: 1", "parameter_0": {"parameter": 0, "Flag_rate_A": {"e0": 0.101, "e1": 0.092, "e2": 0.101, "e3": 0.103, "e4": 0.102, "e5": 0.1, "e6": 0.103, "e7": 0.102, "e8": 0.107, "e9": 0.096}, "Recall_A": {"e0": 0.89, "e1": 0.88, "e2": 0.91, "e3": 0.9, "e4": 0.9, "e5": 0.87, "e6": 0.91, "e7": 0.91, "e8": 0.93, "e9": 0.91}, "FPR_A": {"e0": 0.013333333333333334, "e1": 0.0044444444444444444, "e2": 0.011111111111111112, "e3": 0.014444444444444444, "e4": 0.013333333333333334, "e5": 0.014444444444444444, "e6": 0.013333333333333334, "e7": 0.012222222222222223, "e8": 0.015555555555555555, "e9": 0.005555555555555556}, "Precision_A": {"e0": 0.8811881188118812, "e1": 0.9565217391304348, "e2": 0.900990099009901, "e3": 0.8737864077669902, "e4": 0.8823529411764706, "e5": 0.87, "e6": 0.883495145631068, "e7": 0.8921568627450981, "e8": 0.8691588785046729, "e9": 0.9479166666666666}, "Flag_rate_B": {"e0": 0.099, "e1": 0.108, "e2": 0.099, "e3": 0.097, "e4": 0.098, "e5": 0.1, "e6": 0.097, "e7": 0.098, "e8": 0.093, "e9": 0.104}, "Recall_B": {"e0": 0.89, "e1": 0.95, "e2": 0.92, "e3": 0.92, "e4": 0.87, "e5": 0.92, "e6": 0.85, "e7": 0.92, "e8": 0.9, "e9": 0.93}, "FPR_B": {"e0": 0.011111111111111112, "e1": 0.014444444444444444, "e2": 0.0077777777777777776, "e3": 0.005555555555555556, "e4": 0.012222222222222223, "e5": 0.008888888888888889, "e6": 0.013333333333333334, "e7": 0.006666666666666667, "e8": 0.0033333333333333335, "e9": 0.012222222222222223}, "Precision_B": {"e0": 0.898989898989899, "e1": 0.8796296296296297, "e2": 0.9292929292929293, "e3": 0.9484536082474226, "e4": 0.8877551020408163, "e5": 0.92, "e6": 0.8762886597938144, "e7": 0.9387755102040817, "e8": 0.967741935483871, "e9": 0.8942307692307693}, "Flag_rate_overall": {"e0": 0.1, "e1": 0.1, "e2": 0.1, "e3": 0.1, "e4": 0.1, "e5": 0.1, "e6": 0.1, "e7": 0.1, "e8": 0.1, "e9": 0.1}, "Recall_overall": {"e0": 0.89, "e1": 0.915, "e2": 0.915, "e3": 0.91, "e4": 0.885, "e5": 0.895, "e6": 0.88, "e7": 0.915, "e8": 0.915, "e9": 0.92}, "FPR_ovrall": {"e0": 0.012222222222222223, "e1": 0.009444444444444445, "e2": 0.009444444444444445, "e3": 0.01, "e4": 0.012777777777777779, "e5": 0.011666666666666667, "e6": 0.013333333333333334, "e7": 0.009444444444444445, "e8": 0.009444444444444445, "e9": 0.008888888888888889}, "Precision_overall": {"e0": 0.89, "e1": 0.915, "e2": 0.915, "e3": 0.91, "e4": 0.885, "e5": 0.895, "e6": 0.88, "e7": 0.915, "e8": 0.915, "e9": 0.92}, "auroc": {"e0": 0.9388888888888889, "e1": 0.9527777777777777, "e2": 0.9527777777777777, "e3": 0.9500000000000001, "e4": 0.9361111111111111, "e5": 0.9416666666666667, "e6": 0.9333333333333333, "e7": 0.9527777777777777, "e8": 0.9527777777777777, "e9": 0.9555555555555556}}, "parameter_2": {"parameter": 2, "Flag_rate_A": {"e0": 0.101, "e1": 0.092, "e2": 0.101, "e3": 0.103, "e4": 0.102, "e5": 0.1, "e6": 0.103, "e7": 0.102, "e8": 0.107, "e9": 0.096}, "Recall_A": {"e0": 0.89, "e1": 0.88, "e2": 0.91, "e3": 0.9, "e4": 0.9, "e5": 0.87, "e6": 0.91, "e7": 0.91, "e8": 0.93, "e9": 0.91}, "FPR_A": {"e0": 0.013333333333333334, "e1": 0.0044444444444444444, "e2": 0.011111111111111112, "e3": 0.014444444444444444, "e4": 0.013333333333333334, "e5": 0.014444444444444444, "e6": 0.013333333333333334, "e7": 0.012222222222222223, "e8": 0.015555555555555555, "e9": 0.005555555555555556}, "Precision_A": {"e0": 0.8811881188118812, "e1": 0.9565217391304348, "e2": 0.900990099009901, "e3": 0.8737864077669902, "e4": 0.8823529411764706, "e5": 0.87, "e6": 0.883495145631068, "e7": 0.8921568627450981, "e8": 0.8691588785046729, "e9": 0.9479166666666666}, "Flag_rate_B": {"e0": 0.099, "e1": 0.108, "e2": 0.099, "e3": 0.097, "e4": 0.098, "e5": 0.1, "e6": 0.097, "e7": 0.098, "e8": 0.093, "e9": 0.104}, "Recall_B": {"e0": 0.89, "e1": 0.95, "e2": 0.92, "e3": 0.92, "e4": 0.87, "e5": 0.92, "e6": 0.85, "e7": 0.92, "e8": 0.9, "e9": 0.93}, "FPR_B": {"e0": 0.011111111111111112, "e1": 0.014444444444444444, "e2": 0.0077777777777777776, "e3": 0.005555555555555556, "e4": 0.012222222222222223, "e5": 0.008888888888888889, "e6": 0.013333333333333334, "e7": 0.006666666666666667, "e8": 0.0033333333333333335, "e9": 0.012222222222222223}, "Precision_B": {"e0": 0.898989898989899, "e1": 0.8796296296296297, "e2": 0.9292929292929293, "e3": 0.9484536082474226, "e4": 0.8877551020408163, "e5": 0.92, "e6": 0.8762886597938144, "e7": 0.9387755102040817, "e8": 0.967741935483871, "e9": 0.8942307692307693}, "Flag_rate_overall": {"e0": 0.1, "e1": 0.1, "e2": 0.1, "e3": 0.1, "e4": 0.1, "e5": 0.1, "e6": 0.1, "e7": 0.1, "e8": 0.1, "e9": 0.1}, "Recall_overall": {"e0": 0.89, "e1": 0.915, "e2": 0.915, "e3": 0.91, "e4": 0.885, "e5": 0.895, "e6": 0.88, "e7": 0.915, "e8": 0.915, "e9": 0.92}, "FPR_ovrall": {"e0": 0.012222222222222223, "e1": 0.009444444444444445, "e2": 0.009444444444444445, "e3": 0.01, "e4": 0.012777777777777779, "e5": 0.011666666666666667, "e6": 0.013333333333333334, "e7": 0.009444444444444445, "e8": 0.009444444444444445, "e9": 0.008888888888888889}, "Precision_overall": {"e0": 0.89, "e1": 0.915, "e2": 0.915, "e3": 0.91, "e4": 0.885, "e5": 0.895, "e6": 0.88, "e7": 0.915, "e8": 0.915, "e9": 0.92}, "auroc": {"e0": 0.9388888888888889, "e1": 0.9527777777777777, "e2": 0.9527777777777777, "e3": 0.9500000000000001, "e4": 0.9361111111111111, "e5": 0.9416666666666667, "e6": 0.9333333333333333, "e7": 0.9527777777777777, "e8": 0.9527777777777777, "e9": 0.9555555555555556}}, "parameter_4": {"parameter": 4, "Flag_rate_A": {"e0": 0.101, "e1": 0.092, "e2": 0.101, "e3": 0.103, "e4": 0.102, "e5": 0.1, "e6": 0.103, "e7": 0.102, "e8": 0.107, "e9": 0.096}, "Recall_A": {"e0": 0.89, "e1": 0.88, "e2": 0.91, "e3": 0.9, "e4": 0.9, "e5": 0.87, "e6": 0.91, "e7": 0.91, "e8": 0.93, "e9": 0.91}, "FPR_A": {"e0": 0.013333333333333334, "e1": 0.0044444444444444444, "e2": 0.011111111111111112, "e3": 0.014444444444444444, "e4": 0.013333333333333334, "e5": 0.014444444444444444, "e6": 0.013333333333333334, "e7": 0.012222222222222223, "e8": 0.015555555555555555, "e9": 0.005555555555555556}, "Precision_A": {"e0": 0.8811881188118812, "e1": 0.9565217391304348, "e2": 0.900990099009901, "e3": 0.8737864077669902, "e4": 0.8823529411764706, "e5": 0.87, "e6": 0.883495145631068, "e7": 0.8921568627450981, "e8": 0.8691588785046729, "e9": 0.9479166666666666}, "Flag_rate_B": {"e0": 0.099, "e1": 0.108, "e2": 0.099, "e3": 0.097, "e4": 0.098, "e5": 0.1, "e6": 0.097, "e7": 0.098, "e8": 0.093, "e9": 0.104}, "Recall_B": {"e0": 0.89, "e1": 0.95, "e2": 0.92, "e3": 0.92, "e4": 0.87, "e5": 0.92, "e6": 0.85, "e7": 0.92, "e8": 0.9, "e9": 0.93}, "FPR_B": {"e0": 0.011111111111111112, "e1": 0.014444444444444444, "e2": 0.0077777777777777776, "e3": 0.005555555555555556, "e4": 0.012222222222222223, "e5": 0.008888888888888889, "e6": 0.013333333333333334, "e7": 0.006666666666666667, "e8": 0.0033333333333333335, "e9": 0.012222222222222223}, "Precision_B": {"e0": 0.898989898989899, "e1": 0.8796296296296297, "e2": 0.9292929292929293, "e3": 0.9484536082474226, "e4": 0.8877551020408163, "e5": 0.92, "e6": 0.8762886597938144, "e7": 0.9387755102040817, "e8": 0.967741935483871, "e9": 0.8942307692307693}, "Flag_rate_overall": {"e0": 0.1, "e1": 0.1, "e2": 0.1, "e3": 0.1, "e4": 0.1, "e5": 0.1, "e6": 0.1, "e7": 0.1, "e8": 0.1, "e9": 0.1}, "Recall_overall": {"e0": 0.89, "e1": 0.915, "e2": 0.915, "e3": 0.91, "e4": 0.885, "e5": 0.895, "e6": 0.88, "e7": 0.915, "e8": 0.915, "e9": 0.92}, "FPR_ovrall": {"e0": 0.012222222222222223, "e1": 0.009444444444444445, "e2": 0.009444444444444445, "e3": 0.01, "e4": 0.012777777777777779, "e5": 0.011666666666666667, "e6": 0.013333333333333334, "e7": 0.009444444444444445, "e8": 0.009444444444444445, "e9": 0.008888888888888889}, "Precision_overall": {"e0": 0.89, "e1": 0.915,