{"0.01-0.01": {"roc": 0.9221194444444445, "flag_rate": [0.101, 0.099], "flag_rate_ratio": 1.02020202020202, "TPR": [0.69, 0.66], "TPR whole": 0.675, "TPR ratio": 1.0454545454545454, "FPR": [0.035555555555555556, 0.03666666666666667], "FPR whole": 0.03611111111111111, "FPR ratio": 0.9696969696969697, "PPR": [0.6831683168316832, 0.6666666666666666], "PPR whole": 0.675, "PPR ratio": 1.024752475247525}, "0.01-0.2": {"roc": 0.9233833333333333, "flag_rate": [0.105, 0.095], "flag_rate_ratio": 1.1052631578947367, "TPR": [0.76, 0.66], "TPR whole": 0.71, "TPR ratio": 1.1515151515151514, "FPR": [0.03222222222222222, 0.03222222222222222], "FPR whole": 0.03222222222222222, "FPR ratio": 1.0, "PPR": [0.7238095238095238, 0.6947368421052632], "PPR whole": 0.71, "PPR ratio": 1.0418470418470418}, "0.01-0.5": {"roc": 0.9285888888888888, "flag_rate": [0.094, 0.106], "flag_rate_ratio": 0.8867924528301887, "TPR": [0.72, 0.7], "TPR whole": 0.71, "TPR ratio": 1.0285714285714287, "FPR": [0.024444444444444446, 0.04], "FPR whole": 0.03222222222222222, "FPR ratio": 0.6111111111111112, "PPR": [0.7659574468085106, 0.660377358490566], "PPR whole": 0.71, "PPR ratio": 1.1598784194528875}, "0.01-0.8": {"roc": 0.9144888888888889, "flag_rate": [0.095, 0.105], "flag_rate_ratio": 0.9047619047619048, "TPR": [0.71, 0.66], "TPR whole": 0.685, "TPR ratio": 1.0757575757575757, "FPR": [0.02666666666666667, 0.043333333333333335], "FPR whole": 0.035, "FPR ratio": 0.6153846153846154, "PPR": [0.7473684210526316, 0.6285714285714286], "PPR whole": 0.685, "PPR ratio": 1.1889952153110048}, "0.05-0.01": {"roc": 0.9093916666666666, "flag_rate": [0.099, 0.101], "flag_rate_ratio": 0.9801980198019802, "TPR": [0.66, 0.63], "TPR whole": 0.645, "TPR ratio": 1.0476190476190477, "FPR": [0.03666666666666667, 0.042222222222222223], "FPR whole": 0.03944444444444444, "FPR ratio": 0.8684210526315789, "PPR": [0.6666666666666666, 0.6237623762376238], "PPR whole": 0.645, "PPR ratio": 1.0687830687830688}, "0.05-0.2": {"roc": 0.9181111111111111, "flag_rate": [0.093, 0.107], "flag_rate_ratio": 0.8691588785046729, "TPR": [0.72, 0.68], "TPR whole": 0.7, "TPR ratio": 1.0588235294117645, "FPR": [0.023333333333333334, 0.043333333333333335], "FPR whole": 0.03333333333333333, "FPR ratio": 0.5384615384615384, "PPR": [0.7741935483870968, 0.6355140186915887], "PPR whole": 0.7, "PPR ratio": 1.2182163187855788}, "0.05-0.5": {"roc": 0.9136638888888889, "flag_rate": [0.094, 0.106], "flag_rate_ratio": 0.8867924528301887, "TPR": [0.71, 0.66], "TPR whole": 0.685, "TPR ratio": 1.0757575757575757, "FPR": [0.025555555555555557, 0.044444444444444446], "FPR whole": 0.035, "FPR ratio": 0.5750000000000001, "PPR": [0.7553191489361702, 0.6226415094339622], "PPR whole": 0.685, "PPR ratio": 1.2130883301096067}, "0.05-0.8": {"roc": 0.9201472222222222, "flag_rate": [0.096, 0.104], "flag_rate_ratio": 0.9230769230769231, "TPR": [0.73, 0.68], "TPR whole": 0.705, "TPR ratio": 1.0735294117647058, "FPR": [0.025555555555555557, 0.04], "FPR whole": 0.03277777777777778, "FPR ratio": 0.638888888888889, "PPR": [0.7604166666666666, 0.6538461538461539], "PPR whole": 0.705, "PPR ratio": 1.1629901960784312}, "0.2-0.01": {"roc": 0.914425, "flag_rate": [0.102, 0.098], "flag_rate_ratio": 1.040816326530612, "TPR": [0.7, 0.63], "TPR whole": 0.665, "TPR ratio": 1.111111111111111, "FPR": [0.035555555555555556, 0.03888888888888889], "FPR whole": 0.03722222222222222, "FPR ratio": 0.9142857142857143, "PPR": [0.6862745098039216, 0.6428571428571429], "PPR whole": 0.665, "PPR ratio": 1.0675381263616557}, "0.2-0.2": {"roc": 0.923888888888889, "flag_rate": [0.099, 0.101], "flag_rate_ratio": 0.9801980198019802, "TPR": [0.74, 0.67], "TPR whole": 0.705, "TPR ratio": 1.1044776119402984, "FPR": [0.027777777777777776, 0.03777777777777778], "FPR whole": 0.03277777777777778, "FPR ratio": 0.7352941176470588, "PPR": [0.7474747474747475, 0.6633663366336634], "PPR whole": 0.705, "PPR ratio": 1.1267902909693954}, "0.2-0.5": {"roc": 0.9241722222222222, "flag_rate": [0.102, 0.098], "flag_rate_ratio": 1.040816326530612, "TPR": [0.73, 0.67], "TPR whole": 0.7, "TPR ratio": 1.08955223880597, "FPR": [0.03222222222222222, 0.034444444444444444], "FPR whole": 0.03333333333333333, "FPR ratio": 0.9354838709677419, "PPR": [0.7156862745098039, 0.6836734693877551], "PPR whole": 0.7, "PPR ratio": 1.0468247000292654}, "0.2-0.8": {"roc": 0.919213888888889, "flag_rate": [0.097, 0.103], "flag_rate_ratio": 0.941747572815534, "TPR": [0.72, 0.67], "TPR whole": 0.695, "TPR ratio": 1.0746268656716418, "FPR": [0.027777777777777776, 0.04], "FPR whole": 0.03388888888888889, "FPR ratio": 0.6944444444444444, "PPR": [0.7422680412371134, 0.6504854368932039], "PPR whole": 0.695, "PPR ratio": 1.1410986305585475}, "0.5-0.01": {"roc": 0.9235472222222222, "flag_rate": [0.101, 0.099], "flag_rate_ratio": 1.02020202020202, "TPR": [0.72, 0.66], "TPR whole": 0.69, "TPR ratio": 1.0909090909090908, "FPR": [0.03222222222222222, 0.03666666666666667], "FPR whole": 0.034444444444444444, "FPR ratio": 0.8787878787878788, "PPR": [0.7128712871287128, 0.6666666666666666], "PPR whole": 0.69, "PPR ratio": 1.0693069306930694}, "0.5-0.2": {"roc": 0.9282722222222222, "flag_rate": [0.099, 0.101], "flag_rate_ratio": 0.9801980198019802, "TPR": [0.74, 0.69], "TPR whole": 0.715, "TPR ratio": 1.0724637681159421, "FPR": [0.027777777777777776, 0.035555555555555556], "FPR whole": 0.03166666666666667, "FPR ratio": 0.78125, "PPR": [0.7474747474747475, 0.6831683168316832], "PPR whole": 0.715, "PPR ratio": 1.094129702825355}, "0.5-0.5": {"roc": 0.9290916666666666, "flag_rate": [0.095, 0.105], "flag_rate_ratio": 0.9047619047619048, "TPR": [0.72, 0.67], "TPR whole": 0.695, "TPR ratio": 1.0746268656716418, "FPR": [0.025555555555555557, 0.042222222222222223], "FPR whole": 0.03388888888888889, "FPR ratio": 0.6052631578947368, "PPR": [0.7578947368421053, 0.638095238095238], "PPR whole": 0.695, "PPR ratio": 1.1877454831107621}, "0.5-0.8": {"roc": 0.9227305555555555, "flag_rate": [0.093, 0.107], "flag_rate_ratio": 0.8691588785046729, "TPR": [0.72, 0.67], "TPR whole": 0.695, "TPR ratio": 1.0746268656716418, "FPR": [0.023333333333333334, 0.044444444444444446], "FPR whole": 0.03388888888888889, "FPR ratio": 0.525, "PPR": [0.7741935483870968, 0.6261682242990654], "PPR whole": 0.695, "PPR ratio": 1.2363986519017816}, "0.8-0.01": {"roc": 0.9249611111111111, "flag_rate": [0.104, 0.096], "flag_rate_ratio": 1.0833333333333333, "TPR": [0.77, 0.68], "TPR whole": 0.725, "TPR ratio": 1.1323529411764706, "FPR": [0.03, 0.03111111111111111], "FPR whole": 0.030555555555555555, "FPR ratio": 0.9642857142857143, "PPR": [0.7403846153846154, 0.7083333333333334], "PPR whole": 0.725, "PPR ratio": 1.0452488687782806}, "0.8-0.2": {"roc": 0.9214138888888889, "flag_rate": [0.099, 0.101], "flag_rate_ratio": 0.9801980198019802, "TPR": [0.7, 0.69], "TPR whole": 0.695, "TPR ratio": 1.0144927536231885, "FPR": [0.03222222222222222, 0.035555555555555556], "FPR whole": 0.03388888888888889, "FPR ratio": 0.90625, "PPR": [0.7070707070707071, 0.6831683168316832], "PPR whole": 0.695, "PPR ratio": 1.034987556726687}, "0.8-0.5": {"roc": 0.9208777777777778, "flag_rate": [0.099, 0.101], "flag_rate_ratio": 0.9801980198019802, "TPR": [0.72, 0.68], "TPR whole": 0.7, "TPR ratio": 1.0588235294117645, "FPR": [0.03, 0.03666666666666667], "FPR whole": 0.03333333333333333, "FPR ratio": 0.8181818181818181, "PPR": [0.7272727272727273, 0.6732673267326733], "PPR whole": 0.7, "PPR ratio": 1.0802139037433154}, "0.8-0.8": {"roc": 0.9113833333333334, "flag_rate": [0.1, 0.1], "flag_rate_ratio": 1.0, "TPR": [0.73, 0.64], "TPR whole": 0.685, "TPR ratio": 1.140625, "FPR": [0.03, 0.04], "FPR whole": 0.035, "FPR ratio": 0.75, "PPR": [0.73, 0.64], "PPR whole": 0.685, "PPR ratio": 1.140625}}