{"0.01-0.01": {"roc": 0.9395694444444445, "flag_rate": [0.1, 0.1], "flag_rate_ratio": 1.0, "TPR": [0.75, 0.75], "TPR whole": 0.75, "TPR ratio": 1.0, "FPR": [0.027777777777777776, 0.027777777777777776], "FPR whole": 0.027777777777777776, "FPR ratio": 1.0, "PPR": [0.75, 0.75], "PPR whole": 0.75, "PPR ratio": 1.0}, "0.01-0.2": {"roc": 0.9289999999999999, "flag_rate": [0.102, 0.098], "flag_rate_ratio": 1.040816326530612, "TPR": [0.77, 0.69], "TPR whole": 0.73, "TPR ratio": 1.1159420289855073, "FPR": [0.027777777777777776, 0.03222222222222222], "FPR whole": 0.03, "FPR ratio": 0.8620689655172413, "PPR": [0.7549019607843137, 0.7040816326530612], "PPR whole": 0.73, "PPR ratio": 1.0721795964762717}, "0.01-0.5": {"roc": 0.9170388888888888, "flag_rate": [0.09, 0.11], "flag_rate_ratio": 0.8181818181818181, "TPR": [0.7, 0.7], "TPR whole": 0.7, "TPR ratio": 1.0, "FPR": [0.022222222222222223, 0.044444444444444446], "FPR whole": 0.03333333333333333, "FPR ratio": 0.5, "PPR": [0.7777777777777778, 0.6363636363636364], "PPR whole": 0.7, "PPR ratio": 1.2222222222222223}, "0.01-0.8": {"roc": 0.8988750000000001, "flag_rate": [0.088, 0.112], "flag_rate_ratio": 0.7857142857142857, "TPR": [0.67, 0.7], "TPR whole": 0.685, "TPR ratio": 0.9571428571428573, "FPR": [0.023333333333333334, 0.04666666666666667], "FPR whole": 0.035, "FPR ratio": 0.5, "PPR": [0.7613636363636364, 0.625], "PPR whole": 0.685, "PPR ratio": 1.2181818181818183}, "0.05-0.01": {"roc": 0.9410222222222222, "flag_rate": [0.098, 0.102], "flag_rate_ratio": 0.9607843137254903, "TPR": [0.78, 0.79], "TPR whole": 0.785, "TPR ratio": 0.9873417721518988, "FPR": [0.022222222222222223, 0.025555555555555557], "FPR whole": 0.02388888888888889, "FPR ratio": 0.8695652173913043, "PPR": [0.7959183673469388, 0.7745098039215687], "PPR whole": 0.785, "PPR ratio": 1.027641436321364}, "0.05-0.2": {"roc": 0.9148249999999999, "flag_rate": [0.11, 0.09], "flag_rate_ratio": 1.2222222222222223, "TPR": [0.77, 0.7], "TPR whole": 0.735, "TPR ratio": 1.1, "FPR": [0.03666666666666667, 0.022222222222222223], "FPR whole": 0.029444444444444443, "FPR ratio": 1.65, "PPR": [0.7, 0.7777777777777778], "PPR whole": 0.735, "PPR ratio": 0.8999999999999999}, "0.05-0.5": {"roc": 0.9071194444444445, "flag_rate": [0.098, 0.102], "flag_rate_ratio": 0.9607843137254903, "TPR": [0.71, 0.66], "TPR whole": 0.685, "TPR ratio": 1.0757575757575757, "FPR": [0.03, 0.04], "FPR whole": 0.035, "FPR ratio": 0.75, "PPR": [0.7244897959183674, 0.6470588235294118], "PPR whole": 0.685, "PPR ratio": 1.1196660482374767}, "0.05-0.8": {"roc": 0.9007638888888889, "flag_rate": [0.104, 0.096], "flag_rate_ratio": 1.0833333333333333, "TPR": [0.74, 0.67], "TPR whole": 0.705, "TPR ratio": 1.1044776119402984, "FPR": [0.03333333333333333, 0.03222222222222222], "FPR whole": 0.03277777777777778, "FPR ratio": 1.0344827586206897, "PPR": [0.7115384615384616, 0.6979166666666666], "PPR whole": 0.705, "PPR ratio": 1.0195177956371988}, "0.2-0.01": {"roc": 0.9378666666666666, "flag_rate": [0.099, 0.101], "flag_rate_ratio": 0.9801980198019802, "TPR": [0.76, 0.73], "TPR whole": 0.745, "TPR ratio": 1.0410958904109588, "FPR": [0.025555555555555557, 0.03111111111111111], "FPR whole": 0.028333333333333332, "FPR ratio": 0.8214285714285715, "PPR": [0.7676767676767676, 0.7227722772277227], "PPR whole": 0.745, "PPR ratio": 1.0621281306212813}, "0.2-0.2": {"roc": 0.9185388888888888, "flag_rate": [0.101, 0.099], "flag_rate_ratio": 1.02020202020202, "TPR": [0.72, 0.68], "TPR whole": 0.7, "TPR ratio": 1.0588235294117645, "FPR": [0.03222222222222222, 0.034444444444444444], "FPR whole": 0.03333333333333333, "FPR ratio": 0.9354838709677419, "PPR": [0.7128712871287128, 0.6868686868686869], "PPR whole": 0.7, "PPR ratio": 1.0378567268491554}, "0.2-0.5": {"roc": 0.9135249999999999, "flag_rate": [0.097, 0.103], "flag_rate_ratio": 0.941747572815534, "TPR": [0.72, 0.71], "TPR whole": 0.715, "TPR ratio": 1.0140845070422535, "FPR": [0.027777777777777776, 0.035555555555555556], "FPR whole": 0.03166666666666667, "FPR ratio": 0.78125, "PPR": [0.7422680412371134, 0.6893203883495146], "PPR whole": 0.715, "PPR ratio": 1.0768113837665165}, "0.2-0.8": {"roc": 0.9037416666666667, "flag_rate": [0.093, 0.107], "flag_rate_ratio": 0.8691588785046729, "TPR": [0.66, 0.65], "TPR whole": 0.655, "TPR ratio": 1.0153846153846153, "FPR": [0.03, 0.04666666666666667], "FPR whole": 0.03833333333333333, "FPR ratio": 0.6428571428571428, "PPR": [0.7096774193548387, 0.6074766355140186], "PPR whole": 0.655, "PPR ratio": 1.168238213399504}, "0.5-0.01": {"roc": 0.936911111111111, "flag_rate": [0.107, 0.093], "flag_rate_ratio": 1.1505376344086022, "TPR": [0.81, 0.72], "TPR whole": 0.765, "TPR ratio": 1.1250000000000002, "FPR": [0.028888888888888888, 0.023333333333333334], "FPR whole": 0.026111111111111113, "FPR ratio": 1.238095238095238, "PPR": [0.7570093457943925, 0.7741935483870968], "PPR whole": 0.765, "PPR ratio": 0.977803738317757}, "0.5-0.2": {"roc": 0.9173666666666667, "flag_rate": [0.1, 0.1], "flag_rate_ratio": 1.0, "TPR": [0.71, 0.68], "TPR whole": 0.695, "TPR ratio": 1.0441176470588234, "FPR": [0.03222222222222222, 0.035555555555555556], "FPR whole": 0.03388888888888889, "FPR ratio": 0.90625, "PPR": [0.71, 0.68], "PPR whole": 0.695, "PPR ratio": 1.0441176470588234}, "0.5-0.5": {"roc": 0.9010805555555557, "flag_rate": [0.092, 0.108], "flag_rate_ratio": 0.8518518518518519, "TPR": [0.71, 0.67], "TPR whole": 0.69, "TPR ratio": 1.0597014925373134, "FPR": [0.023333333333333334, 0.04555555555555556], "FPR whole": 0.034444444444444444, "FPR ratio": 0.5121951219512195, "PPR": [0.7717391304347826, 0.6203703703703703], "PPR whole": 0.69, "PPR ratio": 1.2439974042829332}, "0.5-0.8": {"roc": 0.9008555555555555, "flag_rate": [0.098, 0.102], "flag_rate_ratio": 0.9607843137254903, "TPR": [0.7, 0.7], "TPR whole": 0.7, "TPR ratio": 1.0, "FPR": [0.03111111111111111, 0.035555555555555556], "FPR whole": 0.03333333333333333, "FPR ratio": 0.875, "PPR": [0.7142857142857143, 0.6862745098039216], "PPR whole": 0.7, "PPR ratio": 1.0408163265306123}, "0.8-0.01": {"roc": 0.9387777777777778, "flag_rate": [0.101, 0.099], "flag_rate_ratio": 1.02020202020202, "TPR": [0.75, 0.73], "TPR whole": 0.74, "TPR ratio": 1.0273972602739727, "FPR": [0.028888888888888888, 0.028888888888888888], "FPR whole": 0.028888888888888888, "FPR ratio": 1.0, "PPR": [0.7425742574257426, 0.7373737373737373], "PPR whole": 0.74, "PPR ratio": 1.0070527600705277}, "0.8-0.2": {"roc": 0.9131833333333333, "flag_rate": [0.094, 0.106], "flag_rate_ratio": 0.8867924528301887, "TPR": [0.69, 0.69], "TPR whole": 0.69, "TPR ratio": 1.0, "FPR": [0.027777777777777776, 0.04111111111111111], "FPR whole": 0.034444444444444444, "FPR ratio": 0.6756756756756757, "PPR": [0.7340425531914894, 0.6509433962264151], "PPR whole": 0.69, "PPR ratio": 1.127659574468085}, "0.8-0.5": {"roc": 0.9036388888888889, "flag_rate": [0.097, 0.103], "flag_rate_ratio": 0.941747572815534, "TPR": [0.7, 0.68], "TPR whole": 0.69, "TPR ratio": 1.0294117647058822, "FPR": [0.03, 0.03888888888888889], "FPR whole": 0.034444444444444444, "FPR ratio": 0.7714285714285714, "PPR": [0.7216494845360825, 0.6601941747572816], "PPR whole": 0.69, "PPR ratio": 1.0930867192237719}, "0.8-0.8": {"roc": 0.9016388888888888, "flag_rate": [0.102, 0.098], "flag_rate_ratio": 1.040816326530612, "TPR": [0.68, 0.66], "TPR whole": 0.67, "TPR ratio": 1.0303030303030303, "FPR": [0.03777777777777778, 0.035555555555555556], "FPR whole": 0.03666666666666667, "FPR ratio": 1.0625, "PPR": [0.6666666666666666, 0.673469387755102], "PPR whole": 0.67, "PPR ratio": 0.9898989898989898}}