{"0.01-0.01": {"roc": 0.9619333333333334, "flag_rate": [0.103, 0.097], "flag_rate_ratio": 1.0618556701030928, "TPR": [0.85, 0.81], "TPR whole": 0.83, "TPR ratio": 1.0493827160493827, "FPR": [0.02, 0.017777777777777778], "FPR whole": 0.01888888888888889, "FPR ratio": 1.125, "PPR": [0.8252427184466019, 0.8350515463917526], "PPR whole": 0.83, "PPR ratio": 0.9882536257940788}, "0.01-0.2": {"roc": 0.9440277777777778, "flag_rate": [0.108, 0.092], "flag_rate_ratio": 1.173913043478261, "TPR": [0.81, 0.73], "TPR whole": 0.77, "TPR ratio": 1.1095890410958904, "FPR": [0.03, 0.021111111111111112], "FPR whole": 0.025555555555555557, "FPR ratio": 1.4210526315789473, "PPR": [0.75, 0.7934782608695652], "PPR whole": 0.77, "PPR ratio": 0.9452054794520548}, "0.01-0.5": {"roc": 0.9484305555555554, "flag_rate": [0.104, 0.096], "flag_rate_ratio": 1.0833333333333333, "TPR": [0.81, 0.76], "TPR whole": 0.785, "TPR ratio": 1.0657894736842106, "FPR": [0.025555555555555557, 0.022222222222222223], "FPR whole": 0.02388888888888889, "FPR ratio": 1.1500000000000001, "PPR": [0.7788461538461539, 0.7916666666666666], "PPR whole": 0.785, "PPR ratio": 0.9838056680161944}, "0.01-0.8": {"roc": 0.944361111111111, "flag_rate": [0.1, 0.1], "flag_rate_ratio": 1.0, "TPR": [0.8, 0.78], "TPR whole": 0.79, "TPR ratio": 1.0256410256410258, "FPR": [0.022222222222222223, 0.024444444444444446], "FPR whole": 0.023333333333333334, "FPR ratio": 0.9090909090909091, "PPR": [0.8, 0.78], "PPR whole": 0.79, "PPR ratio": 1.0256410256410258}, "0.05-0.01": {"roc": 0.9611777777777778, "flag_rate": [0.101, 0.099], "flag_rate_ratio": 1.02020202020202, "TPR": [0.86, 0.78], "TPR whole": 0.82, "TPR ratio": 1.1025641025641024, "FPR": [0.016666666666666666, 0.023333333333333334], "FPR whole": 0.02, "FPR ratio": 0.7142857142857142, "PPR": [0.8514851485148515, 0.7878787878787878], "PPR whole": 0.82, "PPR ratio": 1.0807311500380807}, "0.05-0.2": {"roc": 0.9530194444444445, "flag_rate": [0.099, 0.101], "flag_rate_ratio": 0.9801980198019802, "TPR": [0.79, 0.76], "TPR whole": 0.775, "TPR ratio": 1.0394736842105263, "FPR": [0.022222222222222223, 0.027777777777777776], "FPR whole": 0.025, "FPR ratio": 0.8, "PPR": [0.797979797979798, 0.7524752475247525], "PPR whole": 0.775, "PPR ratio": 1.0604731525784157}, "0.05-0.5": {"roc": 0.9494111111111111, "flag_rate": [0.108, 0.092], "flag_rate_ratio": 1.173913043478261, "TPR": [0.81, 0.74], "TPR whole": 0.775, "TPR ratio": 1.0945945945945947, "FPR": [0.03, 0.02], "FPR whole": 0.025, "FPR ratio": 1.5, "PPR": [0.75, 0.8043478260869565], "PPR whole": 0.775, "PPR ratio": 0.9324324324324325}, "0.05-0.8": {"roc": 0.94635, "flag_rate": [0.1, 0.1], "flag_rate_ratio": 1.0, "TPR": [0.85, 0.74], "TPR whole": 0.795, "TPR ratio": 1.1486486486486487, "FPR": [0.016666666666666666, 0.028888888888888888], "FPR whole": 0.02277777777777778, "FPR ratio": 0.576923076923077, "PPR": [0.85, 0.74], "PPR whole": 0.795, "PPR ratio": 1.1486486486486487}, "0.2-0.01": {"roc": 0.9594722222222223, "flag_rate": [0.101, 0.099], "flag_rate_ratio": 1.02020202020202, "TPR": [0.82, 0.81], "TPR whole": 0.815, "TPR ratio": 1.0123456790123455, "FPR": [0.021111111111111112, 0.02], "FPR whole": 0.020555555555555556, "FPR ratio": 1.0555555555555556, "PPR": [0.8118811881188119, 0.8181818181818182], "PPR whole": 0.815, "PPR ratio": 0.9922992299229924}, "0.2-0.2": {"roc": 0.9455138888888889, "flag_rate": [0.1, 0.1], "flag_rate_ratio": 1.0, "TPR": [0.78, 0.78], "TPR whole": 0.78, "TPR ratio": 1.0, "FPR": [0.024444444444444446, 0.024444444444444446], "FPR whole": 0.024444444444444446, "FPR ratio": 1.0, "PPR": [0.78, 0.78], "PPR whole": 0.78, "PPR ratio": 1.0}, "0.2-0.5": {"roc": 0.9464472222222223, "flag_rate": [0.108, 0.092], "flag_rate_ratio": 1.173913043478261, "TPR": [0.82, 0.72], "TPR whole": 0.77, "TPR ratio": 1.1388888888888888, "FPR": [0.028888888888888888, 0.022222222222222223], "FPR whole": 0.025555555555555557, "FPR ratio": 1.2999999999999998, "PPR": [0.7592592592592593, 0.782608695652174], "PPR whole": 0.77, "PPR ratio": 0.970164609053498}, "0.2-0.8": {"roc": 0.9503777777777779, "flag_rate": [0.103, 0.097], "flag_rate_ratio": 1.0618556701030928, "TPR": [0.82, 0.73], "TPR whole": 0.775, "TPR ratio": 1.1232876712328768, "FPR": [0.023333333333333334, 0.02666666666666667], "FPR whole": 0.025, "FPR ratio": 0.875, "PPR": [0.7961165048543689, 0.7525773195876289], "PPR whole": 0.775, "PPR ratio": 1.0578534379571751}, "0.5-0.01": {"roc": 0.9559388888888888, "flag_rate": [0.101, 0.099], "flag_rate_ratio": 1.02020202020202, "TPR": [0.83, 0.8], "TPR whole": 0.815, "TPR ratio": 1.0374999999999999, "FPR": [0.02, 0.021111111111111112], "FPR whole": 0.020555555555555556, "FPR ratio": 0.9473684210526315, "PPR": [0.8217821782178217, 0.8080808080808081], "PPR whole": 0.815, "PPR ratio": 1.0169554455445544}, "0.5-0.2": {"roc": 0.9444222222222222, "flag_rate": [0.105, 0.095], "flag_rate_ratio": 1.1052631578947367, "TPR": [0.78, 0.77], "TPR whole": 0.775, "TPR ratio": 1.012987012987013, "FPR": [0.03, 0.02], "FPR whole": 0.025, "FPR ratio": 1.5, "PPR": [0.7428571428571429, 0.8105263157894737], "PPR whole": 0.775, "PPR ratio": 0.9165120593692023}, "0.5-0.5": {"roc": 0.9443499999999999, "flag_rate": [0.104, 0.096], "flag_rate_ratio": 1.0833333333333333, "TPR": [0.79, 0.74], "TPR whole": 0.765, "TPR ratio": 1.0675675675675675, "FPR": [0.027777777777777776, 0.024444444444444446], "FPR whole": 0.026111111111111113, "FPR ratio": 1.1363636363636362, "PPR": [0.7596153846153846, 0.7708333333333334], "PPR whole": 0.765, "PPR ratio": 0.9854469854469854}, "0.5-0.8": {"roc": 0.9474444444444444, "flag_rate": [0.104, 0.096], "flag_rate_ratio": 1.0833333333333333, "TPR": [0.81, 0.72], "TPR whole": 0.765, "TPR ratio": 1.1250000000000002, "FPR": [0.025555555555555557, 0.02666666666666667], "FPR whole": 0.026111111111111113, "FPR ratio": 0.9583333333333334, "PPR": [0.7788461538461539, 0.75], "PPR whole": 0.765, "PPR ratio": 1.0384615384615385}, "0.8-0.01": {"roc": 0.9601916666666664, "flag_rate": [0.105, 0.095], "flag_rate_ratio": 1.1052631578947367, "TPR": [0.84, 0.78], "TPR whole": 0.81, "TPR ratio": 1.0769230769230769, "FPR": [0.023333333333333334, 0.01888888888888889], "FPR whole": 0.021111111111111112, "FPR ratio": 1.2352941176470589, "PPR": [0.8, 0.8210526315789474], "PPR whole": 0.81, "PPR ratio": 0.9743589743589745}, "0.8-0.2": {"roc": 0.9475305555555557, "flag_rate": [0.102, 0.098], "flag_rate_ratio": 1.040816326530612, "TPR": [0.8, 0.73], "TPR whole": 0.765, "TPR ratio": 1.0958904109589043, "FPR": [0.024444444444444446, 0.027777777777777776], "FPR whole": 0.026111111111111113, "FPR ratio": 0.8800000000000001, "PPR": [0.7843137254901961, 0.7448979591836735], "PPR whole": 0.765, "PPR ratio": 1.052914316411496}, "0.8-0.5": {"roc": 0.9436805555555555, "flag_rate": [0.098, 0.102], "flag_rate_ratio": 0.9607843137254903, "TPR": [0.81, 0.71], "TPR whole": 0.76, "TPR ratio": 1.1408450704225352, "FPR": [0.01888888888888889, 0.034444444444444444], "FPR whole": 0.02666666666666667, "FPR ratio": 0.5483870967741935, "PPR": [0.826530612244898, 0.696078431372549], "PPR whole": 0.76, "PPR ratio": 1.1874101753377408}, "0.8-0.8": {"roc": 0.9291277777777778, "flag_rate": [0.099, 0.101], "flag_rate_ratio": 0.9801980198019802, "TPR": [0.78, 0.76], "TPR whole": 0.77, "TPR ratio": 1.0263157894736843, "FPR": [0.023333333333333334, 0.027777777777777776], "FPR whole": 0.025555555555555557, "FPR ratio": 0.8400000000000001, "PPR": [0.7878787878787878, 0.7524752475247525], "PPR whole": 0.77, "PPR ratio": 1.047049441786284}}