{"0.01-0.01": {"roc": 0.8621527777777778, "flag_rate": [0.092, 0.108], "flag_rate_ratio": 0.8518518518518519, "TPR": [0.67, 0.55], "TPR whole": 0.61, "TPR ratio": 1.2181818181818183, "FPR": [0.027777777777777776, 0.058888888888888886], "FPR whole": 0.043333333333333335, "FPR ratio": 0.4716981132075472, "PPR": [0.7282608695652174, 0.5092592592592593], "PPR whole": 0.61, "PPR ratio": 1.4300395256916996}, "0.01-0.2": {"roc": 0.8909638888888889, "flag_rate": [0.088, 0.112], "flag_rate_ratio": 0.7857142857142857, "TPR": [0.71, 0.63], "TPR whole": 0.67, "TPR ratio": 1.126984126984127, "FPR": [0.01888888888888889, 0.05444444444444444], "FPR whole": 0.03666666666666667, "FPR ratio": 0.34693877551020413, "PPR": [0.8068181818181818, 0.5625], "PPR whole": 0.67, "PPR ratio": 1.4343434343434343}, "0.01-0.5": {"roc": 0.8951388888888888, "flag_rate": [0.087, 0.113], "flag_rate_ratio": 0.7699115044247787, "TPR": [0.64, 0.6], "TPR whole": 0.62, "TPR ratio": 1.0666666666666667, "FPR": [0.025555555555555557, 0.058888888888888886], "FPR whole": 0.042222222222222223, "FPR ratio": 0.43396226415094347, "PPR": [0.735632183908046, 0.5309734513274337], "PPR whole": 0.62, "PPR ratio": 1.3854406130268198}, "0.01-0.8": {"roc": 0.9023777777777777, "flag_rate": [0.083, 0.117], "flag_rate_ratio": 0.7094017094017094, "TPR": [0.63, 0.63], "TPR whole": 0.63, "TPR ratio": 1.0, "FPR": [0.022222222222222223, 0.06], "FPR whole": 0.04111111111111111, "FPR ratio": 0.3703703703703704, "PPR": [0.7590361445783133, 0.5384615384615384], "PPR whole": 0.63, "PPR ratio": 1.4096385542168675}, "0.05-0.01": {"roc": 0.8724138888888888, "flag_rate": [0.078, 0.122], "flag_rate_ratio": 0.639344262295082, "TPR": [0.64, 0.58], "TPR whole": 0.61, "TPR ratio": 1.1034482758620692, "FPR": [0.015555555555555555, 0.07111111111111111], "FPR whole": 0.043333333333333335, "FPR ratio": 0.21875, "PPR": [0.8205128205128205, 0.47540983606557374], "PPR whole": 0.61, "PPR ratio": 1.7259062776304157}, "0.05-0.2": {"roc": 0.889925, "flag_rate": [0.085, 0.115], "flag_rate_ratio": 0.7391304347826088, "TPR": [0.69, 0.6], "TPR whole": 0.645, "TPR ratio": 1.15, "FPR": [0.017777777777777778, 0.06111111111111111], "FPR whole": 0.03944444444444444, "FPR ratio": 0.2909090909090909, "PPR": [0.8117647058823529, 0.5217391304347826], "PPR whole": 0.645, "PPR ratio": 1.5558823529411765}, "0.05-0.5": {"roc": 0.9002472222222223, "flag_rate": [0.083, 0.117], "flag_rate_ratio": 0.7094017094017094, "TPR": [0.67, 0.61], "TPR whole": 0.64, "TPR ratio": 1.098360655737705, "FPR": [0.017777777777777778, 0.06222222222222222], "FPR whole": 0.04, "FPR ratio": 0.2857142857142857, "PPR": [0.8072289156626506, 0.5213675213675214], "PPR whole": 0.64, "PPR ratio": 1.5482915267627888}, "0.05-0.8": {"roc": 0.8992583333333334, "flag_rate": [0.086, 0.114], "flag_rate_ratio": 0.7543859649122806, "TPR": [0.69, 0.61], "TPR whole": 0.65, "TPR ratio": 1.1311475409836065, "FPR": [0.01888888888888889, 0.058888888888888886], "FPR whole": 0.03888888888888889, "FPR ratio": 0.3207547169811321, "PPR": [0.8023255813953488, 0.5350877192982456], "PPR whole": 0.65, "PPR ratio": 1.4994281357224553}, "0.2-0.01": {"roc": 0.8630611111111112, "flag_rate": [0.094, 0.106], "flag_rate_ratio": 0.8867924528301887, "TPR": [0.66, 0.55], "TPR whole": 0.605, "TPR ratio": 1.2, "FPR": [0.03111111111111111, 0.056666666666666664], "FPR whole": 0.04388888888888889, "FPR ratio": 0.5490196078431373, "PPR": [0.7021276595744681, 0.5188679245283019], "PPR whole": 0.605, "PPR ratio": 1.353191489361702}, "0.2-0.2": {"roc": 0.8905805555555555, "flag_rate": [0.083, 0.117], "flag_rate_ratio": 0.7094017094017094, "TPR": [0.64, 0.59], "TPR whole": 0.615, "TPR ratio": 1.0847457627118644, "FPR": [0.021111111111111112, 0.06444444444444444], "FPR whole": 0.042777777777777776, "FPR ratio": 0.32758620689655177, "PPR": [0.7710843373493976, 0.5042735042735043], "PPR whole": 0.615, "PPR ratio": 1.529099448642026}, "0.2-0.5": {"roc": 0.8854972222222222, "flag_rate": [0.088, 0.112], "flag_rate_ratio": 0.7857142857142857, "TPR": [0.66, 0.62], "TPR whole": 0.64, "TPR ratio": 1.0645161290322582, "FPR": [0.024444444444444446, 0.05555555555555555], "FPR whole": 0.04, "FPR ratio": 0.44000000000000006, "PPR": [0.75, 0.5535714285714286], "PPR whole": 0.64, "PPR ratio": 1.3548387096774193}, "0.2-0.8": {"roc": 0.8971833333333333, "flag_rate": [0.088, 0.112], "flag_rate_ratio": 0.7857142857142857, "TPR": [0.69, 0.6], "TPR whole": 0.645, "TPR ratio": 1.15, "FPR": [0.021111111111111112, 0.057777777777777775], "FPR whole": 0.03944444444444444, "FPR ratio": 0.3653846153846154, "PPR": [0.7840909090909091, 0.5357142857142857], "PPR whole": 0.645, "PPR ratio": 1.4636363636363636}, "0.5-0.01": {"roc": 0.866688888888889, "flag_rate": [0.098, 0.102], "flag_rate_ratio": 0.9607843137254903, "TPR": [0.65, 0.58], "TPR whole": 0.615, "TPR ratio": 1.120689655172414, "FPR": [0.03666666666666667, 0.04888888888888889], "FPR whole": 0.042777777777777776, "FPR ratio": 0.75, "PPR": [0.6632653061224489, 0.5686274509803921], "PPR whole": 0.615, "PPR ratio": 1.1664320900774103}, "0.5-0.2": {"roc": 0.9002, "flag_rate": [0.082, 0.118], "flag_rate_ratio": 0.6949152542372882, "TPR": [0.66, 0.67], "TPR whole": 0.665, "TPR ratio": 0.9850746268656716, "FPR": [0.017777777777777778, 0.056666666666666664], "FPR whole": 0.03722222222222222, "FPR ratio": 0.3137254901960784, "PPR": [0.8048780487804879, 0.5677966101694916], "PPR whole": 0.665, "PPR ratio": 1.4175464142701129}, "0.5-0.5": {"roc": 0.8996361111111111, "flag_rate": [0.083, 0.117], "flag_rate_ratio": 0.7094017094017094, "TPR": [0.64, 0.63], "TPR whole": 0.635, "TPR ratio": 1.0158730158730158, "FPR": [0.021111111111111112, 0.06], "FPR whole": 0.04055555555555555, "FPR ratio": 0.35185185185185186, "PPR": [0.7710843373493976, 0.5384615384615384], "PPR whole": 0.635, "PPR ratio": 1.4320137693631672}, "0.5-0.8": {"roc": 0.8913249999999999, "flag_rate": [0.093, 0.107], "flag_rate_ratio": 0.8691588785046729, "TPR": [0.67, 0.62], "TPR whole": 0.645, "TPR ratio": 1.0806451612903227, "FPR": [0.028888888888888888, 0.05], "FPR whole": 0.03944444444444444, "FPR ratio": 0.5777777777777777, "PPR": [0.7204301075268817, 0.5794392523364486], "PPR whole": 0.645, "PPR ratio": 1.2433229275060702}, "0.8-0.01": {"roc": 0.8907472222222222, "flag_rate": [0.08, 0.12], "flag_rate_ratio": 0.6666666666666667, "TPR": [0.66, 0.61], "TPR whole": 0.635, "TPR ratio": 1.0819672131147542, "FPR": [0.015555555555555555, 0.06555555555555556], "FPR whole": 0.04055555555555555, "FPR ratio": 0.23728813559322032, "PPR": [0.825, 0.5083333333333333], "PPR whole": 0.635, "PPR ratio": 1.6229508196721312}, "0.8-0.2": {"roc": 0.8967444444444443, "flag_rate": [0.079, 0.121], "flag_rate_ratio": 0.6528925619834711, "TPR": [0.66, 0.65], "TPR whole": 0.655, "TPR ratio": 1.0153846153846153, "FPR": [0.014444444444444444, 0.06222222222222222], "FPR whole": 0.03833333333333333, "FPR ratio": 0.23214285714285715, "PPR": [0.8354430379746836, 0.5371900826446281], "PPR whole": 0.655, "PPR ratio": 1.5552093476144109}, "0.8-0.5": {"roc": 0.8944694444444445, "flag_rate": [0.087, 0.113], "flag_rate_ratio": 0.7699115044247787, "TPR": [0.67, 0.61], "TPR whole": 0.64, "TPR ratio": 1.098360655737705, "FPR": [0.022222222222222223, 0.057777777777777775], "FPR whole": 0.04, "FPR ratio": 0.38461538461538464, "PPR": [0.7701149425287356, 0.5398230088495575], "PPR whole": 0.64, "PPR ratio": 1.4266063689466741}, "0.8-0.8": {"roc": 0.8997499999999999, "flag_rate": [0.093, 0.107], "flag_rate_ratio": 0.8691588785046729, "TPR": [0.71, 0.6], "TPR whole": 0.655, "TPR ratio": 1.1833333333333333, "FPR": [0.024444444444444446, 0.052222222222222225], "FPR whole": 0.03833333333333333, "FPR ratio": 0.46808510638297873, "PPR": [0.7634408602150538, 0.5607476635514018], "PPR whole": 0.655, "PPR ratio": 1.3614695340501792}}