{"0.01-0.01": {"roc": 0.9494611111111111, "flag_rate": [0.101, 0.099], "flag_rate_ratio": 1.02020202020202, "TPR": [0.81, 0.77], "TPR whole": 0.79, "TPR ratio": 1.051948051948052, "FPR": [0.022222222222222223, 0.024444444444444446], "FPR whole": 0.023333333333333334, "FPR ratio": 0.9090909090909091, "PPR": [0.801980198019802, 0.7777777777777778], "PPR whole": 0.79, "PPR ratio": 1.031117397454031}, "0.01-0.2": {"roc": 0.9350722222222223, "flag_rate": [0.098, 0.102], "flag_rate_ratio": 0.9607843137254903, "TPR": [0.76, 0.74], "TPR whole": 0.75, "TPR ratio": 1.027027027027027, "FPR": [0.024444444444444446, 0.03111111111111111], "FPR whole": 0.027777777777777776, "FPR ratio": 0.7857142857142858, "PPR": [0.7755102040816326, 0.7254901960784313], "PPR whole": 0.75, "PPR ratio": 1.0689464975179261}, "0.01-0.5": {"roc": 0.9372277777777779, "flag_rate": [0.093, 0.107], "flag_rate_ratio": 0.8691588785046729, "TPR": [0.76, 0.76], "TPR whole": 0.76, "TPR ratio": 1.0, "FPR": [0.01888888888888889, 0.034444444444444444], "FPR whole": 0.02666666666666667, "FPR ratio": 0.5483870967741935, "PPR": [0.8172043010752689, 0.7102803738317757], "PPR whole": 0.76, "PPR ratio": 1.1505376344086022}, "0.01-0.8": {"roc": 0.9305694444444443, "flag_rate": [0.104, 0.096], "flag_rate_ratio": 1.0833333333333333, "TPR": [0.81, 0.7], "TPR whole": 0.755, "TPR ratio": 1.1571428571428573, "FPR": [0.025555555555555557, 0.028888888888888888], "FPR whole": 0.02722222222222222, "FPR ratio": 0.8846153846153847, "PPR": [0.7788461538461539, 0.7291666666666666], "PPR whole": 0.755, "PPR ratio": 1.0681318681318681}, "0.05-0.01": {"roc": 0.9516055555555556, "flag_rate": [0.096, 0.104], "flag_rate_ratio": 0.9230769230769231, "TPR": [0.82, 0.8], "TPR whole": 0.81, "TPR ratio": 1.025, "FPR": [0.015555555555555555, 0.02666666666666667], "FPR whole": 0.021111111111111112, "FPR ratio": 0.5833333333333333, "PPR": [0.8541666666666666, 0.7692307692307693], "PPR whole": 0.81, "PPR ratio": 1.1104166666666666}, "0.05-0.2": {"roc": 0.9287722222222222, "flag_rate": [0.102, 0.098], "flag_rate_ratio": 1.040816326530612, "TPR": [0.8, 0.73], "TPR whole": 0.765, "TPR ratio": 1.0958904109589043, "FPR": [0.024444444444444446, 0.027777777777777776], "FPR whole": 0.026111111111111113, "FPR ratio": 0.8800000000000001, "PPR": [0.7843137254901961, 0.7448979591836735], "PPR whole": 0.765, "PPR ratio": 1.052914316411496}, "0.05-0.5": {"roc": 0.9316541666666667, "flag_rate": [0.098, 0.102], "flag_rate_ratio": 0.9607843137254903, "TPR": [0.79, 0.7], "TPR whole": 0.745, "TPR ratio": 1.1285714285714288, "FPR": [0.021111111111111112, 0.035555555555555556], "FPR whole": 0.028333333333333332, "FPR ratio": 0.59375, "PPR": [0.8061224489795918, 0.6862745098039216], "PPR whole": 0.745, "PPR ratio": 1.1746355685131196}, "0.05-0.8": {"roc": 0.9310833333333334, "flag_rate": [0.095, 0.105], "flag_rate_ratio": 0.9047619047619048, "TPR": [0.72, 0.77], "TPR whole": 0.745, "TPR ratio": 0.935064935064935, "FPR": [0.025555555555555557, 0.03111111111111111], "FPR whole": 0.028333333333333332, "FPR ratio": 0.8214285714285715, "PPR": [0.7578947368421053, 0.7333333333333333], "PPR whole": 0.745, "PPR ratio": 1.0334928229665072}, "0.2-0.01": {"roc": 0.9480361111111111, "flag_rate": [0.1, 0.1], "flag_rate_ratio": 1.0, "TPR": [0.82, 0.75], "TPR whole": 0.785, "TPR ratio": 1.0933333333333333, "FPR": [0.02, 0.027777777777777776], "FPR whole": 0.02388888888888889, "FPR ratio": 0.7200000000000001, "PPR": [0.82, 0.75], "PPR whole": 0.785, "PPR ratio": 1.0933333333333333}, "0.2-0.2": {"roc": 0.9344777777777777, "flag_rate": [0.096, 0.104], "flag_rate_ratio": 0.9230769230769231, "TPR": [0.77, 0.74], "TPR whole": 0.755, "TPR ratio": 1.0405405405405406, "FPR": [0.021111111111111112, 0.03333333333333333], "FPR whole": 0.02722222222222222, "FPR ratio": 0.6333333333333334, "PPR": [0.8020833333333334, 0.7115384615384616], "PPR whole": 0.755, "PPR ratio": 1.1272522522522523}, "0.2-0.5": {"roc": 0.9324277777777779, "flag_rate": [0.099, 0.101], "flag_rate_ratio": 0.9801980198019802, "TPR": [0.78, 0.75], "TPR whole": 0.765, "TPR ratio": 1.04, "FPR": [0.023333333333333334, 0.028888888888888888], "FPR whole": 0.026111111111111113, "FPR ratio": 0.8076923076923078, "PPR": [0.7878787878787878, 0.7425742574257426], "PPR whole": 0.765, "PPR ratio": 1.061010101010101}, "0.2-0.8": {"roc": 0.9097000000000001, "flag_rate": [0.104, 0.096], "flag_rate_ratio": 1.0833333333333333, "TPR": [0.72, 0.7], "TPR whole": 0.71, "TPR ratio": 1.0285714285714287, "FPR": [0.035555555555555556, 0.028888888888888888], "FPR whole": 0.03222222222222222, "FPR ratio": 1.2307692307692308, "PPR": [0.6923076923076923, 0.7291666666666666], "PPR whole": 0.71, "PPR ratio": 0.9494505494505495}, "0.5-0.01": {"roc": 0.9475916666666667, "flag_rate": [0.099, 0.101], "flag_rate_ratio": 0.9801980198019802, "TPR": [0.81, 0.74], "TPR whole": 0.775, "TPR ratio": 1.0945945945945947, "FPR": [0.02, 0.03], "FPR whole": 0.025, "FPR ratio": 0.6666666666666667, "PPR": [0.8181818181818182, 0.7326732673267327], "PPR whole": 0.775, "PPR ratio": 1.1167076167076169}, "0.5-0.2": {"roc": 0.9318694444444444, "flag_rate": [0.101, 0.099], "flag_rate_ratio": 1.02020202020202, "TPR": [0.74, 0.75], "TPR whole": 0.745, "TPR ratio": 0.9866666666666667, "FPR": [0.03, 0.02666666666666667], "FPR whole": 0.028333333333333332, "FPR ratio": 1.1249999999999998, "PPR": [0.7326732673267327, 0.7575757575757576], "PPR whole": 0.745, "PPR ratio": 0.9671287128712871}, "0.5-0.5": {"roc": 0.9359777777777778, "flag_rate": [0.099, 0.101], "flag_rate_ratio": 0.9801980198019802, "TPR": [0.78, 0.71], "TPR whole": 0.745, "TPR ratio": 1.0985915492957747, "FPR": [0.023333333333333334, 0.03333333333333333], "FPR whole": 0.028333333333333332, "FPR ratio": 0.7000000000000001, "PPR": [0.7878787878787878, 0.7029702970297029], "PPR whole": 0.745, "PPR ratio": 1.1207853179684166}, "0.5-0.8": {"roc": 0.9299166666666665, "flag_rate": [0.104, 0.096], "flag_rate_ratio": 1.0833333333333333, "TPR": [0.73, 0.72], "TPR whole": 0.725, "TPR ratio": 1.0138888888888888, "FPR": [0.034444444444444444, 0.02666666666666667], "FPR whole": 0.030555555555555555, "FPR ratio": 1.2916666666666665, "PPR": [0.7019230769230769, 0.75], "PPR whole": 0.725, "PPR ratio": 0.9358974358974358}, "0.8-0.01": {"roc": 0.9535333333333333, "flag_rate": [0.095, 0.105], "flag_rate_ratio": 0.9047619047619048, "TPR": [0.78, 0.77], "TPR whole": 0.775, "TPR ratio": 1.012987012987013, "FPR": [0.01888888888888889, 0.03111111111111111], "FPR whole": 0.025, "FPR ratio": 0.6071428571428572, "PPR": [0.8210526315789474, 0.7333333333333333], "PPR whole": 0.775, "PPR ratio": 1.1196172248803828}, "0.8-0.2": {"roc": 0.9284305555555554, "flag_rate": [0.102, 0.098], "flag_rate_ratio": 1.040816326530612, "TPR": [0.74, 0.76], "TPR whole": 0.75, "TPR ratio": 0.9736842105263158, "FPR": [0.03111111111111111, 0.024444444444444446], "FPR whole": 0.027777777777777776, "FPR ratio": 1.2727272727272727, "PPR": [0.7254901960784313, 0.7755102040816326], "PPR whole": 0.75, "PPR ratio": 0.935500515995872}, "0.8-0.5": {"roc": 0.9079222222222223, "flag_rate": [0.095, 0.105], "flag_rate_ratio": 0.9047619047619048, "TPR": [0.72, 0.74], "TPR whole": 0.73, "TPR ratio": 0.9729729729729729, "FPR": [0.025555555555555557, 0.034444444444444444], "FPR whole": 0.03, "FPR ratio": 0.7419354838709677, "PPR": [0.7578947368421053, 0.7047619047619048], "PPR whole": 0.73, "PPR ratio": 1.0753911806543386}, "0.8-0.8": {"roc": 0.9205583333333334, "flag_rate": [0.09, 0.11], "flag_rate_ratio": 0.8181818181818181, "TPR": [0.75, 0.72], "TPR whole": 0.735, "TPR ratio": 1.0416666666666667, "FPR": [0.016666666666666666, 0.042222222222222223], "FPR whole": 0.029444444444444443, "FPR ratio": 0.39473684210526316, "PPR": [0.8333333333333334, 0.6545454545454545], "PPR whole": 0.735, "PPR ratio": 1.2731481481481481}}