{"flag_ratio": [0.555798926733107, 0.5641166758392956, 0.6429477568907854, 0.620305030730708, 0.589583100480608, 0.602613201171435, 0.6568239944199022, 0.620305030730708, 0.5852842809364549, 0.5810074502390747, 0.6383712905452036, 0.6429477568907852, 0.5810074502390747, 0.6521739130434782, 0.6661991584852736, 0.6292906178489703, 0.5725190839694656, 0.6338189744178042, 0.6568239944199024, 0.6852551984877127], "tpr_ratio": [0.9630606860158313, 0.9564102564102566, 0.9157894736842105, 0.9210526315789473, 0.9866666666666667, 0.9249999999999999, 0.9594594594594594, 0.967123287671233, 0.9589743589743588, 0.9532467532467531, 0.9805555555555555, 0.9378378378378378, 0.9743589743589743, 0.9394736842105265, 0.9885714285714288, 0.9052631578947368, 0.9922077922077923, 0.9236842105263158, 0.931578947368421, 0.9413333333333332], "auroc": [0.9461569444444444, 0.9392175925925926, 0.9287731481481482, 0.9314574074074073, 0.9427027777777777, 0.9414027777777777, 0.9317453703703704, 0.9253555555555556, 0.9433796296296297, 0.940512962962963, 0.9270481481481483, 0.9238444444444444, 0.9464620370370371, 0.9329157407407408, 0.9298787037037037, 0.9264231481481481, 0.952263888888889, 0.9331972222222223, 0.9324703703703703, 0.9245907407407407], "key": ["0.01-0.01", "0.01-0.2", "0.01-0.5", "0.01-0.8", "0.05-0.01", "0.05-0.2", "0.05-0.5", "0.05-0.8", "0.2-0.01", "0.2-0.2", "0.2-0.5", "0.2-0.8", "0.5-0.01", "0.5-0.2", "0.5-0.5", "0.5-0.8", "0.8-0.01", "0.8-0.2", "0.8-0.5", "0.8-0.8"]}