{"flag_ratio": [0.9643762730182485, 0.9807619766125989, 0.9941772151898735, 0.9684473601999376, 0.980761976612599, 0.9900000000000001, 0.9983720930232558, 0.9932308470930601, 0.984900984900985, 0.984900984900985, 0.9890572390572391, 0.984900984900985, 0.9693750000000001, 0.9932308470930601, 0.9766401070748899, 0.9900000000000001, 0.9653014553014553, 0.980761976612599, 0.980761976612599, 0.9816981132075471], "tpr_ratio": [0.9652076318742984, 0.9844559585492227, 1.0, 0.9840425531914894, 0.9711726840190316, 0.9803921568627453, 0.9734693877551021, 0.985710119568387, 0.9817158931082981, 0.9965635738831614, 0.9958628841607565, 0.9896296296296295, 0.9882747068676717, 0.9909117560832601, 0.9883040935672514, 0.9791788856304984, 0.997159090909091, 0.9847148736037625, 0.9747606614447346, 0.9763157894736841], "auroc": [0.9498912280701755, 0.9452327485380116, 0.9460198830409355, 0.9433912280701755, 0.9479941520467836, 0.9488619883040936, 0.9407766081871346, 0.9416374269005848, 0.949727485380117, 0.9432380116959065, 0.9429076023391811, 0.9433669590643274, 0.949566081871345, 0.9438923976608187, 0.9439052631578948, 0.9388991228070175, 0.9490175438596491, 0.9419198830409357, 0.9406339181286549, 0.9414877192982457], "key": ["0.01-0.01", "0.01-0.2", "0.01-0.5", "0.01-0.8", "0.05-0.01", "0.05-0.2", "0.05-0.5", "0.05-0.8", "0.2-0.01", "0.2-0.2", "0.2-0.5", "0.2-0.8", "0.5-0.01", "0.5-0.2", "0.5-0.5", "0.5-0.8", "0.8-0.01", "0.8-0.2", "0.8-0.5", "0.8-0.8"]}