{"flag_ratio": [0.8652745995423341, 0.8352102102102106, 0.8963178294573645, 0.830992509363296, 0.8918213457076566, 0.8740421455938697, 0.8394469525959369, 0.8565869400151863, 0.8609208523592086, 0.818452380952381, 0.8101851851851852, 0.8309925093632958, 0.8784562211981567, 0.8479780801209374, 0.9099336455893835, 0.8609208523592088, 0.8918213457076568, 0.8267937219730943, 0.806079083518108, 0.7818198395331875], "tpr_ratio": [0.9902740937223696, 0.996425379803396, 0.9783783783783784, 0.9594713656387667, 0.998240985048373, 0.968831168831169, 0.9551569506726456, 0.9891598915989157, 0.9860383944153577, 0.9964285714285713, 0.9910714285714285, 0.9817351598173515, 0.9769230769230769, 0.9937499999999998, 0.9520000000000001, 0.989010989010989, 0.9651063829787233, 0.9723214285714284, 0.9589041095890413, 0.9760589318600367], "auroc": [0.9468062500000001, 0.9422194444444443, 0.9369416666666668, 0.9329215277777779, 0.9435666666666668, 0.9419118055555555, 0.9342006944444445, 0.9365569444444445, 0.9468729166666666, 0.9415833333333333, 0.9342770833333333, 0.9323333333333332, 0.9491527777777777, 0.9407152777777779, 0.9346680555555554, 0.9339694444444444, 0.9457986111111112, 0.9378493055555556, 0.9299916666666668, 0.9318236111111112], "key": ["0.01-0.01", "0.01-0.2", "0.01-0.5", "0.01-0.8", "0.05-0.01", "0.05-0.2", "0.05-0.5", "0.05-0.8", "0.2-0.01", "0.2-0.2", "0.2-0.5", "0.2-0.8", "0.5-0.01", "0.5-0.2", "0.5-0.5", "0.5-0.8", "0.8-0.01", "0.8-0.2", "0.8-0.5", "0.8-0.8"]}