{"flag_ratio": [0.9626445480414119, 0.9469659052233277, 0.9929610655737704, 0.9298511904761905, 0.9929610655737703, 0.9666036419522157, 0.9906968651813036, 0.9608971774193549, 0.9866405196715284, 0.9866405196715283, 0.9727991886409737, 0.98081466395112, 0.931535146086162, 0.9298511904761902, 0.9848469387755101, 0.9508620949056661, 0.9392199090691553, 0.9608971774193549, 0.941377245508982, 0.9452500000000001], "tpr_ratio": [0.9967616580310882, 0.9772579597141002, 0.9829918307218428, 0.9941256830601093, 0.9916237113402061, 0.9677004246557716, 0.9822757407657965, 0.9924812030075186, 0.9882897953931282, 0.9753497668221186, 0.9979494190020504, 0.9936842105263158, 0.9689283449587824, 0.9930997158706534, 0.9871829833651485, 0.9644530173601542, 0.9553079779741322, 0.99672131147541, 0.9938409854423292, 0.9995811810693844], "auroc": [0.9597327635327636, 0.9534592592592592, 0.9462188034188033, 0.9427236467236467, 0.9600421652421651, 0.9560039886039885, 0.9459321937321936, 0.9464113960113959, 0.9611846153846155, 0.9490980056980056, 0.9420096866096866, 0.9385076923076923, 0.9647094017094016, 0.9489504273504272, 0.9412159544159543, 0.9373561253561254, 0.9585168091168091, 0.9427851851851852, 0.9376148148148147, 0.9402792022792023], "key": ["0.01-0.01", "0.01-0.2", "0.01-0.5", "0.01-0.8", "0.05-0.01", "0.05-0.2", "0.05-0.5", "0.05-0.8", "0.2-0.01", "0.2-0.2", "0.2-0.5", "0.2-0.8", "0.5-0.01", "0.5-0.2", "0.5-0.5", "0.5-0.8", "0.8-0.01", "0.8-0.2", "0.8-0.5", "0.8-0.8"]}