{"flag_ratio": [0.9211718514044097, 0.9713274336283183, 0.9717118951702156, 0.9760425909494232, 0.9935553168635877, 0.9673999469917838, 0.933564915327833, 0.9931543624161072, 0.9760425909494232, 0.8849182826657633, 0.9588318085855032, 0.9419152276295135, 0.9931543624161072, 0.9803921568627452, 0.9008624370250193, 0.9843652561247216, 0.9545753785385122, 0.9588318085855032, 0.9631066249393927, 0.9631066249393927], "tpr_ratio": [0.9902280130293161, 0.9475728155339807, 0.9568106312292359, 0.9541528239202658, 0.9874587458745875, 0.9819397993311038, 0.9979381443298968, 0.990877192982456, 0.9986945169712792, 0.9966216216216217, 0.9798657718120806, 0.9848275862068966, 0.9682847896440129, 0.9594684385382061, 0.984406779661017, 0.9747440273037542, 0.9832258064516131, 0.9910220994475138, 0.9643835616438354, 0.9820689655172412], "auroc": [0.9408037037037037, 0.928416049382716, 0.9243074074074075, 0.9273089506172839, 0.9370154320987654, 0.9322111111111111, 0.9266086419753087, 0.9169740740740739, 0.9384253086419753, 0.9258246913580246, 0.924091975308642, 0.9257969135802468, 0.9407308641975309, 0.9317574074074073, 0.9246586419753087, 0.9250043209876543, 0.9424246913580248, 0.9236283950617283, 0.9181703703703704, 0.9222802469135803], "key": ["0.01-0.01", "0.01-0.2", "0.01-0.5", "0.01-0.8", "0.05-0.01", "0.05-0.2", "0.05-0.5", "0.05-0.8", "0.2-0.01", "0.2-0.2", "0.2-0.5", "0.2-0.8", "0.5-0.01", "0.5-0.2", "0.5-0.5", "0.5-0.8", "0.8-0.01", "0.8-0.2", "0.8-0.5", "0.8-0.8"]}