{"flag_ratio": [0.5810074502390747, 0.5939040788883907, 0.5982473879339401, 0.5725190839694656, 0.6026132011714349, 0.589583100480608, 0.5852842809364549, 0.6338189744178043, 0.5939040788883908, 0.5939040788883908, 0.5852842809364549, 0.5939040788883907, 0.6114130434782608, 0.5641166758392955, 0.5767524401064774, 0.5475645635828702, 0.620305030730708, 0.5641166758392956, 0.5516714004806642, 0.5313410292372424], "tpr_ratio": [0.6808080808080809, 0.6824742268041237, 0.6459999999999999, 0.672, 0.6824742268041237, 0.6719999999999999, 0.6579999999999999, 0.6340000000000001, 0.6679999999999999, 0.6580000000000001, 0.662, 0.6439999999999999, 0.6545454545454544, 0.666, 0.6659999999999999, 0.7051546391752577, 0.6380000000000001, 0.6719999999999999, 0.668, 0.6969072164948453], "auroc": [0.9828064814814816, 0.9813203703703703, 0.9818879629629629, 0.9815935185185186, 0.9803833333333334, 0.9826564814814814, 0.9815120370370369, 0.9793222222222223, 0.9819777777777778, 0.9810046296296295, 0.9822685185185186, 0.9801018518518518, 0.9802657407407407, 0.9825296296296295, 0.9817314814814815, 0.9834120370370372, 0.9797037037037036, 0.9827277777777779, 0.9814564814814816, 0.9820685185185184], "key": ["0.01-0.01", "0.01-0.2", "0.01-0.5", "0.01-0.8", "0.05-0.01", "0.05-0.2", "0.05-0.5", "0.05-0.8", "0.2-0.01", "0.2-0.2", "0.2-0.5", "0.2-0.8", "0.5-0.01", "0.5-0.2", "0.5-0.5", "0.5-0.8", "0.8-0.01", "0.8-0.2", "0.8-0.5", "0.8-0.8"]}