{"flag_ratio": [0.992993987975952, 0.951932324481344, 0.8889344752722361, 0.9106995671295095, 0.967370532587924, 0.9329718067582145, 0.8711719238035028, 0.9254902871924149, 0.9673705325879238, 0.9292237974408517, 0.9481105371516331, 0.9443036786786787, 0.9443036786786787, 0.9033890487045363, 0.9367343997694191, 0.9929939879759518, 0.9481105371516331, 0.8925275084970903, 0.9329718067582145, 0.9217711920414623], "tpr_ratio": [0.9854644000985466, 0.8970658970658969, 0.8362696734789757, 0.8257934798219159, 0.9355459355459356, 0.9002555101845882, 0.8300598578376355, 0.8784527741873713, 0.9100438345721363, 0.8429448145760202, 0.8880271913447269, 0.9000415780076799, 0.901097303975002, 0.8537758537758539, 0.9005145797598626, 0.9460458240946045, 0.9042809042809042, 0.8242805412616733, 0.8874458874458874, 0.8695445016199732], "auroc": [0.9856649916247905, 0.9827629815745393, 0.9828112786152987, 0.9791116694584032, 0.985032942490229, 0.9850670016750419, 0.9816996091568957, 0.9831367950865438, 0.9852043551088776, 0.9801206030150753, 0.9840441094360692, 0.982250139586823, 0.9838592964824121, 0.9809274148520378, 0.9850362925739808, 0.9834958123953099, 0.9837861529871581, 0.9804115019542156, 0.9826080402010049, 0.9831016192071468], "key": ["0.01-0.01", "0.01-0.2", "0.01-0.5", "0.01-0.8", "0.05-0.01", "0.05-0.2", "0.05-0.5", "0.05-0.8", "0.2-0.01", "0.2-0.2", "0.2-0.5", "0.2-0.8", "0.5-0.01", "0.5-0.2", "0.5-0.5", "0.5-0.8", "0.8-0.01", "0.8-0.2", "0.8-0.5", "0.8-0.8"]}