{"flag_ratio": [0.8479780801209374, 0.9958231458842703, 0.9099336455893832, 0.9424603174603173, 0.8918213457076566, 0.9145148669796557, 0.9099336455893832, 0.9145148669796557, 0.8696483180428135, 0.9008352758352758, 0.9283884948778566, 0.9237421383647799, 0.8918213457076566, 0.9145148669796557, 0.9283884948778568, 0.9519537480063794, 0.9237421383647798, 0.9283884948778566, 0.9145148669796557, 0.9283884948778566], "tpr_ratio": [0.8737642585551333, 0.7285714285714285, 0.784115523465704, 0.7581227436823105, 0.8363636363636362, 0.7926199261992619, 0.775824175824176, 0.7919117647058823, 0.8627906976744187, 0.8007272727272727, 0.7695652173913042, 0.7673913043478259, 0.8463878326996197, 0.7876363636363637, 0.7650000000000002, 0.7500000000000001, 0.7654411764705883, 0.7717391304347825, 0.7881918819188193, 0.7782608695652172], "auroc": [0.9899486111111111, 0.9861569444444443, 0.9883861111111111, 0.9868618055555556, 0.9873847222222221, 0.9876652777777778, 0.9876375, 0.9871993055555557, 0.9880444444444445, 0.9890027777777778, 0.9869562500000001, 0.9877652777777778, 0.9880833333333333, 0.9880381944444444, 0.9877604166666666, 0.9872076388888888, 0.9861097222222222, 0.9874354166666667, 0.9869694444444445, 0.9876993055555555], "key": ["0.01-0.01", "0.01-0.2", "0.01-0.5", "0.01-0.8", "0.05-0.01", "0.05-0.2", "0.05-0.5", "0.05-0.8", "0.2-0.01", "0.2-0.2", "0.2-0.5", "0.2-0.8", "0.5-0.01", "0.5-0.2", "0.5-0.5", "0.5-0.8", "0.8-0.01", "0.8-0.2", "0.8-0.5", "0.8-0.8"]}