{"0.01-0.01": {"roc": 0.9449473684210526, "flag_rate": [0.045, 0.055], "flag_rate_ratio": 0.8181818181818181, "TPR": [0.85, 0.3875], "TPR whole": 0.48, "TPR ratio": 2.193548387096774, "FPR": [0.02857142857142857, 0.02608695652173913], "FPR whole": 0.02736842105263158, "FPR ratio": 1.0952380952380953, "PPR": [0.37777777777777777, 0.5636363636363636], "PPR whole": 0.48, "PPR ratio": 0.6702508960573477}, "0.01-0.2": {"roc": 0.9511000000000001, "flag_rate": [0.04, 0.06], "flag_rate_ratio": 0.6666666666666667, "TPR": [0.85, 0.425], "TPR whole": 0.51, "TPR ratio": 2.0, "FPR": [0.02346938775510204, 0.02826086956521739], "FPR whole": 0.025789473684210525, "FPR ratio": 0.8304552590266876, "PPR": [0.425, 0.5666666666666667], "PPR whole": 0.51, "PPR ratio": 0.75}, "0.01-0.5": {"roc": 0.9617894736842104, "flag_rate": [0.036, 0.064], "flag_rate_ratio": 0.5625, "TPR": [0.85, 0.5375], "TPR whole": 0.6, "TPR ratio": 1.5813953488372092, "FPR": [0.019387755102040816, 0.02282608695652174], "FPR whole": 0.021052631578947368, "FPR ratio": 0.8493683187560739, "PPR": [0.4722222222222222, 0.671875], "PPR whole": 0.6, "PPR ratio": 0.7028423772609819}, "0.01-0.8": {"roc": 0.9427052631578947, "flag_rate": [0.043, 0.057], "flag_rate_ratio": 0.7543859649122806, "TPR": [0.85, 0.375], "TPR whole": 0.47, "TPR ratio": 2.2666666666666666, "FPR": [0.026530612244897958, 0.029347826086956522], "FPR whole": 0.027894736842105264, "FPR ratio": 0.9040060468631896, "PPR": [0.3953488372093023, 0.5263157894736842], "PPR whole": 0.47, "PPR ratio": 0.7511627906976744}, "0.05-0.01": {"roc": 0.9391157894736842, "flag_rate": [0.046, 0.054], "flag_rate_ratio": 0.8518518518518519, "TPR": [0.85, 0.3625], "TPR whole": 0.46, "TPR ratio": 2.3448275862068964, "FPR": [0.02959183673469388, 0.02717391304347826], "FPR whole": 0.028421052631578948, "FPR ratio": 1.0889795918367347, "PPR": [0.3695652173913043, 0.5370370370370371], "PPR whole": 0.46, "PPR ratio": 0.6881559220389803}, "0.05-0.2": {"roc": 0.9549947368421052, "flag_rate": [0.041, 0.059], "flag_rate_ratio": 0.6949152542372882, "TPR": [0.85, 0.45], "TPR whole": 0.53, "TPR ratio": 1.8888888888888888, "FPR": [0.024489795918367346, 0.025], "FPR whole": 0.024736842105263158, "FPR ratio": 0.9795918367346937, "PPR": [0.4146341463414634, 0.6101694915254238], "PPR whole": 0.53, "PPR ratio": 0.6795392953929539}, "0.05-0.5": {"roc": 0.9362631578947368, "flag_rate": [0.045, 0.055], "flag_rate_ratio": 0.8181818181818181, "TPR": [0.85, 0.3625], "TPR whole": 0.46, "TPR ratio": 2.3448275862068964, "FPR": [0.02857142857142857, 0.02826086956521739], "FPR whole": 0.028421052631578948, "FPR ratio": 1.010989010989011, "PPR": [0.37777777777777777, 0.5272727272727272], "PPR whole": 0.46, "PPR ratio": 0.7164750957854407}, "0.05-0.8": {"roc": 0.9513578947368421, "flag_rate": [0.04, 0.06], "flag_rate_ratio": 0.6666666666666667, "TPR": [0.85, 0.45], "TPR whole": 0.53, "TPR ratio": 1.8888888888888888, "FPR": [0.02346938775510204, 0.02608695652173913], "FPR whole": 0.024736842105263158, "FPR ratio": 0.8996598639455783, "PPR": [0.425, 0.6], "PPR whole": 0.53, "PPR ratio": 0.7083333333333334}, "0.2-0.01": {"roc": 0.9527052631578947, "flag_rate": [0.041, 0.059], "flag_rate_ratio": 0.6949152542372882, "TPR": [0.85, 0.425], "TPR whole": 0.51, "TPR ratio": 2.0, "FPR": [0.024489795918367346, 0.02717391304347826], "FPR whole": 0.025789473684210525, "FPR ratio": 0.9012244897959183, "PPR": [0.4146341463414634, 0.576271186440678], "PPR whole": 0.51, "PPR ratio": 0.7195121951219512}, "0.2-0.2": {"roc": 0.9553631578947369, "flag_rate": [0.04, 0.06], "flag_rate_ratio": 0.6666666666666667, "TPR": [0.85, 0.4625], "TPR whole": 0.54, "TPR ratio": 1.8378378378378377, "FPR": [0.02346938775510204, 0.025], "FPR whole": 0.024210526315789474, "FPR ratio": 0.9387755102040816, "PPR": [0.425, 0.6166666666666667], "PPR whole": 0.54, "PPR ratio": 0.6891891891891891}, "0.2-0.5": {"roc": 0.9584105263157895, "flag_rate": [0.038, 0.062], "flag_rate_ratio": 0.6129032258064516, "TPR": [0.85, 0.4875], "TPR whole": 0.56, "TPR ratio": 1.7435897435897436, "FPR": [0.02142857142857143, 0.025], "FPR whole": 0.023157894736842106, "FPR ratio": 0.8571428571428571, "PPR": [0.4473684210526316, 0.6290322580645161], "PPR whole": 0.56, "PPR ratio": 0.7112010796221323}, "0.2-0.8": {"roc": 0.9519421052631579, "flag_rate": [0.039, 0.061], "flag_rate_ratio": 0.639344262295082, "TPR": [0.85, 0.475], "TPR whole": 0.55, "TPR ratio": 1.7894736842105263, "FPR": [0.022448979591836733, 0.025], "FPR whole": 0.02368421052631579, "FPR ratio": 0.8979591836734693, "PPR": [0.4358974358974359, 0.6229508196721312], "PPR whole": 0.55, "PPR ratio": 0.6997300944669366}, "0.5-0.01": {"roc": 0.9360052631578948, "flag_rate": [0.044, 0.056], "flag_rate_ratio": 0.7857142857142857, "TPR": [0.85, 0.3625], "TPR whole": 0.46, "TPR ratio": 2.3448275862068964, "FPR": [0.027551020408163266, 0.029347826086956522], "FPR whole": 0.028421052631578948, "FPR ratio": 0.9387755102040817, "PPR": [0.38636363636363635, 0.5178571428571429], "PPR whole": 0.46, "PPR ratio": 0.7460815047021943}, "0.5-0.2": {"roc": 0.9567789473684211, "flag_rate": [0.038, 0.062], "flag_rate_ratio": 0.6129032258064516, "TPR": [0.85, 0.475], "TPR whole": 0.55, "TPR ratio": 1.7894736842105263, "FPR": [0.02142857142857143, 0.02608695652173913], "FPR whole": 0.02368421052631579, "FPR ratio": 0.8214285714285715, "PPR": [0.4473684210526316, 0.6129032258064516], "PPR whole": 0.55, "PPR ratio": 0.7299168975069252}, "0.5-0.5": {"roc": 0.949621052631579, "flag_rate": [0.041, 0.059], "flag_rate_ratio": 0.6949152542372882, "TPR": [0.85, 0.4125], "TPR whole": 0.5, "TPR ratio": 2.0606060606060606, "FPR": [0.024489795918367346, 0.02826086956521739], "FPR whole": 0.02631578947368421, "FPR ratio": 0.8665620094191522, "PPR": [0.4146341463414634, 0.559322033898305], "PPR whole": 0.5, "PPR ratio": 0.7413155949741316}, "0.5-0.8": {"roc": 0.957221052631579, "flag_rate": [0.04, 0.06], "flag_rate_ratio": 0.6666666666666667, "TPR": [0.85, 0.4625], "TPR whole": 0.54, "TPR ratio": 1.8378378378378377, "FPR": [0.02346938775510204, 0.025], "FPR whole": 0.024210526315789474, "FPR ratio": 0.9387755102040816, "PPR": [0.425, 0.6166666666666667], "PPR whole": 0.54, "PPR ratio": 0.6891891891891891}, "0.8-0.01": {"roc": 0.942542105263158, "flag_rate": [0.043, 0.057], "flag_rate_ratio": 0.7543859649122806, "TPR": [0.85, 0.3875], "TPR whole": 0.48, "TPR ratio": 2.193548387096774, "FPR": [0.026530612244897958, 0.02826086956521739], "FPR whole": 0.02736842105263158, "FPR ratio": 0.9387755102040816, "PPR": [0.3953488372093023, 0.543859649122807], "PPR whole": 0.48, "PPR ratio": 0.7269317329332332}, "0.8-0.2": {"roc": 0.9424473684210526, "flag_rate": [0.04, 0.06], "flag_rate_ratio": 0.6666666666666667, "TPR": [0.85, 0.425], "TPR whole": 0.51, "TPR ratio": 2.0, "FPR": [0.02346938775510204, 0.02826086956521739], "FPR whole": 0.025789473684210525, "FPR ratio": 0.8304552590266876, "PPR": [0.425, 0.5666666666666667], "PPR whole": 0.51, "PPR ratio": 0.75}, "0.8-0.5": {"roc": 0.9517631578947369, "flag_rate": [0.039, 0.061], "flag_rate_ratio": 0.639344262295082, "TPR": [0.85, 0.475], "TPR whole": 0.55, "TPR ratio": 1.7894736842105263, "FPR": [0.022448979591836733, 0.025], "FPR whole": 0.02368421052631579, "FPR ratio": 0.8979591836734693, "PPR": [0.4358974358974359, 0.6229508196721312], "PPR whole": 0.55, "PPR ratio": 0.6997300944669366}, "0.8-0.8": {"roc": 0.9393789473684211, "flag_rate": [0.044, 0.056], "flag_rate_ratio": 0.7857142857142857, "TPR": [0.85, 0.3625], "TPR whole": 0.46, "TPR ratio": 2.3448275862068964, "FPR": [0.027551020408163266, 0.029347826086956522], "FPR whole": 0.028421052631578948, "FPR ratio": 0.9387755102040817, "PPR": [0.38636363636363635, 0.5178571428571429], "PPR whole": 0.46, "PPR ratio": 0.7460815047021943}}