{"0.01-0.01": {"roc": 0.9903368421052631, "flag_rate": [0.051, 0.049], "flag_rate_ratio": 1.040816326530612, "TPR": [0.8, 0.76], "TPR whole": 0.78, "TPR ratio": 1.0526315789473684, "FPR": [0.011578947368421053, 0.011578947368421053], "FPR whole": 0.011578947368421053, "FPR ratio": 1.0, "PPR": [0.7843137254901961, 0.7755102040816326], "PPR whole": 0.78, "PPR ratio": 1.0113519091847265}, "0.01-0.2": {"roc": 0.9882052631578948, "flag_rate": [0.044, 0.056], "flag_rate_ratio": 0.7857142857142857, "TPR": [0.7, 0.8], "TPR whole": 0.75, "TPR ratio": 0.8749999999999999, "FPR": [0.009473684210526316, 0.016842105263157894], "FPR whole": 0.013157894736842105, "FPR ratio": 0.5625, "PPR": [0.7954545454545454, 0.7142857142857143], "PPR whole": 0.75, "PPR ratio": 1.1136363636363635}, "0.01-0.5": {"roc": 0.9934263157894737, "flag_rate": [0.048, 0.052], "flag_rate_ratio": 0.9230769230769231, "TPR": [0.78, 0.84], "TPR whole": 0.81, "TPR ratio": 0.9285714285714286, "FPR": [0.009473684210526316, 0.010526315789473684], "FPR whole": 0.01, "FPR ratio": 0.9000000000000001, "PPR": [0.8125, 0.8076923076923077], "PPR whole": 0.81, "PPR ratio": 1.005952380952381}, "0.01-0.8": {"roc": 0.9927736842105264, "flag_rate": [0.047, 0.053], "flag_rate_ratio": 0.8867924528301887, "TPR": [0.76, 0.82], "TPR whole": 0.79, "TPR ratio": 0.926829268292683, "FPR": [0.009473684210526316, 0.01263157894736842], "FPR whole": 0.011052631578947368, "FPR ratio": 0.7500000000000001, "PPR": [0.8085106382978723, 0.7735849056603774], "PPR whole": 0.79, "PPR ratio": 1.0451478982874933}, "0.05-0.01": {"roc": 0.9875842105263157, "flag_rate": [0.045, 0.055], "flag_rate_ratio": 0.8181818181818181, "TPR": [0.68, 0.82], "TPR whole": 0.75, "TPR ratio": 0.8292682926829269, "FPR": [0.011578947368421053, 0.014736842105263158], "FPR whole": 0.013157894736842105, "FPR ratio": 0.7857142857142858, "PPR": [0.7555555555555555, 0.7454545454545455], "PPR whole": 0.75, "PPR ratio": 1.013550135501355}, "0.05-0.2": {"roc": 0.989321052631579, "flag_rate": [0.046, 0.054], "flag_rate_ratio": 0.8518518518518519, "TPR": [0.72, 0.82], "TPR whole": 0.77, "TPR ratio": 0.8780487804878049, "FPR": [0.010526315789473684, 0.01368421052631579], "FPR whole": 0.012105263157894737, "FPR ratio": 0.7692307692307692, "PPR": [0.782608695652174, 0.7592592592592593], "PPR whole": 0.77, "PPR ratio": 1.0307529162248144}, "0.05-0.5": {"roc": 0.9905052631578948, "flag_rate": [0.046, 0.054], "flag_rate_ratio": 0.8518518518518519, "TPR": [0.72, 0.82], "TPR whole": 0.77, "TPR ratio": 0.8780487804878049, "FPR": [0.010526315789473684, 0.01368421052631579], "FPR whole": 0.012105263157894737, "FPR ratio": 0.7692307692307692, "PPR": [0.782608695652174, 0.7592592592592593], "PPR whole": 0.77, "PPR ratio": 1.0307529162248144}, "0.05-0.8": {"roc": 0.9906052631578947, "flag_rate": [0.046, 0.054], "flag_rate_ratio": 0.8518518518518519, "TPR": [0.74, 0.82], "TPR whole": 0.78, "TPR ratio": 0.9024390243902439, "FPR": [0.009473684210526316, 0.01368421052631579], "FPR whole": 0.011578947368421053, "FPR ratio": 0.6923076923076923, "PPR": [0.8043478260869565, 0.7592592592592593], "PPR whole": 0.78, "PPR ratio": 1.0593849416755037}, "0.2-0.01": {"roc": 0.9839842105263158, "flag_rate": [0.045, 0.055], "flag_rate_ratio": 0.8181818181818181, "TPR": [0.6, 0.8], "TPR whole": 0.7, "TPR ratio": 0.7499999999999999, "FPR": [0.015789473684210527, 0.015789473684210527], "FPR whole": 0.015789473684210527, "FPR ratio": 1.0, "PPR": [0.6666666666666666, 0.7272727272727273], "PPR whole": 0.7, "PPR ratio": 0.9166666666666666}, "0.2-0.2": {"roc": 0.9878736842105262, "flag_rate": [0.044, 0.056], "flag_rate_ratio": 0.7857142857142857, "TPR": [0.68, 0.8], "TPR whole": 0.74, "TPR ratio": 0.85, "FPR": [0.010526315789473684, 0.016842105263157894], "FPR whole": 0.01368421052631579, "FPR ratio": 0.625, "PPR": [0.7727272727272727, 0.7142857142857143], "PPR whole": 0.74, "PPR ratio": 1.0818181818181818}, "0.2-0.5": {"roc": 0.9914842105263159, "flag_rate": [0.046, 0.054], "flag_rate_ratio": 0.8518518518518519, "TPR": [0.74, 0.82], "TPR whole": 0.78, "TPR ratio": 0.9024390243902439, "FPR": [0.009473684210526316, 0.01368421052631579], "FPR whole": 0.011578947368421053, "FPR ratio": 0.6923076923076923, "PPR": [0.8043478260869565, 0.7592592592592593], "PPR whole": 0.78, "PPR ratio": 1.0593849416755037}, "0.2-0.8": {"roc": 0.9905473684210526, "flag_rate": [0.044, 0.056], "flag_rate_ratio": 0.7857142857142857, "TPR": [0.68, 0.86], "TPR whole": 0.77, "TPR ratio": 0.7906976744186047, "FPR": [0.010526315789473684, 0.01368421052631579], "FPR whole": 0.012105263157894737, "FPR ratio": 0.7692307692307692, "PPR": [0.7727272727272727, 0.7678571428571429], "PPR whole": 0.77, "PPR ratio": 1.0063424947145876}, "0.5-0.01": {"roc": 0.9875947368421053, "flag_rate": [0.049, 0.051], "flag_rate_ratio": 0.9607843137254903, "TPR": [0.74, 0.74], "TPR whole": 0.74, "TPR ratio": 1.0, "FPR": [0.01263157894736842, 0.014736842105263158], "FPR whole": 0.01368421052631579, "FPR ratio": 0.8571428571428571, "PPR": [0.7551020408163265, 0.7254901960784313], "PPR whole": 0.74, "PPR ratio": 1.0408163265306123}, "0.5-0.2": {"roc": 0.9897473684210527, "flag_rate": [0.043, 0.057], "flag_rate_ratio": 0.7543859649122806, "TPR": [0.7, 0.84], "TPR whole": 0.77, "TPR ratio": 0.8333333333333333, "FPR": [0.008421052631578947, 0.015789473684210527], "FPR whole": 0.012105263157894737, "FPR ratio": 0.5333333333333333, "PPR": [0.813953488372093, 0.7368421052631579], "PPR whole": 0.77, "PPR ratio": 1.1046511627906976}, "0.5-0.5": {"roc": 0.9887263157894737, "flag_rate": [0.044, 0.056], "flag_rate_ratio": 0.7857142857142857, "TPR": [0.68, 0.82], "TPR whole": 0.75, "TPR ratio": 0.8292682926829269, "FPR": [0.010526315789473684, 0.015789473684210527], "FPR whole": 0.013157894736842105, "FPR ratio": 0.6666666666666666, "PPR": [0.7727272727272727, 0.7321428571428571], "PPR whole": 0.75, "PPR ratio": 1.0554323725055432}, "0.5-0.8": {"roc": 0.9920157894736842, "flag_rate": [0.048, 0.052], "flag_rate_ratio": 0.9230769230769231, "TPR": [0.76, 0.84], "TPR whole": 0.8, "TPR ratio": 0.9047619047619048, "FPR": [0.010526315789473684, 0.010526315789473684], "FPR whole": 0.010526315789473684, "FPR ratio": 1.0, "PPR": [0.7916666666666666, 0.8076923076923077], "PPR whole": 0.8, "PPR ratio": 0.9801587301587301}, "0.8-0.01": {"roc": 0.9882526315789474, "flag_rate": [0.047, 0.053], "flag_rate_ratio": 0.8867924528301887, "TPR": [0.7, 0.76], "TPR whole": 0.73, "TPR ratio": 0.9210526315789473, "FPR": [0.01263157894736842, 0.015789473684210527], "FPR whole": 0.014210526315789474, "FPR ratio": 0.7999999999999999, "PPR": [0.7446808510638298, 0.7169811320754716], "PPR whole": 0.73, "PPR ratio": 1.0386338185890258}, "0.8-0.2": {"roc": 0.9906789473684211, "flag_rate": [0.047, 0.053], "flag_rate_ratio": 0.8867924528301887, "TPR": [0.74, 0.82], "TPR whole": 0.78, "TPR ratio": 0.9024390243902439, "FPR": [0.010526315789473684, 0.01263157894736842], "FPR whole": 0.011578947368421053, "FPR ratio": 0.8333333333333334, "PPR": [0.7872340425531915, 0.7735849056603774], "PPR whole": 0.78, "PPR ratio": 1.0176440062272962}, "0.8-0.5": {"roc": 0.992621052631579, "flag_rate": [0.048, 0.052], "flag_rate_ratio": 0.9230769230769231, "TPR": [0.78, 0.82], "TPR whole": 0.8, "TPR ratio": 0.951219512195122, "FPR": [0.009473684210526316, 0.011578947368421053], "FPR whole": 0.010526315789473684, "FPR ratio": 0.8181818181818182, "PPR": [0.8125, 0.7884615384615384], "PPR whole": 0.8, "PPR ratio": 1.0304878048780488}, "0.8-0.8": {"roc": 0.9901105263157894, "flag_rate": [0.046, 0.054], "flag_rate_ratio": 0.8518518518518519, "TPR": [0.74, 0.82], "TPR whole": 0.78, "TPR ratio": 0.9024390243902439, "FPR": [0.009473684210526316, 0.01368421052631579], "FPR whole": 0.011578947368421053, "FPR ratio": 0.6923076923076923, "PPR": [0.8043478260869565, 0.7592592592592593], "PPR whole": 0.78, "PPR ratio": 1.0593849416755037}}