{"0.01-0.01": {"roc": 0.9806052631578948, "flag_rate": [0.044, 0.056], "flag_rate_ratio": 0.7857142857142857, "TPR": [0.9090909090909091, 0.6119402985074627], "TPR whole": 0.71, "TPR ratio": 1.4855875831485588, "FPR": [0.014477766287487074, 0.01607717041800643], "FPR whole": 0.015263157894736841, "FPR ratio": 0.900517063081696, "PPR": [0.6818181818181818, 0.7321428571428571], "PPR whole": 0.71, "PPR ratio": 0.9312638580931264}, "0.01-0.2": {"roc": 0.9866894736842106, "flag_rate": [0.045, 0.055], "flag_rate_ratio": 0.8181818181818181, "TPR": [0.9393939393939394, 0.6716417910447762], "TPR whole": 0.76, "TPR ratio": 1.3986531986531987, "FPR": [0.014477766287487074, 0.010718113612004287], "FPR whole": 0.01263157894736842, "FPR ratio": 1.350775594622544, "PPR": [0.6888888888888889, 0.8181818181818182], "PPR whole": 0.76, "PPR ratio": 0.8419753086419752}, "0.01-0.5": {"roc": 0.987957894736842, "flag_rate": [0.038, 0.062], "flag_rate_ratio": 0.6129032258064516, "TPR": [0.8181818181818182, 0.746268656716418], "TPR whole": 0.77, "TPR ratio": 1.0963636363636364, "FPR": [0.011375387797311272, 0.012861736334405145], "FPR whole": 0.012105263157894737, "FPR ratio": 0.8844364012409514, "PPR": [0.7105263157894737, 0.8064516129032258], "PPR whole": 0.77, "PPR ratio": 0.8810526315789474}, "0.01-0.8": {"roc": 0.990621052631579, "flag_rate": [0.042, 0.058], "flag_rate_ratio": 0.7241379310344828, "TPR": [0.9090909090909091, 0.7313432835820896], "TPR whole": 0.79, "TPR ratio": 1.2430426716141, "FPR": [0.012409513960703205, 0.00964630225080386], "FPR whole": 0.011052631578947368, "FPR ratio": 1.2864529472595654, "PPR": [0.7142857142857143, 0.8448275862068966], "PPR whole": 0.79, "PPR ratio": 0.8454810495626822}, "0.05-0.01": {"roc": 0.9898157894736843, "flag_rate": [0.043, 0.057], "flag_rate_ratio": 0.7543859649122806, "TPR": [0.9090909090909091, 0.7164179104477612], "TPR whole": 0.78, "TPR ratio": 1.268939393939394, "FPR": [0.01344364012409514, 0.00964630225080386], "FPR whole": 0.011578947368421053, "FPR ratio": 1.393657359531196, "PPR": [0.6976744186046512, 0.8421052631578947], "PPR whole": 0.78, "PPR ratio": 0.8284883720930233}, "0.05-0.2": {"roc": 0.9892473684210527, "flag_rate": [0.041, 0.059], "flag_rate_ratio": 0.6949152542372882, "TPR": [0.9090909090909091, 0.7164179104477612], "TPR whole": 0.78, "TPR ratio": 1.268939393939394, "FPR": [0.011375387797311272, 0.011789924973204717], "FPR whole": 0.011578947368421053, "FPR ratio": 0.9648397104446742, "PPR": [0.7317073170731707, 0.8135593220338984], "PPR whole": 0.78, "PPR ratio": 0.8993902439024389}, "0.05-0.5": {"roc": 0.9890210526315789, "flag_rate": [0.042, 0.058], "flag_rate_ratio": 0.7241379310344828, "TPR": [0.9090909090909091, 0.7313432835820896], "TPR whole": 0.79, "TPR ratio": 1.2430426716141, "FPR": [0.012409513960703205, 0.00964630225080386], "FPR whole": 0.011052631578947368, "FPR ratio": 1.2864529472595654, "PPR": [0.7142857142857143, 0.8448275862068966], "PPR whole": 0.79, "PPR ratio": 0.8454810495626822}, "0.05-0.8": {"roc": 0.9861368421052631, "flag_rate": [0.042, 0.058], "flag_rate_ratio": 0.7241379310344828, "TPR": [0.9090909090909091, 0.7164179104477612], "TPR whole": 0.78, "TPR ratio": 1.268939393939394, "FPR": [0.012409513960703205, 0.010718113612004287], "FPR whole": 0.011578947368421053, "FPR ratio": 1.157807652533609, "PPR": [0.7142857142857143, 0.8275862068965517], "PPR whole": 0.78, "PPR ratio": 0.8630952380952381}, "0.2-0.01": {"roc": 0.9853105263157894, "flag_rate": [0.044, 0.056], "flag_rate_ratio": 0.7857142857142857, "TPR": [0.9090909090909091, 0.6865671641791045], "TPR whole": 0.76, "TPR ratio": 1.3241106719367588, "FPR": [0.014477766287487074, 0.010718113612004287], "FPR whole": 0.01263157894736842, "FPR ratio": 1.350775594622544, "PPR": [0.6818181818181818, 0.8214285714285714], "PPR whole": 0.76, "PPR ratio": 0.8300395256916996}, "0.2-0.2": {"roc": 0.987178947368421, "flag_rate": [0.043, 0.057], "flag_rate_ratio": 0.7543859649122806, "TPR": [0.9090909090909091, 0.7014925373134329], "TPR whole": 0.77, "TPR ratio": 1.2959381044487426, "FPR": [0.01344364012409514, 0.010718113612004287], "FPR whole": 0.012105263157894737, "FPR ratio": 1.2542916235780766, "PPR": [0.6976744186046512, 0.8245614035087719], "PPR whole": 0.77, "PPR ratio": 0.8461157842652153}, "0.2-0.5": {"roc": 0.9861315789473685, "flag_rate": [0.044, 0.056], "flag_rate_ratio": 0.7857142857142857, "TPR": [0.9090909090909091, 0.6865671641791045], "TPR whole": 0.76, "TPR ratio": 1.3241106719367588, "FPR": [0.014477766287487074, 0.010718113612004287], "FPR whole": 0.01263157894736842, "FPR ratio": 1.350775594622544, "PPR": [0.6818181818181818, 0.8214285714285714], "PPR whole": 0.76, "PPR ratio": 0.8300395256916996}, "0.2-0.8": {"roc": 0.9817105263157895, "flag_rate": [0.042, 0.058], "flag_rate_ratio": 0.7241379310344828, "TPR": [0.9090909090909091, 0.6567164179104478], "TPR whole": 0.74, "TPR ratio": 1.384297520661157, "FPR": [0.012409513960703205, 0.015005359056806002], "FPR whole": 0.01368421052631579, "FPR ratio": 0.827005466095435, "PPR": [0.7142857142857143, 0.7586206896551724], "PPR whole": 0.74, "PPR ratio": 0.9415584415584416}, "0.5-0.01": {"roc": 0.9865052631578948, "flag_rate": [0.045, 0.055], "flag_rate_ratio": 0.8181818181818181, "TPR": [0.9090909090909091, 0.6865671641791045], "TPR whole": 0.76, "TPR ratio": 1.3241106719367588, "FPR": [0.015511892450879007, 0.00964630225080386], "FPR whole": 0.01263157894736842, "FPR ratio": 1.608066184074457, "PPR": [0.6666666666666666, 0.8363636363636363], "PPR whole": 0.76, "PPR ratio": 0.7971014492753623}, "0.5-0.2": {"roc": 0.9871684210526316, "flag_rate": [0.044, 0.056], "flag_rate_ratio": 0.7857142857142857, "TPR": [0.9393939393939394, 0.7014925373134329], "TPR whole": 0.78, "TPR ratio": 1.3391360412637008, "FPR": [0.01344364012409514, 0.00964630225080386], "FPR whole": 0.011578947368421053, "FPR ratio": 1.393657359531196, "PPR": [0.7045454545454546, 0.8392857142857143], "PPR whole": 0.78, "PPR ratio": 0.8394584139264991}, "0.5-0.5": {"roc": 0.9864, "flag_rate": [0.043, 0.057], "flag_rate_ratio": 0.7543859649122806, "TPR": [0.9090909090909091, 0.6865671641791045], "TPR whole": 0.76, "TPR ratio": 1.3241106719367588, "FPR": [0.01344364012409514, 0.011789924973204717], "FPR whole": 0.01263157894736842, "FPR ratio": 1.140265112343706, "PPR": [0.6976744186046512, 0.8070175438596491], "PPR whole": 0.76, "PPR ratio": 0.8645096056622852}, "0.5-0.8": {"roc": 0.9901052631578947, "flag_rate": [0.042, 0.058], "flag_rate_ratio": 0.7241379310344828, "TPR": [0.9090909090909091, 0.7313432835820896], "TPR whole": 0.79, "TPR ratio": 1.2430426716141, "FPR": [0.012409513960703205, 0.00964630225080386], "FPR whole": 0.011052631578947368, "FPR ratio": 1.2864529472595654, "PPR": [0.7142857142857143, 0.8448275862068966], "PPR whole": 0.79, "PPR ratio": 0.8454810495626822}, "0.8-0.01": {"roc": 0.9867789473684211, "flag_rate": [0.043, 0.057], "flag_rate_ratio": 0.7543859649122806, "TPR": [0.9090909090909091, 0.7014925373134329], "TPR whole": 0.77, "TPR ratio": 1.2959381044487426, "FPR": [0.01344364012409514, 0.010718113612004287], "FPR whole": 0.012105263157894737, "FPR ratio": 1.2542916235780766, "PPR": [0.6976744186046512, 0.8245614035087719], "PPR whole": 0.77, "PPR ratio": 0.8461157842652153}, "0.8-0.2": {"roc": 0.9880894736842105, "flag_rate": [0.043, 0.057], "flag_rate_ratio": 0.7543859649122806, "TPR": [0.9393939393939394, 0.6865671641791045], "TPR whole": 0.77, "TPR ratio": 1.3682476943346509, "FPR": [0.012409513960703205, 0.011789924973204717], "FPR whole": 0.012105263157894737, "FPR ratio": 1.05255241139419, "PPR": [0.7209302325581395, 0.8070175438596491], "PPR whole": 0.77, "PPR ratio": 0.8933265925176946}, "0.8-0.5": {"roc": 0.9859684210526316, "flag_rate": [0.042, 0.058], "flag_rate_ratio": 0.7241379310344828, "TPR": [0.8787878787878788, 0.7014925373134329], "TPR whole": 0.76, "TPR ratio": 1.2527401676337846, "FPR": [0.01344364012409514, 0.011789924973204717],