{"flag_ratio": [0.5625, 0.5822784810126581, 0.6181229773462783, 0.6891891891891891, 0.5197568389057751, 0.6077170418006431, 0.6025641025641025, 0.6778523489932886, 0.5873015873015872, 0.5822784810126581, 0.6722408026755853, 0.6891891891891891, 0.5527950310559008, 0.6666666666666666, 0.6393442622950819, 0.7006802721088435, 0.5527950310559007, 0.6611295681063123, 0.718213058419244, 0.7605633802816902], "tpr_ratio": [0.9768976897689768, 0.9858657243816253, 0.9928057553956834, 0.963768115942029, 0.9732441471571908, 0.9791666666666666, 0.9963898916967507, 0.9534050179211468, 0.9965986394557823, 0.9858657243816256, 0.9609929078014184, 0.9706959706959709, 0.9966442953020135, 0.9891304347826086, 0.9854014598540145, 0.9498207885304661, 0.9797979797979798, 0.9853479853479854, 0.967391304347826, 0.9592592592592593], "auroc": [0.9584926315789474, 0.9486115789473683, 0.9403705263157894, 0.9332073684210528, 0.9588905263157894, 0.9454168421052632, 0.9434473684210527, 0.9367884210526315, 0.9620221052631578, 0.9463768421052631, 0.9351894736842106, 0.9342652631578948, 0.9580147368421053, 0.9386273684210528, 0.9381747368421053, 0.9338989473684212, 0.9608284210526316, 0.9322105263157894, 0.9313663157894737, 0.9307484210526316], "key": ["0.01-0.01", "0.01-0.2", "0.01-0.5", "0.01-0.8", "0.05-0.01", "0.05-0.2", "0.05-0.5", "0.05-0.8", "0.2-0.01", "0.2-0.2", "0.2-0.5", "0.2-0.8", "0.5-0.01", "0.5-0.2", "0.5-0.5", "0.5-0.8", "0.8-0.01", "0.8-0.2", "0.8-0.5", "0.8-0.8"]}