{"flag_ratio": [0.9455252918287937, 0.9841269841269841, 0.923076923076923, 0.99203187250996, 0.9762845849802372, 0.9157088122605362, 0.9607843137254901, 0.9607843137254901, 0.9685039370078741, 0.9607843137254901, 0.9607843137254901, 0.937984496124031, 0.9531249999999999, 0.9531249999999999, 0.9762845849802372, 0.9762845849802372, 0.9083969465648853, 0.9685039370078741, 0.9762845849802373, 0.9685039370078741], "tpr_ratio": [0.9854368932038834, 0.9797979797979799, 0.9999999999999999, 0.9999999999999999, 1.0, 0.994871794871795, 0.9947643979057592, 0.9635416666666666, 0.9855769230769229, 0.9898477157360407, 0.9894736842105263, 0.9894179894179895, 0.9807692307692307, 0.9948979591836733, 0.9583333333333333, 0.9736842105263158, 0.9856459330143542, 0.9895287958115183, 0.984375, 0.9736842105263158], "auroc": [0.9597052631578947, 0.9477094736842104, 0.9420347368421051, 0.9465526315789472, 0.9604768421052631, 0.9489136842105262, 0.9435652631578948, 0.947658947368421, 0.9601715789473685, 0.9474231578947367, 0.9502126315789475, 0.9416315789473684, 0.9600284210526316, 0.9494873684210526, 0.9468852631578948, 0.9392157894736842, 0.9604715789473683, 0.9463073684210526, 0.9442005263157893, 0.9425768421052633], "key": ["0.01-0.01", "0.01-0.2", "0.01-0.5", "0.01-0.8", "0.05-0.01", "0.05-0.2", "0.05-0.5", "0.05-0.8", "0.2-0.01", "0.2-0.2", "0.2-0.5", "0.2-0.8", "0.5-0.01", "0.5-0.2", "0.5-0.5", "0.5-0.8", "0.8-0.01", "0.8-0.2", "0.8-0.5", "0.8-0.8"]}