{"flag_ratio": [0.5527950310559008, 0.6077170418006431, 0.5923566878980892, 0.639344262295082, 0.5151515151515151, 0.5873015873015873, 0.6556291390728478, 0.6556291390728478, 0.5479876160990712, 0.6339869281045752, 0.6891891891891893, 0.7857142857142857, 0.5625, 0.6286644951140066, 0.7064846416382252, 0.7421602787456446, 0.5151515151515151, 0.6949152542372882, 0.718213058419244, 0.7123287671232877], "tpr_ratio": [0.9545454545454548, 0.9473684210526315, 0.9691780821917807, 0.9479166666666667, 0.9536423841059601, 0.9662162162162163, 0.9417808219178082, 0.9383561643835618, 0.9999999999999999, 0.9111842105263156, 0.9340277777777778, 0.9214285714285714, 0.9675324675324674, 0.9309210526315788, 0.9507042253521127, 0.9375, 0.9615384615384615, 0.9577464788732394, 0.9642857142857144, 0.925], "auroc": [0.9477273684210527, 0.94963, 0.9371852631578946, 0.9390242105263159, 0.9510094736842106, 0.9477884210526316, 0.938721052631579, 0.9416905263157893, 0.9519263157894737, 0.9460294736842105, 0.9385252631578949, 0.9301947368421052, 0.9528115789473685, 0.9420968421052631, 0.934997894736842, 0.9321336842105262, 0.9537978947368421, 0.9347515789473684, 0.9238373684210526, 0.9236421052631579], "key": ["0.01-0.01", "0.01-0.2", "0.01-0.5", "0.01-0.8", "0.05-0.01", "0.05-0.2", "0.05-0.5", "0.05-0.8", "0.2-0.01", "0.2-0.2", "0.2-0.5", "0.2-0.8", "0.5-0.01", "0.5-0.2", "0.5-0.5", "0.5-0.8", "0.8-0.01", "0.8-0.2", "0.8-0.5", "0.8-0.8"]}