{"flag_ratio": [0.6891891891891893, 0.7482517482517481, 0.7985611510791366, 0.7667844522968198, 0.7301038062283738, 0.6891891891891893, 0.718213058419244, 0.7421602787456446, 0.7301038062283738, 0.7006802721088435, 0.7421602787456446, 0.736111111111111, 0.7123287671232879, 0.7730496453900709, 0.7921146953405018, 0.736111111111111, 0.7857142857142856, 0.7793594306049821, 0.8315018315018315, 0.7857142857142857], "tpr_ratio": [0.9843893480257117, 0.9695616406158184, 0.921157570924006, 0.9770002446782479, 0.9774971297359357, 0.917397744103908, 0.9459843638948114, 0.9538024164889836, 0.9994127319708717, 0.9655294953802416, 0.9689258624908246, 0.972761194029851, 0.9517450342273593, 0.9850746268656714, 0.9264392324093818, 0.9215214251324023, 0.9115615950100244, 0.9532980259990369, 0.9563432835820896, 0.9374097255657197], "auroc": [0.9536378947368421, 0.9509936842105263, 0.9466284210526317, 0.9360978947368421, 0.9564, 0.9487905263157895, 0.9499421052631579, 0.9459905263157895, 0.9556852631578948, 0.943498947368421, 0.9397621052631578, 0.9316800000000001, 0.9538105263157896, 0.9431178947368422, 0.9381147368421052, 0.9314115789473683, 0.9529557894736842, 0.9410778947368421, 0.9359494736842106, 0.9322021052631578], "key": ["0.01-0.01", "0.01-0.2", "0.01-0.5", "0.01-0.8", "0.05-0.01", "0.05-0.2", "0.05-0.5", "0.05-0.8", "0.2-0.01", "0.2-0.2", "0.2-0.5", "0.2-0.8", "0.5-0.01", "0.5-0.2", "0.5-0.5", "0.5-0.8", "0.8-0.01", "0.8-0.2", "0.8-0.5", "0.8-0.8"]}