{"0.01-0.01": {"roc": 0.9999638888888889, "flag_rate": [0.101, 0.099], "flag_rate_ratio": 1.02020202020202, "TPR": [1.0, 0.98], "TPR whole": 0.99, "TPR ratio": 1.0204081632653061, "FPR": [0.0011111111111111111, 0.0011111111111111111], "FPR whole": 0.0011111111111111111, "FPR ratio": 1.0, "PPR": [0.9900990099009901, 0.98989898989899], "PPR whole": 0.99, "PPR ratio": 1.0002020610224287}, "0.01-0.2": {"roc": 0.9999833333333333, "flag_rate": [0.1, 0.1], "flag_rate_ratio": 1.0, "TPR": [1.0, 0.99], "TPR whole": 0.995, "TPR ratio": 1.0101010101010102, "FPR": [0.0, 0.0011111111111111111], "FPR whole": 0.0005555555555555556, "FPR ratio": 0.0, "PPR": [1.0, 0.99], "PPR whole": 0.995, "PPR ratio": 1.0101010101010102}, "0.01-0.5": {"roc": 0.9999972222222222, "flag_rate": [0.1, 0.1], "flag_rate_ratio": 1.0, "TPR": [1.0, 0.99], "TPR whole": 0.995, "TPR ratio": 1.0101010101010102, "FPR": [0.0, 0.0011111111111111111], "FPR whole": 0.0005555555555555556, "FPR ratio": 0.0, "PPR": [1.0, 0.99], "PPR whole": 0.995, "PPR ratio": 1.0101010101010102}, "0.01-0.8": {"roc": 1.0, "flag_rate": [0.1, 0.1], "flag_rate_ratio": 1.0, "TPR": [1.0, 1.0], "TPR whole": 1.0, "TPR ratio": 1.0, "FPR": [0.0, 0.0], "FPR whole": 0.0, "FPR ratio": 0.0, "PPR": [1.0, 1.0], "PPR whole": 1.0, "PPR ratio": 1.0}, "0.05-0.01": {"roc": 0.9999638888888889, "flag_rate": [0.101, 0.099], "flag_rate_ratio": 1.02020202020202, "TPR": [1.0, 0.98], "TPR whole": 0.99, "TPR ratio": 1.0204081632653061, "FPR": [0.0011111111111111111, 0.0011111111111111111], "FPR whole": 0.0011111111111111111, "FPR ratio": 1.0, "PPR": [0.9900990099009901, 0.98989898989899], "PPR whole": 0.99, "PPR ratio": 1.0002020610224287}, "0.05-0.2": {"roc": 1.0, "flag_rate": [0.1, 0.1], "flag_rate_ratio": 1.0, "TPR": [1.0, 1.0], "TPR whole": 1.0, "TPR ratio": 1.0, "FPR": [0.0, 0.0], "FPR whole": 0.0, "FPR ratio": 0.0, "PPR": [1.0, 1.0], "PPR whole": 1.0, "PPR ratio": 1.0}, "0.05-0.5": {"roc": 0.9999805555555555, "flag_rate": [0.1, 0.1], "flag_rate_ratio": 1.0, "TPR": [1.0, 0.99], "TPR whole": 0.995, "TPR ratio": 1.0101010101010102, "FPR": [0.0, 0.0011111111111111111], "FPR whole": 0.0005555555555555556, "FPR ratio": 0.0, "PPR": [1.0, 0.99], "PPR whole": 0.995, "PPR ratio": 1.0101010101010102}, "0.05-0.8": {"roc": 1.0, "flag_rate": [0.1, 0.1], "flag_rate_ratio": 1.0, "TPR": [1.0, 1.0], "TPR whole": 1.0, "TPR ratio": 1.0, "FPR": [0.0, 0.0], "FPR whole": 0.0, "FPR ratio": 0.0, "PPR": [1.0, 1.0], "PPR whole": 1.0, "PPR ratio": 1.0}, "0.2-0.01": {"roc": 0.999975, "flag_rate": [0.101, 0.099], "flag_rate_ratio": 1.02020202020202, "TPR": [1.0, 0.98], "TPR whole": 0.99, "TPR ratio": 1.0204081632653061, "FPR": [0.0011111111111111111, 0.0011111111111111111], "FPR whole": 0.0011111111111111111, "FPR ratio": 1.0, "PPR": [0.9900990099009901, 0.98989898989899], "PPR whole": 0.99, "PPR ratio": 1.0002020610224287}, "0.2-0.2": {"roc": 1.0, "flag_rate": [0.1, 0.1], "flag_rate_ratio": 1.0, "TPR": [1.0, 1.0], "TPR whole": 1.0, "TPR ratio": 1.0, "FPR": [0.0, 0.0], "FPR whole": 0.0, "FPR ratio": 0.0, "PPR": [1.0, 1.0], "PPR whole": 1.0, "PPR ratio": 1.0}, "0.2-0.5": {"roc": 1.0, "flag_rate": [0.1, 0.1], "flag_rate_ratio": 1.0, "TPR": [1.0, 1.0], "TPR whole": 1.0, "TPR ratio": 1.0, "FPR": [0.0, 0.0], "FPR whole": 0.0, "FPR ratio": 0.0, "PPR": [1.0, 1.0], "PPR whole": 1.0, "PPR ratio": 1.0}, "0.2-0.8": {"roc": 1.0, "flag_rate": [0.1, 0.1], "flag_rate_ratio": 1.0, "TPR": [1.0, 1.0], "TPR whole": 1.0, "TPR ratio": 1.0, "FPR": [0.0, 0.0], "FPR whole": 0.0, "FPR ratio": 0.0, "PPR": [1.0, 1.0], "PPR whole": 1.0, "PPR ratio": 1.0}, "0.5-0.01": {"roc": 0.9999666666666667, "flag_rate": [0.101, 0.099], "flag_rate_ratio": 1.02020202020202, "TPR": [1.0, 0.98], "TPR whole": 0.99, "TPR ratio": 1.0204081632653061, "FPR": [0.0011111111111111111, 0.0011111111111111111], "FPR whole": 0.0011111111111111111, "FPR ratio": 1.0, "PPR": [0.9900990099009901, 0.98989898989899], "PPR whole": 0.99, "PPR ratio": 1.0002020610224287}, "0.5-0.2": {"roc": 1.0, "flag_rate": [0.1, 0.1], "flag_rate_ratio": 1.0, "TPR": [1.0, 1.0], "TPR whole": 1.0, "TPR ratio": 1.0, "FPR": [0.0, 0.0], "FPR whole": 0.0, "FPR ratio": 0.0, "PPR": [1.0, 1.0], "PPR whole": 1.0, "PPR ratio": 1.0}, "0.5-0.5": {"roc": 0.9999972222222222, "flag_rate": [0.1, 0.1], "flag_rate_ratio": 1.0, "TPR": [1.0, 0.99], "TPR whole": 0.995, "TPR ratio": 1.0101010101010102, "FPR": [0.0, 0.0011111111111111111], "FPR whole": 0.0005555555555555556, "FPR ratio": 0.0, "PPR": [1.0, 0.99], "PPR whole": 0.995, "PPR ratio": 1.0101010101010102}, "0.5-0.8": {"roc": 0.999986111111111, "flag_rate": [0.101, 0.099], "flag_rate_ratio": 1.02020202020202, "TPR": [1.0, 0.98], "TPR whole": 0.99, "TPR ratio": 1.0204081632653061, "FPR": [0.0011111111111111111, 0.0011111111111111111], "FPR whole": 0.0011111111111111111, "FPR ratio": 1.0, "PPR": [0.9900990099009901, 0.98989898989899], "PPR whole": 0.99, "PPR ratio": 1.0002020610224287}, "0.8-0.01": {"roc": 0.9999416666666666, "flag_rate": [0.101, 0.099], "flag_rate_ratio": 1.02020202020202, "TPR": [1.0, 0.97], "TPR whole": 0.985, "TPR ratio": 1.0309278350515465, "FPR": [0.0011111111111111111, 0.0022222222222222222], "FPR whole": 0.0016666666666666668, "FPR ratio": 0.5, "PPR": [0.9900990099009901, 0.9797979797979798], "PPR whole": 0.985, "PPR ratio": 1.0105134224762682}, "0.8-0.2": {"roc": 1.0, "flag_rate": [0.1, 0.1], "flag_rate_ratio": 1.0, "TPR": [1.0, 1.0], "TPR whole": 1.0, "TPR ratio": 1.0, "FPR": [0.0, 0.0], "FPR whole": 0.0, "FPR ratio": 0.0, "PPR": [1.0, 1.0], "PPR whole": 1.0, "PPR ratio": 1.0}, "0.8-0.5": {"roc": 1.0, "flag_rate": [0.1, 0.1], "flag_rate_ratio": 1.0, "TPR": [1.0, 1.0], "TPR whole": 1.0, "TPR ratio": 1.0, "FPR": [0.0, 0.0], "FPR whole": 0.0, "FPR ratio": 0.0, "PPR": [1.0, 1.0], "PPR whole": 1.0, "PPR ratio": 1.0}, "0.8-0.8": {"roc": 0.9999694444444445, "flag_rate": [0.1, 0.1], "flag_rate_ratio": 1.0, "TPR": [1.0, 0.97], "TPR whole": 0.985, "TPR ratio": 1.0309278350515465, "FPR": [0.0, 0.0033333333333333335], "FPR whole": 0.0016666666666666668, "FPR ratio": 0.0, "PPR": [1.0, 0.97], "PPR whole": 0.985, "PPR ratio": 1.0309278350515465}}