{"0.01-0.01": {"roc": 0.9419666666666667, "flag_rate": [0.095, 0.105], "flag_rate_ratio": 0.9047619047619048, "TPR": [0.73, 0.57], "TPR whole": 0.65, "TPR ratio": 1.280701754385965, "FPR": [0.024444444444444446, 0.05333333333333334], "FPR whole": 0.03888888888888889, "FPR ratio": 0.4583333333333333, "PPR": [0.7684210526315789, 0.5428571428571428], "PPR whole": 0.65, "PPR ratio": 1.4155124653739612}, "0.01-0.2": {"roc": 0.9122861111111111, "flag_rate": [0.089, 0.111], "flag_rate_ratio": 0.8018018018018017, "TPR": [0.6, 0.55], "TPR whole": 0.575, "TPR ratio": 1.0909090909090908, "FPR": [0.03222222222222222, 0.06222222222222222], "FPR whole": 0.04722222222222222, "FPR ratio": 0.5178571428571429, "PPR": [0.6741573033707865, 0.4954954954954955], "PPR whole": 0.575, "PPR ratio": 1.3605720122574054}, "0.01-0.5": {"roc": 0.8365666666666666, "flag_rate": [0.014, 0.186], "flag_rate_ratio": 0.07526881720430108, "TPR": [0.14, 0.75], "TPR whole": 0.445, "TPR ratio": 0.18666666666666668, "FPR": [0.0, 0.12333333333333334], "FPR whole": 0.06166666666666667, "FPR ratio": 0.0, "PPR": [1.0, 0.4032258064516129], "PPR whole": 0.445, "PPR ratio": 2.48}, "0.01-0.8": {"roc": 0.8299861111111111, "flag_rate": [0.013, 0.187], "flag_rate_ratio": 0.06951871657754011, "TPR": [0.13, 0.74], "TPR whole": 0.435, "TPR ratio": 0.17567567567567569, "FPR": [0.0, 0.12555555555555556], "FPR whole": 0.06277777777777778, "FPR ratio": 0.0, "PPR": [1.0, 0.39572192513368987], "PPR whole": 0.435, "PPR ratio": 2.5270270270270268}, "0.05-0.01": {"roc": 0.9425166666666667, "flag_rate": [0.094, 0.106], "flag_rate_ratio": 0.8867924528301887, "TPR": [0.73, 0.57], "TPR whole": 0.65, "TPR ratio": 1.280701754385965, "FPR": [0.023333333333333334, 0.05444444444444444], "FPR whole": 0.03888888888888889, "FPR ratio": 0.4285714285714286, "PPR": [0.776595744680851, 0.5377358490566038], "PPR whole": 0.65, "PPR ratio": 1.4441955953714072}, "0.05-0.2": {"roc": 0.9267486111111112, "flag_rate": [0.093, 0.107], "flag_rate_ratio": 0.8691588785046729, "TPR": [0.68, 0.56], "TPR whole": 0.62, "TPR ratio": 1.2142857142857142, "FPR": [0.027777777777777776, 0.056666666666666664], "FPR whole": 0.042222222222222223, "FPR ratio": 0.49019607843137253, "PPR": [0.7311827956989247, 0.5233644859813084], "PPR whole": 0.62, "PPR ratio": 1.3970814132104457}, "0.05-0.5": {"roc": 0.8372722222222221, "flag_rate": [0.013, 0.187], "flag_rate_ratio": 0.06951871657754011, "TPR": [0.13, 0.74], "TPR whole": 0.435, "TPR ratio": 0.17567567567567569, "FPR": [0.0, 0.12555555555555556], "FPR whole": 0.06277777777777778, "FPR ratio": 0.0, "PPR": [1.0, 0.39572192513368987], "PPR whole": 0.435, "PPR ratio": 2.5270270270270268}, "0.05-0.8": {"roc": 0.8225583333333333, "flag_rate": [0.012, 0.188], "flag_rate_ratio": 0.06382978723404255, "TPR": [0.12, 0.74], "TPR whole": 0.43, "TPR ratio": 0.16216216216216217, "FPR": [0.0, 0.12666666666666668], "FPR whole": 0.06333333333333334, "FPR ratio": 0.0, "PPR": [1.0, 0.39361702127659576], "PPR whole": 0.43, "PPR ratio": 2.5405405405405403}, "0.2-0.01": {"roc": 0.9422583333333333, "flag_rate": [0.096, 0.104], "flag_rate_ratio": 0.9230769230769231, "TPR": [0.74, 0.57], "TPR whole": 0.655, "TPR ratio": 1.2982456140350878, "FPR": [0.024444444444444446, 0.052222222222222225], "FPR whole": 0.03833333333333333, "FPR ratio": 0.46808510638297873, "PPR": [0.7708333333333334, 0.5480769230769231], "PPR whole": 0.655, "PPR ratio": 1.4064327485380117}, "0.2-0.2": {"roc": 0.9365027777777777, "flag_rate": [0.073, 0.127], "flag_rate_ratio": 0.5748031496062992, "TPR": [0.6, 0.62], "TPR whole": 0.61, "TPR ratio": 0.9677419354838709, "FPR": [0.014444444444444444, 0.07222222222222222], "FPR whole": 0.043333333333333335, "FPR ratio": 0.2, "PPR": [0.821917808219178, 0.4881889763779528], "PPR whole": 0.61, "PPR ratio": 1.6836058329650905}, "0.2-0.5": {"roc": 0.8271388888888889, "flag_rate": [0.013, 0.187], "flag_rate_ratio": 0.06951871657754011, "TPR": [0.13, 0.74], "TPR whole": 0.435, "TPR ratio": 0.17567567567567569, "FPR": [0.0, 0.12555555555555556], "FPR whole": 0.06277777777777778, "FPR ratio": 0.0, "PPR": [1.0, 0.39572192513368987], "PPR whole": 0.435, "PPR ratio": 2.5270270270270268}, "0.2-0.8": {"roc": 0.8234805555555555, "flag_rate": [0.012, 0.188], "flag_rate_ratio": 0.06382978723404255, "TPR": [0.12, 0.74], "TPR whole": 0.43, "TPR ratio": 0.16216216216216217, "FPR": [0.0, 0.12666666666666668], "FPR whole": 0.06333333333333334, "FPR ratio": 0.0, "PPR": [1.0, 0.39361702127659576], "PPR whole": 0.43, "PPR ratio": 2.5405405405405403}, "0.5-0.01": {"roc": 0.9407527777777778, "flag_rate": [0.096, 0.104], "flag_rate_ratio": 0.9230769230769231, "TPR": [0.75, 0.56], "TPR whole": 0.655, "TPR ratio": 1.3392857142857142, "FPR": [0.023333333333333334, 0.05333333333333334], "FPR whole": 0.03833333333333333, "FPR ratio": 0.4375, "PPR": [0.78125, 0.5384615384615384], "PPR whole": 0.655, "PPR ratio": 1.4508928571428572}, "0.5-0.2": {"roc": 0.8553527777777777, "flag_rate": [0.02, 0.18], "flag_rate_ratio": 0.11111111111111112, "TPR": [0.2, 0.75], "TPR whole": 0.475, "TPR ratio": 0.26666666666666666, "FPR": [0.0, 0.11666666666666667], "FPR whole": 0.058333333333333334, "FPR ratio": 0.0, "PPR": [1.0, 0.4166666666666667], "PPR whole": 0.475, "PPR ratio": 2.4}, "0.5-0.5": {"roc": 0.8208222222222221, "flag_rate": [0.011, 0.189], "flag_rate_ratio": 0.0582010582010582, "TPR": [0.11, 0.74], "TPR whole": 0.425, "TPR ratio": 0.14864864864864866, "FPR": [0.0, 0.12777777777777777], "FPR whole": 0.06388888888888888, "FPR ratio": 0.0, "PPR": [1.0, 0.3915343915343915], "PPR whole": 0.425, "PPR ratio": 2.5540540540540544}, "0.5-0.8": {"roc": 0.8125388888888889, "flag_rate": [0.01, 0.19], "flag_rate_ratio": 0.05263157894736842, "TPR": [0.1, 0.74], "TPR whole": 0.42, "TPR ratio": 0.13513513513513514, "FPR": [0.0, 0.1288888888888889], "FPR whole": 0.06444444444444444, "FPR ratio": 0.0, "PPR": [1.0, 0.3894736842105263], "PPR whole": 0.42, "PPR ratio": 2.5675675675675675}, "0.8-0.01": {"roc": 0.9391694444444444, "flag_rate": [0.096, 0.104], "flag_rate_ratio": 0.9230769230769231, "TPR": [0.76, 0.56], "TPR whole": 0.66, "TPR ratio": 1.357142857142857, "FPR": [0.022222222222222223, 0.05333333333333334], "FPR whole": 0.03777777777777778, "FPR ratio": 0.41666666666666663, "PPR": [0.7916666666666666, 0.5384615384615384], "PPR whole": 0.66, "PPR ratio": 1.4702380952380953}, "0.8-0.2": {"roc": 0.8282305555555555, "flag_rate": [0.012, 0.188], "flag_rate_ratio": 0.06382978723404255, "TPR": [0.12, 0.74], "TPR whole": 0.43, "TPR ratio": 0.16216216216216217, "FPR": [0.0, 0.12666666666666668], "FPR whole": 0.06333333333333334, "FPR ratio": 0.0, "PPR": [1.0, 0.39361702127659576], "PPR whole": 0.43, "PPR ratio": 2.5405405405405403}, "0.8-0.5": {"roc": 0.81485, "flag_rate": [0.01, 0.19], "flag_rate_ratio": 0.05263157894736842, "TPR": [0.1, 0.75], "TPR whole": 0.425, "TPR ratio": 0.13333333333333333, "FPR": [0.0, 0.12777777777777777], "FPR whole": 0.06388888888888888, "FPR ratio": 0.0, "PPR": [1.0, 0.39473684210526316], "PPR whole": 0.425, "PPR ratio": 2.533333333333333}, "0.8-0.8": {"roc": 0.8052916666666666, "flag_rate": [0.008, 0.192], "flag_rate_ratio": 0.041666666666666664, "TPR": [0.08, 0.74], "TPR whole": 0.41, "TPR ratio": 0.10810810810810811, "FPR": [0.0, 0.13111111111111112], "FPR whole": 0.06555555555555556, "FPR ratio": 0.0, "PPR": [1.0, 0.3854166666666667], "PPR whole": 0.41, "PPR ratio": 2.5945945945945943}}