{"0.01-0.01": {"roc": 0.9597666666666667, "flag_rate": [0.062, 0.138], "flag_rate_ratio": 0.4492753623188405, "TPR": [0.55, 0.67], "TPR whole": 0.61, "TPR ratio": 0.8208955223880597, "FPR": [0.0077777777777777776, 0.07888888888888888], "FPR whole": 0.043333333333333335, "FPR ratio": 0.09859154929577466, "PPR": [0.8870967741935484, 0.4855072463768116], "PPR whole": 0.61, "PPR ratio": 1.8271545498314878}, "0.01-0.2": {"roc": 0.9545, "flag_rate": [0.062, 0.138], "flag_rate_ratio": 0.4492753623188405, "TPR": [0.56, 0.65], "TPR whole": 0.605, "TPR ratio": 0.8615384615384616, "FPR": [0.006666666666666667, 0.0811111111111111], "FPR whole": 0.04388888888888889, "FPR ratio": 0.08219178082191782, "PPR": [0.9032258064516129, 0.47101449275362317], "PPR whole": 0.605, "PPR ratio": 1.9176178660049628}, "0.01-0.5": {"roc": 0.9555638888888889, "flag_rate": [0.066, 0.134], "flag_rate_ratio": 0.4925373134328358, "TPR": [0.58, 0.65], "TPR whole": 0.615, "TPR ratio": 0.8923076923076922, "FPR": [0.008888888888888889, 0.07666666666666666], "FPR whole": 0.042777777777777776, "FPR ratio": 0.11594202898550726, "PPR": [0.8787878787878788, 0.48507462686567165], "PPR whole": 0.615, "PPR ratio": 1.8116550116550116}, "0.01-0.8": {"roc": 0.9597805555555555, "flag_rate": [0.059, 0.141], "flag_rate_ratio": 0.41843971631205673, "TPR": [0.53, 0.7], "TPR whole": 0.615, "TPR ratio": 0.7571428571428572, "FPR": [0.006666666666666667, 0.07888888888888888], "FPR whole": 0.042777777777777776, "FPR ratio": 0.08450704225352114, "PPR": [0.8983050847457628, 0.49645390070921985], "PPR whole": 0.615, "PPR ratio": 1.809443099273608}, "0.05-0.01": {"roc": 0.9577055555555556, "flag_rate": [0.061, 0.139], "flag_rate_ratio": 0.4388489208633093, "TPR": [0.54, 0.66], "TPR whole": 0.6, "TPR ratio": 0.8181818181818182, "FPR": [0.0077777777777777776, 0.0811111111111111], "FPR whole": 0.044444444444444446, "FPR ratio": 0.09589041095890412, "PPR": [0.8852459016393442, 0.4748201438848921], "PPR whole": 0.6, "PPR ratio": 1.864381520119225}, "0.05-0.2": {"roc": 0.9536277777777777, "flag_rate": [0.063, 0.137], "flag_rate_ratio": 0.45985401459854014, "TPR": [0.57, 0.65], "TPR whole": 0.61, "TPR ratio": 0.8769230769230768, "FPR": [0.006666666666666667, 0.08], "FPR whole": 0.043333333333333335, "FPR ratio": 0.08333333333333334, "PPR": [0.9047619047619048, 0.4744525547445255], "PPR whole": 0.61, "PPR ratio": 1.906959706959707}, "0.05-0.5": {"roc": 0.9579222222222222, "flag_rate": [0.063, 0.137], "flag_rate_ratio": 0.45985401459854014, "TPR": [0.57, 0.66], "TPR whole": 0.615, "TPR ratio": 0.8636363636363635, "FPR": [0.006666666666666667, 0.07888888888888888], "FPR whole": 0.042777777777777776, "FPR ratio": 0.08450704225352114, "PPR": [0.9047619047619048, 0.48175182481751827], "PPR whole": 0.615, "PPR ratio": 1.878066378066378}, "0.05-0.8": {"roc": 0.9570583333333333, "flag_rate": [0.058, 0.142], "flag_rate_ratio": 0.4084507042253522, "TPR": [0.53, 0.71], "TPR whole": 0.62, "TPR ratio": 0.7464788732394367, "FPR": [0.005555555555555556, 0.07888888888888888], "FPR whole": 0.042222222222222223, "FPR ratio": 0.07042253521126761, "PPR": [0.9137931034482759, 0.5], "PPR whole": 0.62, "PPR ratio": 1.8275862068965518}, "0.2-0.01": {"roc": 0.9567472222222223, "flag_rate": [0.062, 0.138], "flag_rate_ratio": 0.4492753623188405, "TPR": [0.55, 0.65], "TPR whole": 0.6, "TPR ratio": 0.8461538461538461, "FPR": [0.0077777777777777776, 0.0811111111111111], "FPR whole": 0.044444444444444446, "FPR ratio": 0.09589041095890412, "PPR": [0.8870967741935484, 0.47101449275362317], "PPR whole": 0.6, "PPR ratio": 1.8833746898263029}, "0.2-0.2": {"roc": 0.9522694444444443, "flag_rate": [0.061, 0.139], "flag_rate_ratio": 0.4388489208633093, "TPR": [0.55, 0.65], "TPR whole": 0.6, "TPR ratio": 0.8461538461538461, "FPR": [0.006666666666666667, 0.08222222222222222], "FPR whole": 0.044444444444444446, "FPR ratio": 0.08108108108108109, "PPR": [0.9016393442622951, 0.4676258992805755], "PPR whole": 0.6, "PPR ratio": 1.9281210592686004}, "0.2-0.5": {"roc": 0.96065, "flag_rate": [0.066, 0.134], "flag_rate_ratio": 0.4925373134328358, "TPR": [0.6, 0.66], "TPR whole": 0.63, "TPR ratio": 0.9090909090909091, "FPR": [0.006666666666666667, 0.07555555555555556], "FPR whole": 0.04111111111111111, "FPR ratio": 0.08823529411764706, "PPR": [0.9090909090909091, 0.4925373134328358], "PPR whole": 0.63, "PPR ratio": 1.8457300275482094}, "0.2-0.8": {"roc": 0.9590638888888889, "flag_rate": [0.061, 0.139], "flag_rate_ratio": 0.4388489208633093, "TPR": [0.55, 0.67], "TPR whole": 0.61, "TPR ratio": 0.8208955223880597, "FPR": [0.006666666666666667, 0.08], "FPR whole": 0.043333333333333335, "FPR ratio": 0.08333333333333334, "PPR": [0.9016393442622951, 0.48201438848920863], "PPR whole": 0.61, "PPR ratio": 1.8705652067531195}, "0.5-0.01": {"roc": 0.9554333333333334, "flag_rate": [0.064, 0.136], "flag_rate_ratio": 0.47058823529411764, "TPR": [0.58, 0.64], "TPR whole": 0.61, "TPR ratio": 0.9062499999999999, "FPR": [0.006666666666666667, 0.08], "FPR whole": 0.043333333333333335, "FPR ratio": 0.08333333333333334, "PPR": [0.90625, 0.47058823529411764], "PPR whole": 0.61, "PPR ratio": 1.92578125}, "0.5-0.2": {"roc": 0.9587972222222223, "flag_rate": [0.06, 0.14], "flag_rate_ratio": 0.4285714285714285, "TPR": [0.53, 0.7], "TPR whole": 0.615, "TPR ratio": 0.7571428571428572, "FPR": [0.0077777777777777776, 0.07777777777777778], "FPR whole": 0.042777777777777776, "FPR ratio": 0.09999999999999999, "PPR": [0.8833333333333333, 0.5], "PPR whole": 0.615, "PPR ratio": 1.7666666666666666}, "0.5-0.5": {"roc": 0.9580472222222223, "flag_rate": [0.06, 0.14], "flag_rate_ratio": 0.4285714285714285, "TPR": [0.54, 0.69], "TPR whole": 0.615, "TPR ratio": 0.7826086956521741, "FPR": [0.006666666666666667, 0.07888888888888888], "FPR whole": 0.042777777777777776, "FPR ratio": 0.08450704225352114, "PPR": [0.9, 0.4928571428571429], "PPR whole": 0.615, "PPR ratio": 1.826086956521739}, "0.5-0.8": {"roc": 0.95765, "flag_rate": [0.057, 0.143], "flag_rate_ratio": 0.39860139860139865, "TPR": [0.52, 0.72], "TPR whole": 0.62, "TPR ratio": 0.7222222222222223, "FPR": [0.005555555555555556, 0.07888888888888888], "FPR whole": 0.042222222222222223, "FPR ratio": 0.07042253521126761, "PPR": [0.9122807017543859, 0.5034965034965035], "PPR whole": 0.62, "PPR ratio": 1.8118908382066274}, "0.8-0.01": {"roc": 0.9486194444444445, "flag_rate": [0.063, 0.137], "flag_rate_ratio": 0.45985401459854014, "TPR": [0.54, 0.6], "TPR whole": 0.57, "TPR ratio": 0.9000000000000001, "FPR": [0.01, 0.08555555555555555], "FPR whole": 0.04777777777777778, "FPR ratio": 0.1168831168831169, "PPR": [0.8571428571428571, 0.43795620437956206], "PPR whole": 0.57, "PPR ratio": 1.9571428571428569}, "0.8-0.2": {"roc": 0.95835, "flag_rate": [0.06, 0.14], "flag_rate_ratio": 0.4285714285714285, "TPR": [0.54, 0.66], "TPR whole": 0.6, "TPR ratio": 0.8181818181818182, "FPR": [0.006666666666666667, 0.08222222222222222], "FPR whole": 0.044444444444444446, "FPR ratio": 0.08108108108108109, "PPR": [0.9, 0.4714285714285714], "PPR whole": 0.6, "PPR ratio": 1.9090909090909092}, "0.8-0.5": {"roc": 0.9559722222222222, "flag_rate": [0.055, 0.145], "flag_rate_ratio": 0.37931034482758624, "TPR": [0.5, 0.7], "TPR whole": 0.6, "TPR ratio": 0.7142857142857143, "FPR": [0.005555555555555556, 0.08333333333333333], "FPR whole": 0.044444444444444446, "FPR ratio": 0.06666666666666668, "PPR": [0.9090909090909091, 0.4827586206896552], "PPR whole": 0.6, "PPR ratio": 1.883116883116883}, "0.8-0.8": {"roc": 0.9533, "flag_rate": [0.055, 0.145], "flag_rate_ratio": 0.37931034482758624, "TPR": [0.5, 0.67], "TPR whole": 0.585, "TPR ratio": 0.7462686567164178, "FPR": [0.005555555555555556, 0.08666666666666667], "FPR whole": 0.04611111111111111, "FPR ratio": 0.0641025641025641, "PPR": [0.9090909090909091, 0.46206896551724136], "PPR whole": 0.585, "PPR ratio": 1.9674355495251017}}