{"0.01-0.01": {"roc": 0.9770421052631579, "flag_rate": [0.049, 0.051], "flag_rate_ratio": 0.9607843137254903, "TPR": [0.86, 0.84], "TPR whole": 0.85, "TPR ratio": 1.0238095238095237, "FPR": [0.00631578947368421, 0.009473684210526316], "FPR whole": 0.007894736842105263, "FPR ratio": 0.6666666666666666, "PPR": [0.8775510204081632, 0.8235294117647058], "PPR whole": 0.85, "PPR ratio": 1.065597667638484}, "0.01-0.2": {"roc": 0.9655789473684211, "flag_rate": [0.047, 0.053], "flag_rate_ratio": 0.8867924528301887, "TPR": [0.82, 0.8], "TPR whole": 0.81, "TPR ratio": 1.025, "FPR": [0.00631578947368421, 0.01368421052631579], "FPR whole": 0.01, "FPR ratio": 0.4615384615384615, "PPR": [0.8723404255319149, 0.7547169811320755], "PPR whole": 0.81, "PPR ratio": 1.1558510638297872}, "0.01-0.5": {"roc": 0.9690052631578948, "flag_rate": [0.048, 0.052], "flag_rate_ratio": 0.9230769230769231, "TPR": [0.8, 0.8], "TPR whole": 0.8, "TPR ratio": 1.0, "FPR": [0.008421052631578947, 0.01263157894736842], "FPR whole": 0.010526315789473684, "FPR ratio": 0.6666666666666666, "PPR": [0.8333333333333334, 0.7692307692307693], "PPR whole": 0.8, "PPR ratio": 1.0833333333333333}, "0.01-0.8": {"roc": 0.9669315789473684, "flag_rate": [0.051, 0.049], "flag_rate_ratio": 1.040816326530612, "TPR": [0.8, 0.82], "TPR whole": 0.81, "TPR ratio": 0.9756097560975611, "FPR": [0.011578947368421053, 0.008421052631578947], "FPR whole": 0.01, "FPR ratio": 1.375, "PPR": [0.7843137254901961, 0.8367346938775511], "PPR whole": 0.81, "PPR ratio": 0.9373505499760879}, "0.05-0.01": {"roc": 0.9781368421052632, "flag_rate": [0.05, 0.05], "flag_rate_ratio": 1.0, "TPR": [0.88, 0.84], "TPR whole": 0.86, "TPR ratio": 1.0476190476190477, "FPR": [0.00631578947368421, 0.008421052631578947], "FPR whole": 0.007368421052631579, "FPR ratio": 0.75, "PPR": [0.88, 0.84], "PPR whole": 0.86, "PPR ratio": 1.0476190476190477}, "0.05-0.2": {"roc": 0.9671631578947368, "flag_rate": [0.051, 0.049], "flag_rate_ratio": 1.040816326530612, "TPR": [0.84, 0.82], "TPR whole": 0.83, "TPR ratio": 1.024390243902439, "FPR": [0.009473684210526316, 0.008421052631578947], "FPR whole": 0.008947368421052631, "FPR ratio": 1.125, "PPR": [0.8235294117647058, 0.8367346938775511], "PPR whole": 0.83, "PPR ratio": 0.9842180774748923}, "0.05-0.5": {"roc": 0.9676947368421053, "flag_rate": [0.051, 0.049], "flag_rate_ratio": 1.040816326530612, "TPR": [0.8, 0.78], "TPR whole": 0.79, "TPR ratio": 1.0256410256410258, "FPR": [0.011578947368421053, 0.010526315789473684], "FPR whole": 0.011052631578947368, "FPR ratio": 1.1, "PPR": [0.7843137254901961, 0.7959183673469388], "PPR whole": 0.79, "PPR ratio": 0.9854198089492207}, "0.05-0.8": {"roc": 0.9666368421052631, "flag_rate": [0.051, 0.049], "flag_rate_ratio": 1.040816326530612, "TPR": [0.8, 0.78], "TPR whole": 0.79, "TPR ratio": 1.0256410256410258, "FPR": [0.011578947368421053, 0.010526315789473684], "FPR whole": 0.011052631578947368, "FPR ratio": 1.1, "PPR": [0.7843137254901961, 0.7959183673469388], "PPR whole": 0.79, "PPR ratio": 0.9854198089492207}, "0.2-0.01": {"roc": 0.9750842105263159, "flag_rate": [0.049, 0.051], "flag_rate_ratio": 0.9607843137254903, "TPR": [0.88, 0.82], "TPR whole": 0.85, "TPR ratio": 1.0731707317073171, "FPR": [0.005263157894736842, 0.010526315789473684], "FPR whole": 0.007894736842105263, "FPR ratio": 0.5, "PPR": [0.8979591836734694, 0.803921568627451], "PPR whole": 0.85, "PPR ratio": 1.116973618715779}, "0.2-0.2": {"roc": 0.9682578947368421, "flag_rate": [0.051, 0.049], "flag_rate_ratio": 1.040816326530612, "TPR": [0.82, 0.84], "TPR whole": 0.83, "TPR ratio": 0.9761904761904762, "FPR": [0.010526315789473684, 0.007368421052631579], "FPR whole": 0.008947368421052631, "FPR ratio": 1.4285714285714286, "PPR": [0.803921568627451, 0.8571428571428571], "PPR whole": 0.83, "PPR ratio": 0.9379084967320263}, "0.2-0.5": {"roc": 0.9696947368421054, "flag_rate": [0.05, 0.05], "flag_rate_ratio": 1.0, "TPR": [0.78, 0.76], "TPR whole": 0.77, "TPR ratio": 1.0263157894736843, "FPR": [0.011578947368421053, 0.01263157894736842], "FPR whole": 0.012105263157894737, "FPR ratio": 0.9166666666666667, "PPR": [0.78, 0.76], "PPR whole": 0.77, "PPR ratio": 1.0263157894736843}, "0.2-0.8": {"roc": 0.9639684210526316, "flag_rate": [0.051, 0.049], "flag_rate_ratio": 1.040816326530612, "TPR": [0.84, 0.78], "TPR whole": 0.81, "TPR ratio": 1.0769230769230769, "FPR": [0.009473684210526316, 0.010526315789473684], "FPR whole": 0.01, "FPR ratio": 0.9000000000000001, "PPR": [0.8235294117647058, 0.7959183673469388], "PPR whole": 0.81, "PPR ratio": 1.0346907993966816}, "0.5-0.01": {"roc": 0.9754947368421053, "flag_rate": [0.048, 0.052], "flag_rate_ratio": 0.9230769230769231, "TPR": [0.9, 0.84], "TPR whole": 0.87, "TPR ratio": 1.0714285714285714, "FPR": [0.003157894736842105, 0.010526315789473684], "FPR whole": 0.006842105263157895, "FPR ratio": 0.3, "PPR": [0.9375, 0.8076923076923077], "PPR whole": 0.87, "PPR ratio": 1.1607142857142856}, "0.5-0.2": {"roc": 0.9719421052631579, "flag_rate": [0.05, 0.05], "flag_rate_ratio": 1.0, "TPR": [0.84, 0.8], "TPR whole": 0.82, "TPR ratio": 1.0499999999999998, "FPR": [0.008421052631578947, 0.010526315789473684], "FPR whole": 0.009473684210526316, "FPR ratio": 0.8, "PPR": [0.84, 0.8], "PPR whole": 0.82, "PPR ratio": 1.0499999999999998}, "0.5-0.5": {"roc": 0.9599578947368421, "flag_rate": [0.05, 0.05], "flag_rate_ratio": 1.0, "TPR": [0.8, 0.74], "TPR whole": 0.77, "TPR ratio": 1.0810810810810811, "FPR": [0.010526315789473684, 0.01368421052631579], "FPR whole": 0.012105263157894737, "FPR ratio": 0.7692307692307692, "PPR": [0.8, 0.74], "PPR whole": 0.77, "PPR ratio": 1.0810810810810811}, "0.5-0.8": {"roc": 0.971257894736842, "flag_rate": [0.049, 0.051], "flag_rate_ratio": 0.9607843137254903, "TPR": [0.8, 0.82], "TPR whole": 0.81, "TPR ratio": 0.9756097560975611, "FPR": [0.009473684210526316, 0.010526315789473684], "FPR whole": 0.01, "FPR ratio": 0.9000000000000001, "PPR": [0.8163265306122449, 0.803921568627451], "PPR whole": 0.81, "PPR ratio": 1.01543056246889}, "0.8-0.01": {"roc": 0.9765473684210526, "flag_rate": [0.047, 0.053], "flag_rate_ratio": 0.8867924528301887, "TPR": [0.88, 0.84], "TPR whole": 0.86, "TPR ratio": 1.0476190476190477, "FPR": [0.003157894736842105, 0.011578947368421053], "FPR whole": 0.007368421052631579, "FPR ratio": 0.2727272727272727, "PPR": [0.9361702127659575, 0.7924528301886793], "PPR whole": 0.86, "PPR ratio": 1.1813576494427558}, "0.8-0.2": {"roc": 0.9711052631578947, "flag_rate": [0.05, 0.05], "flag_rate_ratio": 1.0, "TPR": [0.78, 0.82], "TPR whole": 0.8, "TPR ratio": 0.951219512195122, "FPR": [0.011578947368421053, 0.009473684210526316], "FPR whole": 0.010526315789473684, "FPR ratio": 1.222222222222222, "PPR": [0.78, 0.82], "PPR whole": 0.8, "PPR ratio": 0.951219512195122}, "0.8-0.5": {"roc": 0.9644842105263157, "flag_rate": [0.047, 0.053], "flag_rate_ratio": 0.8867924528301887, "TPR": [0.78, 0.8], "TPR whole": 0.79, "TPR ratio": 0.975, "FPR": [0.008421052631578947, 0.01368421052631579], "FPR whole": 0.011052631578947368, "FPR ratio": 0.6153846153846153, "PPR": [0.8297872340425532, 0.7547169811320755], "PPR whole": 0.79, "PPR ratio": 1.099468085106383}, "0.8-0.8": {"roc": 0.964678947368421, "flag_rate": [0.053, 0.047], "flag_rate_ratio": 1.127659574468085, "TPR": [0.8, 0.74], "TPR whole": 0.77, "TPR ratio": 1.0810810810810811, "FPR": [0.01368421052631579, 0.010526315789473684], "FPR whole": 0.012105263157894737, "FPR ratio": 1.3, "PPR": [0.7547169811320755, 0.7872340425531915], "PPR whole": 0.77, "PPR ratio": 0.958694543600204}}