{"0.01-0.01": {"roc": 0.9553, "flag_rate": [0.039, 0.061], "flag_rate_ratio": 0.639344262295082, "TPR": [0.7878787878787878, 0.7313432835820896], "TPR whole": 0.75, "TPR ratio": 1.07730364873222, "FPR": [0.01344364012409514, 0.012861736334405145], "FPR whole": 0.013157894736842105, "FPR ratio": 1.045243019648397, "PPR": [0.6666666666666666, 0.8032786885245902], "PPR whole": 0.75, "PPR ratio": 0.8299319727891156}, "0.01-0.2": {"roc": 0.9635105263157895, "flag_rate": [0.041, 0.059], "flag_rate_ratio": 0.6949152542372882, "TPR": [0.7878787878787878, 0.746268656716418], "TPR whole": 0.76, "TPR ratio": 1.0557575757575757, "FPR": [0.015511892450879007, 0.00964630225080386], "FPR whole": 0.01263157894736842, "FPR ratio": 1.608066184074457, "PPR": [0.6341463414634146, 0.847457627118644], "PPR whole": 0.76, "PPR ratio": 0.7482926829268293}, "0.01-0.5": {"roc": 0.9556105263157895, "flag_rate": [0.04, 0.06], "flag_rate_ratio": 0.6666666666666667, "TPR": [0.8484848484848485, 0.7014925373134329], "TPR whole": 0.75, "TPR ratio": 1.2095422308188266, "FPR": [0.012409513960703205, 0.013933547695605574], "FPR whole": 0.013157894736842105, "FPR ratio": 0.8906212711796992, "PPR": [0.7, 0.7833333333333333], "PPR whole": 0.75, "PPR ratio": 0.8936170212765957}, "0.01-0.8": {"roc": 0.9352631578947369, "flag_rate": [0.04, 0.06], "flag_rate_ratio": 0.6666666666666667, "TPR": [0.7272727272727273, 0.7164179104477612], "TPR whole": 0.72, "TPR ratio": 1.0151515151515151, "FPR": [0.016546018614270942, 0.012861736334405145], "FPR whole": 0.014736842105263158, "FPR ratio": 1.2864529472595658, "PPR": [0.6, 0.8], "PPR whole": 0.72, "PPR ratio": 0.7499999999999999}, "0.05-0.01": {"roc": 0.9603473684210526, "flag_rate": [0.042, 0.058], "flag_rate_ratio": 0.7241379310344828, "TPR": [0.7575757575757576, 0.7164179104477612], "TPR whole": 0.73, "TPR ratio": 1.057449494949495, "FPR": [0.017580144777662874, 0.010718113612004287], "FPR whole": 0.014210526315789474, "FPR ratio": 1.640227507755946, "PPR": [0.5952380952380952, 0.8275862068965517], "PPR whole": 0.73, "PPR ratio": 0.7192460317460317}, "0.05-0.2": {"roc": 0.9596842105263159, "flag_rate": [0.041, 0.059], "flag_rate_ratio": 0.6949152542372882, "TPR": [0.8484848484848485, 0.7164179104477612], "TPR whole": 0.76, "TPR ratio": 1.1843434343434345, "FPR": [0.01344364012409514, 0.011789924973204717], "FPR whole": 0.01263157894736842, "FPR ratio": 1.140265112343706, "PPR": [0.6829268292682927, 0.8135593220338984], "PPR whole": 0.76, "PPR ratio": 0.8394308943089431}, "0.05-0.5": {"roc": 0.9573157894736842, "flag_rate": [0.039, 0.061], "flag_rate_ratio": 0.639344262295082, "TPR": [0.7272727272727273, 0.6865671641791045], "TPR whole": 0.7, "TPR ratio": 1.0592885375494072, "FPR": [0.015511892450879007, 0.01607717041800643], "FPR whole": 0.015789473684210527, "FPR ratio": 0.9648397104446743, "PPR": [0.6153846153846154, 0.7540983606557377], "PPR whole": 0.7, "PPR ratio": 0.8160535117056857}, "0.05-0.8": {"roc": 0.9503105263157895, "flag_rate": [0.038, 0.062], "flag_rate_ratio": 0.6129032258064516, "TPR": [0.7272727272727273, 0.7164179104477612], "TPR whole": 0.72, "TPR ratio": 1.0151515151515151, "FPR": [0.014477766287487074, 0.015005359056806002], "FPR whole": 0.014736842105263158, "FPR ratio": 0.9648397104446743, "PPR": [0.631578947368421, 0.7741935483870968], "PPR whole": 0.72, "PPR ratio": 0.8157894736842105}, "0.2-0.01": {"roc": 0.9520684210526315, "flag_rate": [0.043, 0.057], "flag_rate_ratio": 0.7543859649122806, "TPR": [0.8181818181818182, 0.6865671641791045], "TPR whole": 0.73, "TPR ratio": 1.191699604743083, "FPR": [0.016546018614270942, 0.011789924973204717], "FPR whole": 0.014210526315789474, "FPR ratio": 1.4034032151922535, "PPR": [0.627906976744186, 0.8070175438596491], "PPR whole": 0.73, "PPR ratio": 0.7780586450960567}, "0.2-0.2": {"roc": 0.937921052631579, "flag_rate": [0.042, 0.058], "flag_rate_ratio": 0.7241379310344828, "TPR": [0.7272727272727273, 0.6716417910447762], "TPR whole": 0.69, "TPR ratio": 1.0828282828282827, "FPR": [0.01861427094105481, 0.013933547695605574], "FPR whole": 0.01631578947368421, "FPR ratio": 1.335931906769549, "PPR": [0.5714285714285714, 0.7758620689655172], "PPR whole": 0.69, "PPR ratio": 0.7365079365079364}, "0.2-0.5": {"roc": 0.9487894736842105, "flag_rate": [0.04, 0.06], "flag_rate_ratio": 0.6666666666666667, "TPR": [0.7272727272727273, 0.7313432835820896], "TPR whole": 0.73, "TPR ratio": 0.9944341372912802, "FPR": [0.016546018614270942, 0.011789924973204717], "FPR whole": 0.014210526315789474, "FPR ratio": 1.4034032151922535, "PPR": [0.6, 0.8166666666666667], "PPR whole": 0.73, "PPR ratio": 0.7346938775510204}, "0.2-0.8": {"roc": 0.9300842105263157, "flag_rate": [0.039, 0.061], "flag_rate_ratio": 0.639344262295082, "TPR": [0.7575757575757576, 0.6865671641791045], "TPR whole": 0.71, "TPR ratio": 1.103425559947299, "FPR": [0.014477766287487074, 0.01607717041800643], "FPR whole": 0.015263157894736841, "FPR ratio": 0.900517063081696, "PPR": [0.6410256410256411, 0.7540983606557377], "PPR whole": 0.71, "PPR ratio": 0.8500557413600893}, "0.5-0.01": {"roc": 0.9562684210526317, "flag_rate": [0.042, 0.058], "flag_rate_ratio": 0.7241379310344828, "TPR": [0.8181818181818182, 0.7014925373134329], "TPR whole": 0.74, "TPR ratio": 1.1663442940038684, "FPR": [0.015511892450879007, 0.011789924973204717], "FPR whole": 0.01368421052631579, "FPR ratio": 1.3156905142427375, "PPR": [0.6428571428571429, 0.8103448275862069], "PPR whole": 0.74, "PPR ratio": 0.7933130699088147}, "0.5-0.2": {"roc": 0.9512999999999999, "flag_rate": [0.04, 0.06], "flag_rate_ratio": 0.6666666666666667, "TPR": [0.696969696969697, 0.7164179104477612], "TPR whole": 0.71, "TPR ratio": 0.9728535353535355, "FPR": [0.017580144777662874, 0.012861736334405145], "FPR whole": 0.015263157894736841, "FPR ratio": 1.3668562564632885, "PPR": [0.575, 0.8], "PPR whole": 0.71, "PPR ratio": 0.7187499999999999}, "0.5-0.5": {"roc": 0.9295421052631578, "flag_rate": [0.043, 0.057], "flag_rate_ratio": 0.7543859649122806, "TPR": [0.696969696969697, 0.7014925373134329], "TPR whole": 0.7, "TPR ratio": 0.9935525467440361, "FPR": [0.020682523267838676, 0.010718113612004287], "FPR whole": 0.015789473684210527, "FPR ratio": 1.9296794208893484, "PPR": [0.5348837209302325, 0.8245614035087719], "PPR whole": 0.7, "PPR ratio": 0.648688767936665}, "0.5-0.8": {"roc": 0.9571315789473684, "flag_rate": [0.039, 0.061], "flag_rate_ratio": 0.639344262295082, "TPR": [0.7575757575757576, 0.7014925373134329], "TPR whole": 0.72, "TPR ratio": 1.0799484203739522, "FPR": [0.014477766287487074, 0.015005359056806002], "FPR whole": 0.014736842105263158, "FPR ratio": 0.9648397104446743, "PPR": [0.6410256410256411, 0.7704918032786885], "PPR whole": 0.72, "PPR ratio": 0.8319694489907257}, "0.8-0.01": {"roc": 0.9387473684210527, "flag_rate": [0.043, 0.057], "flag_rate_ratio": 0.7543859649122806, "TPR": [0.7878787878787878, 0.7014925373134329], "TPR whole": 0.73, "TPR ratio": 1.1231463571889102, "FPR": [0.017580144777662874, 0.010718113612004287], "FPR whole": 0.014210526315789474, "FPR ratio": 1.640227507755946, "PPR": [0.6046511627906976, 0.8245614035087719], "PPR whole": 0.73, "PPR ratio": 0.7333003463631865}, "0.8-0.2": {"roc": 0.946378947368421, "flag_rate": [0.038, 0.062], "flag_rate_ratio": 0.6129032258064516, "TPR": [0.7272727272727273, 0.7313432835820896], "TPR whole": 0.73, "TPR ratio": 0.9944341372912802, "FPR": [0.014477766287487074, 0.013933547695605574], "FPR whole": 0.014210526315789474, "FPR ratio": 1.0390581497096492, "PPR": [0.631578947368421, 0.7903225806451613], "PPR whole": 0.73, "PPR ratio": 0.799140708915145}, "0.8-0.5": {"roc": 0.9361315789473684, "flag_rate": [0.05, 0.05], "flag_rate_ratio": 1.0, "TPR": [0.696969696969697, 0.6268656716417911], "TPR whole": 0.65, "TPR ratio": 1.1118326118326118, "FPR": [0.027921406411582212, 0.00857449088960343], "FPR whole": 0.018421052631578946, "FPR ratio": 3.2563340227507753, "PPR": [0.46, 0.84], "PPR whole": 0.65,