{"0.01-0.01": {"roc": 0.9692947368421053, "flag_rate": [0.032, 0.068], "flag_rate_ratio": 0.47058823529411764, "TPR": [0.92, 0.8133333333333334], "TPR whole": 0.84, "TPR ratio": 1.1311475409836065, "FPR": [0.009230769230769232, 0.0075675675675675675], "FPR whole": 0.008421052631578947, "FPR ratio": 1.2197802197802199, "PPR": [0.71875, 0.8970588235294118], "PPR whole": 0.84, "PPR ratio": 0.8012295081967212}, "0.01-0.2": {"roc": 0.9721421052631579, "flag_rate": [0.034, 0.066], "flag_rate_ratio": 0.5151515151515151, "TPR": [0.84, 0.8], "TPR whole": 0.81, "TPR ratio": 1.0499999999999998, "FPR": [0.013333333333333334, 0.006486486486486486], "FPR whole": 0.01, "FPR ratio": 2.055555555555556, "PPR": [0.6176470588235294, 0.9090909090909091], "PPR whole": 0.81, "PPR ratio": 0.6794117647058824}, "0.01-0.5": {"roc": 0.9714315789473684, "flag_rate": [0.035, 0.065], "flag_rate_ratio": 0.5384615384615385, "TPR": [0.84, 0.8], "TPR whole": 0.81, "TPR ratio": 1.0499999999999998, "FPR": [0.014358974358974359, 0.005405405405405406], "FPR whole": 0.01, "FPR ratio": 2.6564102564102563, "PPR": [0.6, 0.9230769230769231], "PPR whole": 0.81, "PPR ratio": 0.6499999999999999}, "0.01-0.8": {"roc": 0.9647473684210527, "flag_rate": [0.038, 0.062], "flag_rate_ratio": 0.6129032258064516, "TPR": [0.84, 0.7466666666666667], "TPR whole": 0.77, "TPR ratio": 1.125, "FPR": [0.017435897435897435, 0.006486486486486486], "FPR whole": 0.012105263157894737, "FPR ratio": 2.6880341880341883, "PPR": [0.5526315789473685, 0.9032258064516129], "PPR whole": 0.77, "PPR ratio": 0.611842105263158}, "0.05-0.01": {"roc": 0.9704052631578948, "flag_rate": [0.029, 0.071], "flag_rate_ratio": 0.4084507042253522, "TPR": [0.88, 0.8666666666666667], "TPR whole": 0.87, "TPR ratio": 1.0153846153846153, "FPR": [0.0071794871794871795, 0.006486486486486486], "FPR whole": 0.006842105263157895, "FPR ratio": 1.106837606837607, "PPR": [0.7586206896551724, 0.9154929577464789], "PPR whole": 0.87, "PPR ratio": 0.8286472148541114}, "0.05-0.2": {"roc": 0.9661526315789473, "flag_rate": [0.033, 0.067], "flag_rate_ratio": 0.4925373134328358, "TPR": [0.84, 0.8], "TPR whole": 0.81, "TPR ratio": 1.0499999999999998, "FPR": [0.012307692307692308, 0.0075675675675675675], "FPR whole": 0.01, "FPR ratio": 1.6263736263736264, "PPR": [0.6363636363636364, 0.8955223880597015], "PPR whole": 0.81, "PPR ratio": 0.7106060606060606}, "0.05-0.5": {"roc": 0.9691421052631579, "flag_rate": [0.036, 0.064], "flag_rate_ratio": 0.5625, "TPR": [0.88, 0.76], "TPR whole": 0.79, "TPR ratio": 1.1578947368421053, "FPR": [0.014358974358974359, 0.0075675675675675675], "FPR whole": 0.011052631578947368, "FPR ratio": 1.8974358974358974, "PPR": [0.6111111111111112, 0.890625], "PPR whole": 0.79, "PPR ratio": 0.686159844054581}, "0.05-0.8": {"roc": 0.9670368421052631, "flag_rate": [0.037, 0.063], "flag_rate_ratio": 0.5873015873015872, "TPR": [0.88, 0.7466666666666667], "TPR whole": 0.78, "TPR ratio": 1.1785714285714286, "FPR": [0.015384615384615385, 0.0075675675675675675], "FPR whole": 0.011578947368421053, "FPR ratio": 2.0329670329670333, "PPR": [0.5945945945945946, 0.8888888888888888], "PPR whole": 0.78, "PPR ratio": 0.668918918918919}, "0.2-0.01": {"roc": 0.9718789473684211, "flag_rate": [0.035, 0.065], "flag_rate_ratio": 0.5384615384615385, "TPR": [0.92, 0.8133333333333334], "TPR whole": 0.84, "TPR ratio": 1.1311475409836065, "FPR": [0.012307692307692308, 0.004324324324324324], "FPR whole": 0.008421052631578947, "FPR ratio": 2.8461538461538463, "PPR": [0.6571428571428571, 0.9384615384615385], "PPR whole": 0.84, "PPR ratio": 0.7002341920374707}, "0.2-0.2": {"roc": 0.9585894736842105, "flag_rate": [0.035, 0.065], "flag_rate_ratio": 0.5384615384615385, "TPR": [0.84, 0.7733333333333333], "TPR whole": 0.79, "TPR ratio": 1.0862068965517242, "FPR": [0.014358974358974359, 0.0075675675675675675], "FPR whole": 0.011052631578947368, "FPR ratio": 1.8974358974358974, "PPR": [0.6, 0.8923076923076924], "PPR whole": 0.79, "PPR ratio": 0.6724137931034482}, "0.2-0.5": {"roc": 0.9608157894736842, "flag_rate": [0.035, 0.065], "flag_rate_ratio": 0.5384615384615385, "TPR": [0.84, 0.7733333333333333], "TPR whole": 0.79, "TPR ratio": 1.0862068965517242, "FPR": [0.014358974358974359, 0.0075675675675675675], "FPR whole": 0.011052631578947368, "FPR ratio": 1.8974358974358974, "PPR": [0.6, 0.8923076923076924], "PPR whole": 0.79, "PPR ratio": 0.6724137931034482}, "0.2-0.8": {"roc": 0.9667631578947369, "flag_rate": [0.036, 0.064], "flag_rate_ratio": 0.5625, "TPR": [0.84, 0.7733333333333333], "TPR whole": 0.79, "TPR ratio": 1.0862068965517242, "FPR": [0.015384615384615385, 0.006486486486486486], "FPR whole": 0.011052631578947368, "FPR ratio": 2.3717948717948723, "PPR": [0.5833333333333334, 0.90625], "PPR whole": 0.79, "PPR ratio": 0.6436781609195402}, "0.5-0.01": {"roc": 0.9668421052631581, "flag_rate": [0.035, 0.065], "flag_rate_ratio": 0.5384615384615385, "TPR": [0.84, 0.7866666666666666], "TPR whole": 0.8, "TPR ratio": 1.0677966101694916, "FPR": [0.014358974358974359, 0.006486486486486486], "FPR whole": 0.010526315789473684, "FPR ratio": 2.213675213675214, "PPR": [0.6, 0.9076923076923077], "PPR whole": 0.8, "PPR ratio": 0.6610169491525424}, "0.5-0.2": {"roc": 0.9645947368421053, "flag_rate": [0.037, 0.063], "flag_rate_ratio": 0.5873015873015872, "TPR": [0.84, 0.7733333333333333], "TPR whole": 0.79, "TPR ratio": 1.0862068965517242, "FPR": [0.01641025641025641, 0.005405405405405406], "FPR whole": 0.011052631578947368, "FPR ratio": 3.0358974358974358, "PPR": [0.5675675675675675, 0.9206349206349206], "PPR whole": 0.79, "PPR ratio": 0.6164958061509785}, "0.5-0.5": {"roc": 0.9679631578947369, "flag_rate": [0.036, 0.064], "flag_rate_ratio": 0.5625, "TPR": [0.88, 0.7866666666666666], "TPR whole": 0.81, "TPR ratio": 1.1186440677966103, "FPR": [0.014358974358974359, 0.005405405405405406], "FPR whole": 0.01, "FPR ratio": 2.6564102564102563, "PPR": [0.6111111111111112, 0.921875], "PPR whole": 0.81, "PPR ratio": 0.6629001883239172}, "0.5-0.8": {"roc": 0.9672105263157895, "flag_rate": [0.039, 0.061], "flag_rate_ratio": 0.639344262295082, "TPR": [0.84, 0.7466666666666667], "TPR whole": 0.77, "TPR ratio": 1.125, "FPR": [0.018461538461538463, 0.005405405405405406], "FPR whole": 0.012105263157894737, "FPR ratio": 3.4153846153846157, "PPR": [0.5384615384615384, 0.9180327868852459], "PPR whole": 0.77, "PPR ratio": 0.5865384615384615}, "0.8-0.01": {"roc": 0.9728263157894737, "flag_rate": [0.034, 0.066], "flag_rate_ratio": 0.5151515151515151, "TPR": [0.88, 0.8133333333333334], "TPR whole": 0.83, "TPR ratio": 1.081967213114754, "FPR": [0.012307692307692308, 0.005405405405405406], "FPR whole": 0.008947368421052631, "FPR ratio": 2.276923076923077, "PPR": [0.6470588235294118, 0.9242424242424242], "PPR whole": 0.83, "PPR ratio": 0.7000964320154291}, "0.8-0.2": {"roc": 0.966378947368421, "flag_rate": [0.036, 0.064], "flag_rate_ratio": 0.5625, "TPR": [0.88, 0.8], "TPR whole": 0.82, "TPR ratio": 1.0999999999999999, "FPR": [0.014358974358974359, 0.004324324324324324], "FPR whole": 0.009473684210526316, "FPR ratio": 3.3205128205128203, "PPR": [0.6111111111111112, 0.9375], "PPR whole": 0.82, "PPR ratio": 0.6518518518518519}, "0.8-0.5": {"roc": 0.9653157894736842, "flag_rate": [0.04, 0.06], "flag_rate_ratio": 0.6666666666666667, "TPR": [0.92, 0.7333333333333333], "TPR whole": 0.78, "TPR ratio": 1.2545454545454546, "FPR": [0.017435897435897435, 0.005405405405405406], "FPR whole": 0.011578947368421053, "FPR ratio": 3.2256410256410253, "PPR": [0.575, 0.9166666666666666], "PPR whole": 0.78, "PPR ratio": 0.6272727272727272}, "0.8-0.8": {"roc": 0.9653421052631579, "flag_rate": [0.036, 0.064], "flag_rate_ratio": 0.5625, "TPR": [0.84, 0.7733333333333333], "TPR whole": 0.79, "TPR ratio": 1.0862068965517242, "FPR": [0.015384615384615385, 0.006486486486486486], "FPR whole": 0.011052631578947368, "FPR ratio": 2.3717948717948723, "PPR": [0.5833333333333334, 0.90625], "PPR whole": 0.79, "PPR ratio": 0.6436781609195402}}