{"alpha_list": [0.8, 0.01, 0.01, 0.01, 0.05, 0.01, 0.5, 0.01, 0.01], "gamma_list": [0.01, 0.01, 0.01, 0.5, 0.01, 0.01, 0.01, 0.01, 0.01], "auroc": [0.9512872222222223, 0.9339377777777778, 0.9543166666666668, 0.889935, 0.9171066666666666, 0.8788605555555555, 0.8362913888888889, 0.8731161111111112, 0.8369227777777777]}