{"Bias Type": "under_representation_bias", "Data Type": "scatter", "Algorithm method": "DeepAE", "Base Rate A": 0.1, "Base Rate B": 0.1, "Base Rate whole": 0.1, "Group A": "Type: Gaussian, Xc mean: 0 variance: 1", "Group B": "Type: Gaussian, Xc mean: 0 variance: 1", "Group A_anomaly": "Type: Gaussian, Xc mean: 3 variance: 1", "Group B_anomaly": "Type: Gaussian, Xc mean: 3 variance: 1", "parameter_0.01": {"parameter": 0.01, "Flag_rate_A": {"e0": 0.098, "e1": 0.101, "e2": 0.094, "e3": 0.101, "e4": 0.103}, "Recall_A": {"e0": 0.82, "e1": 0.79, "e2": 0.86, "e3": 0.84, "e4": 0.78}, "FPR_A": {"e0": 0.017777777777777778, "e1": 0.024444444444444446, "e2": 0.008888888888888889, "e3": 0.01888888888888889, "e4": 0.027777777777777776}, "Precision_A": {"e0": 0.8367346938775511, "e1": 0.7821782178217822, "e2": 0.9148936170212766, "e3": 0.8316831683168316, "e4": 0.7572815533980582}, "Flag_rate_B": {"e0": 0.1011011011011011, "e1": 0.0980980980980981, "e2": 0.10510510510510511, "e3": 0.0980980980980981, "e4": 0.0960960960960961}, "Recall_B": {"e0": 0.8383838383838383, "e1": 0.8383838383838383, "e2": 0.8787878787878788, "e3": 0.8686868686868687, "e4": 0.7272727272727273}, "FPR_B": {"e0": 0.02, "e1": 0.016666666666666666, "e2": 0.02, "e3": 0.013333333333333334, "e4": 0.02666666666666667}, "Precision_B": {"e0": 0.8217821782178217, "e1": 0.8469387755102041, "e2": 0.8285714285714286, "e3": 0.8775510204081632, "e4": 0.75}, "Recall_overall": {"e0": 0.8291457286432161, "e1": 0.8140703517587939, "e2": 0.8693467336683417, "e3": 0.8542713567839196, "e4": 0.7537688442211056}, "FPR_ovrall": {"e0": 0.01888888888888889, "e1": 0.020555555555555556, "e2": 0.014444444444444444, "e3": 0.01611111111111111, "e4": 0.02722222222222222}, "Precision_overall": {"e0": 0.8291457286432161, "e1": 0.8140703517587939, "e2": 0.8693467336683417, "e3": 0.8542713567839196, "e4": 0.7537688442211056}, "Flag_rate_ratio": {"e0": 0.9693267326732674, "e1": 1.0295816326530614, "e2": 0.8943428571428571, "e3": 1.0295816326530614, "e4": 1.07184375}, "TPR_ratio": {"e0": 0.9780722891566265, "e1": 0.9422891566265061, "e2": 0.9786206896551723, "e3": 0.9669767441860464, "e4": 1.0725}, "FPR_ratio": {"e0": 0.8888888888888888, "e1": 1.4666666666666668, "e2": 0.4444444444444444, "e3": 1.4166666666666665, "e4": 1.0416666666666665}, "PPR_ratio": {"e0": 1.0181952298991888, "e1": 0.9235357270666825, "e2": 1.1041819515774027, "e3": 0.9477319825005757, "e4": 1.0097087378640777}, "auroc": {"e0": 0.9710776102735902, "e1": 0.9691038525963149, "e2": 0.9821412618648799, "e3": 0.9743160245672808, "e4": 0.9318704634282523}}, "parameter_0.05": {"parameter": 0.05, "Flag_rate_A": {"e0": 0.1, "e1": 0.093, "e2": 0.095, "e3": 0.103, "e4": 0.102}, "Recall_A": {"e0": 0.81, "e1": 0.72, "e2": 0.84, "e3": 0.84, "e4": 0.78}, "FPR_A": {"e0": 0.021111111111111112, "e1": 0.023333333333333334, "e2": 0.012222222222222223, "e3": 0.021111111111111112, "e4": 0.02666666666666667}, "Precision_A": {"e0": 0.81, "e1": 0.7741935483870968, "e2": 0.8842105263157894, "e3": 0.8155339805825242, "e4": 0.7647058823529411}, "Flag_rate_B": {"e0": 0.09547738693467336, "e1": 0.10251256281407035, "e2": 0.10050251256281408, "e3": 0.09246231155778895, "e4": 0.09346733668341708}, "Recall_B": {"e0": 0.8421052631578947, "e1": 0.8842105263157894, "e2": 0.8526315789473684, "e3": 0.7684210526315789, "e4": 0.8105263157894737}, "FPR_B": {"e0": 0.016666666666666666, "e1": 0.02, "e2": 0.021111111111111112, "e3": 0.021111111111111112, "e4": 0.017777777777777778}, "Precision_B": {"e0": 0.8421052631578947, "e1": 0.8235294117647058, "e2": 0.81, "e3": 0.7934782608695652, "e4": 0.8279569892473119}, "Recall_overall": {"e0": 0.8256410256410256, "e1": 0.8, "e2": 0.8461538461538461, "e3": 0.8051282051282052, "e4": 0.7948717948717948}, "FPR_ovrall": {"e0": 0.01888888888888889, "e1": 0.021666666666666667, "e2": 0.016666666666666666, "e3": 0.021111111111111112, "e4": 0.022222222222222223}, "Precision_overall": {"e0": 0.8256410256410256, "e1": 0.8, "e2": 0.8461538461538461, "e3": 0.8051282051282052, "e4": 0.7948717948717948}, "Flag_rate_ratio": {"e0": 1.0473684210526317, "e1": 0.9072058823529412, "e2": 0.9452499999999999, "e3": 1.1139673913043477, "e4": 1.0912903225806452}, "TPR_ratio": {"e0": 0.9618750000000001, "e1": 0.8142857142857143, "e2": 0.9851851851851852, "e3": 1.093150684931507, "e4": 0.9623376623376624}, "FPR_ratio": {"e0": 1.2666666666666668, "e1": 1.1666666666666667, "e2": 0.5789473684210527, "e3": 1.0, "e4": 1.5}, "PPR_ratio": {"e0": 0.9618750000000001, "e1": 0.9400921658986175, "e2": 1.0916179337231968, "e3": 1.0277962495012634, "e4": 0.923605805958747}, "auroc": {"e0": 0.9663960113960114, "e1": 0.9724786324786324, "e2": 0.9738660968660969, "e3": 0.965903133903134, "e4": 0.9345441595441596}}, "parameter_0.1": {"parameter": 0.1, "Flag_rate_A": {"e0": 0.096, "e1": 0.096, "e2": 0.092, "e3": 0.105, "e4": 0.099}, "Recall_A": {"e0": 0.78, "e1": 0.85, "e2": 0.77, "e3": 0.89, "e4": 0.85}, "FPR_A": {"e0": 0.02, "e1": 0.012222222222222223, "e2": 0.016666666666666666, "e3": 0.017777777777777778, "e4": 0.015555555555555555}, "Precision_A": {"e0": 0.8125, "e1": 0.8854166666666666, "e2": 0.8369565217391305, "e3": 0.8476190476190476, "e4": 0.8585858585858586}, "Flag_rate_B": {"e0": 0.09494949494949495, "e1": 0.09494949494949495, "e2": 0.09898989898989899, "e3": 0.08585858585858586, "e4": 0.09191919191919191}, "Recall_B": {"e0": 0.8666666666666667, "e1": 0.9, "e2": 0.7888888888888889, "e3": 0.8444444444444444, "e4": 0.8222222222222222}, "FPR_B": {"e0": 0.017777777777777778, "e1": 0.014444444444444444, "e2": 0.03, "e3": 0.01, "e4": 0.01888888888888889}, "Precision_B": {"e0": 0.8297872340425532, "e1": 0.8617021276595744, "e2": 0.7244897959183674, "e3": 0.8941176470588236, "e4": 0.8131868131868132}, "Recall_overall": {"e0": 0.8210526315789474, "e1": 0.8736842105263158, "e2": 0.7789473684210526, "e3": 0.868421052631579, "e4": 0.8368421052631579}, "FPR_ovrall": {"e0": 0.01888888888888889, "e1": 0.013333333333333334, "e2": 0.023333333333333334, "e3": 0.013888888888888888, "e4": 0.017222222222222222}, "Precision_overall": {"e0": 0.8210526315789474, "e1": 0.8736842105263158, "e2": 0.7789473684210526, "e3": 0.868421052631579, "e4": 0.8368421052631579}, "Flag_rate_ratio": {"e0": 1.011063829787234, "e1": 1.011063829787234, "e2": 0.9293877551020409, "e3": 1.2229411764705882, "e4": 1.0770329670329672}, "TPR_ratio": {"e0": 0.9, "e1": 0.9444444444444444, "e2": 0.976056338028169, "e3": 1.0539473684210527, "e4": 1.0337837837837838}, "FPR_ratio": {"e0": 1.125, "e1": 0.8461538461538463, "e2": 0.5555555555555556, "e3": 1.7777777777777777, "e4": 0.8235294117647058}, "PPR_ratio": {"e0": 0.9791666666666667, "e1": 1.0275205761316872, "e2": 1.1552357624004899, "e3": 0.9479949874686716, "e4": 1.0558285558285558}, "auroc": {"e0": 0.9700994152046784, "e1": 0.981233918128655, "e2": 0.9706959064327485, "e3": 0.9749619883040936, "e4": 0.96553216374269}}, "parameter_0.2": {"parameter": 0.2, "Flag_rate_A": {"e0": 0.092, "e1": 0.101, "e2": 0.093, "e3": 0.103, "e4": 0.094}, "Recall_A": {"e0": 0.77, "e1": 0.84, "e2": 0.82, "e3": 0.87, "e4": 0.76}, "FPR_A": {"e0": 0.016666666666666666, "e1": 0.01888888888888889, "e2": 0.012222222222222223, "e3": 0.017777777777777778, "e4": 0.02}, "Precision_A": {"e0": 0.8369565217391305, "e1": 0.8316831683168316, "e2": 0.8817204301075269, "e3": 0.8446601941747572, "e4": 0.8085106382978723}, "Flag_rate_B": {"e0": 0.08979591836734693, "e1": 0.08061224489795918, "e2": 0.08877551020408163, "e3": 0.07857142857142857, "e4": 0.08775510204081632}, "Recall_B": {"e0": 0.825, "e1": 0.825, "e2": 0.7875, "e3": 0.825, "e4": 0.775}, "FPR_B": {"e0": 0.024444444444444446, "e1": 0.014444444444444444, "e2": 0.02666666666666667, "e3": 0.012222222222222223, "e4": 0.02666666666666667}, "Precision_B": {"e0": 0.75, "e1": 0.8354430379746836, "e2": 0.7241379310344828, "e3": 0.8571428571428571, "e4": 0.7209302325581395}, "Recall_overall": {"e0": 0.7944444444444444, "e1": 0.8333333333333334, "e2": 0.8055555555555556,