{"0.01-0.01": {"roc": 0.9401007315025782, "flag_rate": [0.104, 0.1], "flag_rate_ratio": 1.0399999999999998, "TPR": [0.71, 0.7083333333333334], "TPR whole": 0.7096774193548387, "TPR ratio": 1.0023529411764704, "FPR": [0.03666666666666667, 0.017045454545454544], "FPR whole": 0.03345724907063197, "FPR ratio": 2.151111111111111, "PPR": [0.6826923076923077, 0.85], "PPR whole": 0.7096774193548387, "PPR ratio": 0.8031674208144797}, "0.01-0.2": {"roc": 0.9327632210097134, "flag_rate": [0.103, 0.105], "flag_rate_ratio": 0.9809523809523809, "TPR": [0.73, 0.625], "TPR whole": 0.7096774193548387, "TPR ratio": 1.168, "FPR": [0.03333333333333333, 0.03409090909090909], "FPR whole": 0.03345724907063197, "FPR ratio": 0.9777777777777779, "PPR": [0.7087378640776699, 0.7142857142857143], "PPR whole": 0.7096774193548387, "PPR ratio": 0.9922330097087378}, "0.01-0.5": {"roc": 0.9377398369109006, "flag_rate": [0.101, 0.115], "flag_rate_ratio": 0.8782608695652174, "TPR": [0.71, 0.6666666666666666], "TPR whole": 0.7016129032258065, "TPR ratio": 1.065, "FPR": [0.03333333333333333, 0.03977272727272727], "FPR whole": 0.03438661710037175, "FPR ratio": 0.8380952380952381, "PPR": [0.7029702970297029, 0.6956521739130435], "PPR whole": 0.7016129032258065, "PPR ratio": 1.010519801980198}, "0.01-0.8": {"roc": 0.9372751528960307, "flag_rate": [0.101, 0.115], "flag_rate_ratio": 0.8782608695652174, "TPR": [0.71, 0.6666666666666666], "TPR whole": 0.7016129032258065, "TPR ratio": 1.065, "FPR": [0.03333333333333333, 0.03977272727272727], "FPR whole": 0.03438661710037175, "FPR ratio": 0.8380952380952381, "PPR": [0.7029702970297029, 0.6956521739130435], "PPR whole": 0.7016129032258065, "PPR ratio": 1.010519801980198}, "0.05-0.01": {"roc": 0.9403030938961506, "flag_rate": [0.104, 0.1], "flag_rate_ratio": 1.0399999999999998, "TPR": [0.75, 0.625], "TPR whole": 0.7258064516129032, "TPR ratio": 1.2, "FPR": [0.03222222222222222, 0.028409090909090908], "FPR whole": 0.031598513011152414, "FPR ratio": 1.1342222222222222, "PPR": [0.7211538461538461, 0.75], "PPR whole": 0.7258064516129032, "PPR ratio": 0.9615384615384616}, "0.05-0.2": {"roc": 0.928611044489747, "flag_rate": [0.105, 0.095], "flag_rate_ratio": 1.1052631578947367, "TPR": [0.71, 0.5833333333333334], "TPR whole": 0.6854838709677419, "TPR ratio": 1.217142857142857, "FPR": [0.03777777777777778, 0.028409090909090908], "FPR whole": 0.0362453531598513, "FPR ratio": 1.3297777777777777, "PPR": [0.6761904761904762, 0.7368421052631579], "PPR whole": 0.6854838709677419, "PPR ratio": 0.9176870748299321}, "0.05-0.5": {"roc": 0.9284461566135027, "flag_rate": [0.103, 0.105], "flag_rate_ratio": 0.9809523809523809, "TPR": [0.74, 0.625], "TPR whole": 0.717741935483871, "TPR ratio": 1.184, "FPR": [0.03222222222222222, 0.03409090909090909], "FPR whole": 0.032527881040892194, "FPR ratio": 0.9451851851851852, "PPR": [0.7184466019417476, 0.7142857142857143], "PPR whole": 0.717741935483871, "PPR ratio": 1.0058252427184466}, "0.05-0.8": {"roc": 0.9307920613982492, "flag_rate": [0.102, 0.11], "flag_rate_ratio": 0.9272727272727272, "TPR": [0.73, 0.625], "TPR whole": 0.7096774193548387, "TPR ratio": 1.168, "FPR": [0.03222222222222222, 0.03977272727272727], "FPR whole": 0.03345724907063197, "FPR ratio": 0.8101587301587302, "PPR": [0.7156862745098039, 0.6818181818181818], "PPR whole": 0.7096774193548387, "PPR ratio": 1.0496732026143791}, "0.2-0.01": {"roc": 0.9408427269456769, "flag_rate": [0.105, 0.095], "flag_rate_ratio": 1.1052631578947367, "TPR": [0.72, 0.5833333333333334], "TPR whole": 0.6935483870967742, "TPR ratio": 1.2342857142857142, "FPR": [0.03666666666666667, 0.028409090909090908], "FPR whole": 0.03531598513011153, "FPR ratio": 1.2906666666666666, "PPR": [0.6857142857142857, 0.7368421052631579], "PPR whole": 0.6935483870967742, "PPR ratio": 0.9306122448979592}, "0.2-0.2": {"roc": 0.93295808849982, "flag_rate": [0.102, 0.11], "flag_rate_ratio": 0.9272727272727272, "TPR": [0.71, 0.625], "TPR whole": 0.6935483870967742, "TPR ratio": 1.136, "FPR": [0.034444444444444444, 0.03977272727272727], "FPR whole": 0.03531598513011153, "FPR ratio": 0.866031746031746, "PPR": [0.696078431372549, 0.6818181818181818], "PPR whole": 0.6935483870967742, "PPR ratio": 1.0209150326797385}, "0.2-0.5": {"roc": 0.9285960546828156, "flag_rate": [0.103, 0.105], "flag_rate_ratio": 0.9809523809523809, "TPR": [0.7, 0.625], "TPR whole": 0.6854838709677419, "TPR ratio": 1.1199999999999999, "FPR": [0.03666666666666667, 0.03409090909090909], "FPR whole": 0.0362453531598513, "FPR ratio": 1.0755555555555556, "PPR": [0.6796116504854369, 0.7142857142857143], "PPR whole": 0.6854838709677419, "PPR ratio": 0.9514563106796117}, "0.2-0.8": {"roc": 0.937942199304473, "flag_rate": [0.1, 0.12], "flag_rate_ratio": 0.8333333333333334, "TPR": [0.71, 0.6666666666666666], "TPR whole": 0.7016129032258065, "TPR ratio": 1.065, "FPR": [0.03222222222222222, 0.045454545454545456], "FPR whole": 0.03438661710037175, "FPR ratio": 0.7088888888888889, "PPR": [0.71, 0.6666666666666666], "PPR whole": 0.7016129032258065, "PPR ratio": 1.065}, "0.5-0.01": {"roc": 0.9437282647799496, "flag_rate": [0.102, 0.11], "flag_rate_ratio": 0.9272727272727272, "TPR": [0.71, 0.6666666666666666], "TPR whole": 0.7016129032258065, "TPR ratio": 1.065, "FPR": [0.034444444444444444, 0.03409090909090909], "FPR whole": 0.03438661710037175, "FPR ratio": 1.0103703703703704, "PPR": [0.696078431372549, 0.7272727272727273], "PPR whole": 0.7016129032258065, "PPR ratio": 0.9571078431372548}, "0.5-0.2": {"roc": 0.9323884758364313, "flag_rate": [0.103, 0.105], "flag_rate_ratio": 0.9809523809523809, "TPR": [0.72, 0.625], "TPR whole": 0.7016129032258065, "TPR ratio": 1.152, "FPR": [0.034444444444444444, 0.03409090909090909], "FPR whole": 0.03438661710037175, "FPR ratio": 1.0103703703703704, "PPR": [0.6990291262135923, 0.7142857142857143], "PPR whole": 0.7016129032258065, "PPR ratio": 0.9786407766990292}, "0.5-0.5": {"roc": 0.9378372706559539, "flag_rate": [0.101, 0.115], "flag_rate_ratio": 0.8782608695652174, "TPR": [0.7, 0.6666666666666666], "TPR whole": 0.6935483870967742, "TPR ratio": 1.05, "FPR": [0.034444444444444444, 0.03977272727272727], "FPR whole": 0.03531598513011153, "FPR ratio": 0.866031746031746, "PPR": [0.693069306930693, 0.6956521739130435], "PPR whole": 0.6935483870967742, "PPR ratio": 0.9962871287128713}, "0.5-0.8": {"roc": 0.9320437102770116, "flag_rate": [0.102, 0.11], "flag_rate_ratio": 0.9272727272727272, "TPR": [0.71, 0.625], "TPR whole": 0.6935483870967742, "TPR ratio": 1.136, "FPR": [0.034444444444444444, 0.03977272727272727], "FPR whole": 0.03531598513011153, "FPR ratio": 0.866031746031746, "PPR": [0.696078431372549, 0.6818181818181818], "PPR whole": 0.6935483870967742, "PPR ratio": 1.0209150326797385}, "0.8-0.01": {"roc": 0.9433760043170644, "flag_rate": [0.103, 0.105], "flag_rate_ratio": 0.9809523809523809, "TPR": [0.73, 0.6666666666666666], "TPR whole": 0.717741935483871, "TPR ratio": 1.095, "FPR": [0.03333333333333333, 0.028409090909090908], "FPR whole": 0.032527881040892194, "FPR ratio": 1.1733333333333333, "PPR": [0.7087378640776699, 0.7619047619047619], "PPR whole": 0.717741935483871, "PPR ratio": 0.9302184466019419}, "0.8-0.2": {"roc": 0.935543830195467, "flag_rate": [0.102, 0.11], "flag_rate_ratio": 0.9272727272727272, "TPR": [0.73, 0.625], "TPR whole": 0.7096774193548387, "TPR ratio": 1.168, "FPR": [0.03222222222222222, 0.03977272727272727], "FPR whole": 0.03345724907063197, "FPR ratio": 0.8101587301587302, "PPR": [0.7156862745098039, 0.6818181818181818], "PPR whole": 0.7096774193548387, "PPR ratio": 1.0496732026143791}, "0.8-0.5": {"roc": 0.9334677419354839, "flag_rate": [0.101, 0.115], "flag_rate_ratio": 0.8782608695652174, "TPR": [0.72, 0.6666666666666666], "TPR whole": 0.7096774193548387, "TPR ratio": 1.08, "FPR": [0.03222222222222222, 0.03977272727272727], "FPR whole": 0.03345724907063197, "FPR ratio": 0.8101587301587302, "PPR": [0.7128712871287128, 0.6956521739130435], "PPR whole": 0.7096774193548387,