{"0.01-0.01": {"roc": 0.9605970074703978, "flag_rate": [0.099, 0.09777777777777778], "flag_rate_ratio": 1.0125, "TPR": [0.83, 0.7931034482758621], "TPR whole": 0.8128342245989305, "TPR ratio": 1.0465217391304347, "FPR": [0.017777777777777778, 0.023370233702337023], "FPR whole": 0.020431990659661413, "FPR ratio": 0.760701754385965, "PPR": [0.8383838383838383, 0.7840909090909091], "PPR whole": 0.8128342245989305, "PPR ratio": 1.069243156199678}, "0.01-0.2": {"roc": 0.9512160858611872, "flag_rate": [0.093, 0.10444444444444445], "flag_rate_ratio": 0.8904255319148936, "TPR": [0.81, 0.7701149425287356], "TPR whole": 0.7914438502673797, "TPR ratio": 1.0517910447761196, "FPR": [0.013333333333333334, 0.033210332103321034], "FPR whole": 0.02276707530647986, "FPR ratio": 0.4014814814814815, "PPR": [0.8709677419354839, 0.7127659574468085], "PPR whole": 0.7914438502673797, "PPR ratio": 1.2219547424169475}, "0.01-0.5": {"roc": 0.9398903009699342, "flag_rate": [0.098, 0.09888888888888889], "flag_rate_ratio": 0.9910112359550562, "TPR": [0.78, 0.7126436781609196], "TPR whole": 0.7486631016042781, "TPR ratio": 1.094516129032258, "FPR": [0.022222222222222223, 0.033210332103321034], "FPR whole": 0.027437244600116754, "FPR ratio": 0.6691358024691358, "PPR": [0.7959183673469388, 0.6966292134831461], "PPR whole": 0.7486631016042781, "PPR ratio": 1.1425279789335088}, "0.01-0.8": {"roc": 0.9495147207107648, "flag_rate": [0.102, 0.09444444444444444], "flag_rate_ratio": 1.0799999999999998, "TPR": [0.79, 0.7471264367816092], "TPR whole": 0.7700534759358288, "TPR ratio": 1.0573846153846154, "FPR": [0.025555555555555557, 0.024600246002460024], "FPR whole": 0.025102159953298307, "FPR ratio": 1.0388333333333335, "PPR": [0.7745098039215687, 0.7647058823529411], "PPR whole": 0.7700534759358288, "PPR ratio": 1.012820512820513}, "0.05-0.01": {"roc": 0.9629914057646621, "flag_rate": [0.097, 0.1], "flag_rate_ratio": 0.97, "TPR": [0.81, 0.8160919540229885], "TPR whole": 0.8128342245989305, "TPR ratio": 0.9925352112676057, "FPR": [0.017777777777777778, 0.023370233702337023], "FPR whole": 0.020431990659661413, "FPR ratio": 0.760701754385965, "PPR": [0.8350515463917526, 0.7888888888888889], "PPR whole": 0.8128342245989305, "PPR ratio": 1.05851604472194}, "0.05-0.2": {"roc": 0.9606032510122342, "flag_rate": [0.101, 0.09555555555555556], "flag_rate_ratio": 1.0569767441860465, "TPR": [0.81, 0.7586206896551724], "TPR whole": 0.786096256684492, "TPR ratio": 1.0677272727272729, "FPR": [0.022222222222222223, 0.024600246002460024], "FPR whole": 0.023350846468184472, "FPR ratio": 0.9033333333333333, "PPR": [0.801980198019802, 0.7674418604651163], "PPR whole": 0.786096256684492, "PPR ratio": 1.045004500450045}, "0.05-0.5": {"roc": 0.9454283225788326, "flag_rate": [0.097, 0.1], "flag_rate_ratio": 0.97, "TPR": [0.78, 0.7586206896551724], "TPR whole": 0.7700534759358288, "TPR ratio": 1.0281818181818183, "FPR": [0.021111111111111112, 0.02952029520295203], "FPR whole": 0.025102159953298307, "FPR ratio": 0.7151388888888889, "PPR": [0.8041237113402062, 0.7333333333333333], "PPR whole": 0.7700534759358288, "PPR ratio": 1.0965323336457358}, "0.05-0.8": {"roc": 0.9470016951216086, "flag_rate": [0.096, 0.10111111111111111], "flag_rate_ratio": 0.9494505494505495, "TPR": [0.78, 0.7586206896551724], "TPR whole": 0.7700534759358288, "TPR ratio": 1.0281818181818183, "FPR": [0.02, 0.03075030750307503], "FPR whole": 0.025102159953298307, "FPR ratio": 0.6504, "PPR": [0.8125, 0.7252747252747253], "PPR whole": 0.7700534759358288, "PPR ratio": 1.1202651515151516}, "0.2-0.01": {"roc": 0.962988283993744, "flag_rate": [0.098, 0.09888888888888889], "flag_rate_ratio": 0.9910112359550562, "TPR": [0.82, 0.7816091954022989], "TPR whole": 0.8021390374331551, "TPR ratio": 1.0491176470588235, "FPR": [0.017777777777777778, 0.025830258302583026], "FPR whole": 0.021599532983070636, "FPR ratio": 0.6882539682539682, "PPR": [0.8367346938775511, 0.7640449438202247], "PPR whole": 0.8021390374331551, "PPR ratio": 1.0951380552220888}, "0.2-0.2": {"roc": 0.950332624691335, "flag_rate": [0.095, 0.10222222222222223], "flag_rate_ratio": 0.9293478260869564, "TPR": [0.77, 0.7816091954022989], "TPR whole": 0.7754010695187166, "TPR ratio": 0.9851470588235294, "FPR": [0.02, 0.02952029520295203], "FPR whole": 0.024518388791593695, "FPR ratio": 0.6775, "PPR": [0.8105263157894737, 0.7391304347826086], "PPR whole": 0.7754010695187166, "PPR ratio": 1.096594427244582}, "0.2-0.5": {"roc": 0.9514908017019894, "flag_rate": [0.101, 0.09555555555555556], "flag_rate_ratio": 1.0569767441860465, "TPR": [0.8, 0.7241379310344828], "TPR whole": 0.7647058823529411, "TPR ratio": 1.1047619047619048, "FPR": [0.023333333333333334, 0.028290282902829027], "FPR whole": 0.02568593111500292, "FPR ratio": 0.8247826086956522, "PPR": [0.7920792079207921, 0.7325581395348837], "PPR whole": 0.7647058823529411, "PPR ratio": 1.0812509822410814}, "0.2-0.8": {"roc": 0.9451754591344578, "flag_rate": [0.097, 0.1], "flag_rate_ratio": 0.97, "TPR": [0.79, 0.7701149425287356], "TPR whole": 0.7807486631016043, "TPR ratio": 1.0258208955223882, "FPR": [0.02, 0.028290282902829027], "FPR whole": 0.023934617629889084, "FPR ratio": 0.7069565217391305, "PPR": [0.8144329896907216, 0.7444444444444445], "PPR whole": 0.7807486631016043, "PPR ratio": 1.094014463763656}, "0.5-0.01": {"roc": 0.9636313688028945, "flag_rate": [0.094, 0.10333333333333333], "flag_rate_ratio": 0.9096774193548387, "TPR": [0.81, 0.7701149425287356], "TPR whole": 0.7914438502673797, "TPR ratio": 1.0517910447761196, "FPR": [0.014444444444444444, 0.03198031980319803], "FPR whole": 0.02276707530647986, "FPR ratio": 0.45166666666666666, "PPR": [0.8617021276595744, 0.7204301075268817], "PPR whole": 0.7914438502673797, "PPR ratio": 1.1960939980946332}, "0.5-0.2": {"roc": 0.9570850151874155, "flag_rate": [0.095, 0.10222222222222223], "flag_rate_ratio": 0.9293478260869564, "TPR": [0.8, 0.7586206896551724], "TPR whole": 0.7807486631016043, "TPR ratio": 1.0545454545454547, "FPR": [0.016666666666666666, 0.03198031980319803], "FPR whole": 0.023934617629889084, "FPR ratio": 0.5211538461538462, "PPR": [0.8421052631578947, 0.717391304347826], "PPR whole": 0.7807486631016043, "PPR ratio": 1.1738437001594897}, "0.5-0.5": {"roc": 0.9532951852927128, "flag_rate": [0.095, 0.10222222222222223], "flag_rate_ratio": 0.9293478260869564, "TPR": [0.79, 0.7701149425287356], "TPR whole": 0.7807486631016043, "TPR ratio": 1.0258208955223882, "FPR": [0.017777777777777778, 0.03075030750307503], "FPR whole": 0.023934617629889084, "FPR ratio": 0.5781333333333334, "PPR": [0.8315789473684211, 0.7282608695652174], "PPR whole": 0.7807486631016043, "PPR ratio": 1.1418695993715633}, "0.5-0.8": {"roc": 0.9449163521482467, "flag_rate": [0.098, 0.09888888888888889], "flag_rate_ratio": 0.9910112359550562, "TPR": [0.79, 0.6896551724137931], "TPR whole": 0.7433155080213903, "TPR ratio": 1.1455, "FPR": [0.021111111111111112, 0.03567035670356704], "FPR whole": 0.028021015761821366, "FPR ratio": 0.5918390804597701, "PPR": [0.8061224489795918, 0.6741573033707865], "PPR whole": 0.7433155080213903, "PPR ratio": 1.195748299319728}, "0.8-0.01": {"roc": 0.9672120400460773, "flag_rate": [0.097, 0.1], "flag_rate_ratio": 0.97, "TPR": [0.82, 0.8045977011494253], "TPR whole": 0.8128342245989305, "TPR ratio": 1.0191428571428571, "FPR": [0.016666666666666666, 0.024600246002460024], "FPR whole": 0.020431990659661413, "FPR ratio": 0.6775, "PPR": [0.845360824742268, 0.7777777777777778], "PPR whole": 0.8128342245989305, "PPR ratio": 1.0868924889543445}, "0.8-0.2": {"roc": 0.9525615691269343, "flag_rate": [0.089, 0.10888888888888888], "flag_rate_ratio": 0.8173469387755102, "TPR": [0.77, 0.7701149425287356], "TPR whole": 0.7700534759358288, "TPR ratio": 0.9998507462686568, "FPR": [0.013333333333333334, 0.038130381303813035], "FPR whole": 0.025102159953298307, "FPR ratio": 0.34967741935483876, "PPR": [0.8651685393258427, 0.6836734693877551], "PPR whole": 0.7700534759358288,