{"0.01-0.01": {"roc": 0.9606648044692737, "flag_rate": [0.1, 0.10101010101010101], "flag_rate_ratio": 0.9900000000000001, "TPR": [0.85, 0.79], "TPR whole": 0.82, "TPR ratio": 1.0759493670886076, "FPR": [0.016666666666666666, 0.02359550561797753], "FPR whole": 0.02011173184357542, "FPR ratio": 0.7063492063492063, "PPR": [0.85, 0.79], "PPR whole": 0.82, "PPR ratio": 1.0759493670886076}, "0.01-0.2": {"roc": 0.9569748603351955, "flag_rate": [0.104, 0.09696969696969697], "flag_rate_ratio": 1.0725, "TPR": [0.82, 0.78], "TPR whole": 0.8, "TPR ratio": 1.051282051282051, "FPR": [0.024444444444444446, 0.020224719101123594], "FPR whole": 0.0223463687150838, "FPR ratio": 1.2086419753086421, "PPR": [0.7884615384615384, 0.8125], "PPR whole": 0.8, "PPR ratio": 0.9704142011834319}, "0.01-0.5": {"roc": 0.9582318435754189, "flag_rate": [0.092, 0.10909090909090909], "flag_rate_ratio": 0.8433333333333334, "TPR": [0.79, 0.82], "TPR whole": 0.805, "TPR ratio": 0.9634146341463415, "FPR": [0.014444444444444444, 0.029213483146067417], "FPR whole": 0.021787709497206705, "FPR ratio": 0.4944444444444444, "PPR": [0.8586956521739131, 0.7592592592592593], "PPR whole": 0.805, "PPR ratio": 1.1309650053022269}, "0.01-0.8": {"roc": 0.9470670391061453, "flag_rate": [0.102, 0.09898989898989899], "flag_rate_ratio": 1.0304081632653062, "TPR": [0.77, 0.75], "TPR whole": 0.76, "TPR ratio": 1.0266666666666666, "FPR": [0.027777777777777776, 0.025842696629213482], "FPR whole": 0.026815642458100558, "FPR ratio": 1.07487922705314, "PPR": [0.7549019607843137, 0.7653061224489796], "PPR whole": 0.76, "PPR ratio": 0.9864052287581699}, "0.05-0.01": {"roc": 0.9689832402234637, "flag_rate": [0.1, 0.10101010101010101], "flag_rate_ratio": 0.9900000000000001, "TPR": [0.85, 0.82], "TPR whole": 0.835, "TPR ratio": 1.0365853658536586, "FPR": [0.016666666666666666, 0.020224719101123594], "FPR whole": 0.018435754189944135, "FPR ratio": 0.8240740740740741, "PPR": [0.85, 0.82], "PPR whole": 0.835, "PPR ratio": 1.0365853658536586}, "0.05-0.2": {"roc": 0.9575446927374301, "flag_rate": [0.095, 0.10606060606060606], "flag_rate_ratio": 0.8957142857142857, "TPR": [0.83, 0.78], "TPR whole": 0.805, "TPR ratio": 1.064102564102564, "FPR": [0.013333333333333334, 0.030337078651685393], "FPR whole": 0.021787709497206705, "FPR ratio": 0.4395061728395062, "PPR": [0.8736842105263158, 0.7428571428571429], "PPR whole": 0.805, "PPR ratio": 1.1761133603238867}, "0.05-0.5": {"roc": 0.9587932960893855, "flag_rate": [0.093, 0.10808080808080808], "flag_rate_ratio": 0.8604672897196262, "TPR": [0.81, 0.82], "TPR whole": 0.815, "TPR ratio": 0.9878048780487806, "FPR": [0.013333333333333334, 0.028089887640449437], "FPR whole": 0.020670391061452513, "FPR ratio": 0.47466666666666674, "PPR": [0.8709677419354839, 0.7663551401869159], "PPR whole": 0.815, "PPR ratio": 1.1365066876475216}, "0.05-0.8": {"roc": 0.9500139664804469, "flag_rate": [0.095, 0.10606060606060606], "flag_rate_ratio": 0.8957142857142857, "TPR": [0.8, 0.77], "TPR whole": 0.785, "TPR ratio": 1.038961038961039, "FPR": [0.016666666666666666, 0.03146067415730337], "FPR whole": 0.024022346368715083, "FPR ratio": 0.5297619047619048, "PPR": [0.8421052631578947, 0.7333333333333333], "PPR whole": 0.785, "PPR ratio": 1.1483253588516746}, "0.2-0.01": {"roc": 0.966963687150838, "flag_rate": [0.096, 0.10505050505050505], "flag_rate_ratio": 0.9138461538461539, "TPR": [0.86, 0.84], "TPR whole": 0.85, "TPR ratio": 1.0238095238095237, "FPR": [0.011111111111111112, 0.02247191011235955], "FPR whole": 0.01675977653631285, "FPR ratio": 0.49444444444444446, "PPR": [0.8958333333333334, 0.8076923076923077], "PPR whole": 0.85, "PPR ratio": 1.1091269841269842}, "0.2-0.2": {"roc": 0.9512709497206704, "flag_rate": [0.091, 0.1101010101010101], "flag_rate_ratio": 0.8265137614678899, "TPR": [0.79, 0.77], "TPR whole": 0.78, "TPR ratio": 1.025974025974026, "FPR": [0.013333333333333334, 0.035955056179775284], "FPR whole": 0.024581005586592177, "FPR ratio": 0.37083333333333335, "PPR": [0.8681318681318682, 0.7064220183486238], "PPR whole": 0.78, "PPR ratio": 1.2289139431996576}, "0.2-0.5": {"roc": 0.953891061452514, "flag_rate": [0.098, 0.10303030303030303], "flag_rate_ratio": 0.9511764705882354, "TPR": [0.82, 0.78], "TPR whole": 0.8, "TPR ratio": 1.051282051282051, "FPR": [0.017777777777777778, 0.02696629213483146], "FPR whole": 0.0223463687150838, "FPR ratio": 0.6592592592592592, "PPR": [0.8367346938775511, 0.7647058823529411], "PPR whole": 0.8, "PPR ratio": 1.0941915227629515}, "0.2-0.8": {"roc": 0.9519916201117319, "flag_rate": [0.099, 0.10202020202020202], "flag_rate_ratio": 0.9703960396039604, "TPR": [0.79, 0.77], "TPR whole": 0.78, "TPR ratio": 1.025974025974026, "FPR": [0.022222222222222223, 0.02696629213483146], "FPR whole": 0.024581005586592177, "FPR ratio": 0.8240740740740741, "PPR": [0.797979797979798, 0.7623762376237624], "PPR whole": 0.78, "PPR ratio": 1.0467007739735013}, "0.5-0.01": {"roc": 0.9670614525139665, "flag_rate": [0.1, 0.10101010101010101], "flag_rate_ratio": 0.9900000000000001, "TPR": [0.86, 0.81], "TPR whole": 0.835, "TPR ratio": 1.0617283950617282, "FPR": [0.015555555555555555, 0.021348314606741574], "FPR whole": 0.018435754189944135, "FPR ratio": 0.7286549707602339, "PPR": [0.86, 0.81], "PPR whole": 0.835, "PPR ratio": 1.0617283950617282}, "0.5-0.2": {"roc": 0.9540726256983241, "flag_rate": [0.098, 0.10303030303030303], "flag_rate_ratio": 0.9511764705882354, "TPR": [0.8, 0.78], "TPR whole": 0.79, "TPR ratio": 1.0256410256410258, "FPR": [0.02, 0.02696629213483146], "FPR whole": 0.02346368715083799, "FPR ratio": 0.7416666666666667, "PPR": [0.8163265306122449, 0.7647058823529411], "PPR whole": 0.79, "PPR ratio": 1.067503924646782}, "0.5-0.5": {"roc": 0.9548240223463687, "flag_rate": [0.102, 0.09898989898989899], "flag_rate_ratio": 1.0304081632653062, "TPR": [0.82, 0.8], "TPR whole": 0.81, "TPR ratio": 1.025, "FPR": [0.022222222222222223, 0.020224719101123594], "FPR whole": 0.021229050279329607, "FPR ratio": 1.0987654320987656, "PPR": [0.803921568627451, 0.8163265306122449], "PPR whole": 0.81, "PPR ratio": 0.9848039215686275}, "0.5-0.8": {"roc": 0.9432402234636872, "flag_rate": [0.093, 0.10808080808080808], "flag_rate_ratio": 0.8604672897196262, "TPR": [0.78, 0.75], "TPR whole": 0.765, "TPR ratio": 1.04, "FPR": [0.016666666666666666, 0.035955056179775284], "FPR whole": 0.026256983240223464, "FPR ratio": 0.46354166666666663, "PPR": [0.8387096774193549, 0.7009345794392523], "PPR whole": 0.765, "PPR ratio": 1.1965591397849464}, "0.8-0.01": {"roc": 0.9644189944134078, "flag_rate": [0.1, 0.10101010101010101], "flag_rate_ratio": 0.9900000000000001, "TPR": [0.87, 0.8], "TPR whole": 0.835, "TPR ratio": 1.0875, "FPR": [0.014444444444444444, 0.02247191011235955], "FPR whole": 0.018435754189944135, "FPR ratio": 0.6427777777777778, "PPR": [0.87, 0.8], "PPR whole": 0.835, "PPR ratio": 1.0875}, "0.8-0.2": {"roc": 0.9488379888268158, "flag_rate": [0.096, 0.10505050505050505], "flag_rate_ratio": 0.9138461538461539, "TPR": [0.78, 0.75], "TPR whole": 0.765, "TPR ratio": 1.04, "FPR": [0.02, 0.03258426966292135], "FPR whole": 0.026256983240223464, "FPR ratio": 0.6137931034482759, "PPR": [0.8125, 0.7211538461538461], "PPR whole": 0.765, "PPR ratio": 1.1266666666666667}, "0.8-0.5": {"roc": 0.9470391061452513, "flag_rate": [0.102, 0.09898989898989899], "flag_rate_ratio": 1.0304081632653062, "TPR": [0.8, 0.76], "TPR whole": 0.78, "TPR ratio": 1.0526315789473684, "FPR": [0.024444444444444446, 0.024719101123595506], "FPR whole": 0.024581005586592177, "FPR ratio": 0.9888888888888889, "PPR": [0.7843137254901961, 0.7755102040816326], "PPR whole": 0.78, "PPR ratio": 1.0113519091847265}, "0.8-0.8": {"roc": 0.941477653631285, "flag_rate": [0.102, 0.09898989898989899], "flag_rate_ratio": 1.0304081632653062, "TPR": [0.78, 0.75], "TPR whole": 0.765, "TPR ratio": 1.04, "FPR": [0.02666666666666667, 0.025842696629213482], "FPR whole": 0.026256983240223464, "FPR ratio": 1.0318840579710147,