{"0.01-0.01": {"roc": 0.9419855967078189, "flag_rate": [0.096, 0.105], "flag_rate_ratio": 0.9142857142857144, "TPR": [0.78, 0.6875], "TPR whole": 0.7388888888888889, "TPR ratio": 1.1345454545454545, "FPR": [0.02, 0.04027777777777778], "FPR whole": 0.029012345679012345, "FPR ratio": 0.496551724137931, "PPR": [0.8125, 0.6547619047619048], "PPR whole": 0.7388888888888889, "PPR ratio": 1.240909090909091}, "0.01-0.2": {"roc": 0.9326440329218106, "flag_rate": [0.092, 0.11], "flag_rate_ratio": 0.8363636363636363, "TPR": [0.73, 0.7125], "TPR whole": 0.7222222222222222, "TPR ratio": 1.0245614035087718, "FPR": [0.021111111111111112, 0.043055555555555555], "FPR whole": 0.030864197530864196, "FPR ratio": 0.4903225806451613, "PPR": [0.7934782608695652, 0.6477272727272727], "PPR whole": 0.7222222222222222, "PPR ratio": 1.2250190694126621}, "0.01-0.5": {"roc": 0.93369341563786, "flag_rate": [0.089, 0.11375], "flag_rate_ratio": 0.7824175824175823, "TPR": [0.68, 0.75], "TPR whole": 0.7111111111111111, "TPR ratio": 0.9066666666666667, "FPR": [0.023333333333333334, 0.043055555555555555], "FPR whole": 0.03209876543209877, "FPR ratio": 0.5419354838709678, "PPR": [0.7640449438202247, 0.6593406593406593], "PPR whole": 0.7111111111111111, "PPR ratio": 1.158801498127341}, "0.01-0.8": {"roc": 0.9226200274348423, "flag_rate": [0.094, 0.1075], "flag_rate_ratio": 0.8744186046511628, "TPR": [0.7, 0.7125], "TPR whole": 0.7055555555555556, "TPR ratio": 0.9824561403508771, "FPR": [0.02666666666666667, 0.04027777777777778], "FPR whole": 0.03271604938271605, "FPR ratio": 0.6620689655172414, "PPR": [0.7446808510638298, 0.6627906976744186], "PPR whole": 0.7055555555555556, "PPR ratio": 1.1235535647629713}, "0.05-0.01": {"roc": 0.9315500685871057, "flag_rate": [0.093, 0.10875], "flag_rate_ratio": 0.8551724137931035, "TPR": [0.74, 0.6875], "TPR whole": 0.7166666666666667, "TPR ratio": 1.0763636363636364, "FPR": [0.021111111111111112, 0.044444444444444446], "FPR whole": 0.03148148148148148, "FPR ratio": 0.475, "PPR": [0.7956989247311828, 0.632183908045977], "PPR whole": 0.7166666666666667, "PPR ratio": 1.2586510263929618}, "0.05-0.2": {"roc": 0.9457475994513032, "flag_rate": [0.101, 0.09875], "flag_rate_ratio": 1.0227848101265824, "TPR": [0.79, 0.725], "TPR whole": 0.7611111111111111, "TPR ratio": 1.0896551724137933, "FPR": [0.024444444444444446, 0.029166666666666667], "FPR whole": 0.02654320987654321, "FPR ratio": 0.8380952380952381, "PPR": [0.7821782178217822, 0.7341772151898734], "PPR whole": 0.7611111111111111, "PPR ratio": 1.0653806759986344}, "0.05-0.5": {"roc": 0.9268449931412894, "flag_rate": [0.095, 0.10625], "flag_rate_ratio": 0.8941176470588236, "TPR": [0.7, 0.75], "TPR whole": 0.7222222222222222, "TPR ratio": 0.9333333333333332, "FPR": [0.027777777777777776, 0.034722222222222224], "FPR whole": 0.030864197530864196, "FPR ratio": 0.7999999999999999, "PPR": [0.7368421052631579, 0.7058823529411765], "PPR whole": 0.7222222222222222, "PPR ratio": 1.043859649122807}, "0.05-0.8": {"roc": 0.9108127572016461, "flag_rate": [0.098, 0.1025], "flag_rate_ratio": 0.9560975609756098, "TPR": [0.68, 0.6875], "TPR whole": 0.6833333333333333, "TPR ratio": 0.9890909090909091, "FPR": [0.03333333333333333, 0.0375], "FPR whole": 0.03518518518518519, "FPR ratio": 0.888888888888889, "PPR": [0.6938775510204082, 0.6707317073170732], "PPR whole": 0.6833333333333333, "PPR ratio": 1.034508348794063}, "0.2-0.01": {"roc": 0.9433744855967078, "flag_rate": [0.097, 0.10375], "flag_rate_ratio": 0.9349397590361447, "TPR": [0.78, 0.725], "TPR whole": 0.7555555555555555, "TPR ratio": 1.0758620689655174, "FPR": [0.021111111111111112, 0.034722222222222224], "FPR whole": 0.027160493827160494, "FPR ratio": 0.608, "PPR": [0.8041237113402062, 0.6987951807228916], "PPR whole": 0.7555555555555555, "PPR ratio": 1.1507287593316744}, "0.2-0.2": {"roc": 0.9389128943758573, "flag_rate": [0.1, 0.1], "flag_rate_ratio": 1.0, "TPR": [0.74, 0.7125], "TPR whole": 0.7277777777777777, "TPR ratio": 1.03859649122807, "FPR": [0.028888888888888888, 0.03194444444444444], "FPR whole": 0.030246913580246913, "FPR ratio": 0.9043478260869565, "PPR": [0.74, 0.7125], "PPR whole": 0.7277777777777777, "PPR ratio": 1.03859649122807}, "0.2-0.5": {"roc": 0.92150548696845, "flag_rate": [0.097, 0.10375], "flag_rate_ratio": 0.9349397590361447, "TPR": [0.68, 0.6875], "TPR whole": 0.6833333333333333, "TPR ratio": 0.9890909090909091, "FPR": [0.03222222222222222, 0.03888888888888889], "FPR whole": 0.03518518518518519, "FPR ratio": 0.8285714285714285, "PPR": [0.7010309278350515, 0.6626506024096386], "PPR whole": 0.6833333333333333, "PPR ratio": 1.0579194001874412}, "0.2-0.8": {"roc": 0.9231858710562415, "flag_rate": [0.102, 0.0975], "flag_rate_ratio": 1.046153846153846, "TPR": [0.73, 0.7], "TPR whole": 0.7166666666666667, "TPR ratio": 1.042857142857143, "FPR": [0.03222222222222222, 0.030555555555555555], "FPR whole": 0.03148148148148148, "FPR ratio": 1.0545454545454545, "PPR": [0.7156862745098039, 0.717948717948718], "PPR whole": 0.7166666666666667, "PPR ratio": 0.9968487394957983}, "0.5-0.01": {"roc": 0.9379115226337448, "flag_rate": [0.099, 0.10125], "flag_rate_ratio": 0.9777777777777777, "TPR": [0.76, 0.7], "TPR whole": 0.7333333333333333, "TPR ratio": 1.0857142857142859, "FPR": [0.025555555555555557, 0.034722222222222224], "FPR whole": 0.02962962962962963, "FPR ratio": 0.736, "PPR": [0.7676767676767676, 0.691358024691358], "PPR whole": 0.7333333333333333, "PPR ratio": 1.1103896103896105}, "0.5-0.2": {"roc": 0.9294890260631001, "flag_rate": [0.097, 0.10375], "flag_rate_ratio": 0.9349397590361447, "TPR": [0.73, 0.725], "TPR whole": 0.7277777777777777, "TPR ratio": 1.006896551724138, "FPR": [0.02666666666666667, 0.034722222222222224], "FPR whole": 0.030246913580246913, "FPR ratio": 0.768, "PPR": [0.7525773195876289, 0.6987951807228916], "PPR whole": 0.7277777777777777, "PPR ratio": 1.0769640952719517}, "0.5-0.5": {"roc": 0.9306652949245542, "flag_rate": [0.099, 0.10125], "flag_rate_ratio": 0.9777777777777777, "TPR": [0.69, 0.7], "TPR whole": 0.6944444444444444, "TPR ratio": 0.9857142857142857, "FPR": [0.03333333333333333, 0.034722222222222224], "FPR whole": 0.033950617283950615, "FPR ratio": 0.96, "PPR": [0.696969696969697, 0.691358024691358], "PPR whole": 0.6944444444444444, "PPR ratio": 1.0081168831168832}, "0.5-0.8": {"roc": 0.9106104252400549, "flag_rate": [0.102, 0.0975], "flag_rate_ratio": 1.046153846153846, "TPR": [0.71, 0.6625], "TPR whole": 0.6888888888888889, "TPR ratio": 1.0716981132075472, "FPR": [0.034444444444444444, 0.034722222222222224], "FPR whole": 0.0345679012345679, "FPR ratio": 0.992, "PPR": [0.696078431372549, 0.6794871794871795], "PPR whole": 0.6888888888888889, "PPR ratio": 1.0244173140954493}, "0.8-0.01": {"roc": 0.9465706447187928, "flag_rate": [0.103, 0.09625], "flag_rate_ratio": 1.07012987012987, "TPR": [0.8, 0.6875], "TPR whole": 0.75, "TPR ratio": 1.1636363636363638, "FPR": [0.025555555555555557, 0.030555555555555555], "FPR whole": 0.027777777777777776, "FPR ratio": 0.8363636363636364, "PPR": [0.7766990291262136, 0.7142857142857143], "PPR whole": 0.75, "PPR ratio": 1.087378640776699}, "0.8-0.2": {"roc": 0.9139026063100139, "flag_rate": [0.098, 0.1025], "flag_rate_ratio": 0.9560975609756098, "TPR": [0.68, 0.7125], "TPR whole": 0.6944444444444444, "TPR ratio": 0.9543859649122808, "FPR": [0.03333333333333333, 0.034722222222222224], "FPR whole": 0.033950617283950615, "FPR ratio": 0.96, "PPR": [0.6938775510204082, 0.6951219512195121], "PPR whole": 0.6944444444444444, "PPR ratio": 0.9982098102398855}, "0.8-0.5": {"roc": 0.9181893004115225, "flag_rate": [0.104, 0.095], "flag_rate_ratio": 1.094736842105263, "TPR": [0.71, 0.6625], "TPR whole": 0.6888888888888889, "TPR ratio": 1.0716981132075472, "FPR": [0.03666666666666667, 0.03194444444444444], "FPR whole": 0.0345679012345679, "FPR ratio": 1.1478260869565218, "PPR": [0.6826923076923077, 0.6973684210526315], "PPR whole": 0.6888888888888889, "PPR ratio": 0.9789550072568941},