{"0.01-0.01": {"roc": 0.9198444436079122, "flag_rate": [0.102, 0.1], "flag_rate_ratio": 1.0199999999999998, "TPR": [0.73, 0.6494845360824743], "TPR whole": 0.6903553299492385, "TPR ratio": 1.1239682539682538, "FPR": [0.03222222222222222, 0.03751465416178194], "FPR whole": 0.03479749001711352, "FPR ratio": 0.8589236111111112, "PPR": [0.7156862745098039, 0.6631578947368421], "PPR whole": 0.6903553299492385, "PPR ratio": 1.0792094615624028}, "0.01-0.2": {"roc": 0.9194940652861954, "flag_rate": [0.104, 0.09789473684210526], "flag_rate_ratio": 1.0623655913978496, "TPR": [0.71, 0.6494845360824743], "TPR whole": 0.6802030456852792, "TPR ratio": 1.093174603174603, "FPR": [0.03666666666666667, 0.035169988276670575], "FPR whole": 0.03593839132915003, "FPR ratio": 1.0425555555555555, "PPR": [0.6826923076923077, 0.6774193548387096], "PPR whole": 0.6802030456852792, "PPR ratio": 1.007783882783883}, "0.01-0.5": {"roc": 0.9196620152255306, "flag_rate": [0.099, 0.1031578947368421], "flag_rate_ratio": 0.9596938775510205, "TPR": [0.7, 0.6597938144329897], "TPR whole": 0.6802030456852792, "TPR ratio": 1.0609374999999999, "FPR": [0.03222222222222222, 0.03985932004689332], "FPR whole": 0.03593839132915003, "FPR ratio": 0.8083986928104575, "PPR": [0.7070707070707071, 0.6530612244897959], "PPR whole": 0.6802030456852792, "PPR ratio": 1.0827020202020203}, "0.01-0.8": {"roc": 0.920081890073869, "flag_rate": [0.101, 0.10105263157894737], "flag_rate_ratio": 0.9994791666666668, "TPR": [0.71, 0.6391752577319587], "TPR whole": 0.6751269035532995, "TPR ratio": 1.1108064516129033, "FPR": [0.03333333333333333, 0.03985932004689332], "FPR whole": 0.03650884198516828, "FPR ratio": 0.8362745098039215, "PPR": [0.7029702970297029, 0.6458333333333334], "PPR whole": 0.6751269035532995, "PPR ratio": 1.0884701373363141}, "0.05-0.01": {"roc": 0.926521901540796, "flag_rate": [0.103, 0.09894736842105263], "flag_rate_ratio": 1.0409574468085105, "TPR": [0.75, 0.6494845360824743], "TPR whole": 0.700507614213198, "TPR ratio": 1.1547619047619047, "FPR": [0.03111111111111111, 0.03634232121922626], "FPR whole": 0.03365658870507701, "FPR ratio": 0.8560573476702509, "PPR": [0.7281553398058253, 0.6702127659574468], "PPR whole": 0.700507614213198, "PPR ratio": 1.0864539990753583}, "0.05-0.2": {"roc": 0.9259253896872947, "flag_rate": [0.098, 0.10421052631578948], "flag_rate_ratio": 0.9404040404040405, "TPR": [0.72, 0.6597938144329897], "TPR whole": 0.6903553299492385, "TPR ratio": 1.09125, "FPR": [0.028888888888888888, 0.041031652989449004], "FPR whole": 0.03479749001711352, "FPR ratio": 0.7040634920634921, "PPR": [0.7346938775510204, 0.6464646464646465], "PPR whole": 0.6903553299492385, "PPR ratio": 1.1364795918367347}, "0.05-0.5": {"roc": 0.9256531949580269, "flag_rate": [0.094, 0.10842105263157895], "flag_rate_ratio": 0.8669902912621359, "TPR": [0.72, 0.6701030927835051], "TPR whole": 0.6954314720812182, "TPR ratio": 1.0744615384615386, "FPR": [0.024444444444444446, 0.044548651817116064], "FPR whole": 0.034227039361095266, "FPR ratio": 0.5487134502923976, "PPR": [0.7659574468085106, 0.6310679611650486], "PPR whole": 0.6954314720812182, "PPR ratio": 1.213747954173486}, "0.05-0.8": {"roc": 0.9176958426598638, "flag_rate": [0.108, 0.09368421052631579], "flag_rate_ratio": 1.152808988764045, "TPR": [0.74, 0.6185567010309279], "TPR whole": 0.6802030456852792, "TPR ratio": 1.1963333333333332, "FPR": [0.03777777777777778, 0.03399765533411489], "FPR whole": 0.03593839132915003, "FPR ratio": 1.1111877394636014, "PPR": [0.6851851851851852, 0.6741573033707865], "PPR whole": 0.6802030456852792, "PPR ratio": 1.0163580246913582}, "0.2-0.01": {"roc": 0.9235625077821632, "flag_rate": [0.099, 0.1031578947368421], "flag_rate_ratio": 0.9596938775510205, "TPR": [0.71, 0.6701030927835051], "TPR whole": 0.6903553299492385, "TPR ratio": 1.0595384615384615, "FPR": [0.03111111111111111, 0.038686987104337635], "FPR whole": 0.03479749001711352, "FPR ratio": 0.8041750841750841, "PPR": [0.7171717171717171, 0.6632653061224489], "PPR whole": 0.6903553299492385, "PPR ratio": 1.0812742812742813}, "0.2-0.2": {"roc": 0.922740132217142, "flag_rate": [0.1, 0.10210526315789474], "flag_rate_ratio": 0.9793814432989691, "TPR": [0.7, 0.6597938144329897], "TPR whole": 0.6802030456852792, "TPR ratio": 1.0609374999999999, "FPR": [0.03333333333333333, 0.038686987104337635], "FPR whole": 0.03593839132915003, "FPR ratio": 0.8616161616161615, "PPR": [0.7, 0.6597938144329897], "PPR whole": 0.6802030456852792, "PPR ratio": 1.0609374999999999}, "0.2-0.5": {"roc": 0.9221204548547668, "flag_rate": [0.1, 0.10210526315789474], "flag_rate_ratio": 0.9793814432989691, "TPR": [0.73, 0.6391752577319587], "TPR whole": 0.6852791878172588, "TPR ratio": 1.1420967741935484, "FPR": [0.03, 0.041031652989449004], "FPR whole": 0.03536794067313177, "FPR ratio": 0.7311428571428571, "PPR": [0.73, 0.6391752577319587], "PPR whole": 0.6852791878172588, "PPR ratio": 1.1420967741935484}, "0.2-0.8": {"roc": 0.9220306885078806, "flag_rate": [0.099, 0.1031578947368421], "flag_rate_ratio": 0.9596938775510205, "TPR": [0.69, 0.6391752577319587], "TPR whole": 0.6649746192893401, "TPR ratio": 1.0795161290322581, "FPR": [0.03333333333333333, 0.04220398593200469], "FPR whole": 0.037649743297204795, "FPR ratio": 0.7898148148148149, "PPR": [0.696969696969697, 0.6326530612244898], "PPR whole": 0.6649746192893401, "PPR ratio": 1.1016617790811338}, "0.5-0.01": {"roc": 0.9215094645582192, "flag_rate": [0.101, 0.10105263157894737], "flag_rate_ratio": 0.9994791666666668, "TPR": [0.72, 0.6597938144329897], "TPR whole": 0.6903553299492385, "TPR ratio": 1.09125, "FPR": [0.03222222222222222, 0.03751465416178194], "FPR whole": 0.03479749001711352, "FPR ratio": 0.8589236111111112, "PPR": [0.7128712871287128, 0.6666666666666666], "PPR whole": 0.6903553299492385, "PPR ratio": 1.0693069306930694}, "0.5-0.2": {"roc": 0.9155124934485046, "flag_rate": [0.1, 0.10210526315789474], "flag_rate_ratio": 0.9793814432989691, "TPR": [0.7, 0.6494845360824743], "TPR whole": 0.6751269035532995, "TPR ratio": 1.0777777777777777, "FPR": [0.03333333333333333, 0.03985932004689332], "FPR whole": 0.03650884198516828, "FPR ratio": 0.8362745098039215, "PPR": [0.7, 0.6494845360824743], "PPR whole": 0.6751269035532995, "PPR ratio": 1.0777777777777777}, "0.5-0.5": {"roc": 0.9213270361758378, "flag_rate": [0.102, 0.1], "flag_rate_ratio": 1.0199999999999998, "TPR": [0.7, 0.6597938144329897], "TPR whole": 0.6802030456852792, "TPR ratio": 1.0609374999999999, "FPR": [0.035555555555555556, 0.03634232121922626], "FPR whole": 0.03593839132915003, "FPR ratio": 0.9783512544802868, "PPR": [0.6862745098039216, 0.6736842105263158], "PPR whole": 0.6802030456852792, "PPR ratio": 1.0186887254901962}, "0.5-0.8": {"roc": 0.9192392446885831, "flag_rate": [0.101, 0.10105263157894737], "flag_rate_ratio": 0.9994791666666668, "TPR": [0.7, 0.6494845360824743], "TPR whole": 0.6751269035532995, "TPR ratio": 1.0777777777777777, "FPR": [0.034444444444444444, 0.038686987104337635], "FPR whole": 0.03650884198516828, "FPR ratio": 0.8903367003367003, "PPR": [0.693069306930693, 0.65625], "PPR whole": 0.6751269035532995, "PPR ratio": 1.056105610561056}, "0.8-0.01": {"roc": 0.9287704037458627, "flag_rate": [0.101, 0.10105263157894737], "flag_rate_ratio": 0.9994791666666668, "TPR": [0.73, 0.6701030927835051], "TPR whole": 0.700507614213198, "TPR ratio": 1.0893846153846154, "FPR": [0.03111111111111111, 0.03634232121922626], "FPR whole": 0.03365658870507701, "FPR ratio": 0.8560573476702509, "PPR": [0.7227722772277227, 0.6770833333333334], "PPR whole": 0.700507614213198, "PPR ratio": 1.0674790555978675}, "0.8-0.2": {"roc": 0.9271994926753556, "flag_rate": [0.101, 0.10105263157894737], "flag_rate_ratio": 0.9994791666666668, "TPR": [0.71, 0.6494845360824743], "TPR whole": 0.6802030456852792, "TPR ratio": 1.093174603174603, "FPR": [0.03333333333333333, 0.038686987104337635], "FPR whole": 0.03593839132915003, "FPR ratio": 0.8616161616161615,