{"0.01-0.01": {"roc": 0.9095533221663874, "flag_rate": [0.105, 0.0940940940940941], "flag_rate_ratio": 1.115904255319149, "TPR": [0.69, 0.6767676767676768], "TPR whole": 0.6834170854271356, "TPR ratio": 1.0195522388059701, "FPR": [0.04, 0.03], "FPR whole": 0.035, "FPR ratio": 1.3333333333333335, "PPR": [0.6571428571428571, 0.7127659574468085], "PPR whole": 0.6834170854271356, "PPR ratio": 0.9219616204690831}, "0.01-0.2": {"roc": 0.9038107202680068, "flag_rate": [0.109, 0.09009009009009009], "flag_rate_ratio": 1.2099, "TPR": [0.7, 0.6767676767676768], "TPR whole": 0.6884422110552764, "TPR ratio": 1.034328358208955, "FPR": [0.043333333333333335, 0.025555555555555557], "FPR whole": 0.034444444444444444, "FPR ratio": 1.6956521739130435, "PPR": [0.6422018348623854, 0.7444444444444445], "PPR whole": 0.6884422110552764, "PPR ratio": 0.8626591811584281}, "0.01-0.5": {"roc": 0.8999609156895589, "flag_rate": [0.118, 0.08108108108108109], "flag_rate_ratio": 1.4553333333333331, "TPR": [0.71, 0.6565656565656566], "TPR whole": 0.6834170854271356, "TPR ratio": 1.0813846153846154, "FPR": [0.052222222222222225, 0.017777777777777778], "FPR whole": 0.035, "FPR ratio": 2.9375, "PPR": [0.6016949152542372, 0.8024691358024691], "PPR whole": 0.6834170854271356, "PPR ratio": 0.7498044328552802}, "0.01-0.8": {"roc": 0.8921189279731994, "flag_rate": [0.113, 0.08608608608608609], "flag_rate_ratio": 1.312639534883721, "TPR": [0.72, 0.6565656565656566], "TPR whole": 0.6884422110552764, "TPR ratio": 1.0966153846153845, "FPR": [0.04555555555555556, 0.023333333333333334], "FPR whole": 0.034444444444444444, "FPR ratio": 1.9523809523809523, "PPR": [0.6371681415929203, 0.7558139534883721], "PPR whole": 0.6884422110552764, "PPR ratio": 0.8430224642614023}, "0.05-0.01": {"roc": 0.8994444444444445, "flag_rate": [0.107, 0.0920920920920921], "flag_rate_ratio": 1.1618804347826086, "TPR": [0.73, 0.6767676767676768], "TPR whole": 0.7035175879396985, "TPR ratio": 1.0786567164179104, "FPR": [0.03777777777777778, 0.027777777777777776], "FPR whole": 0.03277777777777778, "FPR ratio": 1.36, "PPR": [0.6822429906542056, 0.7282608695652174], "PPR whole": 0.7035175879396985, "PPR ratio": 0.9368112707490583}, "0.05-0.2": {"roc": 0.9045756560580682, "flag_rate": [0.107, 0.0920920920920921], "flag_rate_ratio": 1.1618804347826086, "TPR": [0.74, 0.6767676767676768], "TPR whole": 0.7085427135678392, "TPR ratio": 1.0934328358208956, "FPR": [0.03666666666666667, 0.027777777777777776], "FPR whole": 0.03222222222222222, "FPR ratio": 1.32, "PPR": [0.6915887850467289, 0.7282608695652174], "PPR whole": 0.7085427135678392, "PPR ratio": 0.9496443018552099}, "0.05-0.5": {"roc": 0.9058905639307648, "flag_rate": [0.116, 0.08308308308308308], "flag_rate_ratio": 1.3961927710843374, "TPR": [0.73, 0.6666666666666666], "TPR whole": 0.6984924623115578, "TPR ratio": 1.095, "FPR": [0.04777777777777778, 0.01888888888888889], "FPR whole": 0.03333333333333333, "FPR ratio": 2.5294117647058822, "PPR": [0.6293103448275862, 0.7951807228915663], "PPR whole": 0.6984924623115578, "PPR ratio": 0.7914054336468129}, "0.05-0.8": {"roc": 0.883104410943607, "flag_rate": [0.099, 0.1001001001001001], "flag_rate_ratio": 0.98901, "TPR": [0.64, 0.6363636363636364], "TPR whole": 0.6381909547738693, "TPR ratio": 1.0057142857142858, "FPR": [0.03888888888888889, 0.04111111111111111], "FPR whole": 0.04, "FPR ratio": 0.9459459459459459, "PPR": [0.6464646464646465, 0.63], "PPR whole": 0.6381909547738693, "PPR ratio": 1.0261343594676928}, "0.2-0.01": {"roc": 0.9116694584031267, "flag_rate": [0.11, 0.0890890890890891], "flag_rate_ratio": 1.2347191011235954, "TPR": [0.72, 0.6868686868686869], "TPR whole": 0.7035175879396985, "TPR ratio": 1.0482352941176472, "FPR": [0.042222222222222223, 0.023333333333333334], "FPR whole": 0.03277777777777778, "FPR ratio": 1.8095238095238095, "PPR": [0.6545454545454545, 0.7640449438202247], "PPR whole": 0.7035175879396985, "PPR ratio": 0.8566844919786096}, "0.2-0.2": {"roc": 0.8970993858179789, "flag_rate": [0.103, 0.0960960960960961], "flag_rate_ratio": 1.07184375, "TPR": [0.68, 0.6868686868686869], "TPR whole": 0.6834170854271356, "TPR ratio": 0.9900000000000001, "FPR": [0.03888888888888889, 0.03111111111111111], "FPR whole": 0.035, "FPR ratio": 1.25, "PPR": [0.6601941747572816, 0.7083333333333334], "PPR whole": 0.6834170854271356, "PPR ratio": 0.9320388349514563}, "0.2-0.5": {"roc": 0.8929089893914013, "flag_rate": [0.115, 0.08408408408408409], "flag_rate_ratio": 1.3676785714285713, "TPR": [0.71, 0.6565656565656566], "TPR whole": 0.6834170854271356, "TPR ratio": 1.0813846153846154, "FPR": [0.04888888888888889, 0.021111111111111112], "FPR whole": 0.035, "FPR ratio": 2.3157894736842106, "PPR": [0.6173913043478261, 0.7738095238095238], "PPR whole": 0.6834170854271356, "PPR ratio": 0.7978595317725752}, "0.2-0.8": {"roc": 0.8836543830262422, "flag_rate": [0.105, 0.0940940940940941], "flag_rate_ratio": 1.115904255319149, "TPR": [0.68, 0.6565656565656566], "TPR whole": 0.6683417085427136, "TPR ratio": 1.0356923076923077, "FPR": [0.04111111111111111, 0.03222222222222222], "FPR whole": 0.03666666666666667, "FPR ratio": 1.2758620689655173, "PPR": [0.6476190476190476, 0.6914893617021277], "PPR whole": 0.6683417085427136, "PPR ratio": 0.9365567765567765}, "0.5-0.01": {"roc": 0.9180178671133445, "flag_rate": [0.102, 0.0970970970970971], "flag_rate_ratio": 1.0504948453608247, "TPR": [0.69, 0.6767676767676768], "TPR whole": 0.6834170854271356, "TPR ratio": 1.0195522388059701, "FPR": [0.03666666666666667, 0.03333333333333333], "FPR whole": 0.035, "FPR ratio": 1.1, "PPR": [0.6764705882352942, 0.6907216494845361], "PPR whole": 0.6834170854271356, "PPR ratio": 0.979367866549605}, "0.5-0.2": {"roc": 0.9002763819095477, "flag_rate": [0.105, 0.0940940940940941], "flag_rate_ratio": 1.115904255319149, "TPR": [0.71, 0.6767676767676768], "TPR whole": 0.6934673366834171, "TPR ratio": 1.0491044776119403, "FPR": [0.03777777777777778, 0.03], "FPR whole": 0.03388888888888889, "FPR ratio": 1.2592592592592593, "PPR": [0.6761904761904762, 0.7127659574468085], "PPR whole": 0.6934673366834171, "PPR ratio": 0.9486851457000711}, "0.5-0.5": {"roc": 0.8912730318257958, "flag_rate": [0.109, 0.09009009009009009], "flag_rate_ratio": 1.2099, "TPR": [0.66, 0.6464646464646465], "TPR whole": 0.6532663316582915, "TPR ratio": 1.0209375, "FPR": [0.04777777777777778, 0.028888888888888888], "FPR whole": 0.03833333333333333, "FPR ratio": 1.653846153846154, "PPR": [0.6055045871559633, 0.7111111111111111], "PPR whole": 0.6532663316582915, "PPR ratio": 0.8514908256880734}, "0.5-0.8": {"roc": 0.8759073143495254, "flag_rate": [0.111, 0.08808808808808809], "flag_rate_ratio": 1.2601022727272728, "TPR": [0.66, 0.6060606060606061], "TPR whole": 0.6331658291457286, "TPR ratio": 1.089, "FPR": [0.05, 0.03111111111111111], "FPR whole": 0.04055555555555555, "FPR ratio": 1.6071428571428572, "PPR": [0.5945945945945946, 0.6818181818181818], "PPR whole": 0.6331658291457286, "PPR ratio": 0.8720720720720722}, "0.8-0.01": {"roc": 0.9140480178671133, "flag_rate": [0.101, 0.0980980980980981], "flag_rate_ratio": 1.0295816326530614, "TPR": [0.73, 0.7171717171717171], "TPR whole": 0.7236180904522613, "TPR ratio": 1.017887323943662, "FPR": [0.03111111111111111, 0.03], "FPR whole": 0.030555555555555555, "FPR ratio": 1.037037037037037, "PPR": [0.7227722772277227, 0.7244897959183674], "PPR whole": 0.7236180904522613, "PPR ratio": 0.9976293403988286}, "0.8-0.2": {"roc": 0.8935566722501396, "flag_rate": [0.104, 0.09509509509509509], "flag_rate_ratio": 1.093642105263158, "TPR": [0.67, 0.6767676767676768], "TPR whole": 0.6733668341708543, "TPR ratio": 0.99, "FPR": [0.04111111111111111, 0.03111111111111111], "FPR whole": 0.03611111111111111, "FPR ratio": 1.3214285714285714, "PPR": [0.6442307692307693, 0.7052631578947368], "PPR whole": 0.6733668341708543, "PPR ratio": 0.9134615384615385}, "0.8-0.5": {"roc": 0.8967895030709101, "flag_rate": [0.098, 0.1011011011011011], "flag_rate_ratio": 0.9693267326732674,