{"0.01-0.01": {"roc": 0.9485413105413106, "flag_rate": [0.105, 0.09045226130653267], "flag_rate_ratio": 1.1608333333333332, "TPR": [0.83, 0.7789473684210526], "TPR whole": 0.8051282051282052, "TPR ratio": 1.0655405405405405, "FPR": [0.024444444444444446, 0.017777777777777778], "FPR whole": 0.021111111111111112, "FPR ratio": 1.375, "PPR": [0.7904761904761904, 0.8222222222222222], "PPR whole": 0.8051282051282052, "PPR ratio": 0.9613899613899614}, "0.01-0.2": {"roc": 0.9403931623931623, "flag_rate": [0.103, 0.09246231155778895], "flag_rate_ratio": 1.1139673913043477, "TPR": [0.83, 0.7473684210526316], "TPR whole": 0.7897435897435897, "TPR ratio": 1.11056338028169, "FPR": [0.022222222222222223, 0.023333333333333334], "FPR whole": 0.02277777777777778, "FPR ratio": 0.9523809523809523, "PPR": [0.8058252427184466, 0.7717391304347826], "PPR whole": 0.7897435897435897, "PPR ratio": 1.0441679201422125}, "0.01-0.5": {"roc": 0.943108262108262, "flag_rate": [0.107, 0.08844221105527639], "flag_rate_ratio": 1.2098295454545454, "TPR": [0.86, 0.7052631578947368], "TPR whole": 0.7846153846153846, "TPR ratio": 1.2194029850746269, "FPR": [0.023333333333333334, 0.023333333333333334], "FPR whole": 0.023333333333333334, "FPR ratio": 1.0, "PPR": [0.8037383177570093, 0.7613636363636364], "PPR whole": 0.7846153846153846, "PPR ratio": 1.0556562979495048}, "0.01-0.8": {"roc": 0.947931623931624, "flag_rate": [0.091, 0.10452261306532663], "flag_rate_ratio": 0.870625, "TPR": [0.79, 0.7157894736842105], "TPR whole": 0.7538461538461538, "TPR ratio": 1.1036764705882354, "FPR": [0.013333333333333334, 0.04], "FPR whole": 0.02666666666666667, "FPR ratio": 0.33333333333333337, "PPR": [0.8681318681318682, 0.6538461538461539], "PPR whole": 0.7538461538461538, "PPR ratio": 1.3277310924369747}, "0.05-0.01": {"roc": 0.9539458689458691, "flag_rate": [0.102, 0.09346733668341708], "flag_rate_ratio": 1.0912903225806452, "TPR": [0.84, 0.7894736842105263], "TPR whole": 0.8153846153846154, "TPR ratio": 1.0639999999999998, "FPR": [0.02, 0.02], "FPR whole": 0.02, "FPR ratio": 1.0, "PPR": [0.8235294117647058, 0.8064516129032258], "PPR whole": 0.8153846153846154, "PPR ratio": 1.0211764705882354}, "0.05-0.2": {"roc": 0.9447692307692308, "flag_rate": [0.096, 0.09949748743718594], "flag_rate_ratio": 0.9648484848484848, "TPR": [0.84, 0.7263157894736842], "TPR whole": 0.7846153846153846, "TPR ratio": 1.1565217391304348, "FPR": [0.013333333333333334, 0.03333333333333333], "FPR whole": 0.023333333333333334, "FPR ratio": 0.4, "PPR": [0.875, 0.696969696969697], "PPR whole": 0.7846153846153846, "PPR ratio": 1.2554347826086956}, "0.05-0.5": {"roc": 0.9277948717948717, "flag_rate": [0.093, 0.10251256281407035], "flag_rate_ratio": 0.9072058823529412, "TPR": [0.74, 0.7052631578947368], "TPR whole": 0.7230769230769231, "TPR ratio": 1.0492537313432837, "FPR": [0.021111111111111112, 0.03888888888888889], "FPR whole": 0.03, "FPR ratio": 0.5428571428571428, "PPR": [0.7956989247311828, 0.6568627450980392], "PPR whole": 0.7230769230769231, "PPR ratio": 1.2113625421280694}, "0.05-0.8": {"roc": 0.9416381766381767, "flag_rate": [0.097, 0.09849246231155778], "flag_rate_ratio": 0.9848469387755103, "TPR": [0.78, 0.7157894736842105], "TPR whole": 0.7487179487179487, "TPR ratio": 1.0897058823529413, "FPR": [0.021111111111111112, 0.03333333333333333], "FPR whole": 0.02722222222222222, "FPR ratio": 0.6333333333333334, "PPR": [0.8041237113402062, 0.6938775510204082], "PPR whole": 0.7487179487179487, "PPR ratio": 1.1588841722255914}, "0.2-0.01": {"roc": 0.9497037037037038, "flag_rate": [0.1, 0.09547738693467336], "flag_rate_ratio": 1.0473684210526317, "TPR": [0.83, 0.7789473684210526], "TPR whole": 0.8051282051282052, "TPR ratio": 1.0655405405405405, "FPR": [0.01888888888888889, 0.023333333333333334], "FPR whole": 0.021111111111111112, "FPR ratio": 0.8095238095238095, "PPR": [0.83, 0.7789473684210526], "PPR whole": 0.8051282051282052, "PPR ratio": 1.0655405405405405}, "0.2-0.2": {"roc": 0.9364615384615386, "flag_rate": [0.1, 0.09547738693467336], "flag_rate_ratio": 1.0473684210526317, "TPR": [0.83, 0.7263157894736842], "TPR whole": 0.7794871794871795, "TPR ratio": 1.1427536231884057, "FPR": [0.01888888888888889, 0.028888888888888888], "FPR whole": 0.02388888888888889, "FPR ratio": 0.6538461538461539, "PPR": [0.83, 0.7263157894736842], "PPR whole": 0.7794871794871795, "PPR ratio": 1.1427536231884057}, "0.2-0.5": {"roc": 0.936960113960114, "flag_rate": [0.097, 0.09849246231155778], "flag_rate_ratio": 0.9848469387755103, "TPR": [0.79, 0.6736842105263158], "TPR whole": 0.7333333333333333, "TPR ratio": 1.1726562500000002, "FPR": [0.02, 0.03777777777777778], "FPR whole": 0.028888888888888888, "FPR ratio": 0.5294117647058824, "PPR": [0.8144329896907216, 0.6530612244897959], "PPR whole": 0.7333333333333333, "PPR ratio": 1.2471005154639176}, "0.2-0.8": {"roc": 0.9336695156695156, "flag_rate": [0.104, 0.0914572864321608], "flag_rate_ratio": 1.137142857142857, "TPR": [0.77, 0.6842105263157895], "TPR whole": 0.7282051282051282, "TPR ratio": 1.1253846153846154, "FPR": [0.03, 0.028888888888888888], "FPR whole": 0.029444444444444443, "FPR ratio": 1.0384615384615385, "PPR": [0.7403846153846154, 0.7142857142857143], "PPR whole": 0.7282051282051282, "PPR ratio": 1.0365384615384616}, "0.5-0.01": {"roc": 0.9539544159544159, "flag_rate": [0.1, 0.09547738693467336], "flag_rate_ratio": 1.0473684210526317, "TPR": [0.84, 0.7684210526315789], "TPR whole": 0.8051282051282052, "TPR ratio": 1.093150684931507, "FPR": [0.017777777777777778, 0.024444444444444446], "FPR whole": 0.021111111111111112, "FPR ratio": 0.7272727272727272, "PPR": [0.84, 0.7684210526315789], "PPR whole": 0.8051282051282052, "PPR ratio": 1.093150684931507}, "0.5-0.2": {"roc": 0.9448034188034188, "flag_rate": [0.095, 0.10050251256281408], "flag_rate_ratio": 0.9452499999999999, "TPR": [0.83, 0.7157894736842105], "TPR whole": 0.7743589743589744, "TPR ratio": 1.1595588235294116, "FPR": [0.013333333333333334, 0.035555555555555556], "FPR whole": 0.024444444444444446, "FPR ratio": 0.375, "PPR": [0.8736842105263158, 0.68], "PPR whole": 0.7743589743589744, "PPR ratio": 1.284829721362229}, "0.5-0.5": {"roc": 0.9393418803418803, "flag_rate": [0.102, 0.09346733668341708], "flag_rate_ratio": 1.0912903225806452, "TPR": [0.8, 0.6947368421052632], "TPR whole": 0.7487179487179487, "TPR ratio": 1.1515151515151516, "FPR": [0.024444444444444446, 0.03], "FPR whole": 0.02722222222222222, "FPR ratio": 0.8148148148148149, "PPR": [0.7843137254901961, 0.7096774193548387], "PPR whole": 0.7487179487179487, "PPR ratio": 1.105169340463458}, "0.5-0.8": {"roc": 0.928974358974359, "flag_rate": [0.099, 0.0964824120603015], "flag_rate_ratio": 1.02609375, "TPR": [0.76, 0.7052631578947368], "TPR whole": 0.7333333333333333, "TPR ratio": 1.0776119402985076, "FPR": [0.025555555555555557, 0.03222222222222222], "FPR whole": 0.028888888888888888, "FPR ratio": 0.7931034482758621, "PPR": [0.7676767676767676, 0.6979166666666666], "PPR whole": 0.7333333333333333, "PPR ratio": 1.0999547715965625}, "0.8-0.01": {"roc": 0.9486210826210827, "flag_rate": [0.102, 0.09346733668341708], "flag_rate_ratio": 1.0912903225806452, "TPR": [0.84, 0.7578947368421053], "TPR whole": 0.8, "TPR ratio": 1.1083333333333332, "FPR": [0.02, 0.023333333333333334], "FPR whole": 0.021666666666666667, "FPR ratio": 0.8571428571428571, "PPR": [0.8235294117647058, 0.7741935483870968], "PPR whole": 0.8, "PPR ratio": 1.0637254901960784}, "0.8-0.2": {"roc": 0.9373732193732195, "flag_rate": [0.102, 0.09346733668341708], "flag_rate_ratio": 1.0912903225806452, "TPR": [0.78, 0.7368421052631579], "TPR whole": 0.7589743589743589, "TPR ratio": 1.0585714285714287, "FPR": [0.02666666666666667, 0.025555555555555557], "FPR whole": 0.026111111111111113, "FPR ratio": 1.0434782608695652, "PPR": [0.7647058823529411, 0.7526881720430108], "PPR whole": 0.7589743589743589, "PPR ratio": 1.0159663865546218}, "0.8-0.5": {"roc": 0.9279031339031341, "flag_rate": [0.086, 0.10954773869346733],