{"0.01-0.01": {"roc": 0.8933024691358025, "flag_rate": [0.092, 0.08979591836734693], "flag_rate_ratio": 1.0245454545454546, "TPR": [0.66, 0.6625], "TPR whole": 0.6611111111111111, "TPR ratio": 0.9962264150943397, "FPR": [0.028888888888888888, 0.03888888888888889], "FPR whole": 0.03388888888888889, "FPR ratio": 0.7428571428571428, "PPR": [0.717391304347826, 0.6022727272727273], "PPR whole": 0.6611111111111111, "PPR ratio": 1.191140278917145}, "0.01-0.2": {"roc": 0.8815493827160494, "flag_rate": [0.094, 0.08775510204081632], "flag_rate_ratio": 1.0711627906976744, "TPR": [0.69, 0.625], "TPR whole": 0.6611111111111111, "TPR ratio": 1.1039999999999999, "FPR": [0.027777777777777776, 0.04], "FPR whole": 0.03388888888888889, "FPR ratio": 0.6944444444444444, "PPR": [0.7340425531914894, 0.5813953488372093], "PPR whole": 0.6611111111111111, "PPR ratio": 1.2625531914893617}, "0.01-0.5": {"roc": 0.8717253086419753, "flag_rate": [0.094, 0.08775510204081632], "flag_rate_ratio": 1.0711627906976744, "TPR": [0.66, 0.575], "TPR whole": 0.6222222222222222, "TPR ratio": 1.1478260869565218, "FPR": [0.03111111111111111, 0.044444444444444446], "FPR whole": 0.03777777777777778, "FPR ratio": 0.7, "PPR": [0.7021276595744681, 0.5348837209302325], "PPR whole": 0.6222222222222222, "PPR ratio": 1.3126734505087883}, "0.01-0.8": {"roc": 0.8784753086419754, "flag_rate": [0.097, 0.08469387755102041], "flag_rate_ratio": 1.1453012048192772, "TPR": [0.62, 0.65], "TPR whole": 0.6333333333333333, "TPR ratio": 0.9538461538461538, "FPR": [0.03888888888888889, 0.034444444444444444], "FPR whole": 0.03666666666666667, "FPR ratio": 1.1290322580645162, "PPR": [0.6391752577319587, 0.6265060240963856], "PPR whole": 0.6333333333333333, "PPR ratio": 1.0202220459952418}, "0.05-0.01": {"roc": 0.8781512345679013, "flag_rate": [0.088, 0.09387755102040816], "flag_rate_ratio": 0.937391304347826, "TPR": [0.64, 0.6125], "TPR whole": 0.6277777777777778, "TPR ratio": 1.0448979591836733, "FPR": [0.02666666666666667, 0.04777777777777778], "FPR whole": 0.03722222222222222, "FPR ratio": 0.5581395348837209, "PPR": [0.7272727272727273, 0.532608695652174], "PPR whole": 0.6277777777777778, "PPR ratio": 1.365491651205937}, "0.05-0.2": {"roc": 0.8830216049382716, "flag_rate": [0.093, 0.08877551020408163], "flag_rate_ratio": 1.0475862068965518, "TPR": [0.66, 0.625], "TPR whole": 0.6444444444444445, "TPR ratio": 1.056, "FPR": [0.03, 0.04111111111111111], "FPR whole": 0.035555555555555556, "FPR ratio": 0.7297297297297297, "PPR": [0.7096774193548387, 0.5747126436781609], "PPR whole": 0.6444444444444445, "PPR ratio": 1.2348387096774196}, "0.05-0.5": {"roc": 0.8798179012345679, "flag_rate": [0.092, 0.08979591836734693], "flag_rate_ratio": 1.0245454545454546, "TPR": [0.65, 0.6], "TPR whole": 0.6277777777777778, "TPR ratio": 1.0833333333333335, "FPR": [0.03, 0.044444444444444446], "FPR whole": 0.03722222222222222, "FPR ratio": 0.6749999999999999, "PPR": [0.7065217391304348, 0.5454545454545454], "PPR whole": 0.6277777777777778, "PPR ratio": 1.2952898550724639}, "0.05-0.8": {"roc": 0.863101851851852, "flag_rate": [0.094, 0.08775510204081632], "flag_rate_ratio": 1.0711627906976744, "TPR": [0.65, 0.55], "TPR whole": 0.6055555555555555, "TPR ratio": 1.1818181818181817, "FPR": [0.03222222222222222, 0.04666666666666667], "FPR whole": 0.03944444444444444, "FPR ratio": 0.6904761904761905, "PPR": [0.6914893617021277, 0.5116279069767442], "PPR whole": 0.6055555555555555, "PPR ratio": 1.3515473887814313}, "0.2-0.01": {"roc": 0.885604938271605, "flag_rate": [0.092, 0.08979591836734693], "flag_rate_ratio": 1.0245454545454546, "TPR": [0.66, 0.6625], "TPR whole": 0.6611111111111111, "TPR ratio": 0.9962264150943397, "FPR": [0.028888888888888888, 0.03888888888888889], "FPR whole": 0.03388888888888889, "FPR ratio": 0.7428571428571428, "PPR": [0.717391304347826, 0.6022727272727273], "PPR whole": 0.6611111111111111, "PPR ratio": 1.191140278917145}, "0.2-0.2": {"roc": 0.8626419753086421, "flag_rate": [0.101, 0.08061224489795918], "flag_rate_ratio": 1.2529113924050634, "TPR": [0.66, 0.6], "TPR whole": 0.6333333333333333, "TPR ratio": 1.1, "FPR": [0.03888888888888889, 0.034444444444444444], "FPR whole": 0.03666666666666667, "FPR ratio": 1.1290322580645162, "PPR": [0.6534653465346535, 0.6075949367088608], "PPR whole": 0.6333333333333333, "PPR ratio": 1.0754950495049505}, "0.2-0.5": {"roc": 0.8724166666666666, "flag_rate": [0.096, 0.08571428571428572], "flag_rate_ratio": 1.12, "TPR": [0.66, 0.625], "TPR whole": 0.6444444444444445, "TPR ratio": 1.056, "FPR": [0.03333333333333333, 0.03777777777777778], "FPR whole": 0.035555555555555556, "FPR ratio": 0.8823529411764706, "PPR": [0.6875, 0.5952380952380952], "PPR whole": 0.6444444444444445, "PPR ratio": 1.155}, "0.2-0.8": {"roc": 0.8933024691358025, "flag_rate": [0.099, 0.0826530612244898], "flag_rate_ratio": 1.1977777777777778, "TPR": [0.67, 0.6125], "TPR whole": 0.6444444444444445, "TPR ratio": 1.0938775510204082, "FPR": [0.035555555555555556, 0.035555555555555556], "FPR whole": 0.035555555555555556, "FPR ratio": 1.0, "PPR": [0.6767676767676768, 0.6049382716049383], "PPR whole": 0.6444444444444445, "PPR ratio": 1.1187384044526902}, "0.5-0.01": {"roc": 0.8942129629629629, "flag_rate": [0.088, 0.09387755102040816], "flag_rate_ratio": 0.937391304347826, "TPR": [0.65, 0.6625], "TPR whole": 0.6555555555555556, "TPR ratio": 0.9811320754716982, "FPR": [0.025555555555555557, 0.043333333333333335], "FPR whole": 0.034444444444444444, "FPR ratio": 0.5897435897435898, "PPR": [0.7386363636363636, 0.5760869565217391], "PPR whole": 0.6555555555555556, "PPR ratio": 1.2821612349914238}, "0.5-0.2": {"roc": 0.8808549382716049, "flag_rate": [0.099, 0.0826530612244898], "flag_rate_ratio": 1.1977777777777778, "TPR": [0.66, 0.6], "TPR whole": 0.6333333333333333, "TPR ratio": 1.1, "FPR": [0.03666666666666667, 0.03666666666666667], "FPR whole": 0.03666666666666667, "FPR ratio": 1.0, "PPR": [0.6666666666666666, 0.5925925925925926], "PPR whole": 0.6333333333333333, "PPR ratio": 1.125}, "0.5-0.5": {"roc": 0.8793796296296296, "flag_rate": [0.094, 0.08775510204081632], "flag_rate_ratio": 1.0711627906976744, "TPR": [0.66, 0.6], "TPR whole": 0.6333333333333333, "TPR ratio": 1.1, "FPR": [0.03111111111111111, 0.042222222222222223], "FPR whole": 0.03666666666666667, "FPR ratio": 0.7368421052631579, "PPR": [0.7021276595744681, 0.5581395348837209], "PPR whole": 0.6333333333333333, "PPR ratio": 1.2579787234042554}, "0.5-0.8": {"roc": 0.8748734567901234, "flag_rate": [0.085, 0.09693877551020408], "flag_rate_ratio": 0.876842105263158, "TPR": [0.61, 0.625], "TPR whole": 0.6166666666666667, "TPR ratio": 0.976, "FPR": [0.02666666666666667, 0.05], "FPR whole": 0.03833333333333333, "FPR ratio": 0.5333333333333333, "PPR": [0.7176470588235294, 0.5263157894736842], "PPR whole": 0.6166666666666667, "PPR ratio": 1.3635294117647059}, "0.8-0.01": {"roc": 0.8922808641975308, "flag_rate": [0.088, 0.09387755102040816], "flag_rate_ratio": 0.937391304347826, "TPR": [0.66, 0.6625], "TPR whole": 0.6611111111111111, "TPR ratio": 0.9962264150943397, "FPR": [0.024444444444444446, 0.043333333333333335], "FPR whole": 0.03388888888888889, "FPR ratio": 0.5641025641025641, "PPR": [0.75, 0.5760869565217391], "PPR whole": 0.6611111111111111, "PPR ratio": 1.3018867924528301}, "0.8-0.2": {"roc": 0.8811882716049382, "flag_rate": [0.09, 0.09183673469387756], "flag_rate_ratio": 0.9799999999999999, "TPR": [0.63, 0.6], "TPR whole": 0.6166666666666667, "TPR ratio": 1.05, "FPR": [0.03, 0.04666666666666667], "FPR whole": 0.03833333333333333, "FPR ratio": 0.6428571428571428, "PPR": [0.7, 0.5333333333333333], "PPR whole": 0.6166666666666667, "PPR ratio": 1.3125}, "0.8-0.5": {"roc": 0.8754351851851851, "flag_rate": [0.087, 0.09489795918367347], "flag_rate_ratio": 0.9167741935483871, "TPR": [0.61, 0.6375], "TPR whole": 0.6222222222222222, "TPR ratio": 0.9568627450980393, "FPR": [0.028888888888888888, 0.04666666666666667], "FPR whole": 0.03777777777777778,