{"0.01-0.01": {"roc": 0.9313958333333333, "flag_rate": [0.087, 0.07604166666666666], "flag_rate_ratio": 1.144109589041096, "TPR": [0.8, 0.6666666666666666], "TPR whole": 0.75, "TPR ratio": 1.2000000000000002, "FPR": [0.0077777777777777776, 0.03666666666666667], "FPR whole": 0.022222222222222223, "FPR ratio": 0.21212121212121213, "PPR": [0.9195402298850575, 0.547945205479452], "PPR whole": 0.75, "PPR ratio": 1.67816091954023}, "0.01-0.2": {"roc": 0.9292708333333333, "flag_rate": [0.09, 0.07291666666666667], "flag_rate_ratio": 1.2342857142857142, "TPR": [0.79, 0.7], "TPR whole": 0.75625, "TPR ratio": 1.1285714285714288, "FPR": [0.012222222222222223, 0.03111111111111111], "FPR whole": 0.021666666666666667, "FPR ratio": 0.3928571428571429, "PPR": [0.8777777777777778, 0.6], "PPR whole": 0.75625, "PPR ratio": 1.462962962962963}, "0.01-0.5": {"roc": 0.9279548611111111, "flag_rate": [0.09, 0.07291666666666667], "flag_rate_ratio": 1.2342857142857142, "TPR": [0.75, 0.6833333333333333], "TPR whole": 0.725, "TPR ratio": 1.0975609756097562, "FPR": [0.016666666666666666, 0.03222222222222222], "FPR whole": 0.024444444444444446, "FPR ratio": 0.5172413793103449, "PPR": [0.8333333333333334, 0.5857142857142857], "PPR whole": 0.725, "PPR ratio": 1.4227642276422765}, "0.01-0.8": {"roc": 0.9181215277777778, "flag_rate": [0.094, 0.06875], "flag_rate_ratio": 1.3672727272727272, "TPR": [0.81, 0.6833333333333333], "TPR whole": 0.7625, "TPR ratio": 1.1853658536585365, "FPR": [0.014444444444444444, 0.027777777777777776], "FPR whole": 0.021111111111111112, "FPR ratio": 0.52, "PPR": [0.8617021276595744, 0.6212121212121212], "PPR whole": 0.7625, "PPR ratio": 1.3871302542812662}, "0.05-0.01": {"roc": 0.918142361111111, "flag_rate": [0.084, 0.07916666666666666], "flag_rate_ratio": 1.0610526315789475, "TPR": [0.78, 0.65], "TPR whole": 0.73125, "TPR ratio": 1.2, "FPR": [0.006666666666666667, 0.04111111111111111], "FPR whole": 0.02388888888888889, "FPR ratio": 0.16216216216216217, "PPR": [0.9285714285714286, 0.5131578947368421], "PPR whole": 0.73125, "PPR ratio": 1.8095238095238095}, "0.05-0.2": {"roc": 0.9256388888888889, "flag_rate": [0.084, 0.07916666666666666], "flag_rate_ratio": 1.0610526315789475, "TPR": [0.78, 0.75], "TPR whole": 0.76875, "TPR ratio": 1.04, "FPR": [0.006666666666666667, 0.034444444444444444], "FPR whole": 0.020555555555555556, "FPR ratio": 0.19354838709677422, "PPR": [0.9285714285714286, 0.5921052631578947], "PPR whole": 0.76875, "PPR ratio": 1.5682539682539685}, "0.05-0.5": {"roc": 0.9226770833333333, "flag_rate": [0.086, 0.07708333333333334], "flag_rate_ratio": 1.1156756756756756, "TPR": [0.78, 0.7166666666666667], "TPR whole": 0.75625, "TPR ratio": 1.0883720930232559, "FPR": [0.008888888888888889, 0.034444444444444444], "FPR whole": 0.021666666666666667, "FPR ratio": 0.25806451612903225, "PPR": [0.9069767441860465, 0.581081081081081], "PPR whole": 0.75625, "PPR ratio": 1.5608436992969172}, "0.05-0.8": {"roc": 0.9198402777777779, "flag_rate": [0.089, 0.07395833333333333], "flag_rate_ratio": 1.2033802816901407, "TPR": [0.75, 0.6666666666666666], "TPR whole": 0.71875, "TPR ratio": 1.125, "FPR": [0.015555555555555555, 0.034444444444444444], "FPR whole": 0.025, "FPR ratio": 0.45161290322580644, "PPR": [0.8426966292134831, 0.5633802816901409], "PPR whole": 0.71875, "PPR ratio": 1.4957865168539324}, "0.2-0.01": {"roc": 0.9192395833333332, "flag_rate": [0.086, 0.07708333333333334], "flag_rate_ratio": 1.1156756756756756, "TPR": [0.79, 0.7166666666666667], "TPR whole": 0.7625, "TPR ratio": 1.102325581395349, "FPR": [0.0077777777777777776, 0.034444444444444444], "FPR whole": 0.021111111111111112, "FPR ratio": 0.22580645161290322, "PPR": [0.9186046511627907, 0.581081081081081], "PPR whole": 0.7625, "PPR ratio": 1.5808545159545702}, "0.2-0.2": {"roc": 0.9249548611111111, "flag_rate": [0.088, 0.075], "flag_rate_ratio": 1.1733333333333333, "TPR": [0.77, 0.7], "TPR whole": 0.74375, "TPR ratio": 1.1, "FPR": [0.012222222222222223, 0.03333333333333333], "FPR whole": 0.02277777777777778, "FPR ratio": 0.3666666666666667, "PPR": [0.875, 0.5833333333333334], "PPR whole": 0.74375, "PPR ratio": 1.5}, "0.2-0.5": {"roc": 0.9210972222222222, "flag_rate": [0.087, 0.07604166666666666], "flag_rate_ratio": 1.144109589041096, "TPR": [0.75, 0.6833333333333333], "TPR whole": 0.725, "TPR ratio": 1.0975609756097562, "FPR": [0.013333333333333334, 0.035555555555555556], "FPR whole": 0.024444444444444446, "FPR ratio": 0.375, "PPR": [0.8620689655172413, 0.5616438356164384], "PPR whole": 0.725, "PPR ratio": 1.5349032800672833}, "0.2-0.8": {"roc": 0.9145173611111111, "flag_rate": [0.094, 0.06875], "flag_rate_ratio": 1.3672727272727272, "TPR": [0.73, 0.6333333333333333], "TPR whole": 0.69375, "TPR ratio": 1.1526315789473685, "FPR": [0.023333333333333334, 0.03111111111111111], "FPR whole": 0.02722222222222222, "FPR ratio": 0.7500000000000001, "PPR": [0.776595744680851, 0.5757575757575758], "PPR whole": 0.69375, "PPR ratio": 1.348824188129899}, "0.5-0.01": {"roc": 0.9259305555555555, "flag_rate": [0.082, 0.08125], "flag_rate_ratio": 1.0092307692307692, "TPR": [0.77, 0.7], "TPR whole": 0.74375, "TPR ratio": 1.1, "FPR": [0.005555555555555556, 0.04], "FPR whole": 0.02277777777777778, "FPR ratio": 0.1388888888888889, "PPR": [0.9390243902439024, 0.5384615384615384], "PPR whole": 0.74375, "PPR ratio": 1.7439024390243902}, "0.5-0.2": {"roc": 0.9176076388888889, "flag_rate": [0.088, 0.075], "flag_rate_ratio": 1.1733333333333333, "TPR": [0.77, 0.65], "TPR whole": 0.725, "TPR ratio": 1.1846153846153846, "FPR": [0.012222222222222223, 0.03666666666666667], "FPR whole": 0.024444444444444446, "FPR ratio": 0.33333333333333337, "PPR": [0.875, 0.5416666666666666], "PPR whole": 0.725, "PPR ratio": 1.6153846153846154}, "0.5-0.5": {"roc": 0.9191041666666666, "flag_rate": [0.087, 0.07604166666666666], "flag_rate_ratio": 1.144109589041096, "TPR": [0.76, 0.7], "TPR whole": 0.7375, "TPR ratio": 1.0857142857142859, "FPR": [0.012222222222222223, 0.034444444444444444], "FPR whole": 0.023333333333333334, "FPR ratio": 0.3548387096774194, "PPR": [0.8735632183908046, 0.5753424657534246], "PPR whole": 0.7375, "PPR ratio": 1.5183360700602082}, "0.5-0.8": {"roc": 0.9212361111111111, "flag_rate": [0.089, 0.07395833333333333], "flag_rate_ratio": 1.2033802816901407, "TPR": [0.77, 0.6666666666666666], "TPR whole": 0.73125, "TPR ratio": 1.155, "FPR": [0.013333333333333334, 0.034444444444444444], "FPR whole": 0.02388888888888889, "FPR ratio": 0.38709677419354843, "PPR": [0.8651685393258427, 0.5633802816901409], "PPR whole": 0.73125, "PPR ratio": 1.5356741573033708}, "0.8-0.01": {"roc": 0.9295208333333332, "flag_rate": [0.089, 0.07395833333333333], "flag_rate_ratio": 1.2033802816901407, "TPR": [0.79, 0.7], "TPR whole": 0.75625, "TPR ratio": 1.1285714285714288, "FPR": [0.011111111111111112, 0.03222222222222222], "FPR whole": 0.021666666666666667, "FPR ratio": 0.3448275862068966, "PPR": [0.8876404494382022, 0.5915492957746479], "PPR whole": 0.75625, "PPR ratio": 1.5005350454788657}, "0.8-0.2": {"roc": 0.9274965277777778, "flag_rate": [0.085, 0.078125], "flag_rate_ratio": 1.088, "TPR": [0.78, 0.6833333333333333], "TPR whole": 0.74375, "TPR ratio": 1.1414634146341462, "FPR": [0.0077777777777777776, 0.03777777777777778], "FPR whole": 0.02277777777777778, "FPR ratio": 0.20588235294117646, "PPR": [0.9176470588235294, 0.5466666666666666], "PPR whole": 0.74375, "PPR ratio": 1.678622668579627}, "0.8-0.5": {"roc": 0.9229618055555556, "flag_rate": [0.092, 0.07083333333333333], "flag_rate_ratio": 1.2988235294117647, "TPR": [0.77, 0.6166666666666667], "TPR whole": 0.7125, "TPR ratio": 1.2486486486486486, "FPR": [0.016666666666666666, 0.034444444444444444], "FPR whole": 0.025555555555555557, "FPR ratio": 0.4838709677419355, "PPR": [0.8369565217391305, 0.5441176470588235], "PPR whole": 0.7125, "PPR ratio": 1.538190364277321}, "0.8-0.8": {"roc": 0.9186284722222222, "flag_rate": [0.088, 0.075], "flag_rate_ratio": 1.1733333333333333,