{"0.01-0.01": {"roc": 0.940482456140351, "flag_rate": [0.092, 0.09898989898989899], "flag_rate_ratio": 0.9293877551020409, "TPR": [0.8, 0.8], "TPR whole": 0.8, "TPR ratio": 1.0, "FPR": [0.013333333333333334, 0.028888888888888888], "FPR whole": 0.021111111111111112, "FPR ratio": 0.46153846153846156, "PPR": [0.8695652173913043, 0.7346938775510204], "PPR whole": 0.8, "PPR ratio": 1.183574879227053}, "0.01-0.2": {"roc": 0.9395204678362573, "flag_rate": [0.098, 0.09292929292929293], "flag_rate_ratio": 1.0545652173913043, "TPR": [0.81, 0.7444444444444445], "TPR whole": 0.7789473684210526, "TPR ratio": 1.0880597014925373, "FPR": [0.01888888888888889, 0.027777777777777776], "FPR whole": 0.023333333333333334, "FPR ratio": 0.68, "PPR": [0.826530612244898, 0.7282608695652174], "PPR whole": 0.7789473684210526, "PPR ratio": 1.1349375571123972}, "0.01-0.5": {"roc": 0.9358216374269005, "flag_rate": [0.091, 0.1], "flag_rate_ratio": 0.9099999999999999, "TPR": [0.78, 0.7555555555555555], "TPR whole": 0.7684210526315789, "TPR ratio": 1.0323529411764707, "FPR": [0.014444444444444444, 0.034444444444444444], "FPR whole": 0.024444444444444446, "FPR ratio": 0.4193548387096774, "PPR": [0.8571428571428571, 0.6868686868686869], "PPR whole": 0.7684210526315789, "PPR ratio": 1.2478991596638656}, "0.01-0.8": {"roc": 0.9329912280701754, "flag_rate": [0.095, 0.09595959595959595], "flag_rate_ratio": 0.9900000000000001, "TPR": [0.76, 0.7], "TPR whole": 0.7315789473684211, "TPR ratio": 1.0857142857142859, "FPR": [0.021111111111111112, 0.035555555555555556], "FPR whole": 0.028333333333333332, "FPR ratio": 0.59375, "PPR": [0.8, 0.6631578947368421], "PPR whole": 0.7315789473684211, "PPR ratio": 1.2063492063492065}, "0.05-0.01": {"roc": 0.9424561403508772, "flag_rate": [0.094, 0.09696969696969697], "flag_rate_ratio": 0.969375, "TPR": [0.83, 0.7777777777777778], "TPR whole": 0.8052631578947368, "TPR ratio": 1.0671428571428572, "FPR": [0.012222222222222223, 0.028888888888888888], "FPR whole": 0.020555555555555556, "FPR ratio": 0.42307692307692313, "PPR": [0.8829787234042553, 0.7291666666666666], "PPR whole": 0.8052631578947368, "PPR ratio": 1.2109422492401216}, "0.05-0.2": {"roc": 0.9447192982456141, "flag_rate": [0.09, 0.10101010101010101], "flag_rate_ratio": 0.891, "TPR": [0.82, 0.7777777777777778], "TPR whole": 0.8, "TPR ratio": 1.0542857142857143, "FPR": [0.008888888888888889, 0.03333333333333333], "FPR whole": 0.021111111111111112, "FPR ratio": 0.26666666666666666, "PPR": [0.9111111111111111, 0.7], "PPR whole": 0.8, "PPR ratio": 1.3015873015873016}, "0.05-0.5": {"roc": 0.9289152046783625, "flag_rate": [0.093, 0.09797979797979799], "flag_rate_ratio": 0.9491752577319587, "TPR": [0.72, 0.7777777777777778], "TPR whole": 0.7473684210526316, "TPR ratio": 0.9257142857142857, "FPR": [0.023333333333333334, 0.03], "FPR whole": 0.02666666666666667, "FPR ratio": 0.7777777777777778, "PPR": [0.7741935483870968, 0.7216494845360825], "PPR whole": 0.7473684210526316, "PPR ratio": 1.072811059907834}, "0.05-0.8": {"roc": 0.9409736842105263, "flag_rate": [0.098, 0.09292929292929293], "flag_rate_ratio": 1.0545652173913043, "TPR": [0.8, 0.7555555555555555], "TPR whole": 0.7789473684210526, "TPR ratio": 1.0588235294117647, "FPR": [0.02, 0.02666666666666667], "FPR whole": 0.023333333333333334, "FPR ratio": 0.75, "PPR": [0.8163265306122449, 0.7391304347826086], "PPR whole": 0.7789473684210526, "PPR ratio": 1.1044417767106844}, "0.2-0.01": {"roc": 0.9454093567251461, "flag_rate": [0.095, 0.09595959595959595], "flag_rate_ratio": 0.9900000000000001, "TPR": [0.83, 0.7888888888888889], "TPR whole": 0.8105263157894737, "TPR ratio": 1.052112676056338, "FPR": [0.013333333333333334, 0.02666666666666667], "FPR whole": 0.02, "FPR ratio": 0.5, "PPR": [0.8736842105263158, 0.7473684210526316], "PPR whole": 0.8105263157894737, "PPR ratio": 1.1690140845070423}, "0.2-0.2": {"roc": 0.9378538011695907, "flag_rate": [0.095, 0.09595959595959595], "flag_rate_ratio": 0.9900000000000001, "TPR": [0.78, 0.7888888888888889], "TPR whole": 0.7842105263157895, "TPR ratio": 0.9887323943661972, "FPR": [0.01888888888888889, 0.02666666666666667], "FPR whole": 0.02277777777777778, "FPR ratio": 0.7083333333333333, "PPR": [0.8210526315789474, 0.7473684210526316], "PPR whole": 0.7842105263157895, "PPR ratio": 1.0985915492957747}, "0.2-0.5": {"roc": 0.9374736842105263, "flag_rate": [0.095, 0.09595959595959595], "flag_rate_ratio": 0.9900000000000001, "TPR": [0.78, 0.7222222222222222], "TPR whole": 0.7526315789473684, "TPR ratio": 1.08, "FPR": [0.01888888888888889, 0.03333333333333333], "FPR whole": 0.026111111111111113, "FPR ratio": 0.5666666666666667, "PPR": [0.8210526315789474, 0.6842105263157895], "PPR whole": 0.7526315789473684, "PPR ratio": 1.2}, "0.2-0.8": {"roc": 0.9363742690058477, "flag_rate": [0.094, 0.09696969696969697], "flag_rate_ratio": 0.969375, "TPR": [0.76, 0.7555555555555555], "TPR whole": 0.7578947368421053, "TPR ratio": 1.0058823529411764, "FPR": [0.02, 0.03111111111111111], "FPR whole": 0.025555555555555557, "FPR ratio": 0.6428571428571429, "PPR": [0.8085106382978723, 0.7083333333333334], "PPR whole": 0.7578947368421053, "PPR ratio": 1.141426783479349}, "0.5-0.01": {"roc": 0.9417456140350878, "flag_rate": [0.089, 0.10202020202020202], "flag_rate_ratio": 0.8723762376237623, "TPR": [0.83, 0.8], "TPR whole": 0.8157894736842105, "TPR ratio": 1.0374999999999999, "FPR": [0.006666666666666667, 0.03222222222222222], "FPR whole": 0.019444444444444445, "FPR ratio": 0.20689655172413796, "PPR": [0.9325842696629213, 0.7128712871287128], "PPR whole": 0.8157894736842105, "PPR ratio": 1.3082084893882646}, "0.5-0.2": {"roc": 0.9397426900584794, "flag_rate": [0.097, 0.09393939393939393], "flag_rate_ratio": 1.0325806451612904, "TPR": [0.8, 0.7333333333333333], "TPR whole": 0.7684210526315789, "TPR ratio": 1.090909090909091, "FPR": [0.01888888888888889, 0.03], "FPR whole": 0.024444444444444446, "FPR ratio": 0.6296296296296297, "PPR": [0.8247422680412371, 0.7096774193548387], "PPR whole": 0.7684210526315789, "PPR ratio": 1.1621368322399248}, "0.5-0.5": {"roc": 0.9384707602339182, "flag_rate": [0.101, 0.0898989898989899], "flag_rate_ratio": 1.123483146067416, "TPR": [0.79, 0.7222222222222222], "TPR whole": 0.7578947368421053, "TPR ratio": 1.093846153846154, "FPR": [0.024444444444444446, 0.02666666666666667], "FPR whole": 0.025555555555555557, "FPR ratio": 0.9166666666666666, "PPR": [0.7821782178217822, 0.7303370786516854], "PPR whole": 0.7578947368421053, "PPR ratio": 1.070982482863671}, "0.5-0.8": {"roc": 0.9361432748538011, "flag_rate": [0.099, 0.09191919191919191], "flag_rate_ratio": 1.0770329670329672, "TPR": [0.74, 0.7444444444444445], "TPR whole": 0.7421052631578947, "TPR ratio": 0.9940298507462686, "FPR": [0.027777777777777776, 0.02666666666666667], "FPR whole": 0.02722222222222222, "FPR ratio": 1.0416666666666665, "PPR": [0.7474747474747475, 0.7362637362637363], "PPR whole": 0.7421052631578947, "PPR ratio": 1.0152268958239108}, "0.8-0.01": {"roc": 0.9387836257309942, "flag_rate": [0.091, 0.1], "flag_rate_ratio": 0.9099999999999999, "TPR": [0.82, 0.7777777777777778], "TPR whole": 0.8, "TPR ratio": 1.0542857142857143, "FPR": [0.01, 0.03222222222222222], "FPR whole": 0.021111111111111112, "FPR ratio": 0.3103448275862069, "PPR": [0.9010989010989011, 0.7070707070707071], "PPR whole": 0.8, "PPR ratio": 1.2744113029827315}, "0.8-0.2": {"roc": 0.9345263157894736, "flag_rate": [0.097, 0.09393939393939393], "flag_rate_ratio": 1.0325806451612904, "TPR": [0.74, 0.7444444444444445], "TPR whole": 0.7421052631578947, "TPR ratio": 0.9940298507462686, "FPR": [0.025555555555555557, 0.028888888888888888], "FPR whole": 0.02722222222222222, "FPR ratio": 0.8846153846153847, "PPR": [0.7628865979381443, 0.7204301075268817], "PPR whole": 0.7421052631578947, "PPR ratio": 1.0589321434066779}, "0.8-0.5": {"roc": 0.9368830409356725, "flag_rate": [0.095, 0.09595959595959595], "flag_rate_ratio": 0.9900000000000001, "TPR": [0.76, 0.7333333333333333],