{"0.01-0.01": {"roc": 0.8441361111111111, "flag_rate": [0.092, 0.108], "flag_rate_ratio": 0.8518518518518519, "TPR": [0.53, 0.47], "TPR whole": 0.5, "TPR ratio": 1.1276595744680853, "FPR": [0.043333333333333335, 0.06777777777777778], "FPR whole": 0.05555555555555555, "FPR ratio": 0.6393442622950819, "PPR": [0.5760869565217391, 0.4351851851851852], "PPR whole": 0.5, "PPR ratio": 1.3237742830712305}, "0.01-0.2": {"roc": 0.8507972222222221, "flag_rate": [0.095, 0.105], "flag_rate_ratio": 0.9047619047619048, "TPR": [0.54, 0.49], "TPR whole": 0.515, "TPR ratio": 1.1020408163265307, "FPR": [0.04555555555555556, 0.06222222222222222], "FPR whole": 0.05388888888888889, "FPR ratio": 0.7321428571428572, "PPR": [0.5684210526315789, 0.4666666666666667], "PPR whole": 0.515, "PPR ratio": 1.218045112781955}, "0.01-0.5": {"roc": 0.84735, "flag_rate": [0.094, 0.106], "flag_rate_ratio": 0.8867924528301887, "TPR": [0.51, 0.48], "TPR whole": 0.495, "TPR ratio": 1.0625, "FPR": [0.04777777777777778, 0.06444444444444444], "FPR whole": 0.05611111111111111, "FPR ratio": 0.7413793103448276, "PPR": [0.5425531914893617, 0.4528301886792453], "PPR whole": 0.495, "PPR ratio": 1.1981382978723403}, "0.01-0.8": {"roc": 0.8476999999999999, "flag_rate": [0.093, 0.107], "flag_rate_ratio": 0.8691588785046729, "TPR": [0.52, 0.47], "TPR whole": 0.495, "TPR ratio": 1.1063829787234043, "FPR": [0.04555555555555556, 0.06666666666666667], "FPR whole": 0.05611111111111111, "FPR ratio": 0.6833333333333333, "PPR": [0.5591397849462365, 0.4392523364485981], "PPR whole": 0.495, "PPR ratio": 1.2729352550903683}, "0.05-0.01": {"roc": 0.8416027777777778, "flag_rate": [0.091, 0.109], "flag_rate_ratio": 0.8348623853211009, "TPR": [0.51, 0.47], "TPR whole": 0.49, "TPR ratio": 1.0851063829787235, "FPR": [0.044444444444444446, 0.06888888888888889], "FPR whole": 0.056666666666666664, "FPR ratio": 0.6451612903225806, "PPR": [0.5604395604395604, 0.43119266055045874], "PPR whole": 0.49, "PPR ratio": 1.2997428103811082}, "0.05-0.2": {"roc": 0.8481333333333331, "flag_rate": [0.091, 0.109], "flag_rate_ratio": 0.8348623853211009, "TPR": [0.52, 0.47], "TPR whole": 0.495, "TPR ratio": 1.1063829787234043, "FPR": [0.043333333333333335, 0.06888888888888889], "FPR whole": 0.05611111111111111, "FPR ratio": 0.6290322580645161, "PPR": [0.5714285714285714, 0.43119266055045874], "PPR whole": 0.495, "PPR ratio": 1.3252279635258357}, "0.05-0.5": {"roc": 0.8489055555555555, "flag_rate": [0.086, 0.114], "flag_rate_ratio": 0.7543859649122806, "TPR": [0.51, 0.48], "TPR whole": 0.495, "TPR ratio": 1.0625, "FPR": [0.03888888888888889, 0.07333333333333333], "FPR whole": 0.05611111111111111, "FPR ratio": 0.5303030303030303, "PPR": [0.5930232558139535, 0.42105263157894735], "PPR whole": 0.495, "PPR ratio": 1.4084302325581397}, "0.05-0.8": {"roc": 0.8515083333333332, "flag_rate": [0.091, 0.109], "flag_rate_ratio": 0.8348623853211009, "TPR": [0.51, 0.48], "TPR whole": 0.495, "TPR ratio": 1.0625, "FPR": [0.044444444444444446, 0.06777777777777778], "FPR whole": 0.05611111111111111, "FPR ratio": 0.6557377049180327, "PPR": [0.5604395604395604, 0.44036697247706424], "PPR whole": 0.495, "PPR ratio": 1.272664835164835}, "0.2-0.01": {"roc": 0.8365583333333332, "flag_rate": [0.09, 0.11], "flag_rate_ratio": 0.8181818181818181, "TPR": [0.5, 0.46], "TPR whole": 0.48, "TPR ratio": 1.0869565217391304, "FPR": [0.044444444444444446, 0.07111111111111111], "FPR whole": 0.057777777777777775, "FPR ratio": 0.625, "PPR": [0.5555555555555556, 0.41818181818181815], "PPR whole": 0.48, "PPR ratio": 1.3285024154589373}, "0.2-0.2": {"roc": 0.8515527777777778, "flag_rate": [0.085, 0.115], "flag_rate_ratio": 0.7391304347826088, "TPR": [0.47, 0.49], "TPR whole": 0.48, "TPR ratio": 0.9591836734693877, "FPR": [0.042222222222222223, 0.07333333333333333], "FPR whole": 0.057777777777777775, "FPR ratio": 0.5757575757575758, "PPR": [0.5529411764705883, 0.4260869565217391], "PPR whole": 0.48, "PPR ratio": 1.2977190876350542}, "0.2-0.5": {"roc": 0.8520305555555555, "flag_rate": [0.09, 0.11], "flag_rate_ratio": 0.8181818181818181, "TPR": [0.48, 0.47], "TPR whole": 0.475, "TPR ratio": 1.0212765957446808, "FPR": [0.04666666666666667, 0.07], "FPR whole": 0.058333333333333334, "FPR ratio": 0.6666666666666666, "PPR": [0.5333333333333333, 0.42727272727272725], "PPR whole": 0.475, "PPR ratio": 1.24822695035461}, "0.2-0.8": {"roc": 0.8463027777777776, "flag_rate": [0.085, 0.115], "flag_rate_ratio": 0.7391304347826088, "TPR": [0.49, 0.46], "TPR whole": 0.475, "TPR ratio": 1.0652173913043477, "FPR": [0.04, 0.07666666666666666], "FPR whole": 0.058333333333333334, "FPR ratio": 0.5217391304347827, "PPR": [0.5764705882352941, 0.4], "PPR whole": 0.475, "PPR ratio": 1.441176470588235}, "0.5-0.01": {"roc": 0.8512388888888889, "flag_rate": [0.091, 0.109], "flag_rate_ratio": 0.8348623853211009, "TPR": [0.5, 0.48], "TPR whole": 0.49, "TPR ratio": 1.0416666666666667, "FPR": [0.04555555555555556, 0.06777777777777778], "FPR whole": 0.056666666666666664, "FPR ratio": 0.6721311475409836, "PPR": [0.5494505494505495, 0.44036697247706424], "PPR whole": 0.49, "PPR ratio": 1.2477106227106227}, "0.5-0.2": {"roc": 0.843261111111111, "flag_rate": [0.093, 0.107], "flag_rate_ratio": 0.8691588785046729, "TPR": [0.51, 0.46], "TPR whole": 0.485, "TPR ratio": 1.108695652173913, "FPR": [0.04666666666666667, 0.06777777777777778], "FPR whole": 0.05722222222222222, "FPR ratio": 0.6885245901639344, "PPR": [0.5483870967741935, 0.42990654205607476], "PPR whole": 0.485, "PPR ratio": 1.2755960729312763}, "0.5-0.5": {"roc": 0.8523416666666667, "flag_rate": [0.089, 0.111], "flag_rate_ratio": 0.8018018018018017, "TPR": [0.5, 0.47], "TPR whole": 0.485, "TPR ratio": 1.0638297872340425, "FPR": [0.043333333333333335, 0.07111111111111111], "FPR whole": 0.05722222222222222, "FPR ratio": 0.609375, "PPR": [0.5617977528089888, 0.42342342342342343], "PPR whole": 0.485, "PPR ratio": 1.3267989481233564}, "0.5-0.8": {"roc": 0.8486666666666667, "flag_rate": [0.087, 0.113], "flag_rate_ratio": 0.7699115044247787, "TPR": [0.49, 0.48], "TPR whole": 0.485, "TPR ratio": 1.0208333333333333, "FPR": [0.042222222222222223, 0.07222222222222222], "FPR whole": 0.05722222222222222, "FPR ratio": 0.5846153846153846, "PPR": [0.5632183908045977, 0.4247787610619469], "PPR whole": 0.485, "PPR ratio": 1.3259099616858236}, "0.8-0.01": {"roc": 0.8545472222222221, "flag_rate": [0.089, 0.111], "flag_rate_ratio": 0.8018018018018017, "TPR": [0.51, 0.48], "TPR whole": 0.495, "TPR ratio": 1.0625, "FPR": [0.042222222222222223, 0.07], "FPR whole": 0.05611111111111111, "FPR ratio": 0.6031746031746031, "PPR": [0.5730337078651685, 0.43243243243243246], "PPR whole": 0.495, "PPR ratio": 1.325140449438202}, "0.8-0.2": {"roc": 0.8510861111111112, "flag_rate": [0.09, 0.11], "flag_rate_ratio": 0.8181818181818181, "TPR": [0.53, 0.47], "TPR whole": 0.5, "TPR ratio": 1.1276595744680853, "FPR": [0.04111111111111111, 0.07], "FPR whole": 0.05555555555555555, "FPR ratio": 0.5873015873015872, "PPR": [0.5888888888888889, 0.42727272727272725], "PPR whole": 0.5, "PPR ratio": 1.3782505910165486}, "0.8-0.5": {"roc": 0.8559972222222222, "flag_rate": [0.094, 0.106], "flag_rate_ratio": 0.8867924528301887, "TPR": [0.51, 0.48], "TPR whole": 0.495, "TPR ratio": 1.0625, "FPR": [0.04777777777777778, 0.06444444444444444], "FPR whole": 0.05611111111111111, "FPR ratio": 0.7413793103448276, "PPR": [0.5425531914893617, 0.4528301886792453], "PPR whole": 0.495, "PPR ratio": 1.1981382978723403}, "0.8-0.8": {"roc": 0.8521444444444444, "flag_rate": [0.095, 0.105], "flag_rate_ratio": 0.9047619047619048, "TPR": [0.54, 0.46], "TPR whole": 0.5, "TPR ratio": 1.173913043478261, "FPR": [0.04555555555555556, 0.06555555555555556], "FPR whole": 0.05555555555555555, "FPR ratio": 0.6949152542372881, "PPR": [0.5684210526315789, 0.4380952380952381], "PPR whole": 0.5, "PPR ratio": 1.297482837528604}}