{"0.01-0.01": {"roc": 0.8439416666666668, "flag_rate": [0.101, 0.099], "flag_rate_ratio": 1.02020202020202, "TPR": [0.51, 0.48], "TPR whole": 0.495, "TPR ratio": 1.0625, "FPR": [0.05555555555555555, 0.056666666666666664], "FPR whole": 0.05611111111111111, "FPR ratio": 0.9803921568627451, "PPR": [0.504950495049505, 0.48484848484848486], "PPR whole": 0.495, "PPR ratio": 1.0414603960396038}, "0.01-0.2": {"roc": 0.8460777777777779, "flag_rate": [0.091, 0.109], "flag_rate_ratio": 0.8348623853211009, "TPR": [0.49, 0.52], "TPR whole": 0.505, "TPR ratio": 0.9423076923076923, "FPR": [0.04666666666666667, 0.06333333333333334], "FPR whole": 0.055, "FPR ratio": 0.7368421052631579, "PPR": [0.5384615384615384, 0.47706422018348627], "PPR whole": 0.505, "PPR ratio": 1.128698224852071}, "0.01-0.5": {"roc": 0.8428694444444443, "flag_rate": [0.098, 0.102], "flag_rate_ratio": 0.9607843137254903, "TPR": [0.5, 0.52], "TPR whole": 0.51, "TPR ratio": 0.9615384615384615, "FPR": [0.05333333333333334, 0.05555555555555555], "FPR whole": 0.05444444444444444, "FPR ratio": 0.9600000000000001, "PPR": [0.5102040816326531, 0.5098039215686274], "PPR whole": 0.51, "PPR ratio": 1.000784929356358}, "0.01-0.8": {"roc": 0.8448888888888888, "flag_rate": [0.096, 0.104], "flag_rate_ratio": 0.9230769230769231, "TPR": [0.5, 0.5], "TPR whole": 0.5, "TPR ratio": 1.0, "FPR": [0.051111111111111114, 0.06], "FPR whole": 0.05555555555555555, "FPR ratio": 0.851851851851852, "PPR": [0.5208333333333334, 0.4807692307692308], "PPR whole": 0.5, "PPR ratio": 1.0833333333333335}, "0.05-0.01": {"roc": 0.8481833333333333, "flag_rate": [0.097, 0.103], "flag_rate_ratio": 0.941747572815534, "TPR": [0.5, 0.48], "TPR whole": 0.49, "TPR ratio": 1.0416666666666667, "FPR": [0.052222222222222225, 0.06111111111111111], "FPR whole": 0.056666666666666664, "FPR ratio": 0.8545454545454546, "PPR": [0.5154639175257731, 0.46601941747572817], "PPR whole": 0.49, "PPR ratio": 1.1060996563573882}, "0.05-0.2": {"roc": 0.8479722222222221, "flag_rate": [0.096, 0.104], "flag_rate_ratio": 0.9230769230769231, "TPR": [0.51, 0.51], "TPR whole": 0.51, "TPR ratio": 1.0, "FPR": [0.05, 0.058888888888888886], "FPR whole": 0.05444444444444444, "FPR ratio": 0.8490566037735849, "PPR": [0.53125, 0.49038461538461536], "PPR whole": 0.51, "PPR ratio": 1.0833333333333335}, "0.05-0.5": {"roc": 0.8471277777777777, "flag_rate": [0.097, 0.103], "flag_rate_ratio": 0.941747572815534, "TPR": [0.51, 0.49], "TPR whole": 0.5, "TPR ratio": 1.0408163265306123, "FPR": [0.051111111111111114, 0.06], "FPR whole": 0.05555555555555555, "FPR ratio": 0.851851851851852, "PPR": [0.5257731958762887, 0.47572815533980584], "PPR whole": 0.5, "PPR ratio": 1.1051967178624027}, "0.05-0.8": {"roc": 0.8446472222222221, "flag_rate": [0.095, 0.105], "flag_rate_ratio": 0.9047619047619048, "TPR": [0.52, 0.51], "TPR whole": 0.515, "TPR ratio": 1.0196078431372548, "FPR": [0.04777777777777778, 0.06], "FPR whole": 0.05388888888888889, "FPR ratio": 0.7962962962962964, "PPR": [0.5473684210526316, 0.4857142857142857], "PPR whole": 0.515, "PPR ratio": 1.126934984520124}, "0.2-0.01": {"roc": 0.839761111111111, "flag_rate": [0.098, 0.102], "flag_rate_ratio": 0.9607843137254903, "TPR": [0.49, 0.48], "TPR whole": 0.485, "TPR ratio": 1.0208333333333333, "FPR": [0.05444444444444444, 0.06], "FPR whole": 0.05722222222222222, "FPR ratio": 0.9074074074074074, "PPR": [0.5, 0.47058823529411764], "PPR whole": 0.485, "PPR ratio": 1.0625}, "0.2-0.2": {"roc": 0.8487305555555557, "flag_rate": [0.095, 0.105], "flag_rate_ratio": 0.9047619047619048, "TPR": [0.5, 0.51], "TPR whole": 0.505, "TPR ratio": 0.9803921568627451, "FPR": [0.05, 0.06], "FPR whole": 0.055, "FPR ratio": 0.8333333333333334, "PPR": [0.5263157894736842, 0.4857142857142857], "PPR whole": 0.505, "PPR ratio": 1.0835913312693497}, "0.2-0.5": {"roc": 0.8512166666666666, "flag_rate": [0.092, 0.108], "flag_rate_ratio": 0.8518518518518519, "TPR": [0.51, 0.5], "TPR whole": 0.505, "TPR ratio": 1.02, "FPR": [0.04555555555555556, 0.06444444444444444], "FPR whole": 0.055, "FPR ratio": 0.706896551724138, "PPR": [0.5543478260869565, 0.46296296296296297], "PPR whole": 0.505, "PPR ratio": 1.1973913043478261}, "0.2-0.8": {"roc": 0.8540222222222222, "flag_rate": [0.096, 0.104], "flag_rate_ratio": 0.9230769230769231, "TPR": [0.54, 0.51], "TPR whole": 0.525, "TPR ratio": 1.0588235294117647, "FPR": [0.04666666666666667, 0.058888888888888886], "FPR whole": 0.05277777777777778, "FPR ratio": 0.7924528301886793, "PPR": [0.5625, 0.49038461538461536], "PPR whole": 0.525, "PPR ratio": 1.147058823529412}, "0.5-0.01": {"roc": 0.8456611111111112, "flag_rate": [0.1, 0.1], "flag_rate_ratio": 1.0, "TPR": [0.5, 0.5], "TPR whole": 0.5, "TPR ratio": 1.0, "FPR": [0.05555555555555555, 0.05555555555555555], "FPR whole": 0.05555555555555555, "FPR ratio": 1.0, "PPR": [0.5, 0.5], "PPR whole": 0.5, "PPR ratio": 1.0}, "0.5-0.2": {"roc": 0.8510861111111112, "flag_rate": [0.094, 0.106], "flag_rate_ratio": 0.8867924528301887, "TPR": [0.5, 0.51], "TPR whole": 0.505, "TPR ratio": 0.9803921568627451, "FPR": [0.04888888888888889, 0.06111111111111111], "FPR whole": 0.055, "FPR ratio": 0.8, "PPR": [0.5319148936170213, 0.4811320754716981], "PPR whole": 0.505, "PPR ratio": 1.1055486024196912}, "0.5-0.5": {"roc": 0.8418111111111111, "flag_rate": [0.102, 0.098], "flag_rate_ratio": 1.040816326530612, "TPR": [0.52, 0.52], "TPR whole": 0.52, "TPR ratio": 1.0, "FPR": [0.05555555555555555, 0.051111111111111114], "FPR whole": 0.05333333333333334, "FPR ratio": 1.0869565217391304, "PPR": [0.5098039215686274, 0.5306122448979592], "PPR whole": 0.52, "PPR ratio": 0.9607843137254901}, "0.5-0.8": {"roc": 0.8511055555555554, "flag_rate": [0.096, 0.104], "flag_rate_ratio": 0.9230769230769231, "TPR": [0.52, 0.51], "TPR whole": 0.515, "TPR ratio": 1.0196078431372548, "FPR": [0.04888888888888889, 0.058888888888888886], "FPR whole": 0.05388888888888889, "FPR ratio": 0.8301886792452831, "PPR": [0.5416666666666666, 0.49038461538461536], "PPR whole": 0.515, "PPR ratio": 1.1045751633986929}, "0.8-0.01": {"roc": 0.8473805555555554, "flag_rate": [0.098, 0.102], "flag_rate_ratio": 0.9607843137254903, "TPR": [0.52, 0.5], "TPR whole": 0.51, "TPR ratio": 1.04, "FPR": [0.051111111111111114, 0.057777777777777775], "FPR whole": 0.05444444444444444, "FPR ratio": 0.8846153846153847, "PPR": [0.5306122448979592, 0.49019607843137253], "PPR whole": 0.51, "PPR ratio": 1.0824489795918368}, "0.8-0.2": {"roc": 0.8476361111111111, "flag_rate": [0.097, 0.103], "flag_rate_ratio": 0.941747572815534, "TPR": [0.51, 0.51], "TPR whole": 0.51, "TPR ratio": 1.0, "FPR": [0.051111111111111114, 0.057777777777777775], "FPR whole": 0.05444444444444444, "FPR ratio": 0.8846153846153847, "PPR": [0.5257731958762887, 0.49514563106796117], "PPR whole": 0.51, "PPR ratio": 1.0618556701030928}, "0.8-0.5": {"roc": 0.8488500000000001, "flag_rate": [0.097, 0.103], "flag_rate_ratio": 0.941747572815534, "TPR": [0.51, 0.51], "TPR whole": 0.51, "TPR ratio": 1.0, "FPR": [0.051111111111111114, 0.057777777777777775], "FPR whole": 0.05444444444444444, "FPR ratio": 0.8846153846153847, "PPR": [0.5257731958762887, 0.49514563106796117], "PPR whole": 0.51, "PPR ratio": 1.0618556701030928}, "0.8-0.8": {"roc": 0.8461805555555555, "flag_rate": [0.094, 0.106], "flag_rate_ratio": 0.8867924528301887, "TPR": [0.52, 0.49], "TPR whole": 0.505, "TPR ratio": 1.0612244897959184, "FPR": [0.04666666666666667, 0.06333333333333334], "FPR whole": 0.055, "FPR ratio": 0.7368421052631579, "PPR": [0.5531914893617021, 0.46226415094339623], "PPR whole": 0.505, "PPR ratio": 1.196699956578376}}