{"0.01-0.01": {"roc": 0.9491722222222221, "flag_rate": [0.099, 0.101], "flag_rate_ratio": 0.9801980198019802, "TPR": [0.81, 0.77], "TPR whole": 0.79, "TPR ratio": 1.051948051948052, "FPR": [0.02, 0.02666666666666667], "FPR whole": 0.023333333333333334, "FPR ratio": 0.75, "PPR": [0.8181818181818182, 0.7623762376237624], "PPR whole": 0.79, "PPR ratio": 1.0731995277449824}, "0.01-0.2": {"roc": 0.9531138888888888, "flag_rate": [0.104, 0.096], "flag_rate_ratio": 1.0833333333333333, "TPR": [0.82, 0.74], "TPR whole": 0.78, "TPR ratio": 1.1081081081081081, "FPR": [0.024444444444444446, 0.024444444444444446], "FPR whole": 0.024444444444444446, "FPR ratio": 1.0, "PPR": [0.7884615384615384, 0.7708333333333334], "PPR whole": 0.78, "PPR ratio": 1.0228690228690227}, "0.01-0.5": {"roc": 0.9507944444444444, "flag_rate": [0.098, 0.102], "flag_rate_ratio": 0.9607843137254903, "TPR": [0.82, 0.71], "TPR whole": 0.765, "TPR ratio": 1.1549295774647887, "FPR": [0.017777777777777778, 0.034444444444444444], "FPR whole": 0.026111111111111113, "FPR ratio": 0.5161290322580645, "PPR": [0.8367346938775511, 0.696078431372549], "PPR whole": 0.765, "PPR ratio": 1.2020695602184537}, "0.01-0.8": {"roc": 0.945238888888889, "flag_rate": [0.099, 0.101], "flag_rate_ratio": 0.9801980198019802, "TPR": [0.81, 0.71], "TPR whole": 0.76, "TPR ratio": 1.1408450704225352, "FPR": [0.02, 0.03333333333333333], "FPR whole": 0.02666666666666667, "FPR ratio": 0.6, "PPR": [0.8181818181818182, 0.7029702970297029], "PPR whole": 0.76, "PPR ratio": 1.1638924455825865}, "0.05-0.01": {"roc": 0.9492305555555555, "flag_rate": [0.091, 0.109], "flag_rate_ratio": 0.8348623853211009, "TPR": [0.82, 0.8], "TPR whole": 0.81, "TPR ratio": 1.025, "FPR": [0.01, 0.03222222222222222], "FPR whole": 0.021111111111111112, "FPR ratio": 0.3103448275862069, "PPR": [0.9010989010989011, 0.7339449541284404], "PPR whole": 0.81, "PPR ratio": 1.2277472527472526}, "0.05-0.2": {"roc": 0.9518333333333333, "flag_rate": [0.102, 0.098], "flag_rate_ratio": 1.040816326530612, "TPR": [0.81, 0.74], "TPR whole": 0.775, "TPR ratio": 1.0945945945945947, "FPR": [0.023333333333333334, 0.02666666666666667], "FPR whole": 0.025, "FPR ratio": 0.875, "PPR": [0.7941176470588235, 0.7551020408163265], "PPR whole": 0.775, "PPR ratio": 1.0516693163751987}, "0.05-0.5": {"roc": 0.9527833333333333, "flag_rate": [0.097, 0.103], "flag_rate_ratio": 0.941747572815534, "TPR": [0.82, 0.73], "TPR whole": 0.775, "TPR ratio": 1.1232876712328768, "FPR": [0.016666666666666666, 0.03333333333333333], "FPR whole": 0.025, "FPR ratio": 0.5, "PPR": [0.845360824742268, 0.7087378640776699], "PPR whole": 0.775, "PPR ratio": 1.1927693828555288}, "0.05-0.8": {"roc": 0.943125, "flag_rate": [0.1, 0.1], "flag_rate_ratio": 1.0, "TPR": [0.78, 0.71], "TPR whole": 0.745, "TPR ratio": 1.0985915492957747, "FPR": [0.024444444444444446, 0.03222222222222222], "FPR whole": 0.028333333333333332, "FPR ratio": 0.7586206896551725, "PPR": [0.78, 0.71], "PPR whole": 0.745, "PPR ratio": 1.0985915492957747}, "0.2-0.01": {"roc": 0.956675, "flag_rate": [0.098, 0.102], "flag_rate_ratio": 0.9607843137254903, "TPR": [0.82, 0.78], "TPR whole": 0.8, "TPR ratio": 1.051282051282051, "FPR": [0.017777777777777778, 0.02666666666666667], "FPR whole": 0.022222222222222223, "FPR ratio": 0.6666666666666666, "PPR": [0.8367346938775511, 0.7647058823529411], "PPR whole": 0.8, "PPR ratio": 1.0941915227629515}, "0.2-0.2": {"roc": 0.9511499999999999, "flag_rate": [0.099, 0.101], "flag_rate_ratio": 0.9801980198019802, "TPR": [0.84, 0.74], "TPR whole": 0.79, "TPR ratio": 1.135135135135135, "FPR": [0.016666666666666666, 0.03], "FPR whole": 0.023333333333333334, "FPR ratio": 0.5555555555555556, "PPR": [0.8484848484848485, 0.7326732673267327], "PPR whole": 0.79, "PPR ratio": 1.1580671580671582}, "0.2-0.5": {"roc": 0.9490861111111112, "flag_rate": [0.103, 0.097], "flag_rate_ratio": 1.0618556701030928, "TPR": [0.84, 0.72], "TPR whole": 0.78, "TPR ratio": 1.1666666666666667, "FPR": [0.021111111111111112, 0.027777777777777776], "FPR whole": 0.024444444444444446, "FPR ratio": 0.7600000000000001, "PPR": [0.8155339805825242, 0.7422680412371134], "PPR whole": 0.78, "PPR ratio": 1.0987055016181229}, "0.2-0.8": {"roc": 0.9469555555555557, "flag_rate": [0.102, 0.098], "flag_rate_ratio": 1.040816326530612, "TPR": [0.84, 0.72], "TPR whole": 0.78, "TPR ratio": 1.1666666666666667, "FPR": [0.02, 0.028888888888888888], "FPR whole": 0.024444444444444446, "FPR ratio": 0.6923076923076924, "PPR": [0.8235294117647058, 0.7346938775510204], "PPR whole": 0.78, "PPR ratio": 1.1209150326797384}, "0.5-0.01": {"roc": 0.9553277777777778, "flag_rate": [0.1, 0.1], "flag_rate_ratio": 1.0, "TPR": [0.85, 0.79], "TPR whole": 0.82, "TPR ratio": 1.0759493670886076, "FPR": [0.016666666666666666, 0.023333333333333334], "FPR whole": 0.02, "FPR ratio": 0.7142857142857142, "PPR": [0.85, 0.79], "PPR whole": 0.82, "PPR ratio": 1.0759493670886076}, "0.5-0.2": {"roc": 0.9492638888888888, "flag_rate": [0.1, 0.1], "flag_rate_ratio": 1.0, "TPR": [0.82, 0.73], "TPR whole": 0.775, "TPR ratio": 1.1232876712328768, "FPR": [0.02, 0.03], "FPR whole": 0.025, "FPR ratio": 0.6666666666666667, "PPR": [0.82, 0.73], "PPR whole": 0.775, "PPR ratio": 1.1232876712328768}, "0.5-0.5": {"roc": 0.9496888888888889, "flag_rate": [0.095, 0.105], "flag_rate_ratio": 0.9047619047619048, "TPR": [0.8, 0.74], "TPR whole": 0.77, "TPR ratio": 1.0810810810810811, "FPR": [0.016666666666666666, 0.034444444444444444], "FPR whole": 0.025555555555555557, "FPR ratio": 0.4838709677419355, "PPR": [0.8421052631578947, 0.7047619047619048], "PPR whole": 0.77, "PPR ratio": 1.1948790896159316}, "0.5-0.8": {"roc": 0.9468666666666666, "flag_rate": [0.1, 0.1], "flag_rate_ratio": 1.0, "TPR": [0.8, 0.7], "TPR whole": 0.75, "TPR ratio": 1.142857142857143, "FPR": [0.022222222222222223, 0.03333333333333333], "FPR whole": 0.027777777777777776, "FPR ratio": 0.6666666666666667, "PPR": [0.8, 0.7], "PPR whole": 0.75, "PPR ratio": 1.142857142857143}, "0.8-0.01": {"roc": 0.952811111111111, "flag_rate": [0.102, 0.098], "flag_rate_ratio": 1.040816326530612, "TPR": [0.83, 0.75], "TPR whole": 0.79, "TPR ratio": 1.1066666666666667, "FPR": [0.021111111111111112, 0.025555555555555557], "FPR whole": 0.023333333333333334, "FPR ratio": 0.8260869565217391, "PPR": [0.8137254901960784, 0.7653061224489796], "PPR whole": 0.79, "PPR ratio": 1.0632679738562092}, "0.8-0.2": {"roc": 0.9476388888888889, "flag_rate": [0.1, 0.1], "flag_rate_ratio": 1.0, "TPR": [0.82, 0.74], "TPR whole": 0.78, "TPR ratio": 1.1081081081081081, "FPR": [0.02, 0.028888888888888888], "FPR whole": 0.024444444444444446, "FPR ratio": 0.6923076923076924, "PPR": [0.82, 0.74], "PPR whole": 0.78, "PPR ratio": 1.1081081081081081}, "0.8-0.5": {"roc": 0.9473083333333334, "flag_rate": [0.097, 0.103], "flag_rate_ratio": 0.941747572815534, "TPR": [0.79, 0.71], "TPR whole": 0.75, "TPR ratio": 1.1126760563380282, "FPR": [0.02, 0.035555555555555556], "FPR whole": 0.027777777777777776, "FPR ratio": 0.5625, "PPR": [0.8144329896907216, 0.6893203883495146], "PPR whole": 0.75, "PPR ratio": 1.1815013794104834}, "0.8-0.8": {"roc": 0.9428833333333334, "flag_rate": [0.098, 0.102], "flag_rate_ratio": 0.9607843137254903, "TPR": [0.78, 0.69], "TPR whole": 0.735, "TPR ratio": 1.1304347826086958, "FPR": [0.022222222222222223, 0.03666666666666667], "FPR whole": 0.029444444444444443, "FPR ratio": 0.6060606060606061, "PPR": [0.7959183673469388, 0.6764705882352942], "PPR whole": 0.735, "PPR ratio": 1.1765749778172139}}