{"0.01-0.01": {"roc": 0.9635777777777778, "flag_rate": [0.103, 0.097], "flag_rate_ratio": 1.0618556701030928, "TPR": [0.87, 0.82], "TPR whole": 0.845, "TPR ratio": 1.0609756097560976, "FPR": [0.017777777777777778, 0.016666666666666666], "FPR whole": 0.017222222222222222, "FPR ratio": 1.0666666666666667, "PPR": [0.8446601941747572, 0.845360824742268], "PPR whole": 0.845, "PPR ratio": 0.999171205304286}, "0.01-0.2": {"roc": 0.9610333333333334, "flag_rate": [0.101, 0.099], "flag_rate_ratio": 1.02020202020202, "TPR": [0.87, 0.78], "TPR whole": 0.825, "TPR ratio": 1.1153846153846154, "FPR": [0.015555555555555555, 0.023333333333333334], "FPR whole": 0.019444444444444445, "FPR ratio": 0.6666666666666666, "PPR": [0.8613861386138614, 0.7878787878787878], "PPR whole": 0.825, "PPR ratio": 1.0932977913175934}, "0.01-0.5": {"roc": 0.95735, "flag_rate": [0.096, 0.104], "flag_rate_ratio": 0.9230769230769231, "TPR": [0.82, 0.77], "TPR whole": 0.795, "TPR ratio": 1.0649350649350648, "FPR": [0.015555555555555555, 0.03], "FPR whole": 0.02277777777777778, "FPR ratio": 0.5185185185185185, "PPR": [0.8541666666666666, 0.7403846153846154], "PPR whole": 0.795, "PPR ratio": 1.1536796536796536}, "0.01-0.8": {"roc": 0.9577638888888887, "flag_rate": [0.099, 0.101], "flag_rate_ratio": 0.9801980198019802, "TPR": [0.83, 0.79], "TPR whole": 0.81, "TPR ratio": 1.050632911392405, "FPR": [0.017777777777777778, 0.024444444444444446], "FPR whole": 0.021111111111111112, "FPR ratio": 0.7272727272727272, "PPR": [0.8383838383838383, 0.7821782178217822], "PPR whole": 0.81, "PPR ratio": 1.0718578186932617}, "0.05-0.01": {"roc": 0.9658777777777778, "flag_rate": [0.097, 0.103], "flag_rate_ratio": 0.941747572815534, "TPR": [0.88, 0.83], "TPR whole": 0.855, "TPR ratio": 1.0602409638554218, "FPR": [0.01, 0.022222222222222223], "FPR whole": 0.01611111111111111, "FPR ratio": 0.45, "PPR": [0.9072164948453608, 0.8058252427184466], "PPR whole": 0.855, "PPR ratio": 1.1258228791454479}, "0.05-0.2": {"roc": 0.9597583333333333, "flag_rate": [0.108, 0.092], "flag_rate_ratio": 1.173913043478261, "TPR": [0.87, 0.76], "TPR whole": 0.815, "TPR ratio": 1.144736842105263, "FPR": [0.023333333333333334, 0.017777777777777778], "FPR whole": 0.020555555555555556, "FPR ratio": 1.3125, "PPR": [0.8055555555555556, 0.8260869565217391], "PPR whole": 0.815, "PPR ratio": 0.9751461988304094}, "0.05-0.5": {"roc": 0.9588416666666666, "flag_rate": [0.099, 0.101], "flag_rate_ratio": 0.9801980198019802, "TPR": [0.85, 0.78], "TPR whole": 0.815, "TPR ratio": 1.0897435897435896, "FPR": [0.015555555555555555, 0.025555555555555557], "FPR whole": 0.020555555555555556, "FPR ratio": 0.608695652173913, "PPR": [0.8585858585858586, 0.7722772277227723], "PPR whole": 0.815, "PPR ratio": 1.1117586117586118}, "0.05-0.8": {"roc": 0.9574972222222223, "flag_rate": [0.101, 0.099], "flag_rate_ratio": 1.02020202020202, "TPR": [0.86, 0.76], "TPR whole": 0.81, "TPR ratio": 1.131578947368421, "FPR": [0.016666666666666666, 0.025555555555555557], "FPR whole": 0.021111111111111112, "FPR ratio": 0.6521739130434782, "PPR": [0.8514851485148515, 0.7676767676767676], "PPR whole": 0.81, "PPR ratio": 1.1091714434601356}, "0.2-0.01": {"roc": 0.9600888888888889, "flag_rate": [0.103, 0.097], "flag_rate_ratio": 1.0618556701030928, "TPR": [0.87, 0.8], "TPR whole": 0.835, "TPR ratio": 1.0875, "FPR": [0.017777777777777778, 0.01888888888888889], "FPR whole": 0.018333333333333333, "FPR ratio": 0.9411764705882353, "PPR": [0.8446601941747572, 0.8247422680412371], "PPR whole": 0.835, "PPR ratio": 1.0241504854368932}, "0.2-0.2": {"roc": 0.9569027777777778, "flag_rate": [0.1, 0.1], "flag_rate_ratio": 1.0, "TPR": [0.82, 0.78], "TPR whole": 0.8, "TPR ratio": 1.051282051282051, "FPR": [0.02, 0.024444444444444446], "FPR whole": 0.022222222222222223, "FPR ratio": 0.8181818181818181, "PPR": [0.82, 0.78], "PPR whole": 0.8, "PPR ratio": 1.051282051282051}, "0.2-0.5": {"roc": 0.9557305555555556, "flag_rate": [0.099, 0.101], "flag_rate_ratio": 0.9801980198019802, "TPR": [0.84, 0.77], "TPR whole": 0.805, "TPR ratio": 1.0909090909090908, "FPR": [0.016666666666666666, 0.02666666666666667], "FPR whole": 0.021666666666666667, "FPR ratio": 0.625, "PPR": [0.8484848484848485, 0.7623762376237624], "PPR whole": 0.805, "PPR ratio": 1.1129476584022038}, "0.2-0.8": {"roc": 0.9471027777777777, "flag_rate": [0.096, 0.104], "flag_rate_ratio": 0.9230769230769231, "TPR": [0.79, 0.76], "TPR whole": 0.775, "TPR ratio": 1.0394736842105263, "FPR": [0.01888888888888889, 0.03111111111111111], "FPR whole": 0.025, "FPR ratio": 0.6071428571428572, "PPR": [0.8229166666666666, 0.7307692307692307], "PPR whole": 0.775, "PPR ratio": 1.1260964912280702}, "0.5-0.01": {"roc": 0.9662222222222222, "flag_rate": [0.096, 0.104], "flag_rate_ratio": 0.9230769230769231, "TPR": [0.84, 0.84], "TPR whole": 0.84, "TPR ratio": 1.0, "FPR": [0.013333333333333334, 0.022222222222222223], "FPR whole": 0.017777777777777778, "FPR ratio": 0.6, "PPR": [0.875, 0.8076923076923077], "PPR whole": 0.84, "PPR ratio": 1.0833333333333333}, "0.5-0.2": {"roc": 0.9558694444444443, "flag_rate": [0.103, 0.097], "flag_rate_ratio": 1.0618556701030928, "TPR": [0.88, 0.8], "TPR whole": 0.84, "TPR ratio": 1.0999999999999999, "FPR": [0.016666666666666666, 0.01888888888888889], "FPR whole": 0.017777777777777778, "FPR ratio": 0.8823529411764706, "PPR": [0.8543689320388349, 0.8247422680412371], "PPR whole": 0.84, "PPR ratio": 1.0359223300970875}, "0.5-0.5": {"roc": 0.9563861111111112, "flag_rate": [0.103, 0.097], "flag_rate_ratio": 1.0618556701030928, "TPR": [0.84, 0.76], "TPR whole": 0.8, "TPR ratio": 1.1052631578947367, "FPR": [0.021111111111111112, 0.023333333333333334], "FPR whole": 0.022222222222222223, "FPR ratio": 0.9047619047619048, "PPR": [0.8155339805825242, 0.7835051546391752], "PPR whole": 0.8, "PPR ratio": 1.0408788962698008}, "0.5-0.8": {"roc": 0.9553805555555555, "flag_rate": [0.104, 0.096], "flag_rate_ratio": 1.0833333333333333, "TPR": [0.83, 0.78], "TPR whole": 0.805, "TPR ratio": 1.064102564102564, "FPR": [0.023333333333333334, 0.02], "FPR whole": 0.021666666666666667, "FPR ratio": 1.1666666666666667, "PPR": [0.7980769230769231, 0.8125], "PPR whole": 0.805, "PPR ratio": 0.9822485207100592}, "0.8-0.01": {"roc": 0.9626944444444444, "flag_rate": [0.099, 0.101], "flag_rate_ratio": 0.9801980198019802, "TPR": [0.84, 0.82], "TPR whole": 0.83, "TPR ratio": 1.024390243902439, "FPR": [0.016666666666666666, 0.021111111111111112], "FPR whole": 0.01888888888888889, "FPR ratio": 0.7894736842105263, "PPR": [0.8484848484848485, 0.8118811881188119], "PPR whole": 0.83, "PPR ratio": 1.0450849963045084}, "0.8-0.2": {"roc": 0.9563166666666666, "flag_rate": [0.102, 0.098], "flag_rate_ratio": 1.040816326530612, "TPR": [0.82, 0.79], "TPR whole": 0.805, "TPR ratio": 1.0379746835443038, "FPR": [0.022222222222222223, 0.021111111111111112], "FPR whole": 0.021666666666666667, "FPR ratio": 1.0526315789473684, "PPR": [0.803921568627451, 0.8061224489795918], "PPR whole": 0.805, "PPR ratio": 0.9972697939935468}, "0.8-0.5": {"roc": 0.9606527777777778, "flag_rate": [0.102, 0.098], "flag_rate_ratio": 1.040816326530612, "TPR": [0.86, 0.8], "TPR whole": 0.83, "TPR ratio": 1.075, "FPR": [0.017777777777777778, 0.02], "FPR whole": 0.01888888888888889, "FPR ratio": 0.8888888888888888, "PPR": [0.8431372549019608, 0.8163265306122449], "PPR whole": 0.83, "PPR ratio": 1.0328431372549018}, "0.8-0.8": {"roc": 0.9515083333333333, "flag_rate": [0.102, 0.098], "flag_rate_ratio": 1.040816326530612, "TPR": [0.83, 0.76], "TPR whole": 0.795, "TPR ratio": 1.0921052631578947, "FPR": [0.021111111111111112, 0.024444444444444446], "FPR whole": 0.02277777777777778, "FPR ratio": 0.8636363636363636, "PPR": [0.8137254901960784, 0.7755102040816326], "PPR whole": 0.795, "PPR ratio": 1.0492776057791537}}