{"0.01-0.01": {"roc": 0.6596333333333334, "flag_rate": [0.07, 0.13], "flag_rate_ratio": 0.5384615384615385, "TPR": [0.43, 0.3], "TPR whole": 0.365, "TPR ratio": 1.4333333333333333, "FPR": [0.03, 0.1111111111111111], "FPR whole": 0.07055555555555555, "FPR ratio": 0.27, "PPR": [0.6142857142857143, 0.23076923076923078], "PPR whole": 0.365, "PPR ratio": 2.6619047619047618}, "0.01-0.2": {"roc": 0.7120083333333332, "flag_rate": [0.074, 0.126], "flag_rate_ratio": 0.5873015873015872, "TPR": [0.46, 0.31], "TPR whole": 0.385, "TPR ratio": 1.4838709677419355, "FPR": [0.03111111111111111, 0.10555555555555556], "FPR whole": 0.06833333333333333, "FPR ratio": 0.29473684210526313, "PPR": [0.6216216216216216, 0.24603174603174602], "PPR whole": 0.385, "PPR ratio": 2.5265911072362686}, "0.01-0.5": {"roc": 0.6027444444444444, "flag_rate": [0.062, 0.138], "flag_rate_ratio": 0.4492753623188405, "TPR": [0.42, 0.29], "TPR whole": 0.355, "TPR ratio": 1.4482758620689655, "FPR": [0.022222222222222223, 0.12111111111111111], "FPR whole": 0.07166666666666667, "FPR ratio": 0.1834862385321101, "PPR": [0.6774193548387096, 0.21014492753623187], "PPR whole": 0.355, "PPR ratio": 3.2235817575083425}, "0.01-0.8": {"roc": 0.790025, "flag_rate": [0.075, 0.125], "flag_rate_ratio": 0.6, "TPR": [0.53, 0.38], "TPR whole": 0.455, "TPR ratio": 1.3947368421052633, "FPR": [0.024444444444444446, 0.09666666666666666], "FPR whole": 0.06055555555555556, "FPR ratio": 0.25287356321839083, "PPR": [0.7066666666666667, 0.304], "PPR whole": 0.455, "PPR ratio": 2.324561403508772}, "0.05-0.01": {"roc": 0.6953333333333334, "flag_rate": [0.093, 0.107], "flag_rate_ratio": 0.8691588785046729, "TPR": [0.36, 0.27], "TPR whole": 0.315, "TPR ratio": 1.3333333333333333, "FPR": [0.06333333333333334, 0.08888888888888889], "FPR whole": 0.07611111111111112, "FPR ratio": 0.7125, "PPR": [0.3870967741935484, 0.2523364485981308], "PPR whole": 0.315, "PPR ratio": 1.5340501792114696}, "0.05-0.2": {"roc": 0.6969083333333332, "flag_rate": [0.077, 0.123], "flag_rate_ratio": 0.6260162601626016, "TPR": [0.47, 0.36], "TPR whole": 0.415, "TPR ratio": 1.3055555555555556, "FPR": [0.03333333333333333, 0.09666666666666666], "FPR whole": 0.065, "FPR ratio": 0.3448275862068966, "PPR": [0.6103896103896104, 0.2926829268292683], "PPR whole": 0.415, "PPR ratio": 2.0854978354978355}, "0.05-0.5": {"roc": 0.7612916666666667, "flag_rate": [0.08, 0.12], "flag_rate_ratio": 0.6666666666666667, "TPR": [0.53, 0.34], "TPR whole": 0.435, "TPR ratio": 1.5588235294117647, "FPR": [0.03, 0.09555555555555556], "FPR whole": 0.06277777777777778, "FPR ratio": 0.31395348837209297, "PPR": [0.6625, 0.2833333333333333], "PPR whole": 0.435, "PPR ratio": 2.338235294117647}, "0.05-0.8": {"roc": 0.7876638888888888, "flag_rate": [0.071, 0.129], "flag_rate_ratio": 0.5503875968992248, "TPR": [0.53, 0.4], "TPR whole": 0.465, "TPR ratio": 1.325, "FPR": [0.02, 0.09888888888888889], "FPR whole": 0.059444444444444446, "FPR ratio": 0.20224719101123595, "PPR": [0.7464788732394366, 0.31007751937984496], "PPR whole": 0.465, "PPR ratio": 2.4073943661971833}, "0.2-0.01": {"roc": 0.7390166666666667, "flag_rate": [0.083, 0.117], "flag_rate_ratio": 0.7094017094017094, "TPR": [0.39, 0.31], "TPR whole": 0.35, "TPR ratio": 1.2580645161290323, "FPR": [0.04888888888888889, 0.09555555555555556], "FPR whole": 0.07222222222222222, "FPR ratio": 0.5116279069767442, "PPR": [0.46987951807228917, 0.26495726495726496], "PPR whole": 0.35, "PPR ratio": 1.773416245627672}, "0.2-0.2": {"roc": 0.6984972222222223, "flag_rate": [0.075, 0.125], "flag_rate_ratio": 0.6, "TPR": [0.5, 0.39], "TPR whole": 0.445, "TPR ratio": 1.282051282051282, "FPR": [0.027777777777777776, 0.09555555555555556], "FPR whole": 0.06166666666666667, "FPR ratio": 0.2906976744186046, "PPR": [0.6666666666666666, 0.312], "PPR whole": 0.445, "PPR ratio": 2.1367521367521367}, "0.2-0.5": {"roc": 0.7553166666666665, "flag_rate": [0.085, 0.115], "flag_rate_ratio": 0.7391304347826088, "TPR": [0.46, 0.33], "TPR whole": 0.395, "TPR ratio": 1.393939393939394, "FPR": [0.043333333333333335, 0.09111111111111111], "FPR whole": 0.06722222222222222, "FPR ratio": 0.47560975609756095, "PPR": [0.5411764705882353, 0.28695652173913044], "PPR whole": 0.395, "PPR ratio": 1.8859180035650622}, "0.2-0.8": {"roc": 0.7646583333333334, "flag_rate": [0.078, 0.122], "flag_rate_ratio": 0.639344262295082, "TPR": [0.52, 0.41], "TPR whole": 0.465, "TPR ratio": 1.2682926829268293, "FPR": [0.028888888888888888, 0.09], "FPR whole": 0.059444444444444446, "FPR ratio": 0.32098765432098764, "PPR": [0.6666666666666666, 0.3360655737704918], "PPR whole": 0.465, "PPR ratio": 1.983739837398374}, "0.5-0.01": {"roc": 0.721063888888889, "flag_rate": [0.093, 0.107], "flag_rate_ratio": 0.8691588785046729, "TPR": [0.41, 0.27], "TPR whole": 0.34, "TPR ratio": 1.5185185185185184, "FPR": [0.057777777777777775, 0.08888888888888889], "FPR whole": 0.07333333333333333, "FPR ratio": 0.6499999999999999, "PPR": [0.44086021505376344, 0.2523364485981308], "PPR whole": 0.34, "PPR ratio": 1.7471127041019516}, "0.5-0.2": {"roc": 0.7177138888888889, "flag_rate": [0.08, 0.12], "flag_rate_ratio": 0.6666666666666667, "TPR": [0.46, 0.39], "TPR whole": 0.425, "TPR ratio": 1.1794871794871795, "FPR": [0.03777777777777778, 0.09], "FPR whole": 0.06388888888888888, "FPR ratio": 0.4197530864197531, "PPR": [0.575, 0.325], "PPR whole": 0.425, "PPR ratio": 1.769230769230769}, "0.5-0.5": {"roc": 0.7330416666666666, "flag_rate": [0.073, 0.127], "flag_rate_ratio": 0.5748031496062992, "TPR": [0.5, 0.41], "TPR whole": 0.455, "TPR ratio": 1.2195121951219512, "FPR": [0.025555555555555557, 0.09555555555555556], "FPR whole": 0.06055555555555556, "FPR ratio": 0.26744186046511625, "PPR": [0.684931506849315, 0.3228346456692913], "PPR whole": 0.455, "PPR ratio": 2.1216171065820246}, "0.5-0.8": {"roc": 0.7587861111111112, "flag_rate": [0.079, 0.121], "flag_rate_ratio": 0.6528925619834711, "TPR": [0.53, 0.41], "TPR whole": 0.47, "TPR ratio": 1.2926829268292683, "FPR": [0.028888888888888888, 0.08888888888888889], "FPR whole": 0.058888888888888886, "FPR ratio": 0.32499999999999996, "PPR": [0.6708860759493671, 0.33884297520661155], "PPR whole": 0.47, "PPR ratio": 1.9799320778017908}, "0.8-0.01": {"roc": 0.7344527777777778, "flag_rate": [0.083, 0.117], "flag_rate_ratio": 0.7094017094017094, "TPR": [0.49, 0.31], "TPR whole": 0.4, "TPR ratio": 1.5806451612903225, "FPR": [0.03777777777777778, 0.09555555555555556], "FPR whole": 0.06666666666666667, "FPR ratio": 0.3953488372093023, "PPR": [0.5903614457831325, 0.26495726495726496], "PPR whole": 0.4, "PPR ratio": 2.2281383598911777}, "0.8-0.2": {"roc": 0.7948944444444443, "flag_rate": [0.083, 0.117], "flag_rate_ratio": 0.7094017094017094, "TPR": [0.53, 0.4], "TPR whole": 0.465, "TPR ratio": 1.325, "FPR": [0.03333333333333333, 0.08555555555555555], "FPR whole": 0.059444444444444446, "FPR ratio": 0.38961038961038963, "PPR": [0.6385542168674698, 0.3418803418803419], "PPR whole": 0.465, "PPR ratio": 1.8677710843373492}, "0.8-0.5": {"roc": 0.7936111111111112, "flag_rate": [0.068, 0.132], "flag_rate_ratio": 0.5151515151515151, "TPR": [0.56, 0.41], "TPR whole": 0.485, "TPR ratio": 1.3658536585365855, "FPR": [0.013333333333333334, 0.10111111111111111], "FPR whole": 0.05722222222222222, "FPR ratio": 0.13186813186813187, "PPR": [0.8235294117647058, 0.3106060606060606], "PPR whole": 0.485, "PPR ratio": 2.6513629842180775}, "0.8-0.8": {"roc": 0.791475, "flag_rate": [0.085, 0.115], "flag_rate_ratio": 0.7391304347826088, "TPR": [0.53, 0.37], "TPR whole": 0.45, "TPR ratio": 1.4324324324324325, "FPR": [0.035555555555555556, 0.08666666666666667], "FPR whole": 0.06111111111111111, "FPR ratio": 0.41025641025641024, "PPR": [0.6235294117647059, 0.3217391304347826], "PPR whole": 0.45, "PPR ratio": 1.9379968203497617}}