{"0.01-0.01": {"roc": 0.88655, "flag_rate": [0.084, 0.116], "flag_rate_ratio": 0.7241379310344828, "TPR": [0.71, 0.55], "TPR whole": 0.63, "TPR ratio": 1.2909090909090908, "FPR": [0.014444444444444444, 0.06777777777777778], "FPR whole": 0.04111111111111111, "FPR ratio": 0.21311475409836061, "PPR": [0.8452380952380952, 0.47413793103448276], "PPR whole": 0.63, "PPR ratio": 1.7826839826839826}, "0.01-0.2": {"roc": 0.9050416666666666, "flag_rate": [0.078, 0.122], "flag_rate_ratio": 0.639344262295082, "TPR": [0.74, 0.58], "TPR whole": 0.66, "TPR ratio": 1.2758620689655173, "FPR": [0.0044444444444444444, 0.07111111111111111], "FPR whole": 0.03777777777777778, "FPR ratio": 0.0625, "PPR": [0.9487179487179487, 0.47540983606557374], "PPR whole": 0.66, "PPR ratio": 1.995579133510168}, "0.01-0.5": {"roc": 0.9026694444444444, "flag_rate": [0.071, 0.129], "flag_rate_ratio": 0.5503875968992248, "TPR": [0.68, 0.6], "TPR whole": 0.64, "TPR ratio": 1.1333333333333335, "FPR": [0.0033333333333333335, 0.07666666666666666], "FPR whole": 0.04, "FPR ratio": 0.04347826086956522, "PPR": [0.9577464788732394, 0.46511627906976744], "PPR whole": 0.64, "PPR ratio": 2.0591549295774647}, "0.01-0.8": {"roc": 0.9024833333333333, "flag_rate": [0.079, 0.121], "flag_rate_ratio": 0.6528925619834711, "TPR": [0.71, 0.58], "TPR whole": 0.645, "TPR ratio": 1.2241379310344829, "FPR": [0.008888888888888889, 0.07], "FPR whole": 0.03944444444444444, "FPR ratio": 0.12698412698412698, "PPR": [0.8987341772151899, 0.4793388429752066], "PPR whole": 0.645, "PPR ratio": 1.8749454386730684}, "0.05-0.01": {"roc": 0.8799666666666667, "flag_rate": [0.082, 0.118], "flag_rate_ratio": 0.6949152542372882, "TPR": [0.64, 0.59], "TPR whole": 0.615, "TPR ratio": 1.0847457627118644, "FPR": [0.02, 0.06555555555555556], "FPR whole": 0.042777777777777776, "FPR ratio": 0.30508474576271183, "PPR": [0.7804878048780488, 0.5], "PPR whole": 0.615, "PPR ratio": 1.5609756097560976}, "0.05-0.2": {"roc": 0.9036638888888889, "flag_rate": [0.076, 0.124], "flag_rate_ratio": 0.6129032258064516, "TPR": [0.71, 0.56], "TPR whole": 0.635, "TPR ratio": 1.2678571428571426, "FPR": [0.005555555555555556, 0.07555555555555556], "FPR whole": 0.04055555555555555, "FPR ratio": 0.07352941176470588, "PPR": [0.9342105263157895, 0.45161290322580644], "PPR whole": 0.635, "PPR ratio": 2.068609022556391}, "0.05-0.5": {"roc": 0.8981611111111111, "flag_rate": [0.082, 0.118], "flag_rate_ratio": 0.6949152542372882, "TPR": [0.71, 0.57], "TPR whole": 0.64, "TPR ratio": 1.2456140350877194, "FPR": [0.012222222222222223, 0.06777777777777778], "FPR whole": 0.04, "FPR ratio": 0.18032786885245902, "PPR": [0.8658536585365854, 0.4830508474576271], "PPR whole": 0.64, "PPR ratio": 1.7924689773213522}, "0.05-0.8": {"roc": 0.9074472222222222, "flag_rate": [0.074, 0.126], "flag_rate_ratio": 0.5873015873015872, "TPR": [0.69, 0.6], "TPR whole": 0.645, "TPR ratio": 1.15, "FPR": [0.005555555555555556, 0.07333333333333333], "FPR whole": 0.03944444444444444, "FPR ratio": 0.07575757575757576, "PPR": [0.9324324324324325, 0.47619047619047616], "PPR whole": 0.645, "PPR ratio": 1.9581081081081082}, "0.2-0.01": {"roc": 0.8798305555555556, "flag_rate": [0.075, 0.125], "flag_rate_ratio": 0.6, "TPR": [0.62, 0.6], "TPR whole": 0.61, "TPR ratio": 1.0333333333333334, "FPR": [0.014444444444444444, 0.07222222222222222], "FPR whole": 0.043333333333333335, "FPR ratio": 0.2, "PPR": [0.8266666666666667, 0.48], "PPR whole": 0.61, "PPR ratio": 1.7222222222222223}, "0.2-0.2": {"roc": 0.8994333333333333, "flag_rate": [0.078, 0.122], "flag_rate_ratio": 0.639344262295082, "TPR": [0.73, 0.57], "TPR whole": 0.65, "TPR ratio": 1.280701754385965, "FPR": [0.005555555555555556, 0.07222222222222222], "FPR whole": 0.03888888888888889, "FPR ratio": 0.07692307692307693, "PPR": [0.9358974358974359, 0.4672131147540984], "PPR whole": 0.65, "PPR ratio": 2.00314889788574}, "0.2-0.5": {"roc": 0.9037305555555556, "flag_rate": [0.076, 0.124], "flag_rate_ratio": 0.6129032258064516, "TPR": [0.69, 0.58], "TPR whole": 0.635, "TPR ratio": 1.1896551724137931, "FPR": [0.0077777777777777776, 0.07333333333333333], "FPR whole": 0.04055555555555555, "FPR ratio": 0.10606060606060606, "PPR": [0.9078947368421053, 0.46774193548387094], "PPR whole": 0.635, "PPR ratio": 1.9410163339382942}, "0.2-0.8": {"roc": 0.9042638888888889, "flag_rate": [0.083, 0.117], "flag_rate_ratio": 0.7094017094017094, "TPR": [0.77, 0.58], "TPR whole": 0.675, "TPR ratio": 1.3275862068965518, "FPR": [0.006666666666666667, 0.06555555555555556], "FPR whole": 0.03611111111111111, "FPR ratio": 0.10169491525423728, "PPR": [0.927710843373494, 0.49572649572649574], "PPR whole": 0.675, "PPR ratio": 1.8714167012879102}, "0.5-0.01": {"roc": 0.8968555555555555, "flag_rate": [0.081, 0.119], "flag_rate_ratio": 0.680672268907563, "TPR": [0.7, 0.55], "TPR whole": 0.625, "TPR ratio": 1.2727272727272725, "FPR": [0.012222222222222223, 0.07111111111111111], "FPR whole": 0.041666666666666664, "FPR ratio": 0.171875, "PPR": [0.8641975308641975, 0.46218487394957986], "PPR whole": 0.625, "PPR ratio": 1.8698092031425362}, "0.5-0.2": {"roc": 0.8983277777777778, "flag_rate": [0.074, 0.126], "flag_rate_ratio": 0.5873015873015872, "TPR": [0.69, 0.58], "TPR whole": 0.635, "TPR ratio": 1.1896551724137931, "FPR": [0.005555555555555556, 0.07555555555555556], "FPR whole": 0.04055555555555555, "FPR ratio": 0.07352941176470588, "PPR": [0.9324324324324325, 0.4603174603174603], "PPR whole": 0.635, "PPR ratio": 2.0256290773532153}, "0.5-0.5": {"roc": 0.8949555555555555, "flag_rate": [0.077, 0.123], "flag_rate_ratio": 0.6260162601626016, "TPR": [0.72, 0.57], "TPR whole": 0.645, "TPR ratio": 1.2631578947368423, "FPR": [0.005555555555555556, 0.07333333333333333], "FPR whole": 0.03944444444444444, "FPR ratio": 0.07575757575757576, "PPR": [0.935064935064935, 0.4634146341463415], "PPR whole": 0.645, "PPR ratio": 2.017771701982228}, "0.5-0.8": {"roc": 0.8969388888888888, "flag_rate": [0.088, 0.112], "flag_rate_ratio": 0.7857142857142857, "TPR": [0.76, 0.56], "TPR whole": 0.66, "TPR ratio": 1.357142857142857, "FPR": [0.013333333333333334, 0.06222222222222222], "FPR whole": 0.03777777777777778, "FPR ratio": 0.2142857142857143, "PPR": [0.8636363636363636, 0.5], "PPR whole": 0.66, "PPR ratio": 1.7272727272727273}, "0.8-0.01": {"roc": 0.8989722222222222, "flag_rate": [0.078, 0.122], "flag_rate_ratio": 0.639344262295082, "TPR": [0.7, 0.58], "TPR whole": 0.64, "TPR ratio": 1.206896551724138, "FPR": [0.008888888888888889, 0.07111111111111111], "FPR whole": 0.04, "FPR ratio": 0.125, "PPR": [0.8974358974358975, 0.47540983606557374], "PPR whole": 0.64, "PPR ratio": 1.887709991158267}, "0.8-0.2": {"roc": 0.9043666666666667, "flag_rate": [0.08, 0.12], "flag_rate_ratio": 0.6666666666666667, "TPR": [0.74, 0.58], "TPR whole": 0.66, "TPR ratio": 1.2758620689655173, "FPR": [0.006666666666666667, 0.06888888888888889], "FPR whole": 0.03777777777777778, "FPR ratio": 0.09677419354838711, "PPR": [0.925, 0.48333333333333334], "PPR whole": 0.66, "PPR ratio": 1.913793103448276}, "0.8-0.5": {"roc": 0.9024805555555555, "flag_rate": [0.079, 0.121], "flag_rate_ratio": 0.6528925619834711, "TPR": [0.71, 0.57], "TPR whole": 0.64, "TPR ratio": 1.2456140350877194, "FPR": [0.008888888888888889, 0.07111111111111111], "FPR whole": 0.04, "FPR ratio": 0.125, "PPR": [0.8987341772151899, 0.47107438016528924], "PPR whole": 0.64, "PPR ratio": 1.907839218298912}, "0.8-0.8": {"roc": 0.9000861111111111, "flag_rate": [0.078, 0.122], "flag_rate_ratio": 0.639344262295082, "TPR": [0.69, 0.57], "TPR whole": 0.63, "TPR ratio": 1.2105263157894737, "FPR": [0.01, 0.07222222222222222], "FPR whole": 0.04111111111111111, "FPR ratio": 0.13846153846153847, "PPR": [0.8846153846153846, 0.4672131147540984], "PPR whole": 0.63, "PPR ratio": 1.8933873144399458}}