{"0.01-0.01": {"roc": 0.9619722222222221, "flag_rate": [0.101, 0.099], "flag_rate_ratio": 1.02020202020202, "TPR": [0.84, 0.81], "TPR whole": 0.825, "TPR ratio": 1.037037037037037, "FPR": [0.01888888888888889, 0.02], "FPR whole": 0.019444444444444445, "FPR ratio": 0.9444444444444444, "PPR": [0.8316831683168316, 0.8181818181818182], "PPR whole": 0.825, "PPR ratio": 1.0165016501650164}, "0.01-0.2": {"roc": 0.9551833333333333, "flag_rate": [0.105, 0.095], "flag_rate_ratio": 1.1052631578947367, "TPR": [0.84, 0.77], "TPR whole": 0.805, "TPR ratio": 1.0909090909090908, "FPR": [0.023333333333333334, 0.02], "FPR whole": 0.021666666666666667, "FPR ratio": 1.1666666666666667, "PPR": [0.8, 0.8105263157894737], "PPR whole": 0.805, "PPR ratio": 0.9870129870129871}, "0.01-0.5": {"roc": 0.9477222222222221, "flag_rate": [0.105, 0.095], "flag_rate_ratio": 1.1052631578947367, "TPR": [0.81, 0.77], "TPR whole": 0.79, "TPR ratio": 1.051948051948052, "FPR": [0.02666666666666667, 0.02], "FPR whole": 0.023333333333333334, "FPR ratio": 1.3333333333333335, "PPR": [0.7714285714285715, 0.8105263157894737], "PPR whole": 0.79, "PPR ratio": 0.9517625231910947}, "0.01-0.8": {"roc": 0.9551666666666667, "flag_rate": [0.096, 0.104], "flag_rate_ratio": 0.9230769230769231, "TPR": [0.8, 0.78], "TPR whole": 0.79, "TPR ratio": 1.0256410256410258, "FPR": [0.017777777777777778, 0.028888888888888888], "FPR whole": 0.023333333333333334, "FPR ratio": 0.6153846153846154, "PPR": [0.8333333333333334, 0.75], "PPR whole": 0.79, "PPR ratio": 1.1111111111111112}, "0.05-0.01": {"roc": 0.9587416666666667, "flag_rate": [0.104, 0.096], "flag_rate_ratio": 1.0833333333333333, "TPR": [0.89, 0.81], "TPR whole": 0.85, "TPR ratio": 1.0987654320987654, "FPR": [0.016666666666666666, 0.016666666666666666], "FPR whole": 0.016666666666666666, "FPR ratio": 1.0, "PPR": [0.8557692307692307, 0.84375], "PPR whole": 0.85, "PPR ratio": 1.0142450142450141}, "0.05-0.2": {"roc": 0.9567055555555555, "flag_rate": [0.104, 0.096], "flag_rate_ratio": 1.0833333333333333, "TPR": [0.84, 0.8], "TPR whole": 0.82, "TPR ratio": 1.0499999999999998, "FPR": [0.022222222222222223, 0.017777777777777778], "FPR whole": 0.02, "FPR ratio": 1.25, "PPR": [0.8076923076923077, 0.8333333333333334], "PPR whole": 0.82, "PPR ratio": 0.9692307692307692}, "0.05-0.5": {"roc": 0.9459583333333333, "flag_rate": [0.097, 0.103], "flag_rate_ratio": 0.941747572815534, "TPR": [0.79, 0.8], "TPR whole": 0.795, "TPR ratio": 0.9875, "FPR": [0.02, 0.025555555555555557], "FPR whole": 0.02277777777777778, "FPR ratio": 0.7826086956521738, "PPR": [0.8144329896907216, 0.7766990291262136], "PPR whole": 0.795, "PPR ratio": 1.0485824742268042}, "0.05-0.8": {"roc": 0.9544861111111111, "flag_rate": [0.096, 0.104], "flag_rate_ratio": 0.9230769230769231, "TPR": [0.79, 0.78], "TPR whole": 0.785, "TPR ratio": 1.0128205128205128, "FPR": [0.01888888888888889, 0.028888888888888888], "FPR whole": 0.02388888888888889, "FPR ratio": 0.6538461538461539, "PPR": [0.8229166666666666, 0.75], "PPR whole": 0.785, "PPR ratio": 1.097222222222222}, "0.2-0.01": {"roc": 0.9595249999999999, "flag_rate": [0.106, 0.094], "flag_rate_ratio": 1.127659574468085, "TPR": [0.85, 0.78], "TPR whole": 0.815, "TPR ratio": 1.0897435897435896, "FPR": [0.023333333333333334, 0.017777777777777778], "FPR whole": 0.020555555555555556, "FPR ratio": 1.3125, "PPR": [0.8018867924528302, 0.8297872340425532], "PPR whole": 0.815, "PPR ratio": 0.9663763909046929}, "0.2-0.2": {"roc": 0.9580194444444443, "flag_rate": [0.104, 0.096], "flag_rate_ratio": 1.0833333333333333, "TPR": [0.81, 0.8], "TPR whole": 0.805, "TPR ratio": 1.0125, "FPR": [0.025555555555555557, 0.017777777777777778], "FPR whole": 0.021666666666666667, "FPR ratio": 1.4375, "PPR": [0.7788461538461539, 0.8333333333333334], "PPR whole": 0.805, "PPR ratio": 0.9346153846153846}, "0.2-0.5": {"roc": 0.9448388888888889, "flag_rate": [0.1, 0.1], "flag_rate_ratio": 1.0, "TPR": [0.8, 0.76], "TPR whole": 0.78, "TPR ratio": 1.0526315789473684, "FPR": [0.022222222222222223, 0.02666666666666667], "FPR whole": 0.024444444444444446, "FPR ratio": 0.8333333333333333, "PPR": [0.8, 0.76], "PPR whole": 0.78, "PPR ratio": 1.0526315789473684}, "0.2-0.8": {"roc": 0.9453555555555556, "flag_rate": [0.104, 0.096], "flag_rate_ratio": 1.0833333333333333, "TPR": [0.8, 0.74], "TPR whole": 0.77, "TPR ratio": 1.0810810810810811, "FPR": [0.02666666666666667, 0.024444444444444446], "FPR whole": 0.025555555555555557, "FPR ratio": 1.0909090909090908, "PPR": [0.7692307692307693, 0.7708333333333334], "PPR whole": 0.77, "PPR ratio": 0.997920997920998}, "0.5-0.01": {"roc": 0.9585611111111111, "flag_rate": [0.102, 0.098], "flag_rate_ratio": 1.040816326530612, "TPR": [0.86, 0.81], "TPR whole": 0.835, "TPR ratio": 1.0617283950617282, "FPR": [0.017777777777777778, 0.01888888888888889], "FPR whole": 0.018333333333333333, "FPR ratio": 0.9411764705882353, "PPR": [0.8431372549019608, 0.826530612244898], "PPR whole": 0.835, "PPR ratio": 1.0200919874122487}, "0.5-0.2": {"roc": 0.9441361111111111, "flag_rate": [0.103, 0.097], "flag_rate_ratio": 1.0618556701030928, "TPR": [0.78, 0.78], "TPR whole": 0.78, "TPR ratio": 1.0, "FPR": [0.027777777777777776, 0.021111111111111112], "FPR whole": 0.024444444444444446, "FPR ratio": 1.3157894736842104, "PPR": [0.7572815533980582, 0.8041237113402062], "PPR whole": 0.78, "PPR ratio": 0.9417475728155339}, "0.5-0.5": {"roc": 0.9534999999999999, "flag_rate": [0.102, 0.098], "flag_rate_ratio": 1.040816326530612, "TPR": [0.83, 0.81], "TPR whole": 0.82, "TPR ratio": 1.0246913580246912, "FPR": [0.021111111111111112, 0.01888888888888889], "FPR whole": 0.02, "FPR ratio": 1.1176470588235294, "PPR": [0.8137254901960784, 0.826530612244898], "PPR whole": 0.82, "PPR ratio": 0.9845073832001936}, "0.5-0.8": {"roc": 0.9534166666666666, "flag_rate": [0.102, 0.098], "flag_rate_ratio": 1.040816326530612, "TPR": [0.79, 0.76], "TPR whole": 0.775, "TPR ratio": 1.0394736842105263, "FPR": [0.025555555555555557, 0.024444444444444446], "FPR whole": 0.025, "FPR ratio": 1.0454545454545454, "PPR": [0.7745098039215687, 0.7755102040816326], "PPR whole": 0.775, "PPR ratio": 0.9987100103199175}, "0.8-0.01": {"roc": 0.9608083333333333, "flag_rate": [0.103, 0.097], "flag_rate_ratio": 1.0618556701030928, "TPR": [0.85, 0.81], "TPR whole": 0.83, "TPR ratio": 1.0493827160493827, "FPR": [0.02, 0.017777777777777778], "FPR whole": 0.01888888888888889, "FPR ratio": 1.125, "PPR": [0.8252427184466019, 0.8350515463917526], "PPR whole": 0.83, "PPR ratio": 0.9882536257940788}, "0.8-0.2": {"roc": 0.9495166666666667, "flag_rate": [0.106, 0.094], "flag_rate_ratio": 1.127659574468085, "TPR": [0.8, 0.77], "TPR whole": 0.785, "TPR ratio": 1.038961038961039, "FPR": [0.028888888888888888, 0.01888888888888889], "FPR whole": 0.02388888888888889, "FPR ratio": 1.5294117647058822, "PPR": [0.7547169811320755, 0.8191489361702128], "PPR whole": 0.785, "PPR ratio": 0.921342808135261}, "0.8-0.5": {"roc": 0.9448694444444445, "flag_rate": [0.111, 0.089], "flag_rate_ratio": 1.2471910112359552, "TPR": [0.81, 0.73], "TPR whole": 0.77, "TPR ratio": 1.1095890410958904, "FPR": [0.03333333333333333, 0.017777777777777778], "FPR whole": 0.025555555555555557, "FPR ratio": 1.875, "PPR": [0.7297297297297297, 0.8202247191011236], "PPR whole": 0.77, "PPR ratio": 0.8896704924102184}, "0.8-0.8": {"roc": 0.9474833333333333, "flag_rate": [0.102, 0.098], "flag_rate_ratio": 1.040816326530612, "TPR": [0.77, 0.75], "TPR whole": 0.76, "TPR ratio": 1.0266666666666666, "FPR": [0.027777777777777776, 0.025555555555555557], "FPR whole": 0.02666666666666667, "FPR ratio": 1.0869565217391304, "PPR": [0.7549019607843137, 0.7653061224489796], "PPR whole": 0.76, "PPR ratio": 0.9864052287581699}}