{"flag_ratio": [0.8018018018018018, 0.7667844522968197, 0.7094017094017094, 0.736111111111111, 0.8148820326678767, 0.7331022530329289, 0.7730496453900711, 0.7793594306049821, 0.7301038062283737, 0.7301038062283738, 0.7985611510791365, 0.7699115044247787, 0.8181818181818181, 0.7574692442882252, 0.7699115044247787, 0.7421602787456448, 0.7391304347826088, 0.7857142857142856, 0.7301038062283737, 0.8181818181818182], "tpr_ratio": [0.9522058823529413, 0.894736842105263, 0.8954248366013072, 0.8945686900958467, 0.966542750929368, 0.9235880398671098, 0.848297213622291, 0.8938906752411575, 0.9550173010380625, 0.9220779220779222, 0.9069767441860465, 0.9029126213592232, 0.920138888888889, 0.897106109324759, 0.896774193548387, 0.9198717948717949, 0.9199999999999999, 0.8962264150943398, 0.8875, 0.8672839506172841], "auroc": [0.809436111111111, 0.8498666666666667, 0.8272805555555556, 0.8667638888888888, 0.822112222222222, 0.8461177777777777, 0.8595005555555556, 0.8667972222222222, 0.8448991666666666, 0.8489344444444444, 0.8628216666666667, 0.8574294444444444, 0.8362913888888889, 0.8549366666666668, 0.8523338888888888, 0.8629783333333334, 0.8435994444444445, 0.8662205555555555, 0.8699594444444443, 0.8670877777777779], "key": ["0.01-0.01", "0.01-0.2", "0.01-0.5", "0.01-0.8", "0.05-0.01", "0.05-0.2", "0.05-0.5", "0.05-0.8", "0.2-0.01", "0.2-0.2", "0.2-0.5", "0.2-0.8", "0.5-0.01", "0.5-0.2", "0.5-0.5", "0.5-0.8", "0.8-0.01", "0.8-0.2", "0.8-0.5", "0.8-0.8"]}