{"flag_ratio": [0.9646365422396856, 0.8975332068311194, 0.9083969465648853, 0.8382352941176469, 0.8552875695732837, 0.9342359767891681, 0.8796992481203005, 0.8939393939393939, 0.8939393939393939, 0.8939393939393939, 0.923076923076923, 0.8939393939393939, 0.9120458891013384, 0.8867924528301886, 0.8796992481203008, 0.8939393939393939, 0.9047619047619047, 0.8939393939393939, 0.9011406844106463, 0.8382352941176471], "tpr_ratio": [0.954692556634304, 0.9085365853658537, 0.9051987767584099, 0.9526813880126183, 0.9635761589403973, 0.9135802469135805, 0.9292307692307692, 0.909937888198758, 0.9675324675324675, 0.9290123456790125, 0.9018404907975461, 0.9252336448598132, 0.9458598726114653, 0.9376947040498442, 0.9200000000000002, 0.9345794392523364, 0.928348909657321, 0.9110429447852761, 0.9065420560747665, 0.9617834394904459], "auroc": [0.8788605555555555, 0.8909738888888888, 0.890828888888889, 0.8900566666666666, 0.8833344444444444, 0.8911122222222223, 0.8907361111111112, 0.8905266666666668, 0.8840272222222222, 0.8927094444444446, 0.8908194444444444, 0.890368888888889, 0.8868711111111109, 0.8929655555555556, 0.8908638888888889, 0.8893411111111111, 0.8916483333333332, 0.8922894444444445, 0.8893266666666667, 0.8918877777777778], "key": ["0.01-0.01", "0.01-0.2", "0.01-0.5", "0.01-0.8", "0.05-0.01", "0.05-0.2", "0.05-0.5", "0.05-0.8", "0.2-0.01", "0.2-0.2", "0.2-0.5", "0.2-0.8", "0.5-0.01", "0.5-0.2", "0.5-0.5", "0.5-0.8", "0.8-0.01", "0.8-0.2", "0.8-0.5", "0.8-0.8"]}