{"flag_ratio": [0.9646365422396856, 0.923076923076923, 0.9960079840319361, 0.99203187250996, 0.9880715705765408, 0.9762845849802372, 0.972386587771203, 0.9841269841269841, 0.99203187250996, 0.9646365422396856, 0.9685039370078741, 0.9685039370078741, 0.972386587771203, 0.937984496124031, 0.9801980198019802, 0.9801980198019802, 0.9531249999999999, 0.9762845849802372, 0.9960079840319361, 0.972386587771203], "tpr_ratio": [0.9164345403899724, 0.8891891891891892, 0.9113573407202217, 0.8898071625344355, 0.9357541899441342, 0.9120879120879118, 0.9111111111111112, 0.9083333333333335, 0.9068493150684933, 0.901907356948229, 0.8925619834710743, 0.8876712328767122, 0.918918918918919, 0.8817204301075268, 0.9002770083102495, 0.89196675900277, 0.9013333333333332, 0.9289772727272727, 0.9080779944289694, 0.8988764044943821], "auroc": [0.9192422222222222, 0.9222627777777778, 0.9217150000000001, 0.9156833333333333, 0.9171066666666666, 0.920825, 0.9186416666666666, 0.9175666666666666, 0.9183166666666667, 0.9229872222222223, 0.9213122222222221, 0.9198555555555556, 0.9230394444444444, 0.9238872222222222, 0.9223005555555556, 0.9171611111111112, 0.9265038888888888, 0.918118888888889, 0.9174316666666666, 0.9150194444444445], "key": ["0.01-0.01", "0.01-0.2", "0.01-0.5", "0.01-0.8", "0.05-0.01", "0.05-0.2", "0.05-0.5", "0.05-0.8", "0.2-0.01", "0.2-0.2", "0.2-0.5", "0.2-0.8", "0.5-0.01", "0.5-0.2", "0.5-0.5", "0.5-0.8", "0.8-0.01", "0.8-0.2", "0.8-0.5", "0.8-0.8"]}