{"flag_ratio": [0.972386587771203, 0.9685039370078741, 1.0, 0.9801980198019802, 0.9841269841269841, 0.99203187250996, 0.9841269841269841, 0.9841269841269841, 0.9685039370078741, 0.972386587771203, 1.0, 0.99203187250996, 0.949317738791423, 0.99203187250996, 0.949317738791423, 0.9801980198019802, 0.99203187250996, 1.0, 0.9646365422396856, 0.9801980198019802], "tpr_ratio": [0.9356913183279743, 0.9577922077922078, 0.9579288025889969, 0.9511400651465798, 0.957095709570957, 0.9546925566343042, 0.9322580645161291, 0.9508196721311474, 0.889240506329114, 0.9292604501607719, 0.9354838709677419, 0.9453376205787781, 0.9113924050632912, 0.9514563106796116, 0.9294871794871796, 0.9704918032786884, 0.9426751592356691, 0.9517684887459806, 0.9448051948051948, 0.9573770491803276], "auroc": [0.8894538888888889, 0.8884544444444444, 0.889935, 0.8869505555555556, 0.8893922222222223, 0.8911233333333334, 0.8896455555555555, 0.8888883333333333, 0.8871372222222222, 0.8907688888888888, 0.8904644444444445, 0.8930199999999999, 0.8901555555555556, 0.8911772222222224, 0.88803, 0.8864355555555555, 0.8916355555555555, 0.8904177777777778, 0.8890977777777778, 0.8898977777777779], "key": ["0.01-0.01", "0.01-0.2", "0.01-0.5", "0.01-0.8", "0.05-0.01", "0.05-0.2", "0.05-0.5", "0.05-0.8", "0.2-0.01", "0.2-0.2", "0.2-0.5", "0.2-0.8", "0.5-0.01", "0.5-0.2", "0.5-0.5", "0.5-0.8", "0.8-0.01", "0.8-0.2", "0.8-0.5", "0.8-0.8"]}