{"flag_ratio": [0.9531249999999999, 0.9531249999999999, 0.9193857965451055, 0.949317738791423, 0.9607843137254901, 0.9193857965451055, 0.9047619047619047, 0.9801980198019802, 0.9157088122605362, 0.9569471624266145, 0.99203187250996, 0.9193857965451055, 0.9801980198019802, 0.9157088122605362, 0.972386587771203, 0.923076923076923, 0.9762845849802372, 0.9011406844106463, 0.9880715705765408, 0.9607843137254901], "tpr_ratio": [0.9436274509803922, 0.9587628865979383, 0.9352331606217616, 0.9250645994832042, 0.9585365853658537, 0.961439588688946, 0.9252577319587628, 1.0, 0.9385749385749386, 0.9715762273901809, 0.9656084656084655, 0.9520000000000001, 0.948019801980198, 0.9553805774278213, 0.9278350515463917, 0.9652406417112299, 0.9624060150375939, 0.9736147757255935, 0.9890710382513661, 0.9595687331536388], "auroc": [0.948533888888889, 0.9435733333333334, 0.9309022222222222, 0.9317572222222221, 0.9501811111111111, 0.9389133333333334, 0.9320602777777778, 0.9339611111111111, 0.950371111111111, 0.9415788888888889, 0.9289966666666667, 0.9256711111111111, 0.9495661111111111, 0.9320205555555555, 0.9335444444444445, 0.9300599999999999, 0.9512872222222223, 0.9321627777777778, 0.9226755555555556, 0.927238888888889], "key": ["0.01-0.01", "0.01-0.2", "0.01-0.5", "0.01-0.8", "0.05-0.01", "0.05-0.2", "0.05-0.5", "0.05-0.8", "0.2-0.01", "0.2-0.2", "0.2-0.5", "0.2-0.8", "0.5-0.01", "0.5-0.2", "0.5-0.5", "0.5-0.8", "0.8-0.01", "0.8-0.2", "0.8-0.5", "0.8-0.8"]}