{"flag_ratio": [0.9960079840319361, 0.9646365422396856, 0.972386587771203, 0.9960079840319361, 0.972386587771203, 0.972386587771203, 0.9685039370078741, 0.9762845849802372, 0.9841269841269841, 0.9801980198019802, 0.9646365422396856, 0.972386587771203, 0.949317738791423, 0.9801980198019802, 0.99203187250996, 0.9267822736030827, 0.9685039370078741, 0.9417475728155339, 0.972386587771203, 0.99203187250996], "tpr_ratio": [0.9733009708737862, 0.9454094292803968, 0.9419191919191917, 0.9618320610687024, 0.9404761904761902, 0.9353233830845771, 0.9643765903307886, 0.9308641975308644, 0.9756690997566908, 0.9482758620689656, 0.9242424242424243, 0.9273182957393484, 0.9471153846153845, 0.9522613065326633, 0.9484536082474226, 0.9336734693877551, 0.9664268585131893, 0.9199999999999999, 0.9434447300771209, 0.9638242894056848], "auroc": [0.9543166666666668, 0.9477872222222222, 0.9442294444444445, 0.9430369444444443, 0.9552822222222221, 0.9488294444444444, 0.9447844444444444, 0.9435722222222223, 0.9552116666666667, 0.9482627777777779, 0.942655, 0.9409844444444444, 0.9536094444444444, 0.946628888888889, 0.9406244444444445, 0.9402772222222222, 0.9567322222222222, 0.9445977777777779, 0.9364716666666666, 0.9341638888888888], "key": ["0.01-0.01", "0.01-0.2", "0.01-0.5", "0.01-0.8", "0.05-0.01", "0.05-0.2", "0.05-0.5", "0.05-0.8", "0.2-0.01", "0.2-0.2", "0.2-0.5", "0.2-0.8", "0.5-0.01", "0.5-0.2", "0.5-0.5", "0.5-0.8", "0.8-0.01", "0.8-0.2", "0.8-0.5", "0.8-0.8"]}