{"0.01-0.01": {"roc": 0.9999916666666667, "flag_rate": [0.101, 0.099], "flag_rate_ratio": 1.02020202020202, "TPR": [1.0, 0.99], "TPR whole": 0.995, "TPR ratio": 1.0101010101010102, "FPR": [0.0011111111111111111, 0.0], "FPR whole": 0.0005555555555555556, "FPR ratio": 1.1111111111111112e-08, "PPR": [0.9900990099009901, 1.0], "PPR whole": 0.995, "PPR ratio": 0.9900990099009901}, "0.01-0.2": {"roc": 0.9999944444444445, "flag_rate": [0.101, 0.099], "flag_rate_ratio": 1.02020202020202, "TPR": [1.0, 0.99], "TPR whole": 0.995, "TPR ratio": 1.0101010101010102, "FPR": [0.0011111111111111111, 0.0], "FPR whole": 0.0005555555555555556, "FPR ratio": 1.1111111111111112e-08, "PPR": [0.9900990099009901, 1.0], "PPR whole": 0.995, "PPR ratio": 0.9900990099009901}, "0.01-0.5": {"roc": 0.9999944444444445, "flag_rate": [0.101, 0.099], "flag_rate_ratio": 1.02020202020202, "TPR": [1.0, 0.99], "TPR whole": 0.995, "TPR ratio": 1.0101010101010102, "FPR": [0.0011111111111111111, 0.0], "FPR whole": 0.0005555555555555556, "FPR ratio": 1.1111111111111112e-08, "PPR": [0.9900990099009901, 1.0], "PPR whole": 0.995, "PPR ratio": 0.9900990099009901}, "0.01-0.8": {"roc": 1.0, "flag_rate": [0.1, 0.1], "flag_rate_ratio": 1.0, "TPR": [1.0, 1.0], "TPR whole": 1.0, "TPR ratio": 1.0, "FPR": [0.0, 0.0], "FPR whole": 0.0, "FPR ratio": 0.0, "PPR": [1.0, 1.0], "PPR whole": 1.0, "PPR ratio": 1.0}, "0.05-0.01": {"roc": 0.9999916666666667, "flag_rate": [0.101, 0.099], "flag_rate_ratio": 1.02020202020202, "TPR": [1.0, 0.99], "TPR whole": 0.995, "TPR ratio": 1.0101010101010102, "FPR": [0.0011111111111111111, 0.0], "FPR whole": 0.0005555555555555556, "FPR ratio": 1.1111111111111112e-08, "PPR": [0.9900990099009901, 1.0], "PPR whole": 0.995, "PPR ratio": 0.9900990099009901}, "0.05-0.2": {"roc": 0.9999944444444445, "flag_rate": [0.101, 0.099], "flag_rate_ratio": 1.02020202020202, "TPR": [1.0, 0.99], "TPR whole": 0.995, "TPR ratio": 1.0101010101010102, "FPR": [0.0011111111111111111, 0.0], "FPR whole": 0.0005555555555555556, "FPR ratio": 1.1111111111111112e-08, "PPR": [0.9900990099009901, 1.0], "PPR whole": 0.995, "PPR ratio": 0.9900990099009901}, "0.05-0.5": {"roc": 0.9999972222222222, "flag_rate": [0.101, 0.099], "flag_rate_ratio": 1.02020202020202, "TPR": [1.0, 0.99], "TPR whole": 0.995, "TPR ratio": 1.0101010101010102, "FPR": [0.0011111111111111111, 0.0], "FPR whole": 0.0005555555555555556, "FPR ratio": 1.1111111111111112e-08, "PPR": [0.9900990099009901, 1.0], "PPR whole": 0.995, "PPR ratio": 0.9900990099009901}, "0.05-0.8": {"roc": 0.9999944444444445, "flag_rate": [0.101, 0.099], "flag_rate_ratio": 1.02020202020202, "TPR": [1.0, 0.99], "TPR whole": 0.995, "TPR ratio": 1.0101010101010102, "FPR": [0.0011111111111111111, 0.0], "FPR whole": 0.0005555555555555556, "FPR ratio": 1.1111111111111112e-08, "PPR": [0.9900990099009901, 1.0], "PPR whole": 0.995, "PPR ratio": 0.9900990099009901}, "0.2-0.01": {"roc": 0.9999944444444445, "flag_rate": [0.101, 0.099], "flag_rate_ratio": 1.02020202020202, "TPR": [1.0, 0.99], "TPR whole": 0.995, "TPR ratio": 1.0101010101010102, "FPR": [0.0011111111111111111, 0.0], "FPR whole": 0.0005555555555555556, "FPR ratio": 1.1111111111111112e-08, "PPR": [0.9900990099009901, 1.0], "PPR whole": 0.995, "PPR ratio": 0.9900990099009901}, "0.2-0.2": {"roc": 0.9999944444444445, "flag_rate": [0.101, 0.099], "flag_rate_ratio": 1.02020202020202, "TPR": [1.0, 0.99], "TPR whole": 0.995, "TPR ratio": 1.0101010101010102, "FPR": [0.0011111111111111111, 0.0], "FPR whole": 0.0005555555555555556, "FPR ratio": 1.1111111111111112e-08, "PPR": [0.9900990099009901, 1.0], "PPR whole": 0.995, "PPR ratio": 0.9900990099009901}, "0.2-0.5": {"roc": 0.9999944444444445, "flag_rate": [0.101, 0.099], "flag_rate_ratio": 1.02020202020202, "TPR": [1.0, 0.99], "TPR whole": 0.995, "TPR ratio": 1.0101010101010102, "FPR": [0.0011111111111111111, 0.0], "FPR whole": 0.0005555555555555556, "FPR ratio": 1.1111111111111112e-08, "PPR": [0.9900990099009901, 1.0], "PPR whole": 0.995, "PPR ratio": 0.9900990099009901}, "0.2-0.8": {"roc": 0.9999972222222222, "flag_rate": [0.101, 0.099], "flag_rate_ratio": 1.02020202020202, "TPR": [1.0, 0.99], "TPR whole": 0.995, "TPR ratio": 1.0101010101010102, "FPR": [0.0011111111111111111, 0.0], "FPR whole": 0.0005555555555555556, "FPR ratio": 1.1111111111111112e-08, "PPR": [0.9900990099009901, 1.0], "PPR whole": 0.995, "PPR ratio": 0.9900990099009901}, "0.5-0.01": {"roc": 0.9999861111111111, "flag_rate": [0.101, 0.099], "flag_rate_ratio": 1.02020202020202, "TPR": [1.0, 0.99], "TPR whole": 0.995, "TPR ratio": 1.0101010101010102, "FPR": [0.0011111111111111111, 0.0], "FPR whole": 0.0005555555555555556, "FPR ratio": 1.1111111111111112e-08, "PPR": [0.9900990099009901, 1.0], "PPR whole": 0.995, "PPR ratio": 0.9900990099009901}, "0.5-0.2": {"roc": 0.9999888888888889, "flag_rate": [0.101, 0.099], "flag_rate_ratio": 1.02020202020202, "TPR": [1.0, 0.99], "TPR whole": 0.995, "TPR ratio": 1.0101010101010102, "FPR": [0.0011111111111111111, 0.0], "FPR whole": 0.0005555555555555556, "FPR ratio": 1.1111111111111112e-08, "PPR": [0.9900990099009901, 1.0], "PPR whole": 0.995, "PPR ratio": 0.9900990099009901}, "0.5-0.5": {"roc": 0.9999888888888889, "flag_rate": [0.101, 0.099], "flag_rate_ratio": 1.02020202020202, "TPR": [1.0, 0.99], "TPR whole": 0.995, "TPR ratio": 1.0101010101010102, "FPR": [0.0011111111111111111, 0.0], "FPR whole": 0.0005555555555555556, "FPR ratio": 1.1111111111111112e-08, "PPR": [0.9900990099009901, 1.0], "PPR whole": 0.995, "PPR ratio": 0.9900990099009901}, "0.5-0.8": {"roc": 0.9999916666666667, "flag_rate": [0.101, 0.099], "flag_rate_ratio": 1.02020202020202, "TPR": [1.0, 0.99], "TPR whole": 0.995, "TPR ratio": 1.0101010101010102, "FPR": [0.0011111111111111111, 0.0], "FPR whole": 0.0005555555555555556, "FPR ratio": 1.1111111111111112e-08, "PPR": [0.9900990099009901, 1.0], "PPR whole": 0.995, "PPR ratio": 0.9900990099009901}, "0.8-0.01": {"roc": 0.9999611111111112, "flag_rate": [0.101, 0.099], "flag_rate_ratio": 1.02020202020202, "TPR": [1.0, 0.99], "TPR whole": 0.995, "TPR ratio": 1.0101010101010102, "FPR": [0.0011111111111111111, 0.0], "FPR whole": 0.0005555555555555556, "FPR ratio": 1.1111111111111112e-08, "PPR": [0.9900990099009901, 1.0], "PPR whole": 0.995, "PPR ratio": 0.9900990099009901}, "0.8-0.2": {"roc": 1.0, "flag_rate": [0.1, 0.1], "flag_rate_ratio": 1.0, "TPR": [1.0, 1.0], "TPR whole": 1.0, "TPR ratio": 1.0, "FPR": [0.0, 0.0], "FPR whole": 0.0, "FPR ratio": 0.0, "PPR": [1.0, 1.0], "PPR whole": 1.0, "PPR ratio": 1.0}, "0.8-0.5": {"roc": 0.9999777777777779, "flag_rate": [0.101, 0.099], "flag_rate_ratio": 1.02020202020202, "TPR": [1.0, 0.99], "TPR whole": 0.995, "TPR ratio": 1.0101010101010102, "FPR": [0.0011111111111111111, 0.0], "FPR whole": 0.0005555555555555556, "FPR ratio": 1.1111111111111112e-08, "PPR": [0.9900990099009901, 1.0], "PPR whole": 0.995, "PPR ratio": 0.9900990099009901}, "0.8-0.8": {"roc": 0.9999888888888889, "flag_rate": [0.101, 0.099], "flag_rate_ratio": 1.02020202020202, "TPR": [1.0, 0.99], "TPR whole": 0.995, "TPR ratio": 1.0101010101010102, "FPR": [0.0011111111111111111, 0.0], "FPR whole": 0.0005555555555555556, "FPR ratio": 1.1111111111111112e-08, "PPR": [0.9900990099009901, 1.0], "PPR whole": 0.995, "PPR ratio": 0.9900990099009901}}