{"0.01-0.01": {"roc": 0.8291166666666667, "flag_rate": [0.099, 0.101], "flag_rate_ratio": 0.9801980198019802, "TPR": [0.48, 0.44], "TPR whole": 0.46, "TPR ratio": 1.0909090909090908, "FPR": [0.056666666666666664, 0.06333333333333334], "FPR whole": 0.06, "FPR ratio": 0.894736842105263, "PPR": [0.48484848484848486, 0.43564356435643564], "PPR whole": 0.46, "PPR ratio": 1.112947658402204}, "0.01-0.2": {"roc": 0.8466027777777778, "flag_rate": [0.089, 0.111], "flag_rate_ratio": 0.8018018018018017, "TPR": [0.55, 0.49], "TPR whole": 0.52, "TPR ratio": 1.1224489795918369, "FPR": [0.03777777777777778, 0.06888888888888889], "FPR whole": 0.05333333333333334, "FPR ratio": 0.5483870967741935, "PPR": [0.6179775280898876, 0.44144144144144143], "PPR whole": 0.52, "PPR ratio": 1.3999082779179086}, "0.01-0.5": {"roc": 0.8476972222222222, "flag_rate": [0.091, 0.109], "flag_rate_ratio": 0.8348623853211009, "TPR": [0.52, 0.5], "TPR whole": 0.51, "TPR ratio": 1.04, "FPR": [0.043333333333333335, 0.06555555555555556], "FPR whole": 0.05444444444444444, "FPR ratio": 0.6610169491525424, "PPR": [0.5714285714285714, 0.45871559633027525], "PPR whole": 0.51, "PPR ratio": 1.2457142857142856}, "0.01-0.8": {"roc": 0.8500138888888888, "flag_rate": [0.089, 0.111], "flag_rate_ratio": 0.8018018018018017, "TPR": [0.53, 0.51], "TPR whole": 0.52, "TPR ratio": 1.0392156862745099, "FPR": [0.04, 0.06666666666666667], "FPR whole": 0.05333333333333334, "FPR ratio": 0.6, "PPR": [0.5955056179775281, 0.4594594594594595], "PPR whole": 0.52, "PPR ratio": 1.2961004626569728}, "0.05-0.01": {"roc": 0.8458944444444445, "flag_rate": [0.087, 0.113], "flag_rate_ratio": 0.7699115044247787, "TPR": [0.5, 0.52], "TPR whole": 0.51, "TPR ratio": 0.9615384615384615, "FPR": [0.04111111111111111, 0.06777777777777778], "FPR whole": 0.05444444444444444, "FPR ratio": 0.6065573770491803, "PPR": [0.5747126436781609, 0.46017699115044247], "PPR whole": 0.51, "PPR ratio": 1.248894783377542}, "0.05-0.2": {"roc": 0.8466416666666668, "flag_rate": [0.094, 0.106], "flag_rate_ratio": 0.8867924528301887, "TPR": [0.55, 0.49], "TPR whole": 0.52, "TPR ratio": 1.1224489795918369, "FPR": [0.043333333333333335, 0.06333333333333334], "FPR whole": 0.05333333333333334, "FPR ratio": 0.6842105263157895, "PPR": [0.5851063829787234, 0.46226415094339623], "PPR whole": 0.52, "PPR ratio": 1.265740338688667}, "0.05-0.5": {"roc": 0.8456861111111111, "flag_rate": [0.092, 0.108], "flag_rate_ratio": 0.8518518518518519, "TPR": [0.56, 0.5], "TPR whole": 0.53, "TPR ratio": 1.12, "FPR": [0.04, 0.06444444444444444], "FPR whole": 0.052222222222222225, "FPR ratio": 0.6206896551724138, "PPR": [0.6086956521739131, 0.46296296296296297], "PPR whole": 0.53, "PPR ratio": 1.3147826086956522}, "0.05-0.8": {"roc": 0.839875, "flag_rate": [0.093, 0.107], "flag_rate_ratio": 0.8691588785046729, "TPR": [0.53, 0.51], "TPR whole": 0.52, "TPR ratio": 1.0392156862745099, "FPR": [0.044444444444444446, 0.06222222222222222], "FPR whole": 0.05333333333333334, "FPR ratio": 0.7142857142857143, "PPR": [0.5698924731182796, 0.4766355140186916], "PPR whole": 0.52, "PPR ratio": 1.1956567573265866}, "0.2-0.01": {"roc": 0.8324472222222222, "flag_rate": [0.098, 0.102], "flag_rate_ratio": 0.9607843137254903, "TPR": [0.48, 0.51], "TPR whole": 0.495, "TPR ratio": 0.9411764705882353, "FPR": [0.05555555555555555, 0.056666666666666664], "FPR whole": 0.05611111111111111, "FPR ratio": 0.9803921568627451, "PPR": [0.4897959183673469, 0.5], "PPR whole": 0.495, "PPR ratio": 0.9795918367346939}, "0.2-0.2": {"roc": 0.8511833333333334, "flag_rate": [0.088, 0.112], "flag_rate_ratio": 0.7857142857142857, "TPR": [0.51, 0.54], "TPR whole": 0.525, "TPR ratio": 0.9444444444444444, "FPR": [0.04111111111111111, 0.06444444444444444], "FPR whole": 0.05277777777777778, "FPR ratio": 0.6379310344827587, "PPR": [0.5795454545454546, 0.48214285714285715], "PPR whole": 0.525, "PPR ratio": 1.202020202020202}, "0.2-0.5": {"roc": 0.8500833333333334, "flag_rate": [0.088, 0.112], "flag_rate_ratio": 0.7857142857142857, "TPR": [0.53, 0.52], "TPR whole": 0.525, "TPR ratio": 1.0192307692307692, "FPR": [0.03888888888888889, 0.06666666666666667], "FPR whole": 0.05277777777777778, "FPR ratio": 0.5833333333333334, "PPR": [0.6022727272727273, 0.4642857142857143], "PPR whole": 0.525, "PPR ratio": 1.2972027972027973}, "0.2-0.8": {"roc": 0.8501277777777777, "flag_rate": [0.086, 0.114], "flag_rate_ratio": 0.7543859649122806, "TPR": [0.53, 0.51], "TPR whole": 0.52, "TPR ratio": 1.0392156862745099, "FPR": [0.03666666666666667, 0.07], "FPR whole": 0.05333333333333334, "FPR ratio": 0.5238095238095237, "PPR": [0.6162790697674418, 0.4473684210526316], "PPR whole": 0.52, "PPR ratio": 1.377564979480164}, "0.5-0.01": {"roc": 0.8386777777777777, "flag_rate": [0.091, 0.109], "flag_rate_ratio": 0.8348623853211009, "TPR": [0.5, 0.49], "TPR whole": 0.495, "TPR ratio": 1.0204081632653061, "FPR": [0.04555555555555556, 0.06666666666666667], "FPR whole": 0.05611111111111111, "FPR ratio": 0.6833333333333333, "PPR": [0.5494505494505495, 0.44954128440366975], "PPR whole": 0.495, "PPR ratio": 1.2222471406144877}, "0.5-0.2": {"roc": 0.8490111111111112, "flag_rate": [0.082, 0.118], "flag_rate_ratio": 0.6949152542372882, "TPR": [0.49, 0.54], "TPR whole": 0.515, "TPR ratio": 0.9074074074074073, "FPR": [0.03666666666666667, 0.07111111111111111], "FPR whole": 0.05388888888888889, "FPR ratio": 0.515625, "PPR": [0.5975609756097561, 0.4576271186440678], "PPR whole": 0.515, "PPR ratio": 1.3057813911472447}, "0.5-0.5": {"roc": 0.8533416666666668, "flag_rate": [0.088, 0.112], "flag_rate_ratio": 0.7857142857142857, "TPR": [0.54, 0.52], "TPR whole": 0.53, "TPR ratio": 1.0384615384615385, "FPR": [0.03777777777777778, 0.06666666666666667], "FPR whole": 0.052222222222222225, "FPR ratio": 0.5666666666666667, "PPR": [0.6136363636363636, 0.4642857142857143], "PPR whole": 0.53, "PPR ratio": 1.3216783216783217}, "0.5-0.8": {"roc": 0.8449833333333334, "flag_rate": [0.096, 0.104], "flag_rate_ratio": 0.9230769230769231, "TPR": [0.52, 0.48], "TPR whole": 0.5, "TPR ratio": 1.0833333333333335, "FPR": [0.04888888888888889, 0.06222222222222222], "FPR whole": 0.05555555555555555, "FPR ratio": 0.7857142857142858, "PPR": [0.5416666666666666, 0.46153846153846156], "PPR whole": 0.5, "PPR ratio": 1.173611111111111}, "0.8-0.01": {"roc": 0.8424722222222221, "flag_rate": [0.093, 0.107], "flag_rate_ratio": 0.8691588785046729, "TPR": [0.5, 0.52], "TPR whole": 0.51, "TPR ratio": 0.9615384615384615, "FPR": [0.04777777777777778, 0.06111111111111111], "FPR whole": 0.05444444444444444, "FPR ratio": 0.7818181818181819, "PPR": [0.5376344086021505, 0.48598130841121495], "PPR whole": 0.51, "PPR ratio": 1.106286186931348}, "0.8-0.2": {"roc": 0.8503305555555555, "flag_rate": [0.086, 0.114], "flag_rate_ratio": 0.7543859649122806, "TPR": [0.52, 0.52], "TPR whole": 0.52, "TPR ratio": 1.0, "FPR": [0.03777777777777778, 0.06888888888888889], "FPR whole": 0.05333333333333334, "FPR ratio": 0.5483870967741935, "PPR": [0.6046511627906976, 0.45614035087719296], "PPR whole": 0.52, "PPR ratio": 1.3255813953488371}, "0.8-0.5": {"roc": 0.8495277777777777, "flag_rate": [0.093, 0.107], "flag_rate_ratio": 0.8691588785046729, "TPR": [0.55, 0.48], "TPR whole": 0.515, "TPR ratio": 1.1458333333333335, "FPR": [0.042222222222222223, 0.06555555555555556], "FPR whole": 0.05388888888888889, "FPR ratio": 0.6440677966101694, "PPR": [0.5913978494623656, 0.4485981308411215], "PPR whole": 0.515, "PPR ratio": 1.3183243727598568}, "0.8-0.8": {"roc": 0.8473555555555556, "flag_rate": [0.088, 0.112], "flag_rate_ratio": 0.7857142857142857, "TPR": [0.54, 0.5], "TPR whole": 0.52, "TPR ratio": 1.08, "FPR": [0.03777777777777778, 0.06888888888888889], "FPR whole": 0.05333333333333334, "FPR ratio": 0.5483870967741935, "PPR": [0.6136363636363636, 0.44642857142857145], "PPR whole": 0.52, "PPR ratio": 1.3745454545454545}}