{"0.01-0.01": {"roc": 0.9448194444444444, "flag_rate": [0.101, 0.099], "flag_rate_ratio": 1.02020202020202, "TPR": [0.83, 0.81], "TPR whole": 0.82, "TPR ratio": 1.0246913580246912, "FPR": [0.02, 0.02], "FPR whole": 0.02, "FPR ratio": 1.0, "PPR": [0.8217821782178217, 0.8181818181818182], "PPR whole": 0.82, "PPR ratio": 1.0044004400440043}, "0.01-0.2": {"roc": 0.9458722222222222, "flag_rate": [0.106, 0.094], "flag_rate_ratio": 1.127659574468085, "TPR": [0.83, 0.78], "TPR whole": 0.805, "TPR ratio": 1.064102564102564, "FPR": [0.025555555555555557, 0.017777777777777778], "FPR whole": 0.021666666666666667, "FPR ratio": 1.4375, "PPR": [0.7830188679245284, 0.8297872340425532], "PPR whole": 0.805, "PPR ratio": 0.943638122883406}, "0.01-0.5": {"roc": 0.9400861111111111, "flag_rate": [0.1, 0.1], "flag_rate_ratio": 1.0, "TPR": [0.83, 0.72], "TPR whole": 0.775, "TPR ratio": 1.1527777777777777, "FPR": [0.01888888888888889, 0.03111111111111111], "FPR whole": 0.025, "FPR ratio": 0.6071428571428572, "PPR": [0.83, 0.72], "PPR whole": 0.775, "PPR ratio": 1.1527777777777777}, "0.01-0.8": {"roc": 0.9398750000000001, "flag_rate": [0.108, 0.092], "flag_rate_ratio": 1.173913043478261, "TPR": [0.83, 0.73], "TPR whole": 0.78, "TPR ratio": 1.136986301369863, "FPR": [0.027777777777777776, 0.021111111111111112], "FPR whole": 0.024444444444444446, "FPR ratio": 1.3157894736842104, "PPR": [0.7685185185185185, 0.7934782608695652], "PPR whole": 0.78, "PPR ratio": 0.9685438863521055}, "0.05-0.01": {"roc": 0.9438027777777778, "flag_rate": [0.104, 0.096], "flag_rate_ratio": 1.0833333333333333, "TPR": [0.83, 0.77], "TPR whole": 0.8, "TPR ratio": 1.077922077922078, "FPR": [0.023333333333333334, 0.021111111111111112], "FPR whole": 0.022222222222222223, "FPR ratio": 1.105263157894737, "PPR": [0.7980769230769231, 0.8020833333333334], "PPR whole": 0.8, "PPR ratio": 0.9950049950049951}, "0.05-0.2": {"roc": 0.9418138888888888, "flag_rate": [0.108, 0.092], "flag_rate_ratio": 1.173913043478261, "TPR": [0.82, 0.73], "TPR whole": 0.775, "TPR ratio": 1.1232876712328768, "FPR": [0.028888888888888888, 0.021111111111111112], "FPR whole": 0.025, "FPR ratio": 1.3684210526315788, "PPR": [0.7592592592592593, 0.7934782608695652], "PPR whole": 0.775, "PPR ratio": 0.9568746829020802}, "0.05-0.5": {"roc": 0.9375638888888889, "flag_rate": [0.096, 0.104], "flag_rate_ratio": 0.9230769230769231, "TPR": [0.79, 0.77], "TPR whole": 0.78, "TPR ratio": 1.025974025974026, "FPR": [0.01888888888888889, 0.03], "FPR whole": 0.024444444444444446, "FPR ratio": 0.6296296296296297, "PPR": [0.8229166666666666, 0.7403846153846154], "PPR whole": 0.78, "PPR ratio": 1.1114718614718613}, "0.05-0.8": {"roc": 0.9363972222222222, "flag_rate": [0.1, 0.1], "flag_rate_ratio": 1.0, "TPR": [0.8, 0.75], "TPR whole": 0.775, "TPR ratio": 1.0666666666666667, "FPR": [0.022222222222222223, 0.027777777777777776], "FPR whole": 0.025, "FPR ratio": 0.8, "PPR": [0.8, 0.75], "PPR whole": 0.775, "PPR ratio": 1.0666666666666667}, "0.2-0.01": {"roc": 0.9457944444444444, "flag_rate": [0.1, 0.1], "flag_rate_ratio": 1.0, "TPR": [0.82, 0.83], "TPR whole": 0.825, "TPR ratio": 0.9879518072289156, "FPR": [0.02, 0.01888888888888889], "FPR whole": 0.019444444444444445, "FPR ratio": 1.0588235294117647, "PPR": [0.82, 0.83], "PPR whole": 0.825, "PPR ratio": 0.9879518072289156}, "0.2-0.2": {"roc": 0.9459472222222224, "flag_rate": [0.102, 0.098], "flag_rate_ratio": 1.040816326530612, "TPR": [0.86, 0.78], "TPR whole": 0.82, "TPR ratio": 1.1025641025641024, "FPR": [0.017777777777777778, 0.022222222222222223], "FPR whole": 0.02, "FPR ratio": 0.7999999999999999, "PPR": [0.8431372549019608, 0.7959183673469388], "PPR whole": 0.82, "PPR ratio": 1.0593262946204123}, "0.2-0.5": {"roc": 0.9379527777777777, "flag_rate": [0.095, 0.105], "flag_rate_ratio": 0.9047619047619048, "TPR": [0.77, 0.74], "TPR whole": 0.755, "TPR ratio": 1.0405405405405406, "FPR": [0.02, 0.034444444444444444], "FPR whole": 0.02722222222222222, "FPR ratio": 0.5806451612903226, "PPR": [0.8105263157894737, 0.7047619047619048], "PPR whole": 0.755, "PPR ratio": 1.150071123755334}, "0.2-0.8": {"roc": 0.938025, "flag_rate": [0.104, 0.096], "flag_rate_ratio": 1.0833333333333333, "TPR": [0.83, 0.73], "TPR whole": 0.78, "TPR ratio": 1.136986301369863, "FPR": [0.023333333333333334, 0.025555555555555557], "FPR whole": 0.024444444444444446, "FPR ratio": 0.9130434782608695, "PPR": [0.7980769230769231, 0.7604166666666666], "PPR whole": 0.78, "PPR ratio": 1.0495258166491044}, "0.5-0.01": {"roc": 0.9476916666666666, "flag_rate": [0.1, 0.1], "flag_rate_ratio": 1.0, "TPR": [0.83, 0.84], "TPR whole": 0.835, "TPR ratio": 0.9880952380952381, "FPR": [0.01888888888888889, 0.017777777777777778], "FPR whole": 0.018333333333333333, "FPR ratio": 1.0625, "PPR": [0.83, 0.84], "PPR whole": 0.835, "PPR ratio": 0.9880952380952381}, "0.5-0.2": {"roc": 0.9415722222222223, "flag_rate": [0.105, 0.095], "flag_rate_ratio": 1.1052631578947367, "TPR": [0.82, 0.75], "TPR whole": 0.785, "TPR ratio": 1.0933333333333333, "FPR": [0.025555555555555557, 0.022222222222222223], "FPR whole": 0.02388888888888889, "FPR ratio": 1.1500000000000001, "PPR": [0.780952380952381, 0.7894736842105263], "PPR whole": 0.785, "PPR ratio": 0.9892063492063492}, "0.5-0.5": {"roc": 0.9355722222222222, "flag_rate": [0.105, 0.095], "flag_rate_ratio": 1.1052631578947367, "TPR": [0.83, 0.73], "TPR whole": 0.78, "TPR ratio": 1.136986301369863, "FPR": [0.024444444444444446, 0.024444444444444446], "FPR whole": 0.024444444444444446, "FPR ratio": 1.0, "PPR": [0.7904761904761904, 0.7684210526315789], "PPR whole": 0.78, "PPR ratio": 1.0287018917155903}, "0.5-0.8": {"roc": 0.9340305555555555, "flag_rate": [0.104, 0.096], "flag_rate_ratio": 1.0833333333333333, "TPR": [0.79, 0.72], "TPR whole": 0.755, "TPR ratio": 1.0972222222222223, "FPR": [0.027777777777777776, 0.02666666666666667], "FPR whole": 0.02722222222222222, "FPR ratio": 1.0416666666666665, "PPR": [0.7596153846153846, 0.75], "PPR whole": 0.755, "PPR ratio": 1.0128205128205128}, "0.8-0.01": {"roc": 0.9491027777777777, "flag_rate": [0.101, 0.099], "flag_rate_ratio": 1.02020202020202, "TPR": [0.84, 0.81], "TPR whole": 0.825, "TPR ratio": 1.037037037037037, "FPR": [0.01888888888888889, 0.02], "FPR whole": 0.019444444444444445, "FPR ratio": 0.9444444444444444, "PPR": [0.8316831683168316, 0.8181818181818182], "PPR whole": 0.825, "PPR ratio": 1.0165016501650164}, "0.8-0.2": {"roc": 0.9430638888888889, "flag_rate": [0.106, 0.094], "flag_rate_ratio": 1.127659574468085, "TPR": [0.83, 0.76], "TPR whole": 0.795, "TPR ratio": 1.0921052631578947, "FPR": [0.025555555555555557, 0.02], "FPR whole": 0.02277777777777778, "FPR ratio": 1.277777777777778, "PPR": [0.7830188679245284, 0.8085106382978723], "PPR whole": 0.795, "PPR ratio": 0.9684707050645482}, "0.8-0.5": {"roc": 0.9394527777777778, "flag_rate": [0.101, 0.099], "flag_rate_ratio": 1.02020202020202, "TPR": [0.78, 0.73], "TPR whole": 0.755, "TPR ratio": 1.0684931506849316, "FPR": [0.025555555555555557, 0.028888888888888888], "FPR whole": 0.02722222222222222, "FPR ratio": 0.8846153846153847, "PPR": [0.7722772277227723, 0.7373737373737373], "PPR whole": 0.755, "PPR ratio": 1.0473348704733487}, "0.8-0.8": {"roc": 0.9279305555555556, "flag_rate": [0.106, 0.094], "flag_rate_ratio": 1.127659574468085, "TPR": [0.79, 0.73], "TPR whole": 0.76, "TPR ratio": 1.082191780821918, "FPR": [0.03, 0.023333333333333334], "FPR whole": 0.02666666666666667, "FPR ratio": 1.2857142857142856, "PPR": [0.7452830188679245, 0.776595744680851], "PPR whole": 0.76, "PPR ratio": 0.9596795037477385}}