{"0.01-0.01": {"roc": 0.9119638888888889, "flag_rate": [0.098, 0.102], "flag_rate_ratio": 0.9607843137254903, "TPR": [0.67, 0.65], "TPR whole": 0.66, "TPR ratio": 1.0307692307692309, "FPR": [0.034444444444444444, 0.04111111111111111], "FPR whole": 0.03777777777777778, "FPR ratio": 0.8378378378378378, "PPR": [0.6836734693877551, 0.6372549019607843], "PPR whole": 0.66, "PPR ratio": 1.0728414442700158}, "0.01-0.2": {"roc": 0.9082500000000001, "flag_rate": [0.101, 0.099], "flag_rate_ratio": 1.02020202020202, "TPR": [0.68, 0.61], "TPR whole": 0.645, "TPR ratio": 1.1147540983606559, "FPR": [0.03666666666666667, 0.042222222222222223], "FPR whole": 0.03944444444444444, "FPR ratio": 0.8684210526315789, "PPR": [0.6732673267326733, 0.6161616161616161], "PPR whole": 0.645, "PPR ratio": 1.0926797597792568}, "0.01-0.5": {"roc": 0.914588888888889, "flag_rate": [0.1, 0.1], "flag_rate_ratio": 1.0, "TPR": [0.65, 0.62], "TPR whole": 0.635, "TPR ratio": 1.0483870967741935, "FPR": [0.03888888888888889, 0.042222222222222223], "FPR whole": 0.04055555555555555, "FPR ratio": 0.9210526315789473, "PPR": [0.65, 0.62], "PPR whole": 0.635, "PPR ratio": 1.0483870967741935}, "0.01-0.8": {"roc": 0.9086194444444445, "flag_rate": [0.1, 0.1], "flag_rate_ratio": 1.0, "TPR": [0.67, 0.63], "TPR whole": 0.65, "TPR ratio": 1.0634920634920635, "FPR": [0.03666666666666667, 0.04111111111111111], "FPR whole": 0.03888888888888889, "FPR ratio": 0.8918918918918919, "PPR": [0.67, 0.63], "PPR whole": 0.65, "PPR ratio": 1.0634920634920635}, "0.05-0.01": {"roc": 0.915425, "flag_rate": [0.097, 0.103], "flag_rate_ratio": 0.941747572815534, "TPR": [0.63, 0.64], "TPR whole": 0.635, "TPR ratio": 0.984375, "FPR": [0.03777777777777778, 0.043333333333333335], "FPR whole": 0.04055555555555555, "FPR ratio": 0.8717948717948718, "PPR": [0.6494845360824743, 0.6213592233009708], "PPR whole": 0.635, "PPR ratio": 1.045264175257732}, "0.05-0.2": {"roc": 0.9174944444444444, "flag_rate": [0.098, 0.102], "flag_rate_ratio": 0.9607843137254903, "TPR": [0.66, 0.63], "TPR whole": 0.645, "TPR ratio": 1.0476190476190477, "FPR": [0.035555555555555556, 0.043333333333333335], "FPR whole": 0.03944444444444444, "FPR ratio": 0.8205128205128205, "PPR": [0.673469387755102, 0.6176470588235294], "PPR whole": 0.645, "PPR ratio": 1.0903790087463556}, "0.05-0.5": {"roc": 0.9106805555555556, "flag_rate": [0.1, 0.1], "flag_rate_ratio": 1.0, "TPR": [0.64, 0.62], "TPR whole": 0.63, "TPR ratio": 1.032258064516129, "FPR": [0.04, 0.042222222222222223], "FPR whole": 0.04111111111111111, "FPR ratio": 0.9473684210526315, "PPR": [0.64, 0.62], "PPR whole": 0.63, "PPR ratio": 1.032258064516129}, "0.05-0.8": {"roc": 0.9081972222222223, "flag_rate": [0.1, 0.1], "flag_rate_ratio": 1.0, "TPR": [0.64, 0.62], "TPR whole": 0.63, "TPR ratio": 1.032258064516129, "FPR": [0.04, 0.042222222222222223], "FPR whole": 0.04111111111111111, "FPR ratio": 0.9473684210526315, "PPR": [0.64, 0.62], "PPR whole": 0.63, "PPR ratio": 1.032258064516129}, "0.2-0.01": {"roc": 0.9115638888888888, "flag_rate": [0.104, 0.096], "flag_rate_ratio": 1.0833333333333333, "TPR": [0.71, 0.63], "TPR whole": 0.67, "TPR ratio": 1.126984126984127, "FPR": [0.03666666666666667, 0.03666666666666667], "FPR whole": 0.03666666666666667, "FPR ratio": 1.0, "PPR": [0.6826923076923077, 0.65625], "PPR whole": 0.67, "PPR ratio": 1.0402930402930404}, "0.2-0.2": {"roc": 0.9143972222222223, "flag_rate": [0.098, 0.102], "flag_rate_ratio": 0.9607843137254903, "TPR": [0.64, 0.62], "TPR whole": 0.63, "TPR ratio": 1.032258064516129, "FPR": [0.03777777777777778, 0.044444444444444446], "FPR whole": 0.04111111111111111, "FPR ratio": 0.85, "PPR": [0.6530612244897959, 0.6078431372549019], "PPR whole": 0.63, "PPR ratio": 1.0743910467412772}, "0.2-0.5": {"roc": 0.907911111111111, "flag_rate": [0.101, 0.099], "flag_rate_ratio": 1.02020202020202, "TPR": [0.69, 0.63], "TPR whole": 0.66, "TPR ratio": 1.0952380952380951, "FPR": [0.035555555555555556, 0.04], "FPR whole": 0.03777777777777778, "FPR ratio": 0.8888888888888888, "PPR": [0.6831683168316832, 0.6363636363636364], "PPR whole": 0.66, "PPR ratio": 1.0735502121640736}, "0.2-0.8": {"roc": 0.9112222222222223, "flag_rate": [0.096, 0.104], "flag_rate_ratio": 0.9230769230769231, "TPR": [0.64, 0.62], "TPR whole": 0.63, "TPR ratio": 1.032258064516129, "FPR": [0.035555555555555556, 0.04666666666666667], "FPR whole": 0.04111111111111111, "FPR ratio": 0.7619047619047619, "PPR": [0.6666666666666666, 0.5961538461538461], "PPR whole": 0.63, "PPR ratio": 1.118279569892473}, "0.5-0.01": {"roc": 0.9191916666666667, "flag_rate": [0.098, 0.102], "flag_rate_ratio": 0.9607843137254903, "TPR": [0.69, 0.63], "TPR whole": 0.66, "TPR ratio": 1.0952380952380951, "FPR": [0.03222222222222222, 0.043333333333333335], "FPR whole": 0.03777777777777778, "FPR ratio": 0.7435897435897435, "PPR": [0.7040816326530612, 0.6176470588235294], "PPR whole": 0.66, "PPR ratio": 1.1399416909620992}, "0.5-0.2": {"roc": 0.9123222222222223, "flag_rate": [0.1, 0.1], "flag_rate_ratio": 1.0, "TPR": [0.65, 0.62], "TPR whole": 0.635, "TPR ratio": 1.0483870967741935, "FPR": [0.03888888888888889, 0.042222222222222223], "FPR whole": 0.04055555555555555, "FPR ratio": 0.9210526315789473, "PPR": [0.65, 0.62], "PPR whole": 0.635, "PPR ratio": 1.0483870967741935}, "0.5-0.5": {"roc": 0.9123194444444446, "flag_rate": [0.097, 0.103], "flag_rate_ratio": 0.941747572815534, "TPR": [0.64, 0.62], "TPR whole": 0.63, "TPR ratio": 1.032258064516129, "FPR": [0.03666666666666667, 0.04555555555555556], "FPR whole": 0.04111111111111111, "FPR ratio": 0.8048780487804877, "PPR": [0.6597938144329897, 0.6019417475728155], "PPR whole": 0.63, "PPR ratio": 1.0961090788160959}, "0.5-0.8": {"roc": 0.9038194444444443, "flag_rate": [0.097, 0.103], "flag_rate_ratio": 0.941747572815534, "TPR": [0.62, 0.63], "TPR whole": 0.625, "TPR ratio": 0.9841269841269841, "FPR": [0.03888888888888889, 0.044444444444444446], "FPR whole": 0.041666666666666664, "FPR ratio": 0.875, "PPR": [0.6391752577319587, 0.6116504854368932], "PPR whole": 0.625, "PPR ratio": 1.0450008181966945}, "0.8-0.01": {"roc": 0.9129416666666668, "flag_rate": [0.101, 0.099], "flag_rate_ratio": 1.02020202020202, "TPR": [0.67, 0.64], "TPR whole": 0.655, "TPR ratio": 1.046875, "FPR": [0.03777777777777778, 0.03888888888888889], "FPR whole": 0.03833333333333333, "FPR ratio": 0.9714285714285714, "PPR": [0.6633663366336634, 0.6464646464646465], "PPR whole": 0.655, "PPR ratio": 1.026144801980198}, "0.8-0.2": {"roc": 0.9072027777777778, "flag_rate": [0.099, 0.101], "flag_rate_ratio": 0.9801980198019802, "TPR": [0.67, 0.63], "TPR whole": 0.65, "TPR ratio": 1.0634920634920635, "FPR": [0.035555555555555556, 0.042222222222222223], "FPR whole": 0.03888888888888889, "FPR ratio": 0.8421052631578947, "PPR": [0.6767676767676768, 0.6237623762376238], "PPR whole": 0.65, "PPR ratio": 1.0849767516434183}, "0.8-0.5": {"roc": 0.9067750000000001, "flag_rate": [0.099, 0.101], "flag_rate_ratio": 0.9801980198019802, "TPR": [0.66, 0.63], "TPR whole": 0.645, "TPR ratio": 1.0476190476190477, "FPR": [0.03666666666666667, 0.042222222222222223], "FPR whole": 0.03944444444444444, "FPR ratio": 0.8684210526315789, "PPR": [0.6666666666666666, 0.6237623762376238], "PPR whole": 0.645, "PPR ratio": 1.0687830687830688}, "0.8-0.8": {"roc": 0.9061527777777778, "flag_rate": [0.099, 0.101], "flag_rate_ratio": 0.9801980198019802, "TPR": [0.66, 0.63], "TPR whole": 0.645, "TPR ratio": 1.0476190476190477, "FPR": [0.03666666666666667, 0.042222222222222223], "FPR whole": 0.03944444444444444, "FPR ratio": 0.8684210526315789, "PPR": [0.6666666666666666, 0.6237623762376238], "PPR whole": 0.645, "PPR ratio": 1.0687830687830688}}