{"0.01-0.01": {"roc": 0.946363888888889, "flag_rate": [0.105, 0.095], "flag_rate_ratio": 1.1052631578947367, "TPR": [0.81, 0.78], "TPR whole": 0.795, "TPR ratio": 1.0384615384615385, "FPR": [0.02666666666666667, 0.01888888888888889], "FPR whole": 0.02277777777777778, "FPR ratio": 1.411764705882353, "PPR": [0.7714285714285715, 0.8210526315789474], "PPR whole": 0.795, "PPR ratio": 0.9395604395604396}, "0.01-0.2": {"roc": 0.9439472222222222, "flag_rate": [0.098, 0.102], "flag_rate_ratio": 0.9607843137254903, "TPR": [0.75, 0.78], "TPR whole": 0.765, "TPR ratio": 0.9615384615384615, "FPR": [0.025555555555555557, 0.02666666666666667], "FPR whole": 0.026111111111111113, "FPR ratio": 0.9583333333333334, "PPR": [0.7653061224489796, 0.7647058823529411], "PPR whole": 0.765, "PPR ratio": 1.000784929356358}, "0.01-0.5": {"roc": 0.9189333333333333, "flag_rate": [0.1, 0.1], "flag_rate_ratio": 1.0, "TPR": [0.73, 0.73], "TPR whole": 0.73, "TPR ratio": 1.0, "FPR": [0.03, 0.03], "FPR whole": 0.03, "FPR ratio": 1.0, "PPR": [0.73, 0.73], "PPR whole": 0.73, "PPR ratio": 1.0}, "0.01-0.8": {"roc": 0.9275777777777778, "flag_rate": [0.105, 0.095], "flag_rate_ratio": 1.1052631578947367, "TPR": [0.75, 0.73], "TPR whole": 0.74, "TPR ratio": 1.0273972602739727, "FPR": [0.03333333333333333, 0.024444444444444446], "FPR whole": 0.028888888888888888, "FPR ratio": 1.3636363636363635, "PPR": [0.7142857142857143, 0.7684210526315789], "PPR whole": 0.74, "PPR ratio": 0.929549902152642}, "0.05-0.01": {"roc": 0.9433, "flag_rate": [0.101, 0.099], "flag_rate_ratio": 1.02020202020202, "TPR": [0.77, 0.81], "TPR whole": 0.79, "TPR ratio": 0.9506172839506173, "FPR": [0.02666666666666667, 0.02], "FPR whole": 0.023333333333333334, "FPR ratio": 1.3333333333333335, "PPR": [0.7623762376237624, 0.8181818181818182], "PPR whole": 0.79, "PPR ratio": 0.9317931793179317}, "0.05-0.2": {"roc": 0.9388388888888889, "flag_rate": [0.102, 0.098], "flag_rate_ratio": 1.040816326530612, "TPR": [0.73, 0.76], "TPR whole": 0.745, "TPR ratio": 0.9605263157894737, "FPR": [0.03222222222222222, 0.024444444444444446], "FPR whole": 0.028333333333333332, "FPR ratio": 1.3181818181818181, "PPR": [0.7156862745098039, 0.7755102040816326], "PPR whole": 0.745, "PPR ratio": 0.922858617131063}, "0.05-0.5": {"roc": 0.9283055555555555, "flag_rate": [0.109, 0.091], "flag_rate_ratio": 1.1978021978021978, "TPR": [0.75, 0.72], "TPR whole": 0.735, "TPR ratio": 1.0416666666666667, "FPR": [0.03777777777777778, 0.021111111111111112], "FPR whole": 0.029444444444444443, "FPR ratio": 1.7894736842105263, "PPR": [0.6880733944954128, 0.7912087912087912], "PPR whole": 0.735, "PPR ratio": 0.8696483180428135}, "0.05-0.8": {"roc": 0.9337638888888888, "flag_rate": [0.095, 0.105], "flag_rate_ratio": 0.9047619047619048, "TPR": [0.71, 0.78], "TPR whole": 0.745, "TPR ratio": 0.9102564102564101, "FPR": [0.02666666666666667, 0.03], "FPR whole": 0.028333333333333332, "FPR ratio": 0.888888888888889, "PPR": [0.7473684210526316, 0.7428571428571429], "PPR whole": 0.745, "PPR ratio": 1.0060728744939271}, "0.2-0.01": {"roc": 0.9443972222222222, "flag_rate": [0.106, 0.094], "flag_rate_ratio": 1.127659574468085, "TPR": [0.81, 0.8], "TPR whole": 0.805, "TPR ratio": 1.0125, "FPR": [0.027777777777777776, 0.015555555555555555], "FPR whole": 0.021666666666666667, "FPR ratio": 1.7857142857142856, "PPR": [0.7641509433962265, 0.851063829787234], "PPR whole": 0.805, "PPR ratio": 0.897877358490566}, "0.2-0.2": {"roc": 0.939486111111111, "flag_rate": [0.103, 0.097], "flag_rate_ratio": 1.0618556701030928, "TPR": [0.75, 0.76], "TPR whole": 0.755, "TPR ratio": 0.9868421052631579, "FPR": [0.03111111111111111, 0.023333333333333334], "FPR whole": 0.02722222222222222, "FPR ratio": 1.3333333333333333, "PPR": [0.7281553398058253, 0.7835051546391752], "PPR whole": 0.755, "PPR ratio": 0.9293561573837507}, "0.2-0.5": {"roc": 0.9245611111111111, "flag_rate": [0.105, 0.095], "flag_rate_ratio": 1.1052631578947367, "TPR": [0.73, 0.72], "TPR whole": 0.725, "TPR ratio": 1.0138888888888888, "FPR": [0.035555555555555556, 0.025555555555555557], "FPR whole": 0.030555555555555555, "FPR ratio": 1.391304347826087, "PPR": [0.6952380952380952, 0.7578947368421053], "PPR whole": 0.725, "PPR ratio": 0.9173280423280422}, "0.2-0.8": {"roc": 0.9195527777777778, "flag_rate": [0.105, 0.095], "flag_rate_ratio": 1.1052631578947367, "TPR": [0.72, 0.75], "TPR whole": 0.735, "TPR ratio": 0.96, "FPR": [0.03666666666666667, 0.022222222222222223], "FPR whole": 0.029444444444444443, "FPR ratio": 1.65, "PPR": [0.6857142857142857, 0.7894736842105263], "PPR whole": 0.735, "PPR ratio": 0.8685714285714285}, "0.5-0.01": {"roc": 0.9439972222222222, "flag_rate": [0.102, 0.098], "flag_rate_ratio": 1.040816326530612, "TPR": [0.77, 0.79], "TPR whole": 0.78, "TPR ratio": 0.9746835443037974, "FPR": [0.027777777777777776, 0.021111111111111112], "FPR whole": 0.024444444444444446, "FPR ratio": 1.3157894736842104, "PPR": [0.7549019607843137, 0.8061224489795918], "PPR whole": 0.78, "PPR ratio": 0.9364606602134524}, "0.5-0.2": {"roc": 0.9258388888888888, "flag_rate": [0.099, 0.101], "flag_rate_ratio": 0.9801980198019802, "TPR": [0.74, 0.73], "TPR whole": 0.735, "TPR ratio": 1.0136986301369864, "FPR": [0.027777777777777776, 0.03111111111111111], "FPR whole": 0.029444444444444443, "FPR ratio": 0.8928571428571428, "PPR": [0.7474747474747475, 0.7227722772277227], "PPR whole": 0.735, "PPR ratio": 1.034177390341774}, "0.5-0.5": {"roc": 0.9239916666666665, "flag_rate": [0.113, 0.087], "flag_rate_ratio": 1.2988505747126438, "TPR": [0.75, 0.67], "TPR whole": 0.71, "TPR ratio": 1.1194029850746268, "FPR": [0.042222222222222223, 0.022222222222222223], "FPR whole": 0.03222222222222222, "FPR ratio": 1.9, "PPR": [0.6637168141592921, 0.7701149425287356], "PPR whole": 0.71, "PPR ratio": 0.8618412362963942}, "0.5-0.8": {"roc": 0.9191555555555555, "flag_rate": [0.106, 0.094], "flag_rate_ratio": 1.127659574468085, "TPR": [0.73, 0.73], "TPR whole": 0.73, "TPR ratio": 1.0, "FPR": [0.03666666666666667, 0.023333333333333334], "FPR whole": 0.03, "FPR ratio": 1.5714285714285714, "PPR": [0.6886792452830188, 0.776595744680851], "PPR whole": 0.73, "PPR ratio": 0.8867924528301887}, "0.8-0.01": {"roc": 0.9420361111111111, "flag_rate": [0.107, 0.093], "flag_rate_ratio": 1.1505376344086022, "TPR": [0.78, 0.76], "TPR whole": 0.77, "TPR ratio": 1.0263157894736843, "FPR": [0.03222222222222222, 0.01888888888888889], "FPR whole": 0.025555555555555557, "FPR ratio": 1.7058823529411764, "PPR": [0.7289719626168224, 0.8172043010752689], "PPR whole": 0.77, "PPR ratio": 0.8920314805705852}, "0.8-0.2": {"roc": 0.9310416666666668, "flag_rate": [0.107, 0.093], "flag_rate_ratio": 1.1505376344086022, "TPR": [0.74, 0.76], "TPR whole": 0.75, "TPR ratio": 0.9736842105263158, "FPR": [0.03666666666666667, 0.01888888888888889], "FPR whole": 0.027777777777777776, "FPR ratio": 1.9411764705882353, "PPR": [0.6915887850467289, 0.8172043010752689], "PPR whole": 0.75, "PPR ratio": 0.8462862764387603}, "0.8-0.5": {"roc": 0.9232527777777777, "flag_rate": [0.092, 0.108], "flag_rate_ratio": 0.8518518518518519, "TPR": [0.69, 0.76], "TPR whole": 0.725, "TPR ratio": 0.9078947368421052, "FPR": [0.025555555555555557, 0.035555555555555556], "FPR whole": 0.030555555555555555, "FPR ratio": 0.71875, "PPR": [0.75, 0.7037037037037037], "PPR whole": 0.725, "PPR ratio": 1.0657894736842104}, "0.8-0.8": {"roc": 0.9250194444444446, "flag_rate": [0.1, 0.1], "flag_rate_ratio": 1.0, "TPR": [0.71, 0.72], "TPR whole": 0.715, "TPR ratio": 0.986111111111111, "FPR": [0.03222222222222222, 0.03111111111111111], "FPR whole": 0.03166666666666667, "FPR ratio": 1.0357142857142858, "PPR": [0.71, 0.72], "PPR whole": 0.715, "PPR ratio": 0.986111111111111}}