{"0.01-0.01": {"roc": 0.9245111111111111, "flag_rate": [0.104, 0.096], "flag_rate_ratio": 1.0833333333333333, "TPR": [0.77, 0.68], "TPR whole": 0.725, "TPR ratio": 1.1323529411764706, "FPR": [0.03, 0.03111111111111111], "FPR whole": 0.030555555555555555, "FPR ratio": 0.9642857142857143, "PPR": [0.7403846153846154, 0.7083333333333334], "PPR whole": 0.725, "PPR ratio": 1.0452488687782806}, "0.01-0.2": {"roc": 0.9196972222222222, "flag_rate": [0.109, 0.091], "flag_rate_ratio": 1.1978021978021978, "TPR": [0.78, 0.68], "TPR whole": 0.73, "TPR ratio": 1.1470588235294117, "FPR": [0.034444444444444444, 0.025555555555555557], "FPR whole": 0.03, "FPR ratio": 1.3478260869565217, "PPR": [0.7155963302752294, 0.7472527472527473], "PPR whole": 0.73, "PPR ratio": 0.9576362655153805}, "0.01-0.5": {"roc": 0.9230499999999999, "flag_rate": [0.105, 0.095], "flag_rate_ratio": 1.1052631578947367, "TPR": [0.77, 0.67], "TPR whole": 0.72, "TPR ratio": 1.1492537313432836, "FPR": [0.03111111111111111, 0.03111111111111111], "FPR whole": 0.03111111111111111, "FPR ratio": 1.0, "PPR": [0.7333333333333333, 0.7052631578947368], "PPR whole": 0.72, "PPR ratio": 1.0398009950248757}, "0.01-0.8": {"roc": 0.9081027777777777, "flag_rate": [0.096, 0.104], "flag_rate_ratio": 0.9230769230769231, "TPR": [0.74, 0.66], "TPR whole": 0.7, "TPR ratio": 1.121212121212121, "FPR": [0.024444444444444446, 0.042222222222222223], "FPR whole": 0.03333333333333333, "FPR ratio": 0.5789473684210527, "PPR": [0.7708333333333334, 0.6346153846153846], "PPR whole": 0.7, "PPR ratio": 1.2146464646464648}, "0.05-0.01": {"roc": 0.9124527777777779, "flag_rate": [0.103, 0.097], "flag_rate_ratio": 1.0618556701030928, "TPR": [0.77, 0.69], "TPR whole": 0.73, "TPR ratio": 1.1159420289855073, "FPR": [0.028888888888888888, 0.03111111111111111], "FPR whole": 0.03, "FPR ratio": 0.9285714285714286, "PPR": [0.7475728155339806, 0.711340206185567], "PPR whole": 0.73, "PPR ratio": 1.0509356971999437}, "0.05-0.2": {"roc": 0.9185555555555557, "flag_rate": [0.104, 0.096], "flag_rate_ratio": 1.0833333333333333, "TPR": [0.78, 0.67], "TPR whole": 0.725, "TPR ratio": 1.164179104477612, "FPR": [0.028888888888888888, 0.03222222222222222], "FPR whole": 0.030555555555555555, "FPR ratio": 0.896551724137931, "PPR": [0.75, 0.6979166666666666], "PPR whole": 0.725, "PPR ratio": 1.0746268656716418}, "0.05-0.5": {"roc": 0.9175583333333334, "flag_rate": [0.095, 0.105], "flag_rate_ratio": 0.9047619047619048, "TPR": [0.74, 0.69], "TPR whole": 0.715, "TPR ratio": 1.0724637681159421, "FPR": [0.023333333333333334, 0.04], "FPR whole": 0.03166666666666667, "FPR ratio": 0.5833333333333334, "PPR": [0.7789473684210526, 0.6571428571428571], "PPR whole": 0.715, "PPR ratio": 1.1853546910755148}, "0.05-0.8": {"roc": 0.9175083333333334, "flag_rate": [0.102, 0.098], "flag_rate_ratio": 1.040816326530612, "TPR": [0.79, 0.68], "TPR whole": 0.735, "TPR ratio": 1.1617647058823528, "FPR": [0.025555555555555557, 0.03333333333333333], "FPR whole": 0.029444444444444443, "FPR ratio": 0.7666666666666667, "PPR": [0.7745098039215687, 0.6938775510204082], "PPR whole": 0.735, "PPR ratio": 1.1162053056516725}, "0.2-0.01": {"roc": 0.904461111111111, "flag_rate": [0.102, 0.098], "flag_rate_ratio": 1.040816326530612, "TPR": [0.75, 0.66], "TPR whole": 0.705, "TPR ratio": 1.1363636363636362, "FPR": [0.03, 0.035555555555555556], "FPR whole": 0.03277777777777778, "FPR ratio": 0.84375, "PPR": [0.7352941176470589, 0.673469387755102], "PPR whole": 0.705, "PPR ratio": 1.091800356506239}, "0.2-0.2": {"roc": 0.9236916666666666, "flag_rate": [0.107, 0.093], "flag_rate_ratio": 1.1505376344086022, "TPR": [0.78, 0.67], "TPR whole": 0.725, "TPR ratio": 1.164179104477612, "FPR": [0.03222222222222222, 0.028888888888888888], "FPR whole": 0.030555555555555555, "FPR ratio": 1.1153846153846154, "PPR": [0.7289719626168224, 0.7204301075268817], "PPR whole": 0.725, "PPR ratio": 1.0118566048263355}, "0.2-0.5": {"roc": 0.9177638888888889, "flag_rate": [0.1, 0.1], "flag_rate_ratio": 1.0, "TPR": [0.76, 0.65], "TPR whole": 0.705, "TPR ratio": 1.1692307692307693, "FPR": [0.02666666666666667, 0.03888888888888889], "FPR whole": 0.03277777777777778, "FPR ratio": 0.6857142857142857, "PPR": [0.76, 0.65], "PPR whole": 0.705, "PPR ratio": 1.1692307692307693}, "0.2-0.8": {"roc": 0.9160083333333331, "flag_rate": [0.105, 0.095], "flag_rate_ratio": 1.1052631578947367, "TPR": [0.78, 0.65], "TPR whole": 0.715, "TPR ratio": 1.2, "FPR": [0.03, 0.03333333333333333], "FPR whole": 0.03166666666666667, "FPR ratio": 0.9, "PPR": [0.7428571428571429, 0.6842105263157895], "PPR whole": 0.715, "PPR ratio": 1.0857142857142856}, "0.5-0.01": {"roc": 0.9190916666666665, "flag_rate": [0.105, 0.095], "flag_rate_ratio": 1.1052631578947367, "TPR": [0.8, 0.7], "TPR whole": 0.75, "TPR ratio": 1.142857142857143, "FPR": [0.027777777777777776, 0.027777777777777776], "FPR whole": 0.027777777777777776, "FPR ratio": 1.0, "PPR": [0.7619047619047619, 0.7368421052631579], "PPR whole": 0.75, "PPR ratio": 1.034013605442177}, "0.5-0.2": {"roc": 0.9271333333333334, "flag_rate": [0.109, 0.091], "flag_rate_ratio": 1.1978021978021978, "TPR": [0.79, 0.67], "TPR whole": 0.73, "TPR ratio": 1.1791044776119404, "FPR": [0.03333333333333333, 0.02666666666666667], "FPR whole": 0.03, "FPR ratio": 1.25, "PPR": [0.7247706422018348, 0.7362637362637363], "PPR whole": 0.73, "PPR ratio": 0.984389976721895}, "0.5-0.5": {"roc": 0.9228055555555555, "flag_rate": [0.1, 0.1], "flag_rate_ratio": 1.0, "TPR": [0.77, 0.66], "TPR whole": 0.715, "TPR ratio": 1.1666666666666667, "FPR": [0.025555555555555557, 0.03777777777777778], "FPR whole": 0.03166666666666667, "FPR ratio": 0.6764705882352942, "PPR": [0.77, 0.66], "PPR whole": 0.715, "PPR ratio": 1.1666666666666667}, "0.5-0.8": {"roc": 0.9156805555555555, "flag_rate": [0.107, 0.093], "flag_rate_ratio": 1.1505376344086022, "TPR": [0.78, 0.66], "TPR whole": 0.72, "TPR ratio": 1.1818181818181819, "FPR": [0.03222222222222222, 0.03], "FPR whole": 0.03111111111111111, "FPR ratio": 1.0740740740740742, "PPR": [0.7289719626168224, 0.7096774193548387], "PPR whole": 0.72, "PPR ratio": 1.0271877655055224}, "0.8-0.01": {"roc": 0.9290305555555556, "flag_rate": [0.101, 0.099], "flag_rate_ratio": 1.02020202020202, "TPR": [0.79, 0.71], "TPR whole": 0.75, "TPR ratio": 1.1126760563380282, "FPR": [0.024444444444444446, 0.03111111111111111], "FPR whole": 0.027777777777777776, "FPR ratio": 0.7857142857142858, "PPR": [0.7821782178217822, 0.7171717171717171], "PPR whole": 0.75, "PPR ratio": 1.090642867103612}, "0.8-0.2": {"roc": 0.9112944444444444, "flag_rate": [0.101, 0.099], "flag_rate_ratio": 1.02020202020202, "TPR": [0.74, 0.64], "TPR whole": 0.69, "TPR ratio": 1.15625, "FPR": [0.03, 0.03888888888888889], "FPR whole": 0.034444444444444444, "FPR ratio": 0.7714285714285714, "PPR": [0.7326732673267327, 0.6464646464646465], "PPR whole": 0.69, "PPR ratio": 1.1333539603960394}, "0.8-0.5": {"roc": 0.9130861111111112, "flag_rate": [0.098, 0.102], "flag_rate_ratio": 0.9607843137254903, "TPR": [0.75, 0.67], "TPR whole": 0.71, "TPR ratio": 1.1194029850746268, "FPR": [0.025555555555555557, 0.03888888888888889], "FPR whole": 0.03222222222222222, "FPR ratio": 0.6571428571428571, "PPR": [0.7653061224489796, 0.6568627450980392], "PPR whole": 0.71, "PPR ratio": 1.1650929028327748}, "0.8-0.8": {"roc": 0.9109305555555556, "flag_rate": [0.106, 0.094], "flag_rate_ratio": 1.127659574468085, "TPR": [0.73, 0.68], "TPR whole": 0.705, "TPR ratio": 1.0735294117647058, "FPR": [0.03666666666666667, 0.028888888888888888], "FPR whole": 0.03277777777777778, "FPR ratio": 1.2692307692307694, "PPR": [0.6886792452830188, 0.723404255319149], "PPR whole": 0.705, "PPR ratio": 0.951997780244173}}