{"0.01-0.01": {"roc": 0.8377305555555555, "flag_rate": [0.107, 0.093], "flag_rate_ratio": 1.1505376344086022, "TPR": [0.45, 0.52], "TPR whole": 0.485, "TPR ratio": 0.8653846153846154, "FPR": [0.06888888888888889, 0.04555555555555556], "FPR whole": 0.05722222222222222, "FPR ratio": 1.5121951219512195, "PPR": [0.4205607476635514, 0.5591397849462365], "PPR whole": 0.485, "PPR ratio": 0.7521567217828901}, "0.01-0.2": {"roc": 0.8687916666666667, "flag_rate": [0.102, 0.098], "flag_rate_ratio": 1.040816326530612, "TPR": [0.6, 0.61], "TPR whole": 0.605, "TPR ratio": 0.9836065573770492, "FPR": [0.04666666666666667, 0.04111111111111111], "FPR whole": 0.04388888888888889, "FPR ratio": 1.135135135135135, "PPR": [0.5882352941176471, 0.6224489795918368], "PPR whole": 0.605, "PPR ratio": 0.9450337512054002}, "0.01-0.5": {"roc": 0.8757277777777777, "flag_rate": [0.097, 0.103], "flag_rate_ratio": 0.941747572815534, "TPR": [0.57, 0.57], "TPR whole": 0.57, "TPR ratio": 1.0, "FPR": [0.044444444444444446, 0.051111111111111114], "FPR whole": 0.04777777777777778, "FPR ratio": 0.8695652173913043, "PPR": [0.5876288659793815, 0.5533980582524272], "PPR whole": 0.57, "PPR ratio": 1.0618556701030928}, "0.01-0.8": {"roc": 0.8810638888888889, "flag_rate": [0.096, 0.104], "flag_rate_ratio": 0.9230769230769231, "TPR": [0.56, 0.6], "TPR whole": 0.58, "TPR ratio": 0.9333333333333335, "FPR": [0.044444444444444446, 0.04888888888888889], "FPR whole": 0.04666666666666667, "FPR ratio": 0.9090909090909091, "PPR": [0.5833333333333334, 0.5769230769230769], "PPR whole": 0.58, "PPR ratio": 1.0111111111111113}, "0.05-0.01": {"roc": 0.8698694444444444, "flag_rate": [0.103, 0.097], "flag_rate_ratio": 1.0618556701030928, "TPR": [0.57, 0.56], "TPR whole": 0.565, "TPR ratio": 1.0178571428571426, "FPR": [0.051111111111111114, 0.04555555555555556], "FPR whole": 0.04833333333333333, "FPR ratio": 1.1219512195121952, "PPR": [0.5533980582524272, 0.5773195876288659], "PPR whole": 0.565, "PPR ratio": 0.9585644937586686}, "0.05-0.2": {"roc": 0.8728833333333332, "flag_rate": [0.093, 0.107], "flag_rate_ratio": 0.8691588785046729, "TPR": [0.55, 0.6], "TPR whole": 0.575, "TPR ratio": 0.9166666666666667, "FPR": [0.042222222222222223, 0.052222222222222225], "FPR whole": 0.04722222222222222, "FPR ratio": 0.8085106382978723, "PPR": [0.5913978494623656, 0.5607476635514018], "PPR whole": 0.575, "PPR ratio": 1.0546594982078854}, "0.05-0.5": {"roc": 0.8757333333333333, "flag_rate": [0.098, 0.102], "flag_rate_ratio": 0.9607843137254903, "TPR": [0.61, 0.6], "TPR whole": 0.605, "TPR ratio": 1.0166666666666666, "FPR": [0.04111111111111111, 0.04666666666666667], "FPR whole": 0.04388888888888889, "FPR ratio": 0.8809523809523809, "PPR": [0.6224489795918368, 0.5882352941176471], "PPR whole": 0.605, "PPR ratio": 1.0581632653061224}, "0.05-0.8": {"roc": 0.88145, "flag_rate": [0.098, 0.102], "flag_rate_ratio": 0.9607843137254903, "TPR": [0.58, 0.59], "TPR whole": 0.585, "TPR ratio": 0.983050847457627, "FPR": [0.044444444444444446, 0.04777777777777778], "FPR whole": 0.04611111111111111, "FPR ratio": 0.9302325581395349, "PPR": [0.5918367346938775, 0.5784313725490197], "PPR whole": 0.585, "PPR ratio": 1.0231753718436527}, "0.2-0.01": {"roc": 0.8752388888888889, "flag_rate": [0.096, 0.104], "flag_rate_ratio": 0.9230769230769231, "TPR": [0.63, 0.6], "TPR whole": 0.615, "TPR ratio": 1.05, "FPR": [0.03666666666666667, 0.04888888888888889], "FPR whole": 0.042777777777777776, "FPR ratio": 0.75, "PPR": [0.65625, 0.5769230769230769], "PPR whole": 0.615, "PPR ratio": 1.1375000000000002}, "0.2-0.2": {"roc": 0.8806638888888889, "flag_rate": [0.093, 0.107], "flag_rate_ratio": 0.8691588785046729, "TPR": [0.58, 0.6], "TPR whole": 0.59, "TPR ratio": 0.9666666666666667, "FPR": [0.03888888888888889, 0.052222222222222225], "FPR whole": 0.04555555555555556, "FPR ratio": 0.7446808510638298, "PPR": [0.6236559139784946, 0.5607476635514018], "PPR whole": 0.59, "PPR ratio": 1.1121863799283156}, "0.2-0.5": {"roc": 0.8833222222222222, "flag_rate": [0.099, 0.101], "flag_rate_ratio": 0.9801980198019802, "TPR": [0.56, 0.55], "TPR whole": 0.555, "TPR ratio": 1.0181818181818183, "FPR": [0.04777777777777778, 0.051111111111111114], "FPR whole": 0.049444444444444444, "FPR ratio": 0.9347826086956522, "PPR": [0.5656565656565656, 0.5445544554455446], "PPR whole": 0.555, "PPR ratio": 1.0387511478420568}, "0.2-0.8": {"roc": 0.8822305555555556, "flag_rate": [0.089, 0.111], "flag_rate_ratio": 0.8018018018018017, "TPR": [0.56, 0.61], "TPR whole": 0.585, "TPR ratio": 0.918032786885246, "FPR": [0.03666666666666667, 0.05555555555555555], "FPR whole": 0.04611111111111111, "FPR ratio": 0.66, "PPR": [0.6292134831460674, 0.5495495495495496], "PPR whole": 0.585, "PPR ratio": 1.1449622398231718}, "0.5-0.01": {"roc": 0.8700027777777778, "flag_rate": [0.1, 0.1], "flag_rate_ratio": 1.0, "TPR": [0.55, 0.58], "TPR whole": 0.565, "TPR ratio": 0.9482758620689656, "FPR": [0.05, 0.04666666666666667], "FPR whole": 0.04833333333333333, "FPR ratio": 1.0714285714285714, "PPR": [0.55, 0.58], "PPR whole": 0.565, "PPR ratio": 0.9482758620689656}, "0.5-0.2": {"roc": 0.873175, "flag_rate": [0.097, 0.103], "flag_rate_ratio": 0.941747572815534, "TPR": [0.57, 0.6], "TPR whole": 0.585, "TPR ratio": 0.95, "FPR": [0.044444444444444446, 0.04777777777777778], "FPR whole": 0.04611111111111111, "FPR ratio": 0.9302325581395349, "PPR": [0.5876288659793815, 0.5825242718446602], "PPR whole": 0.585, "PPR ratio": 1.0087628865979383}, "0.5-0.5": {"roc": 0.8798999999999999, "flag_rate": [0.098, 0.102], "flag_rate_ratio": 0.9607843137254903, "TPR": [0.59, 0.57], "TPR whole": 0.58, "TPR ratio": 1.0350877192982457, "FPR": [0.043333333333333335, 0.05], "FPR whole": 0.04666666666666667, "FPR ratio": 0.8666666666666667, "PPR": [0.6020408163265306, 0.5588235294117647], "PPR whole": 0.58, "PPR ratio": 1.0773361976369495}, "0.5-0.8": {"roc": 0.8788166666666666, "flag_rate": [0.095, 0.105], "flag_rate_ratio": 0.9047619047619048, "TPR": [0.56, 0.6], "TPR whole": 0.58, "TPR ratio": 0.9333333333333335, "FPR": [0.043333333333333335, 0.05], "FPR whole": 0.04666666666666667, "FPR ratio": 0.8666666666666667, "PPR": [0.5894736842105263, 0.5714285714285714], "PPR whole": 0.58, "PPR ratio": 1.031578947368421}, "0.8-0.01": {"roc": 0.8780666666666667, "flag_rate": [0.095, 0.105], "flag_rate_ratio": 0.9047619047619048, "TPR": [0.58, 0.61], "TPR whole": 0.595, "TPR ratio": 0.9508196721311475, "FPR": [0.04111111111111111, 0.04888888888888889], "FPR whole": 0.045, "FPR ratio": 0.8409090909090909, "PPR": [0.6105263157894737, 0.580952380952381], "PPR whole": 0.595, "PPR ratio": 1.0509059534081104}, "0.8-0.2": {"roc": 0.8741999999999999, "flag_rate": [0.097, 0.103], "flag_rate_ratio": 0.941747572815534, "TPR": [0.6, 0.6], "TPR whole": 0.6, "TPR ratio": 1.0, "FPR": [0.04111111111111111, 0.04777777777777778], "FPR whole": 0.044444444444444446, "FPR ratio": 0.8604651162790697, "PPR": [0.6185567010309279, 0.5825242718446602], "PPR whole": 0.6, "PPR ratio": 1.0618556701030928}, "0.8-0.5": {"roc": 0.878836111111111, "flag_rate": [0.095, 0.105], "flag_rate_ratio": 0.9047619047619048, "TPR": [0.58, 0.58], "TPR whole": 0.58, "TPR ratio": 1.0, "FPR": [0.04111111111111111, 0.052222222222222225], "FPR whole": 0.04666666666666667, "FPR ratio": 0.7872340425531915, "PPR": [0.6105263157894737, 0.5523809523809524], "PPR whole": 0.58, "PPR ratio": 1.1052631578947367}, "0.8-0.8": {"roc": 0.8749083333333334, "flag_rate": [0.096, 0.104], "flag_rate_ratio": 0.9230769230769231, "TPR": [0.59, 0.62], "TPR whole": 0.605, "TPR ratio": 0.9516129032258064, "FPR": [0.04111111111111111, 0.04666666666666667], "FPR whole": 0.04388888888888889, "FPR ratio": 0.8809523809523809, "PPR": [0.6145833333333334, 0.5961538461538461], "PPR whole": 0.605, "PPR ratio": 1.0309139784946237}}