{"0.01-0.01": {"roc": 0.8853194444444445, "flag_rate": [0.085, 0.115], "flag_rate_ratio": 0.7391304347826088, "TPR": [0.66, 0.62], "TPR whole": 0.64, "TPR ratio": 1.0645161290322582, "FPR": [0.021111111111111112, 0.058888888888888886], "FPR whole": 0.04, "FPR ratio": 0.3584905660377359, "PPR": [0.7764705882352941, 0.5391304347826087], "PPR whole": 0.64, "PPR ratio": 1.4402277039848197}, "0.01-0.2": {"roc": 0.8980666666666667, "flag_rate": [0.076, 0.124], "flag_rate_ratio": 0.6129032258064516, "TPR": [0.68, 0.65], "TPR whole": 0.665, "TPR ratio": 1.0461538461538462, "FPR": [0.008888888888888889, 0.06555555555555556], "FPR whole": 0.03722222222222222, "FPR ratio": 0.13559322033898305, "PPR": [0.8947368421052632, 0.5241935483870968], "PPR whole": 0.665, "PPR ratio": 1.7068825910931176}, "0.01-0.5": {"roc": 0.8970472222222223, "flag_rate": [0.089, 0.111], "flag_rate_ratio": 0.8018018018018017, "TPR": [0.72, 0.62], "TPR whole": 0.67, "TPR ratio": 1.161290322580645, "FPR": [0.01888888888888889, 0.05444444444444444], "FPR whole": 0.03666666666666667, "FPR ratio": 0.34693877551020413, "PPR": [0.8089887640449438, 0.5585585585585585], "PPR whole": 0.67, "PPR ratio": 1.4483508517578834}, "0.01-0.8": {"roc": 0.8971694444444444, "flag_rate": [0.086, 0.114], "flag_rate_ratio": 0.7543859649122806, "TPR": [0.7, 0.64], "TPR whole": 0.67, "TPR ratio": 1.09375, "FPR": [0.017777777777777778, 0.05555555555555555], "FPR whole": 0.03666666666666667, "FPR ratio": 0.32, "PPR": [0.813953488372093, 0.5614035087719298], "PPR whole": 0.67, "PPR ratio": 1.4498546511627908}, "0.05-0.01": {"roc": 0.9030111111111112, "flag_rate": [0.074, 0.126], "flag_rate_ratio": 0.5873015873015872, "TPR": [0.7, 0.63], "TPR whole": 0.665, "TPR ratio": 1.111111111111111, "FPR": [0.0044444444444444444, 0.07], "FPR whole": 0.03722222222222222, "FPR ratio": 0.06349206349206349, "PPR": [0.9459459459459459, 0.5], "PPR whole": 0.665, "PPR ratio": 1.8918918918918919}, "0.05-0.2": {"roc": 0.9007527777777778, "flag_rate": [0.083, 0.117], "flag_rate_ratio": 0.7094017094017094, "TPR": [0.74, 0.63], "TPR whole": 0.685, "TPR ratio": 1.1746031746031746, "FPR": [0.01, 0.06], "FPR whole": 0.035, "FPR ratio": 0.16666666666666669, "PPR": [0.891566265060241, 0.5384615384615384], "PPR whole": 0.685, "PPR ratio": 1.655765920826162}, "0.05-0.5": {"roc": 0.8952277777777776, "flag_rate": [0.075, 0.125], "flag_rate_ratio": 0.6, "TPR": [0.7, 0.63], "TPR whole": 0.665, "TPR ratio": 1.111111111111111, "FPR": [0.005555555555555556, 0.06888888888888889], "FPR whole": 0.03722222222222222, "FPR ratio": 0.08064516129032258, "PPR": [0.9333333333333333, 0.504], "PPR whole": 0.665, "PPR ratio": 1.8518518518518519}, "0.05-0.8": {"roc": 0.8817694444444444, "flag_rate": [0.09, 0.11], "flag_rate_ratio": 0.8181818181818181, "TPR": [0.69, 0.62], "TPR whole": 0.655, "TPR ratio": 1.1129032258064515, "FPR": [0.023333333333333334, 0.05333333333333334], "FPR whole": 0.03833333333333333, "FPR ratio": 0.4375, "PPR": [0.7666666666666667, 0.5636363636363636], "PPR whole": 0.655, "PPR ratio": 1.360215053763441}, "0.2-0.01": {"roc": 0.8913416666666667, "flag_rate": [0.091, 0.109], "flag_rate_ratio": 0.8348623853211009, "TPR": [0.68, 0.6], "TPR whole": 0.64, "TPR ratio": 1.1333333333333335, "FPR": [0.025555555555555557, 0.05444444444444444], "FPR whole": 0.04, "FPR ratio": 0.4693877551020409, "PPR": [0.7472527472527473, 0.5504587155963303], "PPR whole": 0.64, "PPR ratio": 1.3575091575091573}, "0.2-0.2": {"roc": 0.8966611111111111, "flag_rate": [0.081, 0.119], "flag_rate_ratio": 0.680672268907563, "TPR": [0.73, 0.64], "TPR whole": 0.685, "TPR ratio": 1.140625, "FPR": [0.008888888888888889, 0.06111111111111111], "FPR whole": 0.035, "FPR ratio": 0.14545454545454545, "PPR": [0.9012345679012346, 0.5378151260504201], "PPR whole": 0.685, "PPR ratio": 1.6757330246913582}, "0.2-0.5": {"roc": 0.8790083333333332, "flag_rate": [0.083, 0.117], "flag_rate_ratio": 0.7094017094017094, "TPR": [0.7, 0.63], "TPR whole": 0.665, "TPR ratio": 1.111111111111111, "FPR": [0.014444444444444444, 0.06], "FPR whole": 0.03722222222222222, "FPR ratio": 0.24074074074074073, "PPR": [0.8433734939759037, 0.5384615384615384], "PPR whole": 0.665, "PPR ratio": 1.566265060240964}, "0.2-0.8": {"roc": 0.8948694444444445, "flag_rate": [0.087, 0.113], "flag_rate_ratio": 0.7699115044247787, "TPR": [0.73, 0.61], "TPR whole": 0.67, "TPR ratio": 1.1967213114754098, "FPR": [0.015555555555555555, 0.057777777777777775], "FPR whole": 0.03666666666666667, "FPR ratio": 0.2692307692307692, "PPR": [0.8390804597701149, 0.5398230088495575], "PPR whole": 0.67, "PPR ratio": 1.5543621631807047}, "0.5-0.01": {"roc": 0.8842527777777778, "flag_rate": [0.084, 0.116], "flag_rate_ratio": 0.7241379310344828, "TPR": [0.68, 0.61], "TPR whole": 0.645, "TPR ratio": 1.1147540983606559, "FPR": [0.017777777777777778, 0.06111111111111111], "FPR whole": 0.03944444444444444, "FPR ratio": 0.2909090909090909, "PPR": [0.8095238095238095, 0.5258620689655172], "PPR whole": 0.645, "PPR ratio": 1.5394223263075721}, "0.5-0.2": {"roc": 0.8948277777777778, "flag_rate": [0.079, 0.121], "flag_rate_ratio": 0.6528925619834711, "TPR": [0.69, 0.65], "TPR whole": 0.67, "TPR ratio": 1.0615384615384613, "FPR": [0.011111111111111112, 0.06222222222222222], "FPR whole": 0.03666666666666667, "FPR ratio": 0.17857142857142858, "PPR": [0.8734177215189873, 0.5371900826446281], "PPR whole": 0.67, "PPR ratio": 1.6259006815968842}, "0.5-0.5": {"roc": 0.8986000000000001, "flag_rate": [0.078, 0.122], "flag_rate_ratio": 0.639344262295082, "TPR": [0.65, 0.64], "TPR whole": 0.645, "TPR ratio": 1.015625, "FPR": [0.014444444444444444, 0.06444444444444444], "FPR whole": 0.03944444444444444, "FPR ratio": 0.22413793103448276, "PPR": [0.8333333333333334, 0.5245901639344263], "PPR whole": 0.645, "PPR ratio": 1.5885416666666667}, "0.5-0.8": {"roc": 0.8964805555555556, "flag_rate": [0.084, 0.116], "flag_rate_ratio": 0.7241379310344828, "TPR": [0.69, 0.63], "TPR whole": 0.66, "TPR ratio": 1.0952380952380951, "FPR": [0.016666666666666666, 0.058888888888888886], "FPR whole": 0.03777777777777778, "FPR ratio": 0.2830188679245283, "PPR": [0.8214285714285714, 0.5431034482758621], "PPR whole": 0.66, "PPR ratio": 1.512471655328798}, "0.8-0.01": {"roc": 0.8982277777777778, "flag_rate": [0.088, 0.112], "flag_rate_ratio": 0.7857142857142857, "TPR": [0.71, 0.61], "TPR whole": 0.66, "TPR ratio": 1.1639344262295082, "FPR": [0.01888888888888889, 0.056666666666666664], "FPR whole": 0.03777777777777778, "FPR ratio": 0.33333333333333337, "PPR": [0.8068181818181818, 0.5446428571428571], "PPR whole": 0.66, "PPR ratio": 1.481371087928465}, "0.8-0.2": {"roc": 0.8844027777777778, "flag_rate": [0.08, 0.12], "flag_rate_ratio": 0.6666666666666667, "TPR": [0.68, 0.63], "TPR whole": 0.655, "TPR ratio": 1.0793650793650795, "FPR": [0.013333333333333334, 0.06333333333333334], "FPR whole": 0.03833333333333333, "FPR ratio": 0.21052631578947367, "PPR": [0.85, 0.525], "PPR whole": 0.655, "PPR ratio": 1.6190476190476188}, "0.8-0.5": {"roc": 0.8978361111111111, "flag_rate": [0.08, 0.12], "flag_rate_ratio": 0.6666666666666667, "TPR": [0.68, 0.64], "TPR whole": 0.66, "TPR ratio": 1.0625, "FPR": [0.013333333333333334, 0.06222222222222222], "FPR whole": 0.03777777777777778, "FPR ratio": 0.2142857142857143, "PPR": [0.85, 0.5333333333333333], "PPR whole": 0.66, "PPR ratio": 1.59375}, "0.8-0.8": {"roc": 0.8924583333333332, "flag_rate": [0.076, 0.124], "flag_rate_ratio": 0.6129032258064516, "TPR": [0.66, 0.64], "TPR whole": 0.65, "TPR ratio": 1.03125, "FPR": [0.011111111111111112, 0.06666666666666667], "FPR whole": 0.03888888888888889, "FPR ratio": 0.16666666666666669, "PPR": [0.868421052631579, 0.5161290322580645], "PPR whole": 0.65, "PPR ratio": 1.6825657894736843}}