{"0.01-0.01": {"roc": 0.8539555555555556, "flag_rate": [0.1, 0.1], "flag_rate_ratio": 1.0, "TPR": [0.55, 0.52], "TPR whole": 0.535, "TPR ratio": 1.0576923076923077, "FPR": [0.05, 0.05333333333333334], "FPR whole": 0.051666666666666666, "FPR ratio": 0.9375, "PPR": [0.55, 0.52], "PPR whole": 0.535, "PPR ratio": 1.0576923076923077}, "0.01-0.2": {"roc": 0.8778527777777777, "flag_rate": [0.098, 0.102], "flag_rate_ratio": 0.9607843137254903, "TPR": [0.61, 0.54], "TPR whole": 0.575, "TPR ratio": 1.1296296296296295, "FPR": [0.04111111111111111, 0.05333333333333334], "FPR whole": 0.04722222222222222, "FPR ratio": 0.7708333333333333, "PPR": [0.6224489795918368, 0.5294117647058824], "PPR whole": 0.575, "PPR ratio": 1.1757369614512472}, "0.01-0.5": {"roc": 0.8734722222222223, "flag_rate": [0.091, 0.109], "flag_rate_ratio": 0.8348623853211009, "TPR": [0.61, 0.53], "TPR whole": 0.57, "TPR ratio": 1.150943396226415, "FPR": [0.03333333333333333, 0.06222222222222222], "FPR whole": 0.04777777777777778, "FPR ratio": 0.5357142857142857, "PPR": [0.6703296703296703, 0.48623853211009177], "PPR whole": 0.57, "PPR ratio": 1.3786025295459257}, "0.01-0.8": {"roc": 0.8770416666666666, "flag_rate": [0.093, 0.107], "flag_rate_ratio": 0.8691588785046729, "TPR": [0.6, 0.55], "TPR whole": 0.575, "TPR ratio": 1.0909090909090908, "FPR": [0.03666666666666667, 0.057777777777777775], "FPR whole": 0.04722222222222222, "FPR ratio": 0.6346153846153847, "PPR": [0.6451612903225806, 0.514018691588785], "PPR whole": 0.575, "PPR ratio": 1.2551319648093842}, "0.05-0.01": {"roc": 0.8717444444444444, "flag_rate": [0.096, 0.104], "flag_rate_ratio": 0.9230769230769231, "TPR": [0.56, 0.55], "TPR whole": 0.555, "TPR ratio": 1.0181818181818183, "FPR": [0.044444444444444446, 0.05444444444444444], "FPR whole": 0.049444444444444444, "FPR ratio": 0.816326530612245, "PPR": [0.5833333333333334, 0.5288461538461539], "PPR whole": 0.555, "PPR ratio": 1.103030303030303}, "0.05-0.2": {"roc": 0.8778916666666666, "flag_rate": [0.098, 0.102], "flag_rate_ratio": 0.9607843137254903, "TPR": [0.61, 0.55], "TPR whole": 0.58, "TPR ratio": 1.109090909090909, "FPR": [0.04111111111111111, 0.052222222222222225], "FPR whole": 0.04666666666666667, "FPR ratio": 0.7872340425531915, "PPR": [0.6224489795918368, 0.5392156862745098], "PPR whole": 0.58, "PPR ratio": 1.1543599257884973}, "0.05-0.5": {"roc": 0.8799861111111111, "flag_rate": [0.095, 0.105], "flag_rate_ratio": 0.9047619047619048, "TPR": [0.59, 0.55], "TPR whole": 0.57, "TPR ratio": 1.0727272727272725, "FPR": [0.04, 0.05555555555555555], "FPR whole": 0.04777777777777778, "FPR ratio": 0.7200000000000001, "PPR": [0.6210526315789474, 0.5238095238095238], "PPR whole": 0.57, "PPR ratio": 1.185645933014354}, "0.05-0.8": {"roc": 0.8778555555555556, "flag_rate": [0.099, 0.101], "flag_rate_ratio": 0.9801980198019802, "TPR": [0.58, 0.55], "TPR whole": 0.565, "TPR ratio": 1.0545454545454545, "FPR": [0.04555555555555556, 0.051111111111111114], "FPR whole": 0.04833333333333333, "FPR ratio": 0.8913043478260869, "PPR": [0.5858585858585859, 0.5445544554455446], "PPR whole": 0.565, "PPR ratio": 1.0758494031221304}, "0.2-0.01": {"roc": 0.8574472222222222, "flag_rate": [0.099, 0.101], "flag_rate_ratio": 0.9801980198019802, "TPR": [0.59, 0.52], "TPR whole": 0.555, "TPR ratio": 1.1346153846153846, "FPR": [0.044444444444444446, 0.05444444444444444], "FPR whole": 0.049444444444444444, "FPR ratio": 0.816326530612245, "PPR": [0.5959595959595959, 0.5148514851485149], "PPR whole": 0.555, "PPR ratio": 1.1575369075369075}, "0.2-0.2": {"roc": 0.8816111111111111, "flag_rate": [0.094, 0.106], "flag_rate_ratio": 0.8867924528301887, "TPR": [0.61, 0.56], "TPR whole": 0.585, "TPR ratio": 1.0892857142857142, "FPR": [0.03666666666666667, 0.05555555555555555], "FPR whole": 0.04611111111111111, "FPR ratio": 0.66, "PPR": [0.648936170212766, 0.5283018867924528], "PPR whole": 0.585, "PPR ratio": 1.2283434650455927}, "0.2-0.5": {"roc": 0.880525, "flag_rate": [0.092, 0.108], "flag_rate_ratio": 0.8518518518518519, "TPR": [0.59, 0.55], "TPR whole": 0.57, "TPR ratio": 1.0727272727272725, "FPR": [0.03666666666666667, 0.058888888888888886], "FPR whole": 0.04777777777777778, "FPR ratio": 0.6226415094339623, "PPR": [0.6413043478260869, 0.5092592592592593], "PPR whole": 0.57, "PPR ratio": 1.259288537549407}, "0.2-0.8": {"roc": 0.8798111111111112, "flag_rate": [0.098, 0.102], "flag_rate_ratio": 0.9607843137254903, "TPR": [0.57, 0.55], "TPR whole": 0.56, "TPR ratio": 1.0363636363636362, "FPR": [0.04555555555555556, 0.052222222222222225], "FPR whole": 0.04888888888888889, "FPR ratio": 0.8723404255319149, "PPR": [0.5816326530612245, 0.5392156862745098], "PPR whole": 0.56, "PPR ratio": 1.0786641929499072}, "0.5-0.01": {"roc": 0.8732944444444444, "flag_rate": [0.097, 0.103], "flag_rate_ratio": 0.941747572815534, "TPR": [0.6, 0.54], "TPR whole": 0.57, "TPR ratio": 1.111111111111111, "FPR": [0.04111111111111111, 0.05444444444444444], "FPR whole": 0.04777777777777778, "FPR ratio": 0.7551020408163266, "PPR": [0.6185567010309279, 0.5242718446601942], "PPR whole": 0.57, "PPR ratio": 1.179839633447881}, "0.5-0.2": {"roc": 0.8785444444444445, "flag_rate": [0.095, 0.105], "flag_rate_ratio": 0.9047619047619048, "TPR": [0.59, 0.55], "TPR whole": 0.57, "TPR ratio": 1.0727272727272725, "FPR": [0.04, 0.05555555555555555], "FPR whole": 0.04777777777777778, "FPR ratio": 0.7200000000000001, "PPR": [0.6210526315789474, 0.5238095238095238], "PPR whole": 0.57, "PPR ratio": 1.185645933014354}, "0.5-0.5": {"roc": 0.8765277777777778, "flag_rate": [0.095, 0.105], "flag_rate_ratio": 0.9047619047619048, "TPR": [0.6, 0.55], "TPR whole": 0.575, "TPR ratio": 1.0909090909090908, "FPR": [0.03888888888888889, 0.05555555555555555], "FPR whole": 0.04722222222222222, "FPR ratio": 0.7000000000000001, "PPR": [0.631578947368421, 0.5238095238095238], "PPR whole": 0.575, "PPR ratio": 1.2057416267942582}, "0.5-0.8": {"roc": 0.876125, "flag_rate": [0.096, 0.104], "flag_rate_ratio": 0.9230769230769231, "TPR": [0.6, 0.54], "TPR whole": 0.57, "TPR ratio": 1.111111111111111, "FPR": [0.04, 0.05555555555555555], "FPR whole": 0.04777777777777778, "FPR ratio": 0.7200000000000001, "PPR": [0.625, 0.5192307692307693], "PPR whole": 0.57, "PPR ratio": 1.2037037037037035}, "0.8-0.01": {"roc": 0.8754416666666667, "flag_rate": [0.096, 0.104], "flag_rate_ratio": 0.9230769230769231, "TPR": [0.6, 0.55], "TPR whole": 0.575, "TPR ratio": 1.0909090909090908, "FPR": [0.04, 0.05444444444444444], "FPR whole": 0.04722222222222222, "FPR ratio": 0.7346938775510204, "PPR": [0.625, 0.5288461538461539], "PPR whole": 0.575, "PPR ratio": 1.1818181818181819}, "0.8-0.2": {"roc": 0.8811916666666667, "flag_rate": [0.095, 0.105], "flag_rate_ratio": 0.9047619047619048, "TPR": [0.6, 0.54], "TPR whole": 0.57, "TPR ratio": 1.111111111111111, "FPR": [0.03888888888888889, 0.056666666666666664], "FPR whole": 0.04777777777777778, "FPR ratio": 0.6862745098039216, "PPR": [0.631578947368421, 0.5142857142857142], "PPR whole": 0.57, "PPR ratio": 1.2280701754385965}, "0.8-0.5": {"roc": 0.8804583333333333, "flag_rate": [0.095, 0.105], "flag_rate_ratio": 0.9047619047619048, "TPR": [0.58, 0.52], "TPR whole": 0.55, "TPR ratio": 1.1153846153846152, "FPR": [0.04111111111111111, 0.058888888888888886], "FPR whole": 0.05, "FPR ratio": 0.6981132075471699, "PPR": [0.6105263157894737, 0.49523809523809526], "PPR whole": 0.55, "PPR ratio": 1.2327935222672064}, "0.8-0.8": {"roc": 0.8761527777777777, "flag_rate": [0.095, 0.105], "flag_rate_ratio": 0.9047619047619048, "TPR": [0.55, 0.52], "TPR whole": 0.535, "TPR ratio": 1.0576923076923077, "FPR": [0.044444444444444446, 0.058888888888888886], "FPR whole": 0.051666666666666666, "FPR ratio": 0.7547169811320755, "PPR": [0.5789473684210527, 0.49523809523809526], "PPR whole": 0.535, "PPR ratio": 1.1690283400809716}}