{"0.01-0.01": {"roc": 0.8337277777777776, "flag_rate": [0.098, 0.102], "flag_rate_ratio": 0.9607843137254903, "TPR": [0.55, 0.41], "TPR whole": 0.48, "TPR ratio": 1.3414634146341464, "FPR": [0.04777777777777778, 0.06777777777777778], "FPR whole": 0.057777777777777775, "FPR ratio": 0.7049180327868853, "PPR": [0.5612244897959183, 0.4019607843137255], "PPR whole": 0.48, "PPR ratio": 1.3962170233947235}, "0.01-0.2": {"roc": 0.8584416666666667, "flag_rate": [0.087, 0.113], "flag_rate_ratio": 0.7699115044247787, "TPR": [0.58, 0.46], "TPR whole": 0.52, "TPR ratio": 1.2608695652173911, "FPR": [0.03222222222222222, 0.07444444444444444], "FPR whole": 0.05333333333333334, "FPR ratio": 0.4328358208955224, "PPR": [0.6666666666666666, 0.40707964601769914], "PPR whole": 0.52, "PPR ratio": 1.6376811594202896}, "0.01-0.5": {"roc": 0.8614361111111112, "flag_rate": [0.088, 0.112], "flag_rate_ratio": 0.7857142857142857, "TPR": [0.58, 0.46], "TPR whole": 0.52, "TPR ratio": 1.2608695652173911, "FPR": [0.03333333333333333, 0.07333333333333333], "FPR whole": 0.05333333333333334, "FPR ratio": 0.45454545454545453, "PPR": [0.6590909090909091, 0.4107142857142857], "PPR whole": 0.52, "PPR ratio": 1.6047430830039526}, "0.01-0.8": {"roc": 0.8529666666666667, "flag_rate": [0.091, 0.109], "flag_rate_ratio": 0.8348623853211009, "TPR": [0.58, 0.46], "TPR whole": 0.52, "TPR ratio": 1.2608695652173911, "FPR": [0.03666666666666667, 0.07], "FPR whole": 0.05333333333333334, "FPR ratio": 0.5238095238095237, "PPR": [0.6373626373626373, 0.42201834862385323], "PPR whole": 0.52, "PPR ratio": 1.5102723363592927}, "0.05-0.01": {"roc": 0.838011111111111, "flag_rate": [0.095, 0.105], "flag_rate_ratio": 0.9047619047619048, "TPR": [0.57, 0.4], "TPR whole": 0.485, "TPR ratio": 1.4249999999999998, "FPR": [0.042222222222222223, 0.07222222222222222], "FPR whole": 0.05722222222222222, "FPR ratio": 0.5846153846153846, "PPR": [0.6, 0.38095238095238093], "PPR whole": 0.485, "PPR ratio": 1.575}, "0.05-0.2": {"roc": 0.8600722222222221, "flag_rate": [0.085, 0.115], "flag_rate_ratio": 0.7391304347826088, "TPR": [0.59, 0.47], "TPR whole": 0.53, "TPR ratio": 1.2553191489361701, "FPR": [0.028888888888888888, 0.07555555555555556], "FPR whole": 0.052222222222222225, "FPR ratio": 0.38235294117647056, "PPR": [0.6941176470588235, 0.40869565217391307], "PPR whole": 0.53, "PPR ratio": 1.6983729662077596}, "0.05-0.5": {"roc": 0.8596305555555557, "flag_rate": [0.092, 0.108], "flag_rate_ratio": 0.8518518518518519, "TPR": [0.57, 0.46], "TPR whole": 0.515, "TPR ratio": 1.2391304347826084, "FPR": [0.03888888888888889, 0.06888888888888889], "FPR whole": 0.05388888888888889, "FPR ratio": 0.5645161290322581, "PPR": [0.6195652173913043, 0.42592592592592593], "PPR whole": 0.515, "PPR ratio": 1.4546313799621928}, "0.05-0.8": {"roc": 0.8613263888888889, "flag_rate": [0.083, 0.117], "flag_rate_ratio": 0.7094017094017094, "TPR": [0.57, 0.48], "TPR whole": 0.525, "TPR ratio": 1.1875, "FPR": [0.028888888888888888, 0.07666666666666666], "FPR whole": 0.05277777777777778, "FPR ratio": 0.37681159420289856, "PPR": [0.6867469879518072, 0.41025641025641024], "PPR whole": 0.525, "PPR ratio": 1.6739457831325302}, "0.2-0.01": {"roc": 0.8525333333333333, "flag_rate": [0.095, 0.105], "flag_rate_ratio": 0.9047619047619048, "TPR": [0.57, 0.45], "TPR whole": 0.51, "TPR ratio": 1.2666666666666666, "FPR": [0.042222222222222223, 0.06666666666666667], "FPR whole": 0.05444444444444444, "FPR ratio": 0.6333333333333334, "PPR": [0.6, 0.42857142857142855], "PPR whole": 0.51, "PPR ratio": 1.4000000000000001}, "0.2-0.2": {"roc": 0.8601361111111113, "flag_rate": [0.086, 0.114], "flag_rate_ratio": 0.7543859649122806, "TPR": [0.58, 0.47], "TPR whole": 0.525, "TPR ratio": 1.2340425531914894, "FPR": [0.03111111111111111, 0.07444444444444444], "FPR whole": 0.05277777777777778, "FPR ratio": 0.41791044776119407, "PPR": [0.6744186046511628, 0.41228070175438597], "PPR whole": 0.525, "PPR ratio": 1.635823849579416}, "0.2-0.5": {"roc": 0.8553416666666667, "flag_rate": [0.09, 0.11], "flag_rate_ratio": 0.8181818181818181, "TPR": [0.59, 0.46], "TPR whole": 0.525, "TPR ratio": 1.2826086956521738, "FPR": [0.034444444444444444, 0.07111111111111111], "FPR whole": 0.05277777777777778, "FPR ratio": 0.484375, "PPR": [0.6555555555555556, 0.41818181818181815], "PPR whole": 0.525, "PPR ratio": 1.567632850241546}, "0.2-0.8": {"roc": 0.8546833333333332, "flag_rate": [0.088, 0.112], "flag_rate_ratio": 0.7857142857142857, "TPR": [0.6, 0.47], "TPR whole": 0.535, "TPR ratio": 1.2765957446808511, "FPR": [0.03111111111111111, 0.07222222222222222], "FPR whole": 0.051666666666666666, "FPR ratio": 0.4307692307692308, "PPR": [0.6818181818181818, 0.41964285714285715], "PPR whole": 0.535, "PPR ratio": 1.6247582205029012}, "0.5-0.01": {"roc": 0.8466555555555556, "flag_rate": [0.095, 0.105], "flag_rate_ratio": 0.9047619047619048, "TPR": [0.57, 0.43], "TPR whole": 0.5, "TPR ratio": 1.3255813953488371, "FPR": [0.042222222222222223, 0.06888888888888889], "FPR whole": 0.05555555555555555, "FPR ratio": 0.6129032258064516, "PPR": [0.6, 0.4095238095238095], "PPR whole": 0.5, "PPR ratio": 1.4651162790697674}, "0.5-0.2": {"roc": 0.8561611111111112, "flag_rate": [0.085, 0.115], "flag_rate_ratio": 0.7391304347826088, "TPR": [0.56, 0.46], "TPR whole": 0.51, "TPR ratio": 1.2173913043478262, "FPR": [0.03222222222222222, 0.07666666666666666], "FPR whole": 0.05444444444444444, "FPR ratio": 0.4202898550724638, "PPR": [0.6588235294117647, 0.4], "PPR whole": 0.51, "PPR ratio": 1.6470588235294117}, "0.5-0.5": {"roc": 0.8596972222222222, "flag_rate": [0.089, 0.111], "flag_rate_ratio": 0.8018018018018017, "TPR": [0.58, 0.46], "TPR whole": 0.52, "TPR ratio": 1.2608695652173911, "FPR": [0.034444444444444444, 0.07222222222222222], "FPR whole": 0.05333333333333334, "FPR ratio": 0.47692307692307695, "PPR": [0.651685393258427, 0.4144144144144144], "PPR whole": 0.52, "PPR ratio": 1.5725451880801173}, "0.5-0.8": {"roc": 0.8605277777777777, "flag_rate": [0.091, 0.109], "flag_rate_ratio": 0.8348623853211009, "TPR": [0.6, 0.48], "TPR whole": 0.54, "TPR ratio": 1.25, "FPR": [0.034444444444444444, 0.06777777777777778], "FPR whole": 0.051111111111111114, "FPR ratio": 0.5081967213114753, "PPR": [0.6593406593406593, 0.44036697247706424], "PPR whole": 0.54, "PPR ratio": 1.497252747252747}, "0.8-0.01": {"roc": 0.8491444444444444, "flag_rate": [0.095, 0.105], "flag_rate_ratio": 0.9047619047619048, "TPR": [0.58, 0.45], "TPR whole": 0.515, "TPR ratio": 1.2888888888888888, "FPR": [0.04111111111111111, 0.06666666666666667], "FPR whole": 0.05388888888888889, "FPR ratio": 0.6166666666666667, "PPR": [0.6105263157894737, 0.42857142857142855], "PPR whole": 0.515, "PPR ratio": 1.4245614035087721}, "0.8-0.2": {"roc": 0.8575083333333334, "flag_rate": [0.091, 0.109], "flag_rate_ratio": 0.8348623853211009, "TPR": [0.58, 0.46], "TPR whole": 0.52, "TPR ratio": 1.2608695652173911, "FPR": [0.03666666666666667, 0.07], "FPR whole": 0.05333333333333334, "FPR ratio": 0.5238095238095237, "PPR": [0.6373626373626373, 0.42201834862385323], "PPR whole": 0.52, "PPR ratio": 1.5102723363592927}, "0.8-0.5": {"roc": 0.8540305555555556, "flag_rate": [0.085, 0.115], "flag_rate_ratio": 0.7391304347826088, "TPR": [0.56, 0.44], "TPR whole": 0.5, "TPR ratio": 1.272727272727273, "FPR": [0.03222222222222222, 0.07888888888888888], "FPR whole": 0.05555555555555555, "FPR ratio": 0.4084507042253521, "PPR": [0.6588235294117647, 0.3826086956521739], "PPR whole": 0.5, "PPR ratio": 1.7219251336898396}, "0.8-0.8": {"roc": 0.8617805555555555, "flag_rate": [0.086, 0.114], "flag_rate_ratio": 0.7543859649122806, "TPR": [0.57, 0.5], "TPR whole": 0.535, "TPR ratio": 1.14, "FPR": [0.03222222222222222, 0.07111111111111111], "FPR whole": 0.051666666666666666, "FPR ratio": 0.453125, "PPR": [0.6627906976744186, 0.43859649122807015], "PPR whole": 0.535, "PPR ratio": 1.5111627906976743}}