{"0.01-0.01": {"roc": 0.9495527777777778, "flag_rate": [0.106, 0.094], "flag_rate_ratio": 1.127659574468085, "TPR": [0.82, 0.68], "TPR whole": 0.75, "TPR ratio": 1.2058823529411764, "FPR": [0.02666666666666667, 0.028888888888888888], "FPR whole": 0.027777777777777776, "FPR ratio": 0.9230769230769231, "PPR": [0.7735849056603774, 0.723404255319149], "PPR whole": 0.75, "PPR ratio": 1.069367369589345}, "0.01-0.2": {"roc": 0.9433500000000001, "flag_rate": [0.106, 0.094], "flag_rate_ratio": 1.127659574468085, "TPR": [0.76, 0.65], "TPR whole": 0.705, "TPR ratio": 1.1692307692307693, "FPR": [0.03333333333333333, 0.03222222222222222], "FPR whole": 0.03277777777777778, "FPR ratio": 1.0344827586206897, "PPR": [0.7169811320754716, 0.6914893617021277], "PPR whole": 0.705, "PPR ratio": 1.036865021770682}, "0.01-0.5": {"roc": 0.9294361111111111, "flag_rate": [0.113, 0.087], "flag_rate_ratio": 1.2988505747126438, "TPR": [0.8, 0.63], "TPR whole": 0.715, "TPR ratio": 1.26984126984127, "FPR": [0.03666666666666667, 0.02666666666666667], "FPR whole": 0.03166666666666667, "FPR ratio": 1.375, "PPR": [0.7079646017699115, 0.7241379310344828], "PPR whole": 0.715, "PPR ratio": 0.9776654024441634}, "0.01-0.8": {"roc": 0.9225527777777778, "flag_rate": [0.106, 0.094], "flag_rate_ratio": 1.127659574468085, "TPR": [0.77, 0.62], "TPR whole": 0.695, "TPR ratio": 1.2419354838709677, "FPR": [0.03222222222222222, 0.035555555555555556], "FPR whole": 0.03388888888888889, "FPR ratio": 0.90625, "PPR": [0.7264150943396226, 0.6595744680851063], "PPR whole": 0.695, "PPR ratio": 1.1013390139987826}, "0.05-0.01": {"roc": 0.9547333333333332, "flag_rate": [0.105, 0.095], "flag_rate_ratio": 1.1052631578947367, "TPR": [0.83, 0.7], "TPR whole": 0.765, "TPR ratio": 1.1857142857142857, "FPR": [0.024444444444444446, 0.027777777777777776], "FPR whole": 0.026111111111111113, "FPR ratio": 0.8800000000000001, "PPR": [0.7904761904761904, 0.7368421052631579], "PPR whole": 0.765, "PPR ratio": 1.0727891156462586}, "0.05-0.2": {"roc": 0.9387249999999999, "flag_rate": [0.111, 0.089], "flag_rate_ratio": 1.2471910112359552, "TPR": [0.78, 0.65], "TPR whole": 0.715, "TPR ratio": 1.2, "FPR": [0.03666666666666667, 0.02666666666666667], "FPR whole": 0.03166666666666667, "FPR ratio": 1.375, "PPR": [0.7027027027027027, 0.7303370786516854], "PPR whole": 0.715, "PPR ratio": 0.9621621621621622}, "0.05-0.5": {"roc": 0.9304111111111111, "flag_rate": [0.117, 0.083], "flag_rate_ratio": 1.4096385542168675, "TPR": [0.81, 0.63], "TPR whole": 0.72, "TPR ratio": 1.2857142857142858, "FPR": [0.04, 0.022222222222222223], "FPR whole": 0.03111111111111111, "FPR ratio": 1.8, "PPR": [0.6923076923076923, 0.7590361445783133], "PPR whole": 0.72, "PPR ratio": 0.9120879120879121}, "0.05-0.8": {"roc": 0.934, "flag_rate": [0.105, 0.095], "flag_rate_ratio": 1.1052631578947367, "TPR": [0.78, 0.62], "TPR whole": 0.7, "TPR ratio": 1.2580645161290323, "FPR": [0.03, 0.03666666666666667], "FPR whole": 0.03333333333333333, "FPR ratio": 0.8181818181818181, "PPR": [0.7428571428571429, 0.6526315789473685], "PPR whole": 0.7, "PPR ratio": 1.1382488479262673}, "0.2-0.01": {"roc": 0.9533972222222223, "flag_rate": [0.107, 0.093], "flag_rate_ratio": 1.1505376344086022, "TPR": [0.8, 0.68], "TPR whole": 0.74, "TPR ratio": 1.1764705882352942, "FPR": [0.03, 0.027777777777777776], "FPR whole": 0.028888888888888888, "FPR ratio": 1.08, "PPR": [0.7476635514018691, 0.7311827956989247], "PPR whole": 0.74, "PPR ratio": 1.022539857064321}, "0.2-0.2": {"roc": 0.9445972222222222, "flag_rate": [0.105, 0.095], "flag_rate_ratio": 1.1052631578947367, "TPR": [0.79, 0.67], "TPR whole": 0.73, "TPR ratio": 1.1791044776119404, "FPR": [0.028888888888888888, 0.03111111111111111], "FPR whole": 0.03, "FPR ratio": 0.9285714285714286, "PPR": [0.7523809523809524, 0.7052631578947368], "PPR whole": 0.73, "PPR ratio": 1.0668088130774698}, "0.2-0.5": {"roc": 0.9205027777777778, "flag_rate": [0.101, 0.099], "flag_rate_ratio": 1.02020202020202, "TPR": [0.74, 0.64], "TPR whole": 0.69, "TPR ratio": 1.15625, "FPR": [0.03, 0.03888888888888889], "FPR whole": 0.034444444444444444, "FPR ratio": 0.7714285714285714, "PPR": [0.7326732673267327, 0.6464646464646465], "PPR whole": 0.69, "PPR ratio": 1.1333539603960394}, "0.2-0.8": {"roc": 0.9342416666666666, "flag_rate": [0.103, 0.097], "flag_rate_ratio": 1.0618556701030928, "TPR": [0.77, 0.63], "TPR whole": 0.7, "TPR ratio": 1.2222222222222223, "FPR": [0.028888888888888888, 0.03777777777777778], "FPR whole": 0.03333333333333333, "FPR ratio": 0.7647058823529411, "PPR": [0.7475728155339806, 0.6494845360824743], "PPR whole": 0.7, "PPR ratio": 1.151024811218986}, "0.5-0.01": {"roc": 0.9535666666666667, "flag_rate": [0.102, 0.098], "flag_rate_ratio": 1.040816326530612, "TPR": [0.8, 0.68], "TPR whole": 0.74, "TPR ratio": 1.1764705882352942, "FPR": [0.024444444444444446, 0.03333333333333333], "FPR whole": 0.028888888888888888, "FPR ratio": 0.7333333333333334, "PPR": [0.7843137254901961, 0.6938775510204082], "PPR whole": 0.74, "PPR ratio": 1.130334486735871}, "0.5-0.2": {"roc": 0.9335166666666668, "flag_rate": [0.114, 0.086], "flag_rate_ratio": 1.3255813953488373, "TPR": [0.79, 0.63], "TPR whole": 0.71, "TPR ratio": 1.253968253968254, "FPR": [0.03888888888888889, 0.025555555555555557], "FPR whole": 0.03222222222222222, "FPR ratio": 1.5217391304347825, "PPR": [0.6929824561403509, 0.7325581395348837], "PPR whole": 0.71, "PPR ratio": 0.9459760512392092}, "0.5-0.5": {"roc": 0.9225861111111111, "flag_rate": [0.098, 0.102], "flag_rate_ratio": 0.9607843137254903, "TPR": [0.78, 0.63], "TPR whole": 0.705, "TPR ratio": 1.2380952380952381, "FPR": [0.022222222222222223, 0.043333333333333335], "FPR whole": 0.03277777777777778, "FPR ratio": 0.5128205128205128, "PPR": [0.7959183673469388, 0.6176470588235294], "PPR whole": 0.705, "PPR ratio": 1.2886297376093294}, "0.5-0.8": {"roc": 0.9264972222222222, "flag_rate": [0.103, 0.097], "flag_rate_ratio": 1.0618556701030928, "TPR": [0.76, 0.66], "TPR whole": 0.71, "TPR ratio": 1.1515151515151514, "FPR": [0.03, 0.034444444444444444], "FPR whole": 0.03222222222222222, "FPR ratio": 0.8709677419354839, "PPR": [0.7378640776699029, 0.6804123711340206], "PPR whole": 0.71, "PPR ratio": 1.0844365989997058}, "0.8-0.01": {"roc": 0.9534833333333333, "flag_rate": [0.102, 0.098], "flag_rate_ratio": 1.040816326530612, "TPR": [0.78, 0.69], "TPR whole": 0.735, "TPR ratio": 1.1304347826086958, "FPR": [0.02666666666666667, 0.03222222222222222], "FPR whole": 0.029444444444444443, "FPR ratio": 0.8275862068965518, "PPR": [0.7647058823529411, 0.7040816326530612], "PPR whole": 0.735, "PPR ratio": 1.0861040068201193}, "0.8-0.2": {"roc": 0.9244722222222221, "flag_rate": [0.108, 0.092], "flag_rate_ratio": 1.173913043478261, "TPR": [0.8, 0.63], "TPR whole": 0.715, "TPR ratio": 1.26984126984127, "FPR": [0.03111111111111111, 0.03222222222222222], "FPR whole": 0.03166666666666667, "FPR ratio": 0.9655172413793104, "PPR": [0.7407407407407407, 0.6847826086956522], "PPR whole": 0.715, "PPR ratio": 1.0817166372721927}, "0.8-0.5": {"roc": 0.9161249999999999, "flag_rate": [0.099, 0.101], "flag_rate_ratio": 0.9801980198019802, "TPR": [0.74, 0.65], "TPR whole": 0.695, "TPR ratio": 1.1384615384615384, "FPR": [0.027777777777777776, 0.04], "FPR whole": 0.03388888888888889, "FPR ratio": 0.6944444444444444, "PPR": [0.7474747474747475, 0.6435643564356436], "PPR whole": 0.695, "PPR ratio": 1.1614607614607615}, "0.8-0.8": {"roc": 0.9180333333333334, "flag_rate": [0.093, 0.107], "flag_rate_ratio": 0.8691588785046729, "TPR": [0.72, 0.64], "TPR whole": 0.68, "TPR ratio": 1.125, "FPR": [0.023333333333333334, 0.04777777777777778], "FPR whole": 0.035555555555555556, "FPR ratio": 0.4883720930232558, "PPR": [0.7741935483870968, 0.5981308411214953], "PPR whole": 0.68, "PPR ratio": 1.2943548387096775}}