{"0.01-0.01": {"roc": 0.9673416666666667, "flag_rate": [0.096, 0.104], "flag_rate_ratio": 0.9230769230769231, "TPR": [0.82, 0.83], "TPR whole": 0.825, "TPR ratio": 0.9879518072289156, "FPR": [0.015555555555555555, 0.023333333333333334], "FPR whole": 0.019444444444444445, "FPR ratio": 0.6666666666666666, "PPR": [0.8541666666666666, 0.7980769230769231], "PPR whole": 0.825, "PPR ratio": 1.070281124497992}, "0.01-0.2": {"roc": 0.9588416666666666, "flag_rate": [0.096, 0.104], "flag_rate_ratio": 0.9230769230769231, "TPR": [0.79, 0.8], "TPR whole": 0.795, "TPR ratio": 0.9875, "FPR": [0.01888888888888889, 0.02666666666666667], "FPR whole": 0.02277777777777778, "FPR ratio": 0.7083333333333333, "PPR": [0.8229166666666666, 0.7692307692307693], "PPR whole": 0.795, "PPR ratio": 1.0697916666666665}, "0.01-0.5": {"roc": 0.9560555555555555, "flag_rate": [0.105, 0.095], "flag_rate_ratio": 1.1052631578947367, "TPR": [0.8, 0.76], "TPR whole": 0.78, "TPR ratio": 1.0526315789473684, "FPR": [0.027777777777777776, 0.021111111111111112], "FPR whole": 0.024444444444444446, "FPR ratio": 1.3157894736842104, "PPR": [0.7619047619047619, 0.8], "PPR whole": 0.78, "PPR ratio": 0.9523809523809523}, "0.01-0.8": {"roc": 0.9521805555555555, "flag_rate": [0.1, 0.1], "flag_rate_ratio": 1.0, "TPR": [0.78, 0.78], "TPR whole": 0.78, "TPR ratio": 1.0, "FPR": [0.024444444444444446, 0.024444444444444446], "FPR whole": 0.024444444444444446, "FPR ratio": 1.0, "PPR": [0.78, 0.78], "PPR whole": 0.78, "PPR ratio": 1.0}, "0.05-0.01": {"roc": 0.9658861111111111, "flag_rate": [0.099, 0.101], "flag_rate_ratio": 0.9801980198019802, "TPR": [0.83, 0.83], "TPR whole": 0.83, "TPR ratio": 1.0, "FPR": [0.017777777777777778, 0.02], "FPR whole": 0.01888888888888889, "FPR ratio": 0.8888888888888888, "PPR": [0.8383838383838383, 0.8217821782178217], "PPR whole": 0.83, "PPR ratio": 1.02020202020202}, "0.05-0.2": {"roc": 0.9610861111111112, "flag_rate": [0.098, 0.102], "flag_rate_ratio": 0.9607843137254903, "TPR": [0.81, 0.78], "TPR whole": 0.795, "TPR ratio": 1.0384615384615385, "FPR": [0.01888888888888889, 0.02666666666666667], "FPR whole": 0.02277777777777778, "FPR ratio": 0.7083333333333333, "PPR": [0.826530612244898, 0.7647058823529411], "PPR whole": 0.795, "PPR ratio": 1.0808477237048666}, "0.05-0.5": {"roc": 0.9557722222222222, "flag_rate": [0.09, 0.11], "flag_rate_ratio": 0.8181818181818181, "TPR": [0.78, 0.82], "TPR whole": 0.8, "TPR ratio": 0.951219512195122, "FPR": [0.013333333333333334, 0.03111111111111111], "FPR whole": 0.022222222222222223, "FPR ratio": 0.4285714285714286, "PPR": [0.8666666666666667, 0.7454545454545455], "PPR whole": 0.8, "PPR ratio": 1.1626016260162602}, "0.05-0.8": {"roc": 0.9608861111111111, "flag_rate": [0.1, 0.1], "flag_rate_ratio": 1.0, "TPR": [0.82, 0.81], "TPR whole": 0.815, "TPR ratio": 1.0123456790123455, "FPR": [0.02, 0.021111111111111112], "FPR whole": 0.020555555555555556, "FPR ratio": 0.9473684210526315, "PPR": [0.82, 0.81], "PPR whole": 0.815, "PPR ratio": 1.0123456790123455}, "0.2-0.01": {"roc": 0.9661277777777778, "flag_rate": [0.104, 0.096], "flag_rate_ratio": 1.0833333333333333, "TPR": [0.83, 0.79], "TPR whole": 0.81, "TPR ratio": 1.050632911392405, "FPR": [0.023333333333333334, 0.01888888888888889], "FPR whole": 0.021111111111111112, "FPR ratio": 1.2352941176470589, "PPR": [0.7980769230769231, 0.8229166666666666], "PPR whole": 0.81, "PPR ratio": 0.969814995131451}, "0.2-0.2": {"roc": 0.958388888888889, "flag_rate": [0.102, 0.098], "flag_rate_ratio": 1.040816326530612, "TPR": [0.83, 0.8], "TPR whole": 0.815, "TPR ratio": 1.0374999999999999, "FPR": [0.021111111111111112, 0.02], "FPR whole": 0.020555555555555556, "FPR ratio": 1.0555555555555556, "PPR": [0.8137254901960784, 0.8163265306122449], "PPR whole": 0.815, "PPR ratio": 0.9968137254901961}, "0.2-0.5": {"roc": 0.9536194444444445, "flag_rate": [0.103, 0.097], "flag_rate_ratio": 1.0618556701030928, "TPR": [0.82, 0.77], "TPR whole": 0.795, "TPR ratio": 1.0649350649350648, "FPR": [0.023333333333333334, 0.022222222222222223], "FPR whole": 0.02277777777777778, "FPR ratio": 1.05, "PPR": [0.7961165048543689, 0.7938144329896907], "PPR whole": 0.795, "PPR ratio": 1.0029000126087506}, "0.2-0.8": {"roc": 0.9516555555555555, "flag_rate": [0.104, 0.096], "flag_rate_ratio": 1.0833333333333333, "TPR": [0.79, 0.78], "TPR whole": 0.785, "TPR ratio": 1.0128205128205128, "FPR": [0.027777777777777776, 0.02], "FPR whole": 0.02388888888888889, "FPR ratio": 1.3888888888888888, "PPR": [0.7596153846153846, 0.8125], "PPR whole": 0.785, "PPR ratio": 0.9349112426035503}, "0.5-0.01": {"roc": 0.9666194444444445, "flag_rate": [0.103, 0.097], "flag_rate_ratio": 1.0618556701030928, "TPR": [0.84, 0.81], "TPR whole": 0.825, "TPR ratio": 1.037037037037037, "FPR": [0.021111111111111112, 0.017777777777777778], "FPR whole": 0.019444444444444445, "FPR ratio": 1.1875, "PPR": [0.8155339805825242, 0.8350515463917526], "PPR whole": 0.825, "PPR ratio": 0.9766271125494426}, "0.5-0.2": {"roc": 0.9598305555555556, "flag_rate": [0.095, 0.105], "flag_rate_ratio": 0.9047619047619048, "TPR": [0.81, 0.78], "TPR whole": 0.795, "TPR ratio": 1.0384615384615385, "FPR": [0.015555555555555555, 0.03], "FPR whole": 0.02277777777777778, "FPR ratio": 0.5185185185185185, "PPR": [0.8526315789473684, 0.7428571428571429], "PPR whole": 0.795, "PPR ratio": 1.1477732793522266}, "0.5-0.5": {"roc": 0.9586222222222222, "flag_rate": [0.102, 0.098], "flag_rate_ratio": 1.040816326530612, "TPR": [0.8, 0.79], "TPR whole": 0.795, "TPR ratio": 1.0126582278481013, "FPR": [0.024444444444444446, 0.021111111111111112], "FPR whole": 0.02277777777777778, "FPR ratio": 1.1578947368421053, "PPR": [0.7843137254901961, 0.8061224489795918], "PPR whole": 0.795, "PPR ratio": 0.9729461404815091}, "0.5-0.8": {"roc": 0.953775, "flag_rate": [0.104, 0.096], "flag_rate_ratio": 1.0833333333333333, "TPR": [0.8, 0.79], "TPR whole": 0.795, "TPR ratio": 1.0126582278481013, "FPR": [0.02666666666666667, 0.01888888888888889], "FPR whole": 0.02277777777777778, "FPR ratio": 1.411764705882353, "PPR": [0.7692307692307693, 0.8229166666666666], "PPR whole": 0.795, "PPR ratio": 0.9347614410905551}, "0.8-0.01": {"roc": 0.9637222222222223, "flag_rate": [0.095, 0.105], "flag_rate_ratio": 0.9047619047619048, "TPR": [0.82, 0.85], "TPR whole": 0.835, "TPR ratio": 0.9647058823529412, "FPR": [0.014444444444444444, 0.022222222222222223], "FPR whole": 0.018333333333333333, "FPR ratio": 0.6499999999999999, "PPR": [0.8631578947368421, 0.8095238095238095], "PPR whole": 0.835, "PPR ratio": 1.0662538699690403}, "0.8-0.2": {"roc": 0.9475472222222221, "flag_rate": [0.1, 0.1], "flag_rate_ratio": 1.0, "TPR": [0.82, 0.76], "TPR whole": 0.79, "TPR ratio": 1.0789473684210527, "FPR": [0.02, 0.02666666666666667], "FPR whole": 0.023333333333333334, "FPR ratio": 0.75, "PPR": [0.82, 0.76], "PPR whole": 0.79, "PPR ratio": 1.0789473684210527}, "0.8-0.5": {"roc": 0.9519388888888888, "flag_rate": [0.095, 0.105], "flag_rate_ratio": 0.9047619047619048, "TPR": [0.78, 0.79], "TPR whole": 0.785, "TPR ratio": 0.9873417721518988, "FPR": [0.01888888888888889, 0.028888888888888888], "FPR whole": 0.02388888888888889, "FPR ratio": 0.6538461538461539, "PPR": [0.8210526315789474, 0.7523809523809524], "PPR whole": 0.785, "PPR ratio": 1.0912724850099933}, "0.8-0.8": {"roc": 0.9537888888888888, "flag_rate": [0.102, 0.098], "flag_rate_ratio": 1.040816326530612, "TPR": [0.78, 0.77], "TPR whole": 0.775, "TPR ratio": 1.012987012987013, "FPR": [0.02666666666666667, 0.023333333333333334], "FPR whole": 0.025, "FPR ratio": 1.1428571428571428, "PPR": [0.7647058823529411, 0.7857142857142857], "PPR whole": 0.775, "PPR ratio": 0.9732620320855615}}