{"0.01-0.01": {"roc": 0.916925, "flag_rate": [0.101, 0.099], "flag_rate_ratio": 1.02020202020202, "TPR": [0.71, 0.64], "TPR whole": 0.675, "TPR ratio": 1.109375, "FPR": [0.03333333333333333, 0.03888888888888889], "FPR whole": 0.03611111111111111, "FPR ratio": 0.8571428571428571, "PPR": [0.7029702970297029, 0.6464646464646465], "PPR whole": 0.675, "PPR ratio": 1.0874071782178216}, "0.01-0.2": {"roc": 0.9098833333333334, "flag_rate": [0.099, 0.101], "flag_rate_ratio": 0.9801980198019802, "TPR": [0.68, 0.63], "TPR whole": 0.655, "TPR ratio": 1.0793650793650795, "FPR": [0.034444444444444444, 0.042222222222222223], "FPR whole": 0.03833333333333333, "FPR ratio": 0.8157894736842105, "PPR": [0.6868686868686869, 0.6237623762376238], "PPR whole": 0.655, "PPR ratio": 1.1011704345037678}, "0.01-0.5": {"roc": 0.9154055555555556, "flag_rate": [0.099, 0.101], "flag_rate_ratio": 0.9801980198019802, "TPR": [0.69, 0.64], "TPR whole": 0.665, "TPR ratio": 1.078125, "FPR": [0.03333333333333333, 0.04111111111111111], "FPR whole": 0.03722222222222222, "FPR ratio": 0.8108108108108107, "PPR": [0.696969696969697, 0.6336633663366337], "PPR whole": 0.665, "PPR ratio": 1.099905303030303}, "0.01-0.8": {"roc": 0.9144083333333333, "flag_rate": [0.102, 0.098], "flag_rate_ratio": 1.040816326530612, "TPR": [0.69, 0.62], "TPR whole": 0.655, "TPR ratio": 1.1129032258064515, "FPR": [0.03666666666666667, 0.04], "FPR whole": 0.03833333333333333, "FPR ratio": 0.9166666666666666, "PPR": [0.6764705882352942, 0.6326530612244898], "PPR whole": 0.655, "PPR ratio": 1.069259962049336}, "0.05-0.01": {"roc": 0.909675, "flag_rate": [0.103, 0.097], "flag_rate_ratio": 1.0618556701030928, "TPR": [0.69, 0.62], "TPR whole": 0.655, "TPR ratio": 1.1129032258064515, "FPR": [0.03777777777777778, 0.03888888888888889], "FPR whole": 0.03833333333333333, "FPR ratio": 0.9714285714285714, "PPR": [0.6699029126213593, 0.6391752577319587], "PPR whole": 0.655, "PPR ratio": 1.048073911681804}, "0.05-0.2": {"roc": 0.9173638888888889, "flag_rate": [0.101, 0.099], "flag_rate_ratio": 1.02020202020202, "TPR": [0.71, 0.63], "TPR whole": 0.67, "TPR ratio": 1.126984126984127, "FPR": [0.03333333333333333, 0.04], "FPR whole": 0.03666666666666667, "FPR ratio": 0.8333333333333333, "PPR": [0.7029702970297029, 0.6363636363636364], "PPR whole": 0.67, "PPR ratio": 1.1046676096181047}, "0.05-0.5": {"roc": 0.9170333333333334, "flag_rate": [0.104, 0.096], "flag_rate_ratio": 1.0833333333333333, "TPR": [0.72, 0.61], "TPR whole": 0.665, "TPR ratio": 1.180327868852459, "FPR": [0.035555555555555556, 0.03888888888888889], "FPR whole": 0.03722222222222222, "FPR ratio": 0.9142857142857143, "PPR": [0.6923076923076923, 0.6354166666666666], "PPR whole": 0.665, "PPR ratio": 1.08953341740227}, "0.05-0.8": {"roc": 0.9205777777777778, "flag_rate": [0.104, 0.096], "flag_rate_ratio": 1.0833333333333333, "TPR": [0.71, 0.63], "TPR whole": 0.67, "TPR ratio": 1.126984126984127, "FPR": [0.03666666666666667, 0.03666666666666667], "FPR whole": 0.03666666666666667, "FPR ratio": 1.0, "PPR": [0.6826923076923077, 0.65625], "PPR whole": 0.67, "PPR ratio": 1.0402930402930404}, "0.2-0.01": {"roc": 0.9159, "flag_rate": [0.101, 0.099], "flag_rate_ratio": 1.02020202020202, "TPR": [0.71, 0.63], "TPR whole": 0.67, "TPR ratio": 1.126984126984127, "FPR": [0.03333333333333333, 0.04], "FPR whole": 0.03666666666666667, "FPR ratio": 0.8333333333333333, "PPR": [0.7029702970297029, 0.6363636363636364], "PPR whole": 0.67, "PPR ratio": 1.1046676096181047}, "0.2-0.2": {"roc": 0.9164305555555555, "flag_rate": [0.102, 0.098], "flag_rate_ratio": 1.040816326530612, "TPR": [0.71, 0.62], "TPR whole": 0.665, "TPR ratio": 1.1451612903225805, "FPR": [0.034444444444444444, 0.04], "FPR whole": 0.03722222222222222, "FPR ratio": 0.861111111111111, "PPR": [0.696078431372549, 0.6326530612244898], "PPR whole": 0.665, "PPR ratio": 1.1002530044275773}, "0.2-0.5": {"roc": 0.9201305555555555, "flag_rate": [0.1, 0.1], "flag_rate_ratio": 1.0, "TPR": [0.7, 0.61], "TPR whole": 0.655, "TPR ratio": 1.1475409836065573, "FPR": [0.03333333333333333, 0.043333333333333335], "FPR whole": 0.03833333333333333, "FPR ratio": 0.7692307692307692, "PPR": [0.7, 0.61], "PPR whole": 0.655, "PPR ratio": 1.1475409836065573}, "0.2-0.8": {"roc": 0.9214055555555555, "flag_rate": [0.103, 0.097], "flag_rate_ratio": 1.0618556701030928, "TPR": [0.71, 0.62], "TPR whole": 0.665, "TPR ratio": 1.1451612903225805, "FPR": [0.035555555555555556, 0.03888888888888889], "FPR whole": 0.03722222222222222, "FPR ratio": 0.9142857142857143, "PPR": [0.6893203883495146, 0.6391752577319587], "PPR whole": 0.665, "PPR ratio": 1.0784528656435954}, "0.5-0.01": {"roc": 0.9153083333333334, "flag_rate": [0.106, 0.094], "flag_rate_ratio": 1.127659574468085, "TPR": [0.75, 0.62], "TPR whole": 0.685, "TPR ratio": 1.2096774193548387, "FPR": [0.034444444444444444, 0.035555555555555556], "FPR whole": 0.035, "FPR ratio": 0.96875, "PPR": [0.7075471698113207, 0.6595744680851063], "PPR whole": 0.685, "PPR ratio": 1.0727328058429701}, "0.5-0.2": {"roc": 0.9160777777777778, "flag_rate": [0.1, 0.1], "flag_rate_ratio": 1.0, "TPR": [0.7, 0.64], "TPR whole": 0.67, "TPR ratio": 1.09375, "FPR": [0.03333333333333333, 0.04], "FPR whole": 0.03666666666666667, "FPR ratio": 0.8333333333333333, "PPR": [0.7, 0.64], "PPR whole": 0.67, "PPR ratio": 1.09375}, "0.5-0.5": {"roc": 0.9188583333333333, "flag_rate": [0.104, 0.096], "flag_rate_ratio": 1.0833333333333333, "TPR": [0.71, 0.61], "TPR whole": 0.66, "TPR ratio": 1.1639344262295082, "FPR": [0.03666666666666667, 0.03888888888888889], "FPR whole": 0.03777777777777778, "FPR ratio": 0.9428571428571428, "PPR": [0.6826923076923077, 0.6354166666666666], "PPR whole": 0.66, "PPR ratio": 1.0744010088272384}, "0.5-0.8": {"roc": 0.9149444444444444, "flag_rate": [0.101, 0.099], "flag_rate_ratio": 1.02020202020202, "TPR": [0.7, 0.65], "TPR whole": 0.675, "TPR ratio": 1.0769230769230769, "FPR": [0.034444444444444444, 0.03777777777777778], "FPR whole": 0.03611111111111111, "FPR ratio": 0.9117647058823529, "PPR": [0.693069306930693, 0.6565656565656566], "PPR whole": 0.675, "PPR ratio": 1.0555978674790556}, "0.8-0.01": {"roc": 0.9191222222222221, "flag_rate": [0.099, 0.101], "flag_rate_ratio": 0.9801980198019802, "TPR": [0.69, 0.64], "TPR whole": 0.665, "TPR ratio": 1.078125, "FPR": [0.03333333333333333, 0.04111111111111111], "FPR whole": 0.03722222222222222, "FPR ratio": 0.8108108108108107, "PPR": [0.696969696969697, 0.6336633663366337], "PPR whole": 0.665, "PPR ratio": 1.099905303030303}, "0.8-0.2": {"roc": 0.9201777777777778, "flag_rate": [0.1, 0.1], "flag_rate_ratio": 1.0, "TPR": [0.7, 0.62], "TPR whole": 0.66, "TPR ratio": 1.129032258064516, "FPR": [0.03333333333333333, 0.042222222222222223], "FPR whole": 0.03777777777777778, "FPR ratio": 0.7894736842105263, "PPR": [0.7, 0.62], "PPR whole": 0.66, "PPR ratio": 1.129032258064516}, "0.8-0.5": {"roc": 0.9183111111111111, "flag_rate": [0.102, 0.098], "flag_rate_ratio": 1.040816326530612, "TPR": [0.7, 0.61], "TPR whole": 0.655, "TPR ratio": 1.1475409836065573, "FPR": [0.035555555555555556, 0.04111111111111111], "FPR whole": 0.03833333333333333, "FPR ratio": 0.8648648648648648, "PPR": [0.6862745098039216, 0.6224489795918368], "PPR whole": 0.655, "PPR ratio": 1.1025393764063003}, "0.8-0.8": {"roc": 0.9174055555555557, "flag_rate": [0.102, 0.098], "flag_rate_ratio": 1.040816326530612, "TPR": [0.68, 0.63], "TPR whole": 0.655, "TPR ratio": 1.0793650793650795, "FPR": [0.03777777777777778, 0.03888888888888889], "FPR whole": 0.03833333333333333, "FPR ratio": 0.9714285714285714, "PPR": [0.6666666666666666, 0.6428571428571429], "PPR whole": 0.655, "PPR ratio": 1.037037037037037}}