{"0.01-0.01": {"roc": 0.9687008547008547, "flag_rate": [0.103, 0.09246231155778895], "flag_rate_ratio": 1.1139673913043477, "TPR": [0.88, 0.8], "TPR whole": 0.841025641025641, "TPR ratio": 1.0999999999999999, "FPR": [0.016666666666666666, 0.017777777777777778], "FPR whole": 0.017222222222222222, "FPR ratio": 0.9375, "PPR": [0.8543689320388349, 0.8260869565217391], "PPR whole": 0.841025641025641, "PPR ratio": 1.034236075625958}, "0.01-0.2": {"roc": 0.9568717948717949, "flag_rate": [0.102, 0.09346733668341708], "flag_rate_ratio": 1.0912903225806452, "TPR": [0.86, 0.7473684210526316], "TPR whole": 0.8051282051282052, "TPR ratio": 1.1507042253521127, "FPR": [0.017777777777777778, 0.024444444444444446], "FPR whole": 0.021111111111111112, "FPR ratio": 0.7272727272727272, "PPR": [0.8431372549019608, 0.7634408602150538], "PPR whole": 0.8051282051282052, "PPR ratio": 1.104391052195526}, "0.01-0.5": {"roc": 0.9502877492877493, "flag_rate": [0.092, 0.1035175879396985], "flag_rate_ratio": 0.8887378640776699, "TPR": [0.78, 0.7578947368421053], "TPR whole": 0.7692307692307693, "TPR ratio": 1.0291666666666666, "FPR": [0.015555555555555555, 0.034444444444444444], "FPR whole": 0.025, "FPR ratio": 0.45161290322580644, "PPR": [0.8478260869565217, 0.6990291262135923], "PPR whole": 0.7692307692307693, "PPR ratio": 1.2128623188405796}, "0.01-0.8": {"roc": 0.9381168091168092, "flag_rate": [0.092, 0.1035175879396985], "flag_rate_ratio": 0.8887378640776699, "TPR": [0.77, 0.7263157894736842], "TPR whole": 0.7487179487179487, "TPR ratio": 1.0601449275362318, "FPR": [0.016666666666666666, 0.03777777777777778], "FPR whole": 0.02722222222222222, "FPR ratio": 0.4411764705882353, "PPR": [0.8369565217391305, 0.6699029126213593], "PPR whole": 0.7487179487179487, "PPR ratio": 1.2493698802772526}, "0.05-0.01": {"roc": 0.9697037037037038, "flag_rate": [0.098, 0.09748743718592964], "flag_rate_ratio": 1.005257731958763, "TPR": [0.86, 0.8105263157894737], "TPR whole": 0.8358974358974359, "TPR ratio": 1.061038961038961, "FPR": [0.013333333333333334, 0.022222222222222223], "FPR whole": 0.017777777777777778, "FPR ratio": 0.6, "PPR": [0.8775510204081632, 0.7938144329896907], "PPR whole": 0.8358974358974359, "PPR ratio": 1.1054863503843095}, "0.05-0.2": {"roc": 0.9658461538461538, "flag_rate": [0.102, 0.09346733668341708], "flag_rate_ratio": 1.0912903225806452, "TPR": [0.86, 0.8], "TPR whole": 0.8307692307692308, "TPR ratio": 1.075, "FPR": [0.017777777777777778, 0.01888888888888889], "FPR whole": 0.018333333333333333, "FPR ratio": 0.9411764705882353, "PPR": [0.8431372549019608, 0.8172043010752689], "PPR whole": 0.8307692307692308, "PPR ratio": 1.0317337461300309}, "0.05-0.5": {"roc": 0.951988603988604, "flag_rate": [0.102, 0.09346733668341708], "flag_rate_ratio": 1.0912903225806452, "TPR": [0.83, 0.7368421052631579], "TPR whole": 0.7846153846153846, "TPR ratio": 1.1264285714285713, "FPR": [0.021111111111111112, 0.025555555555555557], "FPR whole": 0.023333333333333334, "FPR ratio": 0.8260869565217391, "PPR": [0.8137254901960784, 0.7526881720430108], "PPR whole": 0.7846153846153846, "PPR ratio": 1.0810924369747898}, "0.05-0.8": {"roc": 0.9532165242165243, "flag_rate": [0.102, 0.09346733668341708], "flag_rate_ratio": 1.0912903225806452, "TPR": [0.84, 0.7368421052631579], "TPR whole": 0.7897435897435897, "TPR ratio": 1.1400000000000001, "FPR": [0.02, 0.025555555555555557], "FPR whole": 0.02277777777777778, "FPR ratio": 0.7826086956521738, "PPR": [0.8235294117647058, 0.7526881720430108], "PPR whole": 0.7897435897435897, "PPR ratio": 1.0941176470588234}, "0.2-0.01": {"roc": 0.9690056980056981, "flag_rate": [0.1, 0.09547738693467336], "flag_rate_ratio": 1.0473684210526317, "TPR": [0.86, 0.7789473684210526], "TPR whole": 0.8205128205128205, "TPR ratio": 1.104054054054054, "FPR": [0.015555555555555555, 0.023333333333333334], "FPR whole": 0.019444444444444445, "FPR ratio": 0.6666666666666666, "PPR": [0.86, 0.7789473684210526], "PPR whole": 0.8205128205128205, "PPR ratio": 1.104054054054054}, "0.2-0.2": {"roc": 0.9509487179487179, "flag_rate": [0.099, 0.0964824120603015], "flag_rate_ratio": 1.02609375, "TPR": [0.84, 0.7263157894736842], "TPR whole": 0.7846153846153846, "TPR ratio": 1.1565217391304348, "FPR": [0.016666666666666666, 0.03], "FPR whole": 0.023333333333333334, "FPR ratio": 0.5555555555555556, "PPR": [0.8484848484848485, 0.71875], "PPR whole": 0.7846153846153846, "PPR ratio": 1.1805006587615283}, "0.2-0.5": {"roc": 0.9456438746438747, "flag_rate": [0.097, 0.09849246231155778], "flag_rate_ratio": 0.9848469387755103, "TPR": [0.78, 0.7473684210526316], "TPR whole": 0.764102564102564, "TPR ratio": 1.0436619718309859, "FPR": [0.021111111111111112, 0.03], "FPR whole": 0.025555555555555557, "FPR ratio": 0.7037037037037037, "PPR": [0.8041237113402062, 0.7244897959183674], "PPR whole": 0.764102564102564, "PPR ratio": 1.1099172353709887}, "0.2-0.8": {"roc": 0.9501196581196582, "flag_rate": [0.097, 0.09849246231155778], "flag_rate_ratio": 0.9848469387755103, "TPR": [0.82, 0.7157894736842105], "TPR whole": 0.7692307692307693, "TPR ratio": 1.1455882352941176, "FPR": [0.016666666666666666, 0.03333333333333333], "FPR whole": 0.025, "FPR ratio": 0.5, "PPR": [0.845360824742268, 0.6938775510204082], "PPR whole": 0.7692307692307693, "PPR ratio": 1.2183141297756217}, "0.5-0.01": {"roc": 0.9722592592592593, "flag_rate": [0.102, 0.09346733668341708], "flag_rate_ratio": 1.0912903225806452, "TPR": [0.88, 0.8105263157894737], "TPR whole": 0.8461538461538461, "TPR ratio": 1.0857142857142859, "FPR": [0.015555555555555555, 0.017777777777777778], "FPR whole": 0.016666666666666666, "FPR ratio": 0.875, "PPR": [0.8627450980392157, 0.8279569892473119], "PPR whole": 0.8461538461538461, "PPR ratio": 1.0420168067226891}, "0.5-0.2": {"roc": 0.9508347578347578, "flag_rate": [0.094, 0.10150753768844221], "flag_rate_ratio": 0.926039603960396, "TPR": [0.79, 0.7578947368421053], "TPR whole": 0.7743589743589744, "TPR ratio": 1.042361111111111, "FPR": [0.016666666666666666, 0.03222222222222222], "FPR whole": 0.024444444444444446, "FPR ratio": 0.5172413793103449, "PPR": [0.8404255319148937, 0.7128712871287128], "PPR whole": 0.7743589743589744, "PPR ratio": 1.1789302600472815}, "0.5-0.5": {"roc": 0.9408689458689459, "flag_rate": [0.091, 0.10452261306532663], "flag_rate_ratio": 0.870625, "TPR": [0.79, 0.7684210526315789], "TPR whole": 0.7794871794871795, "TPR ratio": 1.028082191780822, "FPR": [0.013333333333333334, 0.034444444444444444], "FPR whole": 0.02388888888888889, "FPR ratio": 0.38709677419354843, "PPR": [0.8681318681318682, 0.7019230769230769], "PPR whole": 0.7794871794871795, "PPR ratio": 1.2367906066536205}, "0.5-0.8": {"roc": 0.9366182336182336, "flag_rate": [0.102, 0.09346733668341708], "flag_rate_ratio": 1.0912903225806452, "TPR": [0.81, 0.6947368421052632], "TPR whole": 0.7538461538461538, "TPR ratio": 1.165909090909091, "FPR": [0.023333333333333334, 0.03], "FPR whole": 0.02666666666666667, "FPR ratio": 0.7777777777777778, "PPR": [0.7941176470588235, 0.7096774193548387], "PPR whole": 0.7538461538461538, "PPR ratio": 1.1189839572192513}, "0.8-0.01": {"roc": 0.9688347578347579, "flag_rate": [0.105, 0.09045226130653267], "flag_rate_ratio": 1.1608333333333332, "TPR": [0.86, 0.7684210526315789], "TPR whole": 0.8153846153846154, "TPR ratio": 1.119178082191781, "FPR": [0.021111111111111112, 0.01888888888888889], "FPR whole": 0.02, "FPR ratio": 1.1176470588235294, "PPR": [0.819047619047619, 0.8111111111111111], "PPR whole": 0.8153846153846154, "PPR ratio": 1.009784735812133}, "0.8-0.2": {"roc": 0.9462592592592592, "flag_rate": [0.092, 0.1035175879396985], "flag_rate_ratio": 0.8887378640776699, "TPR": [0.77, 0.7473684210526316], "TPR whole": 0.7589743589743589, "TPR ratio": 1.0302816901408451, "FPR": [0.016666666666666666, 0.035555555555555556], "FPR whole": 0.026111111111111113, "FPR ratio": 0.46875, "PPR": [0.8369565217391305, 0.6893203883495146], "PPR whole": 0.7589743589743589, "PPR ratio": 1.2141763625229638},