{"0.01-0.01": {"roc": 0.958679012345679, "flag_rate": [0.099, 0.0826530612244898], "flag_rate_ratio": 1.1977777777777778, "TPR": [0.86, 0.7625], "TPR whole": 0.8166666666666667, "TPR ratio": 1.1278688524590164, "FPR": [0.014444444444444444, 0.022222222222222223], "FPR whole": 0.018333333333333333, "FPR ratio": 0.6499999999999999, "PPR": [0.8686868686868687, 0.7530864197530864], "PPR whole": 0.8166666666666667, "PPR ratio": 1.1535022354694486}, "0.01-0.2": {"roc": 0.9641604938271605, "flag_rate": [0.094, 0.08775510204081632], "flag_rate_ratio": 1.0711627906976744, "TPR": [0.83, 0.8125], "TPR whole": 0.8222222222222222, "TPR ratio": 1.0215384615384615, "FPR": [0.012222222222222223, 0.023333333333333334], "FPR whole": 0.017777777777777778, "FPR ratio": 0.5238095238095238, "PPR": [0.8829787234042553, 0.7558139534883721], "PPR whole": 0.8222222222222222, "PPR ratio": 1.1682487725040915}, "0.01-0.5": {"roc": 0.9630154320987655, "flag_rate": [0.095, 0.08673469387755102], "flag_rate_ratio": 1.0952941176470588, "TPR": [0.8, 0.7875], "TPR whole": 0.7944444444444444, "TPR ratio": 1.015873015873016, "FPR": [0.016666666666666666, 0.024444444444444446], "FPR whole": 0.020555555555555556, "FPR ratio": 0.6818181818181818, "PPR": [0.8421052631578947, 0.7411764705882353], "PPR whole": 0.7944444444444444, "PPR ratio": 1.136173767752715}, "0.01-0.8": {"roc": 0.9642314814814814, "flag_rate": [0.1, 0.08163265306122448], "flag_rate_ratio": 1.225, "TPR": [0.85, 0.7625], "TPR whole": 0.8111111111111111, "TPR ratio": 1.1147540983606559, "FPR": [0.016666666666666666, 0.021111111111111112], "FPR whole": 0.01888888888888889, "FPR ratio": 0.7894736842105263, "PPR": [0.85, 0.7625], "PPR whole": 0.8111111111111111, "PPR ratio": 1.1147540983606559}, "0.05-0.01": {"roc": 0.9690154320987655, "flag_rate": [0.096, 0.08571428571428572], "flag_rate_ratio": 1.12, "TPR": [0.85, 0.7875], "TPR whole": 0.8222222222222222, "TPR ratio": 1.0793650793650793, "FPR": [0.012222222222222223, 0.023333333333333334], "FPR whole": 0.017777777777777778, "FPR ratio": 0.5238095238095238, "PPR": [0.8854166666666666, 0.75], "PPR whole": 0.8222222222222222, "PPR ratio": 1.1805555555555556}, "0.05-0.2": {"roc": 0.9651543209876543, "flag_rate": [0.101, 0.08061224489795918], "flag_rate_ratio": 1.2529113924050634, "TPR": [0.84, 0.7625], "TPR whole": 0.8055555555555556, "TPR ratio": 1.1016393442622952, "FPR": [0.01888888888888889, 0.02], "FPR whole": 0.019444444444444445, "FPR ratio": 0.9444444444444444, "PPR": [0.8316831683168316, 0.7721518987341772], "PPR whole": 0.8055555555555556, "PPR ratio": 1.0770978737217984}, "0.05-0.5": {"roc": 0.9548487654320987, "flag_rate": [0.098, 0.0836734693877551], "flag_rate_ratio": 1.1712195121951219, "TPR": [0.81, 0.75], "TPR whole": 0.7833333333333333, "TPR ratio": 1.08, "FPR": [0.01888888888888889, 0.024444444444444446], "FPR whole": 0.021666666666666667, "FPR ratio": 0.7727272727272727, "PPR": [0.826530612244898, 0.7317073170731707], "PPR whole": 0.7833333333333333, "PPR ratio": 1.129591836734694}, "0.05-0.8": {"roc": 0.9557654320987654, "flag_rate": [0.097, 0.08469387755102041], "flag_rate_ratio": 1.1453012048192772, "TPR": [0.83, 0.7375], "TPR whole": 0.7888888888888889, "TPR ratio": 1.1254237288135591, "FPR": [0.015555555555555555, 0.02666666666666667], "FPR whole": 0.021111111111111112, "FPR ratio": 0.5833333333333333, "PPR": [0.8556701030927835, 0.7108433734939759], "PPR whole": 0.7888888888888889, "PPR ratio": 1.203739297571204}, "0.2-0.01": {"roc": 0.9649320987654321, "flag_rate": [0.101, 0.08061224489795918], "flag_rate_ratio": 1.2529113924050634, "TPR": [0.87, 0.75], "TPR whole": 0.8166666666666667, "TPR ratio": 1.16, "FPR": [0.015555555555555555, 0.021111111111111112], "FPR whole": 0.018333333333333333, "FPR ratio": 0.7368421052631579, "PPR": [0.8613861386138614, 0.759493670886076], "PPR whole": 0.8166666666666667, "PPR ratio": 1.134158415841584}, "0.2-0.2": {"roc": 0.9653086419753086, "flag_rate": [0.099, 0.0826530612244898], "flag_rate_ratio": 1.1977777777777778, "TPR": [0.87, 0.775], "TPR whole": 0.8277777777777777, "TPR ratio": 1.1225806451612903, "FPR": [0.013333333333333334, 0.021111111111111112], "FPR whole": 0.017222222222222222, "FPR ratio": 0.6315789473684211, "PPR": [0.8787878787878788, 0.7654320987654321], "PPR whole": 0.8277777777777777, "PPR ratio": 1.1480938416422288}, "0.2-0.5": {"roc": 0.9672037037037037, "flag_rate": [0.099, 0.0826530612244898], "flag_rate_ratio": 1.1977777777777778, "TPR": [0.86, 0.8], "TPR whole": 0.8333333333333334, "TPR ratio": 1.075, "FPR": [0.014444444444444444, 0.01888888888888889], "FPR whole": 0.016666666666666666, "FPR ratio": 0.7647058823529411, "PPR": [0.8686868686868687, 0.7901234567901234], "PPR whole": 0.8333333333333334, "PPR ratio": 1.0994318181818183}, "0.2-0.8": {"roc": 0.9622592592592593, "flag_rate": [0.092, 0.08979591836734693], "flag_rate_ratio": 1.0245454545454546, "TPR": [0.82, 0.8], "TPR whole": 0.8111111111111111, "TPR ratio": 1.025, "FPR": [0.011111111111111112, 0.02666666666666667], "FPR whole": 0.01888888888888889, "FPR ratio": 0.41666666666666663, "PPR": [0.8913043478260869, 0.7272727272727273], "PPR whole": 0.8111111111111111, "PPR ratio": 1.2255434782608694}, "0.5-0.01": {"roc": 0.9669506172839507, "flag_rate": [0.098, 0.0836734693877551], "flag_rate_ratio": 1.1712195121951219, "TPR": [0.85, 0.775], "TPR whole": 0.8166666666666667, "TPR ratio": 1.096774193548387, "FPR": [0.014444444444444444, 0.022222222222222223], "FPR whole": 0.018333333333333333, "FPR ratio": 0.6499999999999999, "PPR": [0.8673469387755102, 0.7560975609756098], "PPR whole": 0.8166666666666667, "PPR ratio": 1.1471362738643844}, "0.5-0.2": {"roc": 0.961037037037037, "flag_rate": [0.092, 0.08979591836734693], "flag_rate_ratio": 1.0245454545454546, "TPR": [0.83, 0.775], "TPR whole": 0.8055555555555556, "TPR ratio": 1.0709677419354837, "FPR": [0.01, 0.028888888888888888], "FPR whole": 0.019444444444444445, "FPR ratio": 0.3461538461538462, "PPR": [0.9021739130434783, 0.7045454545454546], "PPR whole": 0.8055555555555556, "PPR ratio": 1.2805049088359046}, "0.5-0.5": {"roc": 0.9542592592592594, "flag_rate": [0.103, 0.07857142857142857], "flag_rate_ratio": 1.3109090909090908, "TPR": [0.85, 0.7875], "TPR whole": 0.8222222222222222, "TPR ratio": 1.0793650793650793, "FPR": [0.02, 0.015555555555555555], "FPR whole": 0.017777777777777778, "FPR ratio": 1.2857142857142858, "PPR": [0.8252427184466019, 0.8181818181818182], "PPR whole": 0.8222222222222222, "PPR ratio": 1.0086299892125135}, "0.5-0.8": {"roc": 0.9600154320987655, "flag_rate": [0.093, 0.08877551020408163], "flag_rate_ratio": 1.0475862068965518, "TPR": [0.82, 0.75], "TPR whole": 0.7888888888888889, "TPR ratio": 1.0933333333333333, "FPR": [0.012222222222222223, 0.03], "FPR whole": 0.021111111111111112, "FPR ratio": 0.40740740740740744, "PPR": [0.8817204301075269, 0.6896551724137931], "PPR whole": 0.7888888888888889, "PPR ratio": 1.2784946236559138}, "0.8-0.01": {"roc": 0.9669907407407408, "flag_rate": [0.101, 0.08061224489795918], "flag_rate_ratio": 1.2529113924050634, "TPR": [0.86, 0.775], "TPR whole": 0.8222222222222222, "TPR ratio": 1.1096774193548387, "FPR": [0.016666666666666666, 0.01888888888888889], "FPR whole": 0.017777777777777778, "FPR ratio": 0.8823529411764706, "PPR": [0.8514851485148515, 0.7848101265822784], "PPR whole": 0.8222222222222222, "PPR ratio": 1.0849568827850526}, "0.8-0.2": {"roc": 0.9569382716049382, "flag_rate": [0.099, 0.0826530612244898], "flag_rate_ratio": 1.1977777777777778, "TPR": [0.85, 0.7375], "TPR whole": 0.8, "TPR ratio": 1.1525423728813557, "FPR": [0.015555555555555555, 0.024444444444444446], "FPR whole": 0.02, "FPR ratio": 0.6363636363636364, "PPR": [0.8585858585858586, 0.7283950617283951], "PPR whole": 0.8, "PPR ratio": 1.1787365177195686}, "0.8-0.5": {"roc": 0.9501080246913579, "flag_rate": [0.098, 0.0836734693877551], "flag_rate_ratio": 1.1712195121951219, "TPR": [0.8, 0.775], "TPR whole": 0.7888888888888889, "TPR ratio": 1.032258064516129,