{"0.01-0.01": {"roc": 0.9631706349206349, "flag_rate": [0.085, 0.05851063829787234], "flag_rate_ratio": 1.4527272727272729, "TPR": [0.81, 0.9], "TPR whole": 0.8357142857142857, "TPR ratio": 0.9, "FPR": [0.0044444444444444444, 0.021111111111111112], "FPR whole": 0.012777777777777779, "FPR ratio": 0.21052631578947367, "PPR": [0.9529411764705882, 0.6545454545454545], "PPR whole": 0.8357142857142857, "PPR ratio": 1.4558823529411764}, "0.01-0.2": {"roc": 0.9556111111111112, "flag_rate": [0.085, 0.05851063829787234], "flag_rate_ratio": 1.4527272727272729, "TPR": [0.8, 0.85], "TPR whole": 0.8142857142857143, "TPR ratio": 0.9411764705882354, "FPR": [0.005555555555555556, 0.023333333333333334], "FPR whole": 0.014444444444444444, "FPR ratio": 0.23809523809523808, "PPR": [0.9411764705882353, 0.6181818181818182], "PPR whole": 0.8142857142857143, "PPR ratio": 1.5224913494809689}, "0.01-0.5": {"roc": 0.9524246031746032, "flag_rate": [0.083, 0.06063829787234042], "flag_rate_ratio": 1.3687719298245615, "TPR": [0.78, 0.85], "TPR whole": 0.8, "TPR ratio": 0.9176470588235295, "FPR": [0.005555555555555556, 0.025555555555555557], "FPR whole": 0.015555555555555555, "FPR ratio": 0.21739130434782608, "PPR": [0.9397590361445783, 0.5964912280701754], "PPR whole": 0.8, "PPR ratio": 1.5754783841247344}, "0.01-0.8": {"roc": 0.952388888888889, "flag_rate": [0.085, 0.05851063829787234], "flag_rate_ratio": 1.4527272727272729, "TPR": [0.77, 0.85], "TPR whole": 0.7928571428571428, "TPR ratio": 0.9058823529411765, "FPR": [0.008888888888888889, 0.023333333333333334], "FPR whole": 0.01611111111111111, "FPR ratio": 0.38095238095238093, "PPR": [0.9058823529411765, 0.6181818181818182], "PPR whole": 0.7928571428571428, "PPR ratio": 1.4653979238754327}, "0.05-0.01": {"roc": 0.9721388888888889, "flag_rate": [0.085, 0.05851063829787234], "flag_rate_ratio": 1.4527272727272729, "TPR": [0.82, 0.825], "TPR whole": 0.8214285714285714, "TPR ratio": 0.9939393939393939, "FPR": [0.0033333333333333335, 0.024444444444444446], "FPR whole": 0.013888888888888888, "FPR ratio": 0.13636363636363635, "PPR": [0.9647058823529412, 0.6], "PPR whole": 0.8214285714285714, "PPR ratio": 1.607843137254902}, "0.05-0.2": {"roc": 0.95625, "flag_rate": [0.087, 0.05638297872340425], "flag_rate_ratio": 1.5430188679245282, "TPR": [0.77, 0.85], "TPR whole": 0.7928571428571428, "TPR ratio": 0.9058823529411765, "FPR": [0.011111111111111112, 0.021111111111111112], "FPR whole": 0.01611111111111111, "FPR ratio": 0.5263157894736842, "PPR": [0.8850574712643678, 0.6415094339622641], "PPR whole": 0.7928571428571428, "PPR ratio": 1.3796484110885734}, "0.05-0.5": {"roc": 0.9551626984126985, "flag_rate": [0.084, 0.059574468085106386], "flag_rate_ratio": 1.41, "TPR": [0.8, 0.85], "TPR whole": 0.8142857142857143, "TPR ratio": 0.9411764705882354, "FPR": [0.0044444444444444444, 0.024444444444444446], "FPR whole": 0.014444444444444444, "FPR ratio": 0.1818181818181818, "PPR": [0.9523809523809523, 0.6071428571428571], "PPR whole": 0.8142857142857143, "PPR ratio": 1.5686274509803921}, "0.05-0.8": {"roc": 0.9588769841269841, "flag_rate": [0.085, 0.05851063829787234], "flag_rate_ratio": 1.4527272727272729, "TPR": [0.8, 0.825], "TPR whole": 0.8071428571428572, "TPR ratio": 0.9696969696969698, "FPR": [0.005555555555555556, 0.024444444444444446], "FPR whole": 0.015, "FPR ratio": 0.22727272727272727, "PPR": [0.9411764705882353, 0.6], "PPR whole": 0.8071428571428572, "PPR ratio": 1.5686274509803921}, "0.2-0.01": {"roc": 0.9548531746031746, "flag_rate": [0.088, 0.05531914893617021], "flag_rate_ratio": 1.5907692307692307, "TPR": [0.81, 0.775], "TPR whole": 0.8, "TPR ratio": 1.0451612903225806, "FPR": [0.0077777777777777776, 0.023333333333333334], "FPR whole": 0.015555555555555555, "FPR ratio": 0.3333333333333333, "PPR": [0.9204545454545454, 0.5961538461538461], "PPR whole": 0.8, "PPR ratio": 1.5439882697947214}, "0.2-0.2": {"roc": 0.9602341269841269, "flag_rate": [0.081, 0.0627659574468085], "flag_rate_ratio": 1.2905084745762714, "TPR": [0.76, 0.825], "TPR whole": 0.7785714285714286, "TPR ratio": 0.9212121212121213, "FPR": [0.005555555555555556, 0.028888888888888888], "FPR whole": 0.017222222222222222, "FPR ratio": 0.19230769230769232, "PPR": [0.9382716049382716, 0.559322033898305], "PPR whole": 0.7785714285714286, "PPR ratio": 1.677515899738122}, "0.2-0.5": {"roc": 0.9570039682539683, "flag_rate": [0.085, 0.05851063829787234], "flag_rate_ratio": 1.4527272727272729, "TPR": [0.78, 0.85], "TPR whole": 0.8, "TPR ratio": 0.9176470588235295, "FPR": [0.0077777777777777776, 0.023333333333333334], "FPR whole": 0.015555555555555555, "FPR ratio": 0.3333333333333333, "PPR": [0.9176470588235294, 0.6181818181818182], "PPR whole": 0.8, "PPR ratio": 1.4844290657439445}, "0.2-0.8": {"roc": 0.9517420634920635, "flag_rate": [0.082, 0.06170212765957447], "flag_rate_ratio": 1.3289655172413795, "TPR": [0.77, 0.85], "TPR whole": 0.7928571428571428, "TPR ratio": 0.9058823529411765, "FPR": [0.005555555555555556, 0.02666666666666667], "FPR whole": 0.01611111111111111, "FPR ratio": 0.20833333333333331, "PPR": [0.9390243902439024, 0.5862068965517241], "PPR whole": 0.7928571428571428, "PPR ratio": 1.6018651362984218}, "0.5-0.01": {"roc": 0.9594246031746031, "flag_rate": [0.082, 0.06170212765957447], "flag_rate_ratio": 1.3289655172413795, "TPR": [0.8, 0.825], "TPR whole": 0.8071428571428572, "TPR ratio": 0.9696969696969698, "FPR": [0.0022222222222222222, 0.027777777777777776], "FPR whole": 0.015, "FPR ratio": 0.08, "PPR": [0.975609756097561, 0.5689655172413793], "PPR whole": 0.8071428571428572, "PPR ratio": 1.7147080561714707}, "0.5-0.2": {"roc": 0.9641904761904762, "flag_rate": [0.084, 0.059574468085106386], "flag_rate_ratio": 1.41, "TPR": [0.78, 0.85], "TPR whole": 0.8, "TPR ratio": 0.9176470588235295, "FPR": [0.006666666666666667, 0.024444444444444446], "FPR whole": 0.015555555555555555, "FPR ratio": 0.2727272727272727, "PPR": [0.9285714285714286, 0.6071428571428571], "PPR whole": 0.8, "PPR ratio": 1.5294117647058825}, "0.5-0.5": {"roc": 0.9548888888888889, "flag_rate": [0.086, 0.0574468085106383], "flag_rate_ratio": 1.497037037037037, "TPR": [0.78, 0.8], "TPR whole": 0.7857142857142857, "TPR ratio": 0.975, "FPR": [0.008888888888888889, 0.024444444444444446], "FPR whole": 0.016666666666666666, "FPR ratio": 0.3636363636363636, "PPR": [0.9069767441860465, 0.5925925925925926], "PPR whole": 0.7857142857142857, "PPR ratio": 1.5305232558139534}, "0.5-0.8": {"roc": 0.952202380952381, "flag_rate": [0.08, 0.06382978723404255], "flag_rate_ratio": 1.2533333333333334, "TPR": [0.77, 0.875], "TPR whole": 0.8, "TPR ratio": 0.88, "FPR": [0.0033333333333333335, 0.027777777777777776], "FPR whole": 0.015555555555555555, "FPR ratio": 0.12000000000000001, "PPR": [0.9625, 0.5833333333333334], "PPR whole": 0.8, "PPR ratio": 1.65}, "0.8-0.01": {"roc": 0.9584484126984127, "flag_rate": [0.082, 0.06170212765957447], "flag_rate_ratio": 1.3289655172413795, "TPR": [0.79, 0.85], "TPR whole": 0.8071428571428572, "TPR ratio": 0.9294117647058824, "FPR": [0.0033333333333333335, 0.02666666666666667], "FPR whole": 0.015, "FPR ratio": 0.125, "PPR": [0.9634146341463414, 0.5862068965517241], "PPR whole": 0.8071428571428572, "PPR ratio": 1.6434720229555237}, "0.8-0.2": {"roc": 0.9538055555555556, "flag_rate": [0.083, 0.06063829787234042], "flag_rate_ratio": 1.3687719298245615, "TPR": [0.76, 0.85], "TPR whole": 0.7857142857142857, "TPR ratio": 0.8941176470588236, "FPR": [0.0077777777777777776, 0.025555555555555557], "FPR whole": 0.016666666666666666, "FPR ratio": 0.3043478260869565, "PPR": [0.9156626506024096, 0.5964912280701754], "PPR whole": 0.7857142857142857, "PPR ratio": 1.5350815024805102}, "0.8-0.5": {"roc": 0.9498730158730159, "flag_rate": [0.084, 0.059574468085106386], "flag_rate_ratio": 1.41, "TPR": [0.74, 0.825], "TPR whole": 0.7642857142857142, "TPR ratio": 0.896969696969697, "FPR": [0.011111111111111112, 0.025555555555555557], "FPR whole": 0.018333333333333333, "FPR ratio": 0.43478260869565216,