{"0.01-0.01": {"roc": 0.9582256944444444, "flag_rate": [0.087, 0.07604166666666666], "flag_rate_ratio": 1.144109589041096, "TPR": [0.8, 0.7666666666666667], "TPR whole": 0.7875, "TPR ratio": 1.0434782608695652, "FPR": [0.0077777777777777776, 0.03], "FPR whole": 0.01888888888888889, "FPR ratio": 0.25925925925925924, "PPR": [0.9195402298850575, 0.6301369863013698], "PPR whole": 0.7875, "PPR ratio": 1.4592703648175913}, "0.01-0.2": {"roc": 0.9573680555555555, "flag_rate": [0.089, 0.07395833333333333], "flag_rate_ratio": 1.2033802816901407, "TPR": [0.8, 0.8], "TPR whole": 0.8, "TPR ratio": 1.0, "FPR": [0.01, 0.025555555555555557], "FPR whole": 0.017777777777777778, "FPR ratio": 0.3913043478260869, "PPR": [0.898876404494382, 0.676056338028169], "PPR whole": 0.8, "PPR ratio": 1.3295880149812733}, "0.01-0.5": {"roc": 0.9566562500000001, "flag_rate": [0.091, 0.071875], "flag_rate_ratio": 1.2660869565217392, "TPR": [0.81, 0.8], "TPR whole": 0.80625, "TPR ratio": 1.0125, "FPR": [0.011111111111111112, 0.023333333333333334], "FPR whole": 0.017222222222222222, "FPR ratio": 0.47619047619047616, "PPR": [0.8901098901098901, 0.6956521739130435], "PPR whole": 0.80625, "PPR ratio": 1.279532967032967}, "0.01-0.8": {"roc": 0.9525, "flag_rate": [0.097, 0.065625], "flag_rate_ratio": 1.4780952380952381, "TPR": [0.83, 0.7833333333333333], "TPR whole": 0.8125, "TPR ratio": 1.0595744680851062, "FPR": [0.015555555555555555, 0.017777777777777778], "FPR whole": 0.016666666666666666, "FPR ratio": 0.875, "PPR": [0.8556701030927835, 0.746031746031746], "PPR whole": 0.8125, "PPR ratio": 1.146962053081816}, "0.05-0.01": {"roc": 0.9598819444444444, "flag_rate": [0.085, 0.078125], "flag_rate_ratio": 1.088, "TPR": [0.81, 0.8], "TPR whole": 0.80625, "TPR ratio": 1.0125, "FPR": [0.0044444444444444444, 0.03], "FPR whole": 0.017222222222222222, "FPR ratio": 0.14814814814814814, "PPR": [0.9529411764705882, 0.64], "PPR whole": 0.80625, "PPR ratio": 1.488970588235294}, "0.05-0.2": {"roc": 0.9595625000000001, "flag_rate": [0.092, 0.07083333333333333], "flag_rate_ratio": 1.2988235294117647, "TPR": [0.81, 0.7833333333333333], "TPR whole": 0.8, "TPR ratio": 1.0340425531914894, "FPR": [0.012222222222222223, 0.023333333333333334], "FPR whole": 0.017777777777777778, "FPR ratio": 0.5238095238095238, "PPR": [0.8804347826086957, 0.6911764705882353], "PPR whole": 0.8, "PPR ratio": 1.2738205365402406}, "0.05-0.5": {"roc": 0.9587291666666667, "flag_rate": [0.096, 0.06666666666666667], "flag_rate_ratio": 1.44, "TPR": [0.83, 0.75], "TPR whole": 0.8, "TPR ratio": 1.1066666666666667, "FPR": [0.014444444444444444, 0.021111111111111112], "FPR whole": 0.017777777777777778, "FPR ratio": 0.6842105263157894, "PPR": [0.8645833333333334, 0.703125], "PPR whole": 0.8, "PPR ratio": 1.2296296296296296}, "0.05-0.8": {"roc": 0.9540729166666667, "flag_rate": [0.087, 0.07604166666666666], "flag_rate_ratio": 1.144109589041096, "TPR": [0.8, 0.7833333333333333], "TPR whole": 0.79375, "TPR ratio": 1.021276595744681, "FPR": [0.0077777777777777776, 0.028888888888888888], "FPR whole": 0.018333333333333333, "FPR ratio": 0.2692307692307692, "PPR": [0.9195402298850575, 0.6438356164383562], "PPR whole": 0.79375, "PPR ratio": 1.4282220591831742}, "0.2-0.01": {"roc": 0.9591597222222222, "flag_rate": [0.093, 0.06979166666666667], "flag_rate_ratio": 1.3325373134328358, "TPR": [0.82, 0.75], "TPR whole": 0.79375, "TPR ratio": 1.0933333333333333, "FPR": [0.012222222222222223, 0.024444444444444446], "FPR whole": 0.018333333333333333, "FPR ratio": 0.5, "PPR": [0.8817204301075269, 0.6716417910447762], "PPR whole": 0.79375, "PPR ratio": 1.3127837514934289}, "0.2-0.2": {"roc": 0.9470277777777778, "flag_rate": [0.101, 0.06145833333333333], "flag_rate_ratio": 1.6433898305084749, "TPR": [0.82, 0.75], "TPR whole": 0.79375, "TPR ratio": 1.0933333333333333, "FPR": [0.021111111111111112, 0.015555555555555555], "FPR whole": 0.018333333333333333, "FPR ratio": 1.3571428571428572, "PPR": [0.8118811881188119, 0.7627118644067796], "PPR whole": 0.79375, "PPR ratio": 1.0644664466446645}, "0.2-0.5": {"roc": 0.9502986111111111, "flag_rate": [0.094, 0.06875], "flag_rate_ratio": 1.3672727272727272, "TPR": [0.8, 0.7833333333333333], "TPR whole": 0.79375, "TPR ratio": 1.021276595744681, "FPR": [0.015555555555555555, 0.021111111111111112], "FPR whole": 0.018333333333333333, "FPR ratio": 0.7368421052631579, "PPR": [0.851063829787234, 0.7121212121212122], "PPR whole": 0.79375, "PPR ratio": 1.1951109099139883}, "0.2-0.8": {"roc": 0.9508958333333333, "flag_rate": [0.089, 0.07395833333333333], "flag_rate_ratio": 1.2033802816901407, "TPR": [0.79, 0.7666666666666667], "TPR whole": 0.78125, "TPR ratio": 1.0304347826086957, "FPR": [0.011111111111111112, 0.027777777777777776], "FPR whole": 0.019444444444444445, "FPR ratio": 0.4, "PPR": [0.8876404494382022, 0.647887323943662], "PPR whole": 0.78125, "PPR ratio": 1.3700537371763555}, "0.5-0.01": {"roc": 0.9591319444444445, "flag_rate": [0.085, 0.078125], "flag_rate_ratio": 1.088, "TPR": [0.81, 0.8333333333333334], "TPR whole": 0.81875, "TPR ratio": 0.972, "FPR": [0.0044444444444444444, 0.027777777777777776], "FPR whole": 0.01611111111111111, "FPR ratio": 0.16, "PPR": [0.9529411764705882, 0.6666666666666666], "PPR whole": 0.81875, "PPR ratio": 1.4294117647058824}, "0.5-0.2": {"roc": 0.9551875, "flag_rate": [0.09, 0.07291666666666667], "flag_rate_ratio": 1.2342857142857142, "TPR": [0.83, 0.8166666666666667], "TPR whole": 0.825, "TPR ratio": 1.0163265306122449, "FPR": [0.0077777777777777776, 0.023333333333333334], "FPR whole": 0.015555555555555555, "FPR ratio": 0.3333333333333333, "PPR": [0.9222222222222223, 0.7], "PPR whole": 0.825, "PPR ratio": 1.3174603174603177}, "0.5-0.5": {"roc": 0.9461770833333334, "flag_rate": [0.088, 0.075], "flag_rate_ratio": 1.1733333333333333, "TPR": [0.81, 0.7666666666666667], "TPR whole": 0.79375, "TPR ratio": 1.0565217391304347, "FPR": [0.0077777777777777776, 0.028888888888888888], "FPR whole": 0.018333333333333333, "FPR ratio": 0.2692307692307692, "PPR": [0.9204545454545454, 0.6388888888888888], "PPR whole": 0.79375, "PPR ratio": 1.440711462450593}, "0.5-0.8": {"roc": 0.9498194444444444, "flag_rate": [0.086, 0.07708333333333334], "flag_rate_ratio": 1.1156756756756756, "TPR": [0.79, 0.7333333333333333], "TPR whole": 0.76875, "TPR ratio": 1.0772727272727274, "FPR": [0.0077777777777777776, 0.03333333333333333], "FPR whole": 0.020555555555555556, "FPR ratio": 0.23333333333333334, "PPR": [0.9186046511627907, 0.5945945945945946], "PPR whole": 0.76875, "PPR ratio": 1.5449260042283297}, "0.8-0.01": {"roc": 0.9605729166666667, "flag_rate": [0.085, 0.078125], "flag_rate_ratio": 1.088, "TPR": [0.81, 0.8333333333333334], "TPR whole": 0.81875, "TPR ratio": 0.972, "FPR": [0.0044444444444444444, 0.027777777777777776], "FPR whole": 0.01611111111111111, "FPR ratio": 0.16, "PPR": [0.9529411764705882, 0.6666666666666666], "PPR whole": 0.81875, "PPR ratio": 1.4294117647058824}, "0.8-0.2": {"roc": 0.9504479166666667, "flag_rate": [0.089, 0.07395833333333333], "flag_rate_ratio": 1.2033802816901407, "TPR": [0.79, 0.7833333333333333], "TPR whole": 0.7875, "TPR ratio": 1.0085106382978724, "FPR": [0.011111111111111112, 0.02666666666666667], "FPR whole": 0.01888888888888889, "FPR ratio": 0.41666666666666663, "PPR": [0.8876404494382022, 0.6619718309859155], "PPR whole": 0.7875, "PPR ratio": 1.340903657661965}, "0.8-0.5": {"roc": 0.9410868055555556, "flag_rate": [0.088, 0.075], "flag_rate_ratio": 1.1733333333333333, "TPR": [0.78, 0.7166666666666667], "TPR whole": 0.75625, "TPR ratio": 1.0883720930232559, "FPR": [0.011111111111111112, 0.03222222222222222], "FPR whole": 0.021666666666666667, "FPR ratio": 0.3448275862068966, "PPR": [0.8863636363636364, 0.5972222222222222], "PPR whole": 0.75625, "PPR ratio": 1.4841437632135306}, "0.8-0.8": {"roc": 0.9516180555555556, "flag_rate": [0.098, 0.06458333333333334], "flag_rate_ratio": 1.5174193548387096, "TPR": [0.82, 0.7333333333333333], "TPR whole": 0.7875, "TPR ratio": 1.1181818181818182,