{"0.01-0.01": {"roc": 0.9513070175438597, "flag_rate": [0.1, 0.09090909090909091], "flag_rate_ratio": 1.1, "TPR": [0.85, 0.7333333333333333], "TPR whole": 0.7947368421052632, "TPR ratio": 1.1590909090909092, "FPR": [0.016666666666666666, 0.02666666666666667], "FPR whole": 0.021666666666666667, "FPR ratio": 0.625, "PPR": [0.85, 0.7333333333333333], "PPR whole": 0.7947368421052632, "PPR ratio": 1.1590909090909092}, "0.01-0.2": {"roc": 0.9427602339181287, "flag_rate": [0.1, 0.09090909090909091], "flag_rate_ratio": 1.1, "TPR": [0.83, 0.7222222222222222], "TPR whole": 0.7789473684210526, "TPR ratio": 1.1492307692307693, "FPR": [0.01888888888888889, 0.027777777777777776], "FPR whole": 0.023333333333333334, "FPR ratio": 0.68, "PPR": [0.83, 0.7222222222222222], "PPR whole": 0.7789473684210526, "PPR ratio": 1.1492307692307693}, "0.01-0.5": {"roc": 0.9535350877192983, "flag_rate": [0.099, 0.09191919191919191], "flag_rate_ratio": 1.0770329670329672, "TPR": [0.85, 0.7777777777777778], "TPR whole": 0.8157894736842105, "TPR ratio": 1.0928571428571427, "FPR": [0.015555555555555555, 0.023333333333333334], "FPR whole": 0.019444444444444445, "FPR ratio": 0.6666666666666666, "PPR": [0.8585858585858586, 0.7692307692307693], "PPR whole": 0.8157894736842105, "PPR ratio": 1.1161616161616161}, "0.01-0.8": {"roc": 0.9520906432748538, "flag_rate": [0.101, 0.0898989898989899], "flag_rate_ratio": 1.123483146067416, "TPR": [0.84, 0.7333333333333333], "TPR whole": 0.7894736842105263, "TPR ratio": 1.1454545454545455, "FPR": [0.01888888888888889, 0.025555555555555557], "FPR whole": 0.022222222222222223, "FPR ratio": 0.7391304347826086, "PPR": [0.8316831683168316, 0.7415730337078652], "PPR whole": 0.7894736842105263, "PPR ratio": 1.1215121512151214}, "0.05-0.01": {"roc": 0.9493508771929824, "flag_rate": [0.101, 0.0898989898989899], "flag_rate_ratio": 1.123483146067416, "TPR": [0.88, 0.7555555555555555], "TPR whole": 0.8210526315789474, "TPR ratio": 1.1647058823529413, "FPR": [0.014444444444444444, 0.023333333333333334], "FPR whole": 0.01888888888888889, "FPR ratio": 0.619047619047619, "PPR": [0.8712871287128713, 0.7640449438202247], "PPR whole": 0.8210526315789474, "PPR ratio": 1.1403610949330227}, "0.05-0.2": {"roc": 0.9519035087719298, "flag_rate": [0.101, 0.0898989898989899], "flag_rate_ratio": 1.123483146067416, "TPR": [0.87, 0.7444444444444445], "TPR whole": 0.8105263157894737, "TPR ratio": 1.1686567164179105, "FPR": [0.015555555555555555, 0.024444444444444446], "FPR whole": 0.02, "FPR ratio": 0.6363636363636364, "PPR": [0.8613861386138614, 0.7528089887640449], "PPR whole": 0.8105263157894737, "PPR ratio": 1.144229348307965}, "0.05-0.5": {"roc": 0.9568128654970762, "flag_rate": [0.096, 0.09494949494949495], "flag_rate_ratio": 1.011063829787234, "TPR": [0.84, 0.7555555555555555], "TPR whole": 0.8, "TPR ratio": 1.111764705882353, "FPR": [0.013333333333333334, 0.028888888888888888], "FPR whole": 0.021111111111111112, "FPR ratio": 0.46153846153846156, "PPR": [0.875, 0.723404255319149], "PPR whole": 0.8, "PPR ratio": 1.2095588235294117}, "0.05-0.8": {"roc": 0.9527485380116958, "flag_rate": [0.102, 0.08888888888888889], "flag_rate_ratio": 1.1475, "TPR": [0.87, 0.7333333333333333], "TPR whole": 0.8052631578947368, "TPR ratio": 1.1863636363636365, "FPR": [0.016666666666666666, 0.024444444444444446], "FPR whole": 0.020555555555555556, "FPR ratio": 0.6818181818181818, "PPR": [0.8529411764705882, 0.75], "PPR whole": 0.8052631578947368, "PPR ratio": 1.1372549019607843}, "0.2-0.01": {"roc": 0.9569590643274855, "flag_rate": [0.097, 0.09393939393939393], "flag_rate_ratio": 1.0325806451612904, "TPR": [0.85, 0.7777777777777778], "TPR whole": 0.8157894736842105, "TPR ratio": 1.0928571428571427, "FPR": [0.013333333333333334, 0.025555555555555557], "FPR whole": 0.019444444444444445, "FPR ratio": 0.5217391304347826, "PPR": [0.8762886597938144, 0.7526881720430108], "PPR whole": 0.8157894736842105, "PPR ratio": 1.1642120765832107}, "0.2-0.2": {"roc": 0.9499619883040935, "flag_rate": [0.1, 0.09090909090909091], "flag_rate_ratio": 1.1, "TPR": [0.88, 0.7777777777777778], "TPR whole": 0.8315789473684211, "TPR ratio": 1.1314285714285715, "FPR": [0.013333333333333334, 0.022222222222222223], "FPR whole": 0.017777777777777778, "FPR ratio": 0.6, "PPR": [0.88, 0.7777777777777778], "PPR whole": 0.8315789473684211, "PPR ratio": 1.1314285714285715}, "0.2-0.5": {"roc": 0.9464912280701753, "flag_rate": [0.098, 0.09292929292929293], "flag_rate_ratio": 1.0545652173913043, "TPR": [0.84, 0.7555555555555555], "TPR whole": 0.8, "TPR ratio": 1.111764705882353, "FPR": [0.015555555555555555, 0.02666666666666667], "FPR whole": 0.021111111111111112, "FPR ratio": 0.5833333333333333, "PPR": [0.8571428571428571, 0.7391304347826086], "PPR whole": 0.8, "PPR ratio": 1.1596638655462186}, "0.2-0.8": {"roc": 0.9543874269005848, "flag_rate": [0.104, 0.08686868686868687], "flag_rate_ratio": 1.1972093023255812, "TPR": [0.83, 0.7], "TPR whole": 0.7684210526315789, "TPR ratio": 1.1857142857142857, "FPR": [0.023333333333333334, 0.025555555555555557], "FPR whole": 0.024444444444444446, "FPR ratio": 0.9130434782608695, "PPR": [0.7980769230769231, 0.7325581395348837], "PPR whole": 0.7684210526315789, "PPR ratio": 1.0894383394383396}, "0.5-0.01": {"roc": 0.9513479532163742, "flag_rate": [0.097, 0.09393939393939393], "flag_rate_ratio": 1.0325806451612904, "TPR": [0.86, 0.7777777777777778], "TPR whole": 0.8210526315789474, "TPR ratio": 1.1057142857142856, "FPR": [0.012222222222222223, 0.025555555555555557], "FPR whole": 0.01888888888888889, "FPR ratio": 0.4782608695652174, "PPR": [0.8865979381443299, 0.7526881720430108], "PPR whole": 0.8210526315789474, "PPR ratio": 1.1779086892488955}, "0.5-0.2": {"roc": 0.9488596491228071, "flag_rate": [0.094, 0.09696969696969697], "flag_rate_ratio": 0.969375, "TPR": [0.83, 0.7666666666666667], "TPR whole": 0.8, "TPR ratio": 1.0826086956521739, "FPR": [0.012222222222222223, 0.03], "FPR whole": 0.021111111111111112, "FPR ratio": 0.40740740740740744, "PPR": [0.8829787234042553, 0.71875], "PPR whole": 0.8, "PPR ratio": 1.2284921369102684}, "0.5-0.5": {"roc": 0.9546315789473684, "flag_rate": [0.096, 0.09494949494949495], "flag_rate_ratio": 1.011063829787234, "TPR": [0.84, 0.7555555555555555], "TPR whole": 0.8, "TPR ratio": 1.111764705882353, "FPR": [0.013333333333333334, 0.028888888888888888], "FPR whole": 0.021111111111111112, "FPR ratio": 0.46153846153846156, "PPR": [0.875, 0.723404255319149], "PPR whole": 0.8, "PPR ratio": 1.2095588235294117}, "0.5-0.8": {"roc": 0.9463157894736842, "flag_rate": [0.094, 0.09696969696969697], "flag_rate_ratio": 0.969375, "TPR": [0.8, 0.7555555555555555], "TPR whole": 0.7789473684210526, "TPR ratio": 1.0588235294117647, "FPR": [0.015555555555555555, 0.03111111111111111], "FPR whole": 0.023333333333333334, "FPR ratio": 0.5, "PPR": [0.851063829787234, 0.7083333333333334], "PPR whole": 0.7789473684210526, "PPR ratio": 1.2015018773466832}, "0.8-0.01": {"roc": 0.955938596491228, "flag_rate": [0.093, 0.09797979797979799], "flag_rate_ratio": 0.9491752577319587, "TPR": [0.83, 0.7888888888888889], "TPR whole": 0.8105263157894737, "TPR ratio": 1.052112676056338, "FPR": [0.011111111111111112, 0.028888888888888888], "FPR whole": 0.02, "FPR ratio": 0.38461538461538464, "PPR": [0.8924731182795699, 0.7319587628865979], "PPR whole": 0.8105263157894737, "PPR ratio": 1.2192942601847645}, "0.8-0.2": {"roc": 0.9466520467836257, "flag_rate": [0.103, 0.08787878787878788], "flag_rate_ratio": 1.1720689655172414, "TPR": [0.86, 0.6888888888888889], "TPR whole": 0.7789473684210526, "TPR ratio": 1.2483870967741935, "FPR": [0.01888888888888889, 0.027777777777777776], "FPR whole": 0.023333333333333334, "FPR ratio": 0.68, "PPR": [0.8349514563106796, 0.7126436781609196], "PPR whole": 0.7789473684210526, "PPR ratio": 1.171625430629502}, "0.8-0.5": {"roc": 0.9425994152046784, "flag_rate": [0.098, 0.09292929292929293], "flag_rate_ratio": 1.0545652173913043, "TPR": [0.86, 0.7444444444444445],