{"0.01-0.01": {"roc": 0.9561620370370372, "flag_rate": [0.08, 0.043478260869565216], "flag_rate_ratio": 1.84, "TPR": [0.8, 0.85], "TPR whole": 0.8083333333333333, "TPR ratio": 0.9411764705882354, "FPR": [0.0, 0.025555555555555557], "FPR whole": 0.012777777777777779, "FPR ratio": 0.0, "PPR": [1.0, 0.425], "PPR whole": 0.8083333333333333, "PPR ratio": 2.3529411764705883}, "0.01-0.2": {"roc": 0.9539675925925925, "flag_rate": [0.079, 0.04456521739130435], "flag_rate_ratio": 1.7726829268292683, "TPR": [0.79, 0.85], "TPR whole": 0.8, "TPR ratio": 0.9294117647058824, "FPR": [0.0, 0.02666666666666667], "FPR whole": 0.013333333333333334, "FPR ratio": 0.0, "PPR": [1.0, 0.4146341463414634], "PPR whole": 0.8, "PPR ratio": 2.4117647058823533}, "0.01-0.5": {"roc": 0.9448518518518518, "flag_rate": [0.074, 0.05], "flag_rate_ratio": 1.4799999999999998, "TPR": [0.74, 0.85], "TPR whole": 0.7583333333333333, "TPR ratio": 0.8705882352941177, "FPR": [0.0, 0.03222222222222222], "FPR whole": 0.01611111111111111, "FPR ratio": 0.0, "PPR": [1.0, 0.3695652173913043], "PPR whole": 0.7583333333333333, "PPR ratio": 2.7058823529411766}, "0.01-0.8": {"roc": 0.9357222222222222, "flag_rate": [0.082, 0.041304347826086954], "flag_rate_ratio": 1.985263157894737, "TPR": [0.78, 0.85], "TPR whole": 0.7916666666666666, "TPR ratio": 0.9176470588235295, "FPR": [0.0044444444444444444, 0.023333333333333334], "FPR whole": 0.013888888888888888, "FPR ratio": 0.19047619047619047, "PPR": [0.9512195121951219, 0.4473684210526316], "PPR whole": 0.7916666666666666, "PPR ratio": 2.1262553802008606}, "0.05-0.01": {"roc": 0.9487592592592592, "flag_rate": [0.078, 0.04565217391304348], "flag_rate_ratio": 1.7085714285714286, "TPR": [0.76, 0.9], "TPR whole": 0.7833333333333333, "TPR ratio": 0.8444444444444444, "FPR": [0.0022222222222222222, 0.02666666666666667], "FPR whole": 0.014444444444444444, "FPR ratio": 0.08333333333333333, "PPR": [0.9743589743589743, 0.42857142857142855], "PPR whole": 0.7833333333333333, "PPR ratio": 2.2735042735042734}, "0.05-0.2": {"roc": 0.9530694444444445, "flag_rate": [0.079, 0.04456521739130435], "flag_rate_ratio": 1.7726829268292683, "TPR": [0.78, 0.9], "TPR whole": 0.8, "TPR ratio": 0.8666666666666667, "FPR": [0.0011111111111111111, 0.025555555555555557], "FPR whole": 0.013333333333333334, "FPR ratio": 0.043478260869565216, "PPR": [0.9873417721518988, 0.43902439024390244], "PPR whole": 0.8, "PPR ratio": 2.248945147679325}, "0.05-0.5": {"roc": 0.9473333333333332, "flag_rate": [0.077, 0.04673913043478261], "flag_rate_ratio": 1.6474418604651162, "TPR": [0.77, 0.85], "TPR whole": 0.7833333333333333, "TPR ratio": 0.9058823529411765, "FPR": [0.0, 0.028888888888888888], "FPR whole": 0.014444444444444444, "FPR ratio": 0.0, "PPR": [1.0, 0.3953488372093023], "PPR whole": 0.7833333333333333, "PPR ratio": 2.5294117647058827}, "0.05-0.8": {"roc": 0.9469675925925926, "flag_rate": [0.078, 0.04565217391304348], "flag_rate_ratio": 1.7085714285714286, "TPR": [0.78, 0.85], "TPR whole": 0.7916666666666666, "TPR ratio": 0.9176470588235295, "FPR": [0.0, 0.027777777777777776], "FPR whole": 0.013888888888888888, "FPR ratio": 0.0, "PPR": [1.0, 0.40476190476190477], "PPR whole": 0.7916666666666666, "PPR ratio": 2.4705882352941178}, "0.2-0.01": {"roc": 0.9563888888888888, "flag_rate": [0.079, 0.04456521739130435], "flag_rate_ratio": 1.7726829268292683, "TPR": [0.79, 0.9], "TPR whole": 0.8083333333333333, "TPR ratio": 0.8777777777777778, "FPR": [0.0, 0.025555555555555557], "FPR whole": 0.012777777777777779, "FPR ratio": 0.0, "PPR": [1.0, 0.43902439024390244], "PPR whole": 0.8083333333333333, "PPR ratio": 2.2777777777777777}, "0.2-0.2": {"roc": 0.9461712962962963, "flag_rate": [0.082, 0.041304347826086954], "flag_rate_ratio": 1.985263157894737, "TPR": [0.76, 0.85], "TPR whole": 0.775, "TPR ratio": 0.8941176470588236, "FPR": [0.006666666666666667, 0.023333333333333334], "FPR whole": 0.015, "FPR ratio": 0.2857142857142857, "PPR": [0.926829268292683, 0.4473684210526316], "PPR whole": 0.775, "PPR ratio": 2.071736011477762}, "0.2-0.5": {"roc": 0.9395462962962963, "flag_rate": [0.078, 0.04565217391304348], "flag_rate_ratio": 1.7085714285714286, "TPR": [0.75, 0.85], "TPR whole": 0.7666666666666667, "TPR ratio": 0.8823529411764706, "FPR": [0.0033333333333333335, 0.027777777777777776], "FPR whole": 0.015555555555555555, "FPR ratio": 0.12000000000000001, "PPR": [0.9615384615384616, 0.40476190476190477], "PPR whole": 0.7666666666666667, "PPR ratio": 2.3755656108597285}, "0.2-0.8": {"roc": 0.9428101851851851, "flag_rate": [0.079, 0.04456521739130435], "flag_rate_ratio": 1.7726829268292683, "TPR": [0.76, 0.85], "TPR whole": 0.775, "TPR ratio": 0.8941176470588236, "FPR": [0.0033333333333333335, 0.02666666666666667], "FPR whole": 0.015, "FPR ratio": 0.125, "PPR": [0.9620253164556962, 0.4146341463414634], "PPR whole": 0.775, "PPR ratio": 2.32017870439315}, "0.5-0.01": {"roc": 0.9534814814814815, "flag_rate": [0.082, 0.041304347826086954], "flag_rate_ratio": 1.985263157894737, "TPR": [0.82, 0.9], "TPR whole": 0.8333333333333334, "TPR ratio": 0.911111111111111, "FPR": [0.0, 0.022222222222222223], "FPR whole": 0.011111111111111112, "FPR ratio": 0.0, "PPR": [1.0, 0.47368421052631576], "PPR whole": 0.8333333333333334, "PPR ratio": 2.111111111111111}, "0.5-0.2": {"roc": 0.9455555555555555, "flag_rate": [0.082, 0.041304347826086954], "flag_rate_ratio": 1.985263157894737, "TPR": [0.78, 0.85], "TPR whole": 0.7916666666666666, "TPR ratio": 0.9176470588235295, "FPR": [0.0044444444444444444, 0.023333333333333334], "FPR whole": 0.013888888888888888, "FPR ratio": 0.19047619047619047, "PPR": [0.9512195121951219, 0.4473684210526316], "PPR whole": 0.7916666666666666, "PPR ratio": 2.1262553802008606}, "0.5-0.5": {"roc": 0.9447870370370371, "flag_rate": [0.077, 0.04673913043478261], "flag_rate_ratio": 1.6474418604651162, "TPR": [0.77, 0.85], "TPR whole": 0.7833333333333333, "TPR ratio": 0.9058823529411765, "FPR": [0.0, 0.028888888888888888], "FPR whole": 0.014444444444444444, "FPR ratio": 0.0, "PPR": [1.0, 0.3953488372093023], "PPR whole": 0.7833333333333333, "PPR ratio": 2.5294117647058827}, "0.5-0.8": {"roc": 0.9395416666666667, "flag_rate": [0.077, 0.04673913043478261], "flag_rate_ratio": 1.6474418604651162, "TPR": [0.74, 0.85], "TPR whole": 0.7583333333333333, "TPR ratio": 0.8705882352941177, "FPR": [0.0033333333333333335, 0.028888888888888888], "FPR whole": 0.01611111111111111, "FPR ratio": 0.11538461538461539, "PPR": [0.961038961038961, 0.3953488372093023], "PPR whole": 0.7583333333333333, "PPR ratio": 2.430863254392666}, "0.8-0.01": {"roc": 0.9571712962962964, "flag_rate": [0.081, 0.042391304347826085], "flag_rate_ratio": 1.910769230769231, "TPR": [0.81, 0.9], "TPR whole": 0.825, "TPR ratio": 0.9, "FPR": [0.0, 0.023333333333333334], "FPR whole": 0.011666666666666667, "FPR ratio": 0.0, "PPR": [1.0, 0.46153846153846156], "PPR whole": 0.825, "PPR ratio": 2.1666666666666665}, "0.8-0.2": {"roc": 0.9448888888888889, "flag_rate": [0.078, 0.04565217391304348], "flag_rate_ratio": 1.7085714285714286, "TPR": [0.77, 0.85], "TPR whole": 0.7833333333333333, "TPR ratio": 0.9058823529411765, "FPR": [0.0011111111111111111, 0.027777777777777776], "FPR whole": 0.014444444444444444, "FPR ratio": 0.04, "PPR": [0.9871794871794872, 0.40476190476190477], "PPR whole": 0.7833333333333333, "PPR ratio": 2.4389140271493215}, "0.8-0.5": {"roc": 0.9418796296296296, "flag_rate": [0.084, 0.0391304347826087], "flag_rate_ratio": 2.1466666666666665, "TPR": [0.78, 0.85], "TPR whole": 0.7916666666666666, "TPR ratio": 0.9176470588235295, "FPR": [0.006666666666666667, 0.021111111111111112], "FPR whole": 0.013888888888888888, "FPR ratio": 0.31578947368421056, "PPR": [0.9285714285714286, 0.4722222222222222], "PPR whole": 0.7916666666666666, "PPR ratio": 1.9663865546218489}, "0.8-0.8": {"roc": 0.9453333333333332, "flag_rate": [0.083, 0.04021739130434782], "flag_rate_ratio": 2.063783783783784, "TPR": [0.79, 0.85], "TPR whole": 0.8, "TPR ratio": 0.9294117647058824,