{"0.01-0.01": {"roc": 0.8754694444444444, "flag_rate": [0.091, 0.109], "flag_rate_ratio": 0.8348623853211009, "TPR": [0.64, 0.62], "TPR whole": 0.63, "TPR ratio": 1.032258064516129, "FPR": [0.03, 0.052222222222222225], "FPR whole": 0.04111111111111111, "FPR ratio": 0.5744680851063829, "PPR": [0.7032967032967034, 0.5688073394495413], "PPR whole": 0.63, "PPR ratio": 1.2364409783764623}, "0.01-0.2": {"roc": 0.9062194444444445, "flag_rate": [0.075, 0.125], "flag_rate_ratio": 0.6, "TPR": [0.68, 0.71], "TPR whole": 0.695, "TPR ratio": 0.9577464788732396, "FPR": [0.0077777777777777776, 0.06], "FPR whole": 0.03388888888888889, "FPR ratio": 0.12962962962962962, "PPR": [0.9066666666666666, 0.568], "PPR whole": 0.695, "PPR ratio": 1.5962441314553992}, "0.01-0.5": {"roc": 0.9050472222222222, "flag_rate": [0.082, 0.118], "flag_rate_ratio": 0.6949152542372882, "TPR": [0.69, 0.68], "TPR whole": 0.685, "TPR ratio": 1.0147058823529411, "FPR": [0.014444444444444444, 0.05555555555555555], "FPR whole": 0.035, "FPR ratio": 0.26, "PPR": [0.8414634146341463, 0.576271186440678], "PPR whole": 0.685, "PPR ratio": 1.460186513629842}, "0.01-0.8": {"roc": 0.9079638888888889, "flag_rate": [0.076, 0.124], "flag_rate_ratio": 0.6129032258064516, "TPR": [0.71, 0.68], "TPR whole": 0.695, "TPR ratio": 1.0441176470588234, "FPR": [0.005555555555555556, 0.06222222222222222], "FPR whole": 0.03388888888888889, "FPR ratio": 0.08928571428571429, "PPR": [0.9342105263157895, 0.5483870967741935], "PPR whole": 0.695, "PPR ratio": 1.703560371517028}, "0.05-0.01": {"roc": 0.8878083333333333, "flag_rate": [0.078, 0.122], "flag_rate_ratio": 0.639344262295082, "TPR": [0.7, 0.67], "TPR whole": 0.685, "TPR ratio": 1.044776119402985, "FPR": [0.008888888888888889, 0.06111111111111111], "FPR whole": 0.035, "FPR ratio": 0.14545454545454545, "PPR": [0.8974358974358975, 0.5491803278688525], "PPR whole": 0.685, "PPR ratio": 1.6341370072713355}, "0.05-0.2": {"roc": 0.8917361111111112, "flag_rate": [0.087, 0.113], "flag_rate_ratio": 0.7699115044247787, "TPR": [0.71, 0.66], "TPR whole": 0.685, "TPR ratio": 1.0757575757575757, "FPR": [0.017777777777777778, 0.052222222222222225], "FPR whole": 0.035, "FPR ratio": 0.3404255319148936, "PPR": [0.8160919540229885, 0.584070796460177], "PPR whole": 0.685, "PPR ratio": 1.3972483455242075}, "0.05-0.5": {"roc": 0.9045861111111111, "flag_rate": [0.084, 0.116], "flag_rate_ratio": 0.7241379310344828, "TPR": [0.65, 0.64], "TPR whole": 0.645, "TPR ratio": 1.015625, "FPR": [0.021111111111111112, 0.057777777777777775], "FPR whole": 0.03944444444444444, "FPR ratio": 0.3653846153846154, "PPR": [0.7738095238095238, 0.5517241379310345], "PPR whole": 0.645, "PPR ratio": 1.4025297619047619}, "0.05-0.8": {"roc": 0.8999944444444444, "flag_rate": [0.084, 0.116], "flag_rate_ratio": 0.7241379310344828, "TPR": [0.68, 0.67], "TPR whole": 0.675, "TPR ratio": 1.0149253731343284, "FPR": [0.017777777777777778, 0.05444444444444444], "FPR whole": 0.03611111111111111, "FPR ratio": 0.326530612244898, "PPR": [0.8095238095238095, 0.5775862068965517], "PPR whole": 0.675, "PPR ratio": 1.4015636105188345}, "0.2-0.01": {"roc": 0.8643444444444445, "flag_rate": [0.086, 0.114], "flag_rate_ratio": 0.7543859649122806, "TPR": [0.6, 0.61], "TPR whole": 0.605, "TPR ratio": 0.9836065573770492, "FPR": [0.028888888888888888, 0.058888888888888886], "FPR whole": 0.04388888888888889, "FPR ratio": 0.49056603773584906, "PPR": [0.6976744186046512, 0.5350877192982456], "PPR whole": 0.605, "PPR ratio": 1.303850552802135}, "0.2-0.2": {"roc": 0.8991666666666667, "flag_rate": [0.075, 0.125], "flag_rate_ratio": 0.6, "TPR": [0.68, 0.67], "TPR whole": 0.675, "TPR ratio": 1.0149253731343284, "FPR": [0.0077777777777777776, 0.06444444444444444], "FPR whole": 0.03611111111111111, "FPR ratio": 0.1206896551724138, "PPR": [0.9066666666666666, 0.536], "PPR whole": 0.675, "PPR ratio": 1.6915422885572138}, "0.2-0.5": {"roc": 0.909661111111111, "flag_rate": [0.085, 0.115], "flag_rate_ratio": 0.7391304347826088, "TPR": [0.73, 0.67], "TPR whole": 0.7, "TPR ratio": 1.08955223880597, "FPR": [0.013333333333333334, 0.05333333333333334], "FPR whole": 0.03333333333333333, "FPR ratio": 0.25, "PPR": [0.8588235294117647, 0.5826086956521739], "PPR whole": 0.7, "PPR ratio": 1.4741000877963126}, "0.2-0.8": {"roc": 0.8999277777777777, "flag_rate": [0.081, 0.119], "flag_rate_ratio": 0.680672268907563, "TPR": [0.68, 0.69], "TPR whole": 0.685, "TPR ratio": 0.9855072463768118, "FPR": [0.014444444444444444, 0.05555555555555555], "FPR whole": 0.035, "FPR ratio": 0.26, "PPR": [0.8395061728395061, 0.5798319327731093], "PPR whole": 0.685, "PPR ratio": 1.4478439792449451}, "0.5-0.01": {"roc": 0.9085555555555557, "flag_rate": [0.076, 0.124], "flag_rate_ratio": 0.6129032258064516, "TPR": [0.67, 0.7], "TPR whole": 0.685, "TPR ratio": 0.9571428571428573, "FPR": [0.01, 0.06], "FPR whole": 0.035, "FPR ratio": 0.16666666666666669, "PPR": [0.881578947368421, 0.5645161290322581], "PPR whole": 0.685, "PPR ratio": 1.5616541353383457}, "0.5-0.2": {"roc": 0.9037888888888889, "flag_rate": [0.082, 0.118], "flag_rate_ratio": 0.6949152542372882, "TPR": [0.7, 0.66], "TPR whole": 0.68, "TPR ratio": 1.0606060606060606, "FPR": [0.013333333333333334, 0.057777777777777775], "FPR whole": 0.035555555555555556, "FPR ratio": 0.23076923076923078, "PPR": [0.8536585365853658, 0.559322033898305], "PPR whole": 0.68, "PPR ratio": 1.526237989652624}, "0.5-0.5": {"roc": 0.8940972222222222, "flag_rate": [0.082, 0.118], "flag_rate_ratio": 0.6949152542372882, "TPR": [0.69, 0.67], "TPR whole": 0.68, "TPR ratio": 1.0298507462686566, "FPR": [0.014444444444444444, 0.056666666666666664], "FPR whole": 0.035555555555555556, "FPR ratio": 0.2549019607843137, "PPR": [0.8414634146341463, 0.5677966101694916], "PPR whole": 0.68, "PPR ratio": 1.4819803421914814}, "0.5-0.8": {"roc": 0.9102416666666666, "flag_rate": [0.085, 0.115], "flag_rate_ratio": 0.7391304347826088, "TPR": [0.72, 0.67], "TPR whole": 0.695, "TPR ratio": 1.0746268656716418, "FPR": [0.014444444444444444, 0.05333333333333334], "FPR whole": 0.03388888888888889, "FPR ratio": 0.2708333333333333, "PPR": [0.8470588235294118, 0.5826086956521739], "PPR whole": 0.695, "PPR ratio": 1.4539069359086918}, "0.8-0.01": {"roc": 0.9107638888888889, "flag_rate": [0.077, 0.123], "flag_rate_ratio": 0.6260162601626016, "TPR": [0.69, 0.7], "TPR whole": 0.695, "TPR ratio": 0.9857142857142857, "FPR": [0.008888888888888889, 0.058888888888888886], "FPR whole": 0.03388888888888889, "FPR ratio": 0.1509433962264151, "PPR": [0.8961038961038961, 0.5691056910569106], "PPR whole": 0.695, "PPR ratio": 1.574582560296846}, "0.8-0.2": {"roc": 0.9061305555555554, "flag_rate": [0.084, 0.116], "flag_rate_ratio": 0.7241379310344828, "TPR": [0.72, 0.67], "TPR whole": 0.695, "TPR ratio": 1.0746268656716418, "FPR": [0.013333333333333334, 0.05444444444444444], "FPR whole": 0.03388888888888889, "FPR ratio": 0.2448979591836735, "PPR": [0.8571428571428571, 0.5775862068965517], "PPR whole": 0.695, "PPR ratio": 1.484008528784648}, "0.8-0.5": {"roc": 0.9006777777777777, "flag_rate": [0.088, 0.112], "flag_rate_ratio": 0.7857142857142857, "TPR": [0.7, 0.67], "TPR whole": 0.685, "TPR ratio": 1.044776119402985, "FPR": [0.02, 0.05], "FPR whole": 0.035, "FPR ratio": 0.39999999999999997, "PPR": [0.7954545454545454, 0.5982142857142857], "PPR whole": 0.685, "PPR ratio": 1.3297150610583446}, "0.8-0.8": {"roc": 0.8943305555555556, "flag_rate": [0.089, 0.111], "flag_rate_ratio": 0.8018018018018017, "TPR": [0.68, 0.66], "TPR whole": 0.67, "TPR ratio": 1.0303030303030303, "FPR": [0.023333333333333334, 0.05], "FPR whole": 0.03666666666666667, "FPR ratio": 0.4666666666666667, "PPR": [0.7640449438202247, 0.5945945945945946], "PPR whole": 0.67, "PPR ratio": 1.2849846782431051}}