{"0.01-0.01": {"roc": 0.8411500000000001, "flag_rate": [0.092, 0.108], "flag_rate_ratio": 0.8518518518518519, "TPR": [0.61, 0.57], "TPR whole": 0.59, "TPR ratio": 1.0701754385964912, "FPR": [0.034444444444444444, 0.056666666666666664], "FPR whole": 0.04555555555555556, "FPR ratio": 0.607843137254902, "PPR": [0.6630434782608695, 0.5277777777777778], "PPR whole": 0.59, "PPR ratio": 1.2562929061784895}, "0.01-0.2": {"roc": 0.8667916666666667, "flag_rate": [0.083, 0.117], "flag_rate_ratio": 0.7094017094017094, "TPR": [0.66, 0.57], "TPR whole": 0.615, "TPR ratio": 1.1578947368421053, "FPR": [0.01888888888888889, 0.06666666666666667], "FPR whole": 0.042777777777777776, "FPR ratio": 0.2833333333333333, "PPR": [0.7951807228915663, 0.48717948717948717], "PPR whole": 0.615, "PPR ratio": 1.6322130627774256}, "0.01-0.5": {"roc": 0.8776444444444444, "flag_rate": [0.09, 0.11], "flag_rate_ratio": 0.8181818181818181, "TPR": [0.69, 0.59], "TPR whole": 0.64, "TPR ratio": 1.1694915254237288, "FPR": [0.023333333333333334, 0.056666666666666664], "FPR whole": 0.04, "FPR ratio": 0.411764705882353, "PPR": [0.7666666666666667, 0.5363636363636364], "PPR whole": 0.64, "PPR ratio": 1.4293785310734464}, "0.01-0.8": {"roc": 0.880438888888889, "flag_rate": [0.083, 0.117], "flag_rate_ratio": 0.7094017094017094, "TPR": [0.71, 0.59], "TPR whole": 0.65, "TPR ratio": 1.2033898305084745, "FPR": [0.013333333333333334, 0.06444444444444444], "FPR whole": 0.03888888888888889, "FPR ratio": 0.20689655172413796, "PPR": [0.8554216867469879, 0.5042735042735043], "PPR whole": 0.65, "PPR ratio": 1.6963447008372472}, "0.05-0.01": {"roc": 0.8301305555555554, "flag_rate": [0.081, 0.119], "flag_rate_ratio": 0.680672268907563, "TPR": [0.58, 0.58], "TPR whole": 0.58, "TPR ratio": 1.0, "FPR": [0.025555555555555557, 0.06777777777777778], "FPR whole": 0.04666666666666667, "FPR ratio": 0.3770491803278688, "PPR": [0.7160493827160493, 0.48739495798319327], "PPR whole": 0.58, "PPR ratio": 1.4691358024691357}, "0.05-0.2": {"roc": 0.8734805555555555, "flag_rate": [0.082, 0.118], "flag_rate_ratio": 0.6949152542372882, "TPR": [0.69, 0.59], "TPR whole": 0.64, "TPR ratio": 1.1694915254237288, "FPR": [0.014444444444444444, 0.06555555555555556], "FPR whole": 0.04, "FPR ratio": 0.22033898305084743, "PPR": [0.8414634146341463, 0.5], "PPR whole": 0.64, "PPR ratio": 1.6829268292682926}, "0.05-0.5": {"roc": 0.8649249999999999, "flag_rate": [0.087, 0.113], "flag_rate_ratio": 0.7699115044247787, "TPR": [0.69, 0.58], "TPR whole": 0.635, "TPR ratio": 1.1896551724137931, "FPR": [0.02, 0.06111111111111111], "FPR whole": 0.04055555555555555, "FPR ratio": 0.32727272727272727, "PPR": [0.7931034482758621, 0.5132743362831859], "PPR whole": 0.635, "PPR ratio": 1.5451843043995244}, "0.05-0.8": {"roc": 0.8710944444444443, "flag_rate": [0.088, 0.112], "flag_rate_ratio": 0.7857142857142857, "TPR": [0.66, 0.56], "TPR whole": 0.61, "TPR ratio": 1.1785714285714286, "FPR": [0.024444444444444446, 0.06222222222222222], "FPR whole": 0.043333333333333335, "FPR ratio": 0.3928571428571429, "PPR": [0.75, 0.5], "PPR whole": 0.61, "PPR ratio": 1.5}, "0.2-0.01": {"roc": 0.8432194444444445, "flag_rate": [0.084, 0.116], "flag_rate_ratio": 0.7241379310344828, "TPR": [0.6, 0.58], "TPR whole": 0.59, "TPR ratio": 1.0344827586206897, "FPR": [0.02666666666666667, 0.06444444444444444], "FPR whole": 0.04555555555555556, "FPR ratio": 0.4137931034482759, "PPR": [0.7142857142857143, 0.5], "PPR whole": 0.59, "PPR ratio": 1.4285714285714286}, "0.2-0.2": {"roc": 0.8629249999999999, "flag_rate": [0.085, 0.115], "flag_rate_ratio": 0.7391304347826088, "TPR": [0.67, 0.6], "TPR whole": 0.635, "TPR ratio": 1.1166666666666667, "FPR": [0.02, 0.06111111111111111], "FPR whole": 0.04055555555555555, "FPR ratio": 0.32727272727272727, "PPR": [0.788235294117647, 0.5217391304347826], "PPR whole": 0.635, "PPR ratio": 1.5107843137254902}, "0.2-0.5": {"roc": 0.8845194444444444, "flag_rate": [0.086, 0.114], "flag_rate_ratio": 0.7543859649122806, "TPR": [0.68, 0.61], "TPR whole": 0.645, "TPR ratio": 1.1147540983606559, "FPR": [0.02, 0.058888888888888886], "FPR whole": 0.03944444444444444, "FPR ratio": 0.339622641509434, "PPR": [0.7906976744186046, 0.5350877192982456], "PPR whole": 0.645, "PPR ratio": 1.4776972931757528}, "0.2-0.8": {"roc": 0.8750694444444445, "flag_rate": [0.088, 0.112], "flag_rate_ratio": 0.7857142857142857, "TPR": [0.7, 0.58], "TPR whole": 0.64, "TPR ratio": 1.206896551724138, "FPR": [0.02, 0.06], "FPR whole": 0.04, "FPR ratio": 0.33333333333333337, "PPR": [0.7954545454545454, 0.5178571428571429], "PPR whole": 0.64, "PPR ratio": 1.5360501567398117}, "0.5-0.01": {"roc": 0.8225138888888889, "flag_rate": [0.083, 0.117], "flag_rate_ratio": 0.7094017094017094, "TPR": [0.58, 0.57], "TPR whole": 0.575, "TPR ratio": 1.0175438596491229, "FPR": [0.027777777777777776, 0.06666666666666667], "FPR whole": 0.04722222222222222, "FPR ratio": 0.41666666666666663, "PPR": [0.6987951807228916, 0.48717948717948717], "PPR whole": 0.575, "PPR ratio": 1.4343690551680406}, "0.5-0.2": {"roc": 0.8795583333333334, "flag_rate": [0.085, 0.115], "flag_rate_ratio": 0.7391304347826088, "TPR": [0.69, 0.56], "TPR whole": 0.625, "TPR ratio": 1.232142857142857, "FPR": [0.017777777777777778, 0.06555555555555556], "FPR whole": 0.041666666666666664, "FPR ratio": 0.2711864406779661, "PPR": [0.8117647058823529, 0.48695652173913045], "PPR whole": 0.625, "PPR ratio": 1.667016806722689}, "0.5-0.5": {"roc": 0.8701166666666665, "flag_rate": [0.08, 0.12], "flag_rate_ratio": 0.6666666666666667, "TPR": [0.68, 0.59], "TPR whole": 0.635, "TPR ratio": 1.152542372881356, "FPR": [0.013333333333333334, 0.06777777777777778], "FPR whole": 0.04055555555555555, "FPR ratio": 0.19672131147540983, "PPR": [0.85, 0.49166666666666664], "PPR whole": 0.635, "PPR ratio": 1.728813559322034}, "0.5-0.8": {"roc": 0.8764972222222221, "flag_rate": [0.082, 0.118], "flag_rate_ratio": 0.6949152542372882, "TPR": [0.69, 0.6], "TPR whole": 0.645, "TPR ratio": 1.15, "FPR": [0.014444444444444444, 0.06444444444444444], "FPR whole": 0.03944444444444444, "FPR ratio": 0.22413793103448276, "PPR": [0.8414634146341463, 0.5084745762711864], "PPR whole": 0.645, "PPR ratio": 1.6548780487804877}, "0.8-0.01": {"roc": 0.8463444444444443, "flag_rate": [0.086, 0.114], "flag_rate_ratio": 0.7543859649122806, "TPR": [0.61, 0.6], "TPR whole": 0.605, "TPR ratio": 1.0166666666666666, "FPR": [0.027777777777777776, 0.06], "FPR whole": 0.04388888888888889, "FPR ratio": 0.46296296296296297, "PPR": [0.7093023255813954, 0.5263157894736842], "PPR whole": 0.605, "PPR ratio": 1.3476744186046512}, "0.8-0.2": {"roc": 0.8791222222222221, "flag_rate": [0.083, 0.117], "flag_rate_ratio": 0.7094017094017094, "TPR": [0.69, 0.6], "TPR whole": 0.645, "TPR ratio": 1.15, "FPR": [0.015555555555555555, 0.06333333333333334], "FPR whole": 0.03944444444444444, "FPR ratio": 0.24561403508771926, "PPR": [0.8313253012048193, 0.5128205128205128], "PPR whole": 0.645, "PPR ratio": 1.6210843373493977}, "0.8-0.5": {"roc": 0.8728472222222221, "flag_rate": [0.086, 0.114], "flag_rate_ratio": 0.7543859649122806, "TPR": [0.7, 0.58], "TPR whole": 0.64, "TPR ratio": 1.206896551724138, "FPR": [0.017777777777777778, 0.06222222222222222], "FPR whole": 0.04, "FPR ratio": 0.2857142857142857, "PPR": [0.813953488372093, 0.5087719298245614], "PPR whole": 0.64, "PPR ratio": 1.5998396150761827}, "0.8-0.8": {"roc": 0.8807527777777777, "flag_rate": [0.08, 0.12], "flag_rate_ratio": 0.6666666666666667, "TPR": [0.7, 0.6], "TPR whole": 0.65, "TPR ratio": 1.1666666666666667, "FPR": [0.011111111111111112, 0.06666666666666667], "FPR whole": 0.03888888888888889, "FPR ratio": 0.16666666666666669, "PPR": [0.875, 0.5], "PPR whole": 0.65, "PPR ratio": 1.75}}