{"0.01-0.01": {"roc": 0.8251583333333334, "flag_rate": [0.1, 0.1], "flag_rate_ratio": 1.0, "TPR": [0.49, 0.47], "TPR whole": 0.48, "TPR ratio": 1.0425531914893618, "FPR": [0.056666666666666664, 0.058888888888888886], "FPR whole": 0.057777777777777775, "FPR ratio": 0.9622641509433962, "PPR": [0.49, 0.47], "PPR whole": 0.48, "PPR ratio": 1.0425531914893618}, "0.01-0.2": {"roc": 0.8488388888888888, "flag_rate": [0.086, 0.114], "flag_rate_ratio": 0.7543859649122806, "TPR": [0.56, 0.52], "TPR whole": 0.54, "TPR ratio": 1.076923076923077, "FPR": [0.03333333333333333, 0.06888888888888889], "FPR whole": 0.051111111111111114, "FPR ratio": 0.4838709677419355, "PPR": [0.6511627906976745, 0.45614035087719296], "PPR whole": 0.54, "PPR ratio": 1.4275491949910557}, "0.01-0.5": {"roc": 0.8449944444444444, "flag_rate": [0.092, 0.108], "flag_rate_ratio": 0.8518518518518519, "TPR": [0.57, 0.49], "TPR whole": 0.53, "TPR ratio": 1.163265306122449, "FPR": [0.03888888888888889, 0.06555555555555556], "FPR whole": 0.052222222222222225, "FPR ratio": 0.5932203389830508, "PPR": [0.6195652173913043, 0.4537037037037037], "PPR whole": 0.53, "PPR ratio": 1.3655723158828748}, "0.01-0.8": {"roc": 0.8522888888888889, "flag_rate": [0.083, 0.117], "flag_rate_ratio": 0.7094017094017094, "TPR": [0.58, 0.51], "TPR whole": 0.545, "TPR ratio": 1.1372549019607843, "FPR": [0.027777777777777776, 0.07333333333333333], "FPR whole": 0.050555555555555555, "FPR ratio": 0.3787878787878788, "PPR": [0.6987951807228916, 0.4358974358974359], "PPR whole": 0.545, "PPR ratio": 1.6031183557760453}, "0.05-0.01": {"roc": 0.8413694444444445, "flag_rate": [0.09, 0.11], "flag_rate_ratio": 0.8181818181818181, "TPR": [0.56, 0.5], "TPR whole": 0.53, "TPR ratio": 1.12, "FPR": [0.03777777777777778, 0.06666666666666667], "FPR whole": 0.052222222222222225, "FPR ratio": 0.5666666666666667, "PPR": [0.6222222222222222, 0.45454545454545453], "PPR whole": 0.53, "PPR ratio": 1.368888888888889}, "0.05-0.2": {"roc": 0.853272222222222, "flag_rate": [0.084, 0.116], "flag_rate_ratio": 0.7241379310344828, "TPR": [0.54, 0.54], "TPR whole": 0.54, "TPR ratio": 1.0, "FPR": [0.03333333333333333, 0.06888888888888889], "FPR whole": 0.051111111111111114, "FPR ratio": 0.4838709677419355, "PPR": [0.6428571428571429, 0.46551724137931033], "PPR whole": 0.54, "PPR ratio": 1.3809523809523812}, "0.05-0.5": {"roc": 0.8487611111111111, "flag_rate": [0.083, 0.117], "flag_rate_ratio": 0.7094017094017094, "TPR": [0.52, 0.53], "TPR whole": 0.525, "TPR ratio": 0.9811320754716981, "FPR": [0.034444444444444444, 0.07111111111111111], "FPR whole": 0.05277777777777778, "FPR ratio": 0.484375, "PPR": [0.6265060240963856, 0.452991452991453], "PPR whole": 0.525, "PPR ratio": 1.3830416003637191}, "0.05-0.8": {"roc": 0.8534972222222222, "flag_rate": [0.086, 0.114], "flag_rate_ratio": 0.7543859649122806, "TPR": [0.56, 0.52], "TPR whole": 0.54, "TPR ratio": 1.076923076923077, "FPR": [0.03333333333333333, 0.06888888888888889], "FPR whole": 0.051111111111111114, "FPR ratio": 0.4838709677419355, "PPR": [0.6511627906976745, 0.45614035087719296], "PPR whole": 0.54, "PPR ratio": 1.4275491949910557}, "0.2-0.01": {"roc": 0.843686111111111, "flag_rate": [0.083, 0.117], "flag_rate_ratio": 0.7094017094017094, "TPR": [0.5, 0.51], "TPR whole": 0.505, "TPR ratio": 0.9803921568627451, "FPR": [0.03666666666666667, 0.07333333333333333], "FPR whole": 0.055, "FPR ratio": 0.5, "PPR": [0.6024096385542169, 0.4358974358974359], "PPR whole": 0.505, "PPR ratio": 1.3819985825655565}, "0.2-0.2": {"roc": 0.8465166666666666, "flag_rate": [0.087, 0.113], "flag_rate_ratio": 0.7699115044247787, "TPR": [0.55, 0.5], "TPR whole": 0.525, "TPR ratio": 1.1, "FPR": [0.035555555555555556, 0.07], "FPR whole": 0.05277777777777778, "FPR ratio": 0.5079365079365079, "PPR": [0.632183908045977, 0.4424778761061947], "PPR whole": 0.525, "PPR ratio": 1.428735632183908}, "0.2-0.5": {"roc": 0.8452472222222221, "flag_rate": [0.09, 0.11], "flag_rate_ratio": 0.8181818181818181, "TPR": [0.55, 0.49], "TPR whole": 0.52, "TPR ratio": 1.1224489795918369, "FPR": [0.03888888888888889, 0.06777777777777778], "FPR whole": 0.05333333333333334, "FPR ratio": 0.5737704918032787, "PPR": [0.6111111111111112, 0.44545454545454544], "PPR whole": 0.52, "PPR ratio": 1.3718820861678007}, "0.2-0.8": {"roc": 0.8497861111111111, "flag_rate": [0.089, 0.111], "flag_rate_ratio": 0.8018018018018017, "TPR": [0.56, 0.5], "TPR whole": 0.53, "TPR ratio": 1.12, "FPR": [0.03666666666666667, 0.06777777777777778], "FPR whole": 0.052222222222222225, "FPR ratio": 0.540983606557377, "PPR": [0.6292134831460674, 0.45045045045045046], "PPR whole": 0.53, "PPR ratio": 1.3968539325842697}, "0.5-0.01": {"roc": 0.8391444444444445, "flag_rate": [0.09, 0.11], "flag_rate_ratio": 0.8181818181818181, "TPR": [0.52, 0.51], "TPR whole": 0.515, "TPR ratio": 1.0196078431372548, "FPR": [0.042222222222222223, 0.06555555555555556], "FPR whole": 0.05388888888888889, "FPR ratio": 0.6440677966101694, "PPR": [0.5777777777777777, 0.4636363636363636], "PPR whole": 0.515, "PPR ratio": 1.2461873638344225}, "0.5-0.2": {"roc": 0.8469861111111112, "flag_rate": [0.087, 0.113], "flag_rate_ratio": 0.7699115044247787, "TPR": [0.57, 0.54], "TPR whole": 0.555, "TPR ratio": 1.0555555555555554, "FPR": [0.03333333333333333, 0.06555555555555556], "FPR whole": 0.049444444444444444, "FPR ratio": 0.5084745762711864, "PPR": [0.6551724137931034, 0.4778761061946903], "PPR whole": 0.555, "PPR ratio": 1.3710089399744572}, "0.5-0.5": {"roc": 0.8490555555555556, "flag_rate": [0.086, 0.114], "flag_rate_ratio": 0.7543859649122806, "TPR": [0.55, 0.5], "TPR whole": 0.525, "TPR ratio": 1.1, "FPR": [0.034444444444444444, 0.07111111111111111], "FPR whole": 0.05277777777777778, "FPR ratio": 0.484375, "PPR": [0.6395348837209303, 0.43859649122807015], "PPR whole": 0.525, "PPR ratio": 1.4581395348837212}, "0.5-0.8": {"roc": 0.8440944444444443, "flag_rate": [0.083, 0.117], "flag_rate_ratio": 0.7094017094017094, "TPR": [0.54, 0.51], "TPR whole": 0.525, "TPR ratio": 1.0588235294117647, "FPR": [0.03222222222222222, 0.07333333333333333], "FPR whole": 0.05277777777777778, "FPR ratio": 0.4393939393939394, "PPR": [0.6506024096385542, 0.4358974358974359], "PPR whole": 0.525, "PPR ratio": 1.4925584691708007}, "0.8-0.01": {"roc": 0.8422888888888889, "flag_rate": [0.084, 0.116], "flag_rate_ratio": 0.7241379310344828, "TPR": [0.54, 0.52], "TPR whole": 0.53, "TPR ratio": 1.0384615384615385, "FPR": [0.03333333333333333, 0.07111111111111111], "FPR whole": 0.052222222222222225, "FPR ratio": 0.46875, "PPR": [0.6428571428571429, 0.4482758620689655], "PPR whole": 0.53, "PPR ratio": 1.434065934065934}, "0.8-0.2": {"roc": 0.8458444444444443, "flag_rate": [0.088, 0.112], "flag_rate_ratio": 0.7857142857142857, "TPR": [0.57, 0.49], "TPR whole": 0.53, "TPR ratio": 1.163265306122449, "FPR": [0.034444444444444444, 0.07], "FPR whole": 0.052222222222222225, "FPR ratio": 0.49206349206349204, "PPR": [0.6477272727272727, 0.4375], "PPR whole": 0.53, "PPR ratio": 1.4805194805194806}, "0.8-0.5": {"roc": 0.8561694444444444, "flag_rate": [0.085, 0.115], "flag_rate_ratio": 0.7391304347826088, "TPR": [0.57, 0.51], "TPR whole": 0.54, "TPR ratio": 1.1176470588235292, "FPR": [0.03111111111111111, 0.07111111111111111], "FPR whole": 0.051111111111111114, "FPR ratio": 0.4375, "PPR": [0.6705882352941176, 0.4434782608695652], "PPR whole": 0.54, "PPR ratio": 1.5121107266435985}, "0.8-0.8": {"roc": 0.8493305555555555, "flag_rate": [0.086, 0.114], "flag_rate_ratio": 0.7543859649122806, "TPR": [0.56, 0.5], "TPR whole": 0.53, "TPR ratio": 1.12, "FPR": [0.03333333333333333, 0.07111111111111111], "FPR whole": 0.052222222222222225, "FPR ratio": 0.46875, "PPR": [0.6511627906976745, 0.43859649122807015], "PPR whole": 0.53, "PPR ratio": 1.4846511627906978}}