{"0.01-0.01": {"roc": 0.8524888888888889, "flag_rate": [0.106, 0.094], "flag_rate_ratio": 1.127659574468085, "TPR": [0.52, 0.51], "TPR whole": 0.515, "TPR ratio": 1.0196078431372548, "FPR": [0.06, 0.04777777777777778], "FPR whole": 0.05388888888888889, "FPR ratio": 1.2558139534883719, "PPR": [0.49056603773584906, 0.5425531914893617], "PPR whole": 0.515, "PPR ratio": 0.9041805401405846}, "0.01-0.2": {"roc": 0.8515305555555555, "flag_rate": [0.103, 0.097], "flag_rate_ratio": 1.0618556701030928, "TPR": [0.52, 0.53], "TPR whole": 0.525, "TPR ratio": 0.9811320754716981, "FPR": [0.056666666666666664, 0.04888888888888889], "FPR whole": 0.05277777777777778, "FPR ratio": 1.159090909090909, "PPR": [0.5048543689320388, 0.5463917525773195], "PPR whole": 0.525, "PPR ratio": 0.9239787506869391}, "0.01-0.5": {"roc": 0.8512583333333333, "flag_rate": [0.104, 0.096], "flag_rate_ratio": 1.0833333333333333, "TPR": [0.53, 0.52], "TPR whole": 0.525, "TPR ratio": 1.0192307692307692, "FPR": [0.056666666666666664, 0.04888888888888889], "FPR whole": 0.05277777777777778, "FPR ratio": 1.159090909090909, "PPR": [0.5096153846153846, 0.5416666666666666], "PPR whole": 0.525, "PPR ratio": 0.9408284023668639}, "0.01-0.8": {"roc": 0.8461333333333333, "flag_rate": [0.105, 0.095], "flag_rate_ratio": 1.1052631578947367, "TPR": [0.53, 0.52], "TPR whole": 0.525, "TPR ratio": 1.0192307692307692, "FPR": [0.057777777777777775, 0.04777777777777778], "FPR whole": 0.05277777777777778, "FPR ratio": 1.2093023255813953, "PPR": [0.5047619047619047, 0.5473684210526316], "PPR whole": 0.525, "PPR ratio": 0.9221611721611721}, "0.05-0.01": {"roc": 0.8532166666666667, "flag_rate": [0.104, 0.096], "flag_rate_ratio": 1.0833333333333333, "TPR": [0.52, 0.53], "TPR whole": 0.525, "TPR ratio": 0.9811320754716981, "FPR": [0.057777777777777775, 0.04777777777777778], "FPR whole": 0.05277777777777778, "FPR ratio": 1.2093023255813953, "PPR": [0.5, 0.5520833333333334], "PPR whole": 0.525, "PPR ratio": 0.9056603773584905}, "0.05-0.2": {"roc": 0.8485888888888888, "flag_rate": [0.105, 0.095], "flag_rate_ratio": 1.1052631578947367, "TPR": [0.52, 0.52], "TPR whole": 0.52, "TPR ratio": 1.0, "FPR": [0.058888888888888886, 0.04777777777777778], "FPR whole": 0.05333333333333334, "FPR ratio": 1.2325581395348837, "PPR": [0.49523809523809526, 0.5473684210526316], "PPR whole": 0.52, "PPR ratio": 0.9047619047619048}, "0.05-0.5": {"roc": 0.8487416666666665, "flag_rate": [0.101, 0.099], "flag_rate_ratio": 1.02020202020202, "TPR": [0.53, 0.53], "TPR whole": 0.53, "TPR ratio": 1.0, "FPR": [0.05333333333333334, 0.051111111111111114], "FPR whole": 0.052222222222222225, "FPR ratio": 1.0434782608695652, "PPR": [0.5247524752475248, 0.5353535353535354], "PPR whole": 0.53, "PPR ratio": 0.9801980198019802}, "0.05-0.8": {"roc": 0.8494055555555555, "flag_rate": [0.102, 0.098], "flag_rate_ratio": 1.040816326530612, "TPR": [0.51, 0.52], "TPR whole": 0.515, "TPR ratio": 0.9807692307692307, "FPR": [0.056666666666666664, 0.051111111111111114], "FPR whole": 0.05388888888888889, "FPR ratio": 1.1086956521739129, "PPR": [0.5, 0.5306122448979592], "PPR whole": 0.515, "PPR ratio": 0.9423076923076923}, "0.2-0.01": {"roc": 0.8444944444444444, "flag_rate": [0.105, 0.095], "flag_rate_ratio": 1.1052631578947367, "TPR": [0.51, 0.46], "TPR whole": 0.485, "TPR ratio": 1.108695652173913, "FPR": [0.06, 0.05444444444444444], "FPR whole": 0.05722222222222222, "FPR ratio": 1.1020408163265307, "PPR": [0.4857142857142857, 0.4842105263157895], "PPR whole": 0.485, "PPR ratio": 1.0031055900621118}, "0.2-0.2": {"roc": 0.8467916666666667, "flag_rate": [0.106, 0.094], "flag_rate_ratio": 1.127659574468085, "TPR": [0.53, 0.51], "TPR whole": 0.52, "TPR ratio": 1.0392156862745099, "FPR": [0.058888888888888886, 0.04777777777777778], "FPR whole": 0.05333333333333334, "FPR ratio": 1.2325581395348837, "PPR": [0.5, 0.5425531914893617], "PPR whole": 0.52, "PPR ratio": 0.9215686274509804}, "0.2-0.5": {"roc": 0.8503361111111111, "flag_rate": [0.106, 0.094], "flag_rate_ratio": 1.127659574468085, "TPR": [0.53, 0.51], "TPR whole": 0.52, "TPR ratio": 1.0392156862745099, "FPR": [0.058888888888888886, 0.04777777777777778], "FPR whole": 0.05333333333333334, "FPR ratio": 1.2325581395348837, "PPR": [0.5, 0.5425531914893617], "PPR whole": 0.52, "PPR ratio": 0.9215686274509804}, "0.2-0.8": {"roc": 0.8520194444444446, "flag_rate": [0.104, 0.096], "flag_rate_ratio": 1.0833333333333333, "TPR": [0.54, 0.54], "TPR whole": 0.54, "TPR ratio": 1.0, "FPR": [0.05555555555555555, 0.04666666666666667], "FPR whole": 0.051111111111111114, "FPR ratio": 1.1904761904761905, "PPR": [0.5192307692307693, 0.5625], "PPR whole": 0.54, "PPR ratio": 0.9230769230769231}, "0.5-0.01": {"roc": 0.8503472222222223, "flag_rate": [0.104, 0.096], "flag_rate_ratio": 1.0833333333333333, "TPR": [0.5, 0.49], "TPR whole": 0.495, "TPR ratio": 1.0204081632653061, "FPR": [0.06, 0.052222222222222225], "FPR whole": 0.05611111111111111, "FPR ratio": 1.1489361702127658, "PPR": [0.4807692307692308, 0.5104166666666666], "PPR whole": 0.495, "PPR ratio": 0.9419152276295134}, "0.5-0.2": {"roc": 0.8498305555555555, "flag_rate": [0.107, 0.093], "flag_rate_ratio": 1.1505376344086022, "TPR": [0.52, 0.51], "TPR whole": 0.515, "TPR ratio": 1.0196078431372548, "FPR": [0.06111111111111111, 0.04666666666666667], "FPR whole": 0.05388888888888889, "FPR ratio": 1.3095238095238093, "PPR": [0.48598130841121495, 0.5483870967741935], "PPR whole": 0.515, "PPR ratio": 0.886201209455745}, "0.5-0.5": {"roc": 0.8464055555555555, "flag_rate": [0.104, 0.096], "flag_rate_ratio": 1.0833333333333333, "TPR": [0.53, 0.51], "TPR whole": 0.52, "TPR ratio": 1.0392156862745099, "FPR": [0.056666666666666664, 0.05], "FPR whole": 0.05333333333333334, "FPR ratio": 1.1333333333333333, "PPR": [0.5096153846153846, 0.53125], "PPR whole": 0.52, "PPR ratio": 0.9592760180995474}, "0.5-0.8": {"roc": 0.8472138888888888, "flag_rate": [0.103, 0.097], "flag_rate_ratio": 1.0618556701030928, "TPR": [0.52, 0.52], "TPR whole": 0.52, "TPR ratio": 1.0, "FPR": [0.056666666666666664, 0.05], "FPR whole": 0.05333333333333334, "FPR ratio": 1.1333333333333333, "PPR": [0.5048543689320388, 0.5360824742268041], "PPR whole": 0.52, "PPR ratio": 0.941747572815534}, "0.8-0.01": {"roc": 0.8486638888888888, "flag_rate": [0.103, 0.097], "flag_rate_ratio": 1.0618556701030928, "TPR": [0.52, 0.5], "TPR whole": 0.51, "TPR ratio": 1.04, "FPR": [0.056666666666666664, 0.052222222222222225], "FPR whole": 0.05444444444444444, "FPR ratio": 1.0851063829787233, "PPR": [0.5048543689320388, 0.5154639175257731], "PPR whole": 0.51, "PPR ratio": 0.9794174757281554}, "0.8-0.2": {"roc": 0.854475, "flag_rate": [0.102, 0.098], "flag_rate_ratio": 1.040816326530612, "TPR": [0.52, 0.54], "TPR whole": 0.53, "TPR ratio": 0.9629629629629629, "FPR": [0.05555555555555555, 0.04888888888888889], "FPR whole": 0.052222222222222225, "FPR ratio": 1.1363636363636362, "PPR": [0.5098039215686274, 0.5510204081632653], "PPR whole": 0.53, "PPR ratio": 0.925199709513435}, "0.8-0.5": {"roc": 0.8537361111111111, "flag_rate": [0.105, 0.095], "flag_rate_ratio": 1.1052631578947367, "TPR": [0.54, 0.52], "TPR whole": 0.53, "TPR ratio": 1.0384615384615385, "FPR": [0.056666666666666664, 0.04777777777777778], "FPR whole": 0.052222222222222225, "FPR ratio": 1.1860465116279069, "PPR": [0.5142857142857142, 0.5473684210526316], "PPR whole": 0.53, "PPR ratio": 0.9395604395604394}, "0.8-0.8": {"roc": 0.8514027777777778, "flag_rate": [0.102, 0.098], "flag_rate_ratio": 1.040816326530612, "TPR": [0.5, 0.52], "TPR whole": 0.51, "TPR ratio": 0.9615384615384615, "FPR": [0.057777777777777775, 0.051111111111111114], "FPR whole": 0.05444444444444444, "FPR ratio": 1.1304347826086956, "PPR": [0.49019607843137253, 0.5306122448979592], "PPR whole": 0.51, "PPR ratio": 0.9238310708898944}}