{"0.01-0.01": {"roc": 0.9358472222222222, "flag_rate": [0.097, 0.103], "flag_rate_ratio": 0.941747572815534, "TPR": [0.75, 0.76], "TPR whole": 0.755, "TPR ratio": 0.9868421052631579, "FPR": [0.024444444444444446, 0.03], "FPR whole": 0.02722222222222222, "FPR ratio": 0.8148148148148149, "PPR": [0.7731958762886598, 0.7378640776699029], "PPR whole": 0.755, "PPR ratio": 1.0478838849701573}, "0.01-0.2": {"roc": 0.9309416666666666, "flag_rate": [0.095, 0.105], "flag_rate_ratio": 0.9047619047619048, "TPR": [0.74, 0.72], "TPR whole": 0.73, "TPR ratio": 1.027777777777778, "FPR": [0.023333333333333334, 0.03666666666666667], "FPR whole": 0.03, "FPR ratio": 0.6363636363636364, "PPR": [0.7789473684210526, 0.6857142857142857], "PPR whole": 0.73, "PPR ratio": 1.1359649122807016}, "0.01-0.5": {"roc": 0.9237694444444444, "flag_rate": [0.101, 0.099], "flag_rate_ratio": 1.02020202020202, "TPR": [0.72, 0.69], "TPR whole": 0.705, "TPR ratio": 1.0434782608695652, "FPR": [0.03222222222222222, 0.03333333333333333], "FPR whole": 0.03277777777777778, "FPR ratio": 0.9666666666666667, "PPR": [0.7128712871287128, 0.696969696969697], "PPR whole": 0.705, "PPR ratio": 1.0228153250107619}, "0.01-0.8": {"roc": 0.9238000000000001, "flag_rate": [0.099, 0.101], "flag_rate_ratio": 0.9801980198019802, "TPR": [0.69, 0.7], "TPR whole": 0.695, "TPR ratio": 0.9857142857142857, "FPR": [0.03333333333333333, 0.034444444444444444], "FPR whole": 0.03388888888888889, "FPR ratio": 0.967741935483871, "PPR": [0.696969696969697, 0.693069306930693], "PPR whole": 0.695, "PPR ratio": 1.0056277056277059}, "0.05-0.01": {"roc": 0.9394972222222221, "flag_rate": [0.1, 0.1], "flag_rate_ratio": 1.0, "TPR": [0.81, 0.75], "TPR whole": 0.78, "TPR ratio": 1.08, "FPR": [0.021111111111111112, 0.027777777777777776], "FPR whole": 0.024444444444444446, "FPR ratio": 0.7600000000000001, "PPR": [0.81, 0.75], "PPR whole": 0.78, "PPR ratio": 1.08}, "0.05-0.2": {"roc": 0.9267694444444443, "flag_rate": [0.097, 0.103], "flag_rate_ratio": 0.941747572815534, "TPR": [0.74, 0.7], "TPR whole": 0.72, "TPR ratio": 1.0571428571428572, "FPR": [0.025555555555555557, 0.03666666666666667], "FPR whole": 0.03111111111111111, "FPR ratio": 0.696969696969697, "PPR": [0.7628865979381443, 0.6796116504854369], "PPR whole": 0.72, "PPR ratio": 1.1225331369661264}, "0.05-0.5": {"roc": 0.9213194444444446, "flag_rate": [0.095, 0.105], "flag_rate_ratio": 0.9047619047619048, "TPR": [0.73, 0.69], "TPR whole": 0.71, "TPR ratio": 1.0579710144927537, "FPR": [0.024444444444444446, 0.04], "FPR whole": 0.03222222222222222, "FPR ratio": 0.6111111111111112, "PPR": [0.7684210526315789, 0.6571428571428571], "PPR whole": 0.71, "PPR ratio": 1.1693363844393592}, "0.05-0.8": {"roc": 0.9234305555555556, "flag_rate": [0.095, 0.105], "flag_rate_ratio": 0.9047619047619048, "TPR": [0.73, 0.72], "TPR whole": 0.725, "TPR ratio": 1.0138888888888888, "FPR": [0.024444444444444446, 0.03666666666666667], "FPR whole": 0.030555555555555555, "FPR ratio": 0.6666666666666667, "PPR": [0.7684210526315789, 0.6857142857142857], "PPR whole": 0.725, "PPR ratio": 1.1206140350877192}, "0.2-0.01": {"roc": 0.9349666666666667, "flag_rate": [0.097, 0.103], "flag_rate_ratio": 0.941747572815534, "TPR": [0.75, 0.75], "TPR whole": 0.75, "TPR ratio": 1.0, "FPR": [0.024444444444444446, 0.03111111111111111], "FPR whole": 0.027777777777777776, "FPR ratio": 0.7857142857142858, "PPR": [0.7731958762886598, 0.7281553398058253], "PPR whole": 0.75, "PPR ratio": 1.0618556701030928}, "0.2-0.2": {"roc": 0.9302916666666667, "flag_rate": [0.096, 0.104], "flag_rate_ratio": 0.9230769230769231, "TPR": [0.73, 0.72], "TPR whole": 0.725, "TPR ratio": 1.0138888888888888, "FPR": [0.025555555555555557, 0.035555555555555556], "FPR whole": 0.030555555555555555, "FPR ratio": 0.71875, "PPR": [0.7604166666666666, 0.6923076923076923], "PPR whole": 0.725, "PPR ratio": 1.0983796296296295}, "0.2-0.5": {"roc": 0.9245833333333333, "flag_rate": [0.095, 0.105], "flag_rate_ratio": 0.9047619047619048, "TPR": [0.69, 0.68], "TPR whole": 0.685, "TPR ratio": 1.0147058823529411, "FPR": [0.028888888888888888, 0.04111111111111111], "FPR whole": 0.035, "FPR ratio": 0.7027027027027026, "PPR": [0.7263157894736842, 0.6476190476190476], "PPR whole": 0.685, "PPR ratio": 1.1215170278637772}, "0.2-0.8": {"roc": 0.9114944444444444, "flag_rate": [0.094, 0.106], "flag_rate_ratio": 0.8867924528301887, "TPR": [0.71, 0.7], "TPR whole": 0.705, "TPR ratio": 1.0142857142857142, "FPR": [0.025555555555555557, 0.04], "FPR whole": 0.03277777777777778, "FPR ratio": 0.638888888888889, "PPR": [0.7553191489361702, 0.660377358490566], "PPR whole": 0.705, "PPR ratio": 1.1437689969604865}, "0.5-0.01": {"roc": 0.9330499999999998, "flag_rate": [0.106, 0.094], "flag_rate_ratio": 1.127659574468085, "TPR": [0.78, 0.7], "TPR whole": 0.74, "TPR ratio": 1.1142857142857143, "FPR": [0.03111111111111111, 0.02666666666666667], "FPR whole": 0.028888888888888888, "FPR ratio": 1.1666666666666665, "PPR": [0.7358490566037735, 0.7446808510638298], "PPR whole": 0.74, "PPR ratio": 0.9881401617250674}, "0.5-0.2": {"roc": 0.9335083333333334, "flag_rate": [0.095, 0.105], "flag_rate_ratio": 0.9047619047619048, "TPR": [0.71, 0.72], "TPR whole": 0.715, "TPR ratio": 0.986111111111111, "FPR": [0.02666666666666667, 0.03666666666666667], "FPR whole": 0.03166666666666667, "FPR ratio": 0.7272727272727273, "PPR": [0.7473684210526316, 0.6857142857142857], "PPR whole": 0.715, "PPR ratio": 1.0899122807017543}, "0.5-0.5": {"roc": 0.9118027777777777, "flag_rate": [0.087, 0.113], "flag_rate_ratio": 0.7699115044247787, "TPR": [0.64, 0.69], "TPR whole": 0.665, "TPR ratio": 0.9275362318840581, "FPR": [0.025555555555555557, 0.04888888888888889], "FPR whole": 0.03722222222222222, "FPR ratio": 0.5227272727272727, "PPR": [0.735632183908046, 0.6106194690265486], "PPR whole": 0.665, "PPR ratio": 1.2047309678494087}, "0.5-0.8": {"roc": 0.9138916666666667, "flag_rate": [0.099, 0.101], "flag_rate_ratio": 0.9801980198019802, "TPR": [0.68, 0.68], "TPR whole": 0.68, "TPR ratio": 1.0, "FPR": [0.034444444444444444, 0.03666666666666667], "FPR whole": 0.035555555555555556, "FPR ratio": 0.9393939393939393, "PPR": [0.6868686868686869, 0.6732673267326733], "PPR whole": 0.68, "PPR ratio": 1.02020202020202}, "0.8-0.01": {"roc": 0.9426694444444444, "flag_rate": [0.101, 0.099], "flag_rate_ratio": 1.02020202020202, "TPR": [0.8, 0.77], "TPR whole": 0.785, "TPR ratio": 1.038961038961039, "FPR": [0.023333333333333334, 0.024444444444444446], "FPR whole": 0.02388888888888889, "FPR ratio": 0.9545454545454546, "PPR": [0.7920792079207921, 0.7777777777777778], "PPR whole": 0.785, "PPR ratio": 1.0183875530410185}, "0.8-0.2": {"roc": 0.9247277777777778, "flag_rate": [0.105, 0.095], "flag_rate_ratio": 1.1052631578947367, "TPR": [0.7, 0.66], "TPR whole": 0.68, "TPR ratio": 1.0606060606060606, "FPR": [0.03888888888888889, 0.03222222222222222], "FPR whole": 0.035555555555555556, "FPR ratio": 1.206896551724138, "PPR": [0.6666666666666666, 0.6947368421052632], "PPR whole": 0.68, "PPR ratio": 0.9595959595959594}, "0.8-0.5": {"roc": 0.9015000000000001, "flag_rate": [0.097, 0.103], "flag_rate_ratio": 0.941747572815534, "TPR": [0.69, 0.67], "TPR whole": 0.68, "TPR ratio": 1.0298507462686566, "FPR": [0.03111111111111111, 0.04], "FPR whole": 0.035555555555555556, "FPR ratio": 0.7777777777777778, "PPR": [0.711340206185567, 0.6504854368932039], "PPR whole": 0.68, "PPR ratio": 1.0935528542852746}, "0.8-0.8": {"roc": 0.9151194444444444, "flag_rate": [0.097, 0.103], "flag_rate_ratio": 0.941747572815534, "TPR": [0.72, 0.7], "TPR whole": 0.71, "TPR ratio": 1.0285714285714287, "FPR": [0.027777777777777776, 0.03666666666666667], "FPR whole": 0.03222222222222222, "FPR ratio": 0.7575757575757576, "PPR": [0.7422680412371134, 0.6796116504854369], "PPR whole": 0.71, "PPR ratio": 1.0921944035346096}}