{"0.01-0.01": {"roc": 0.8635694444444445, "flag_rate": [0.096, 0.104], "flag_rate_ratio": 0.9230769230769231, "TPR": [0.57, 0.59], "TPR whole": 0.58, "TPR ratio": 0.9661016949152542, "FPR": [0.043333333333333335, 0.05], "FPR whole": 0.04666666666666667, "FPR ratio": 0.8666666666666667, "PPR": [0.59375, 0.5673076923076923], "PPR whole": 0.58, "PPR ratio": 1.0466101694915255}, "0.01-0.2": {"roc": 0.8656694444444444, "flag_rate": [0.099, 0.101], "flag_rate_ratio": 0.9801980198019802, "TPR": [0.6, 0.57], "TPR whole": 0.585, "TPR ratio": 1.0526315789473684, "FPR": [0.043333333333333335, 0.04888888888888889], "FPR whole": 0.04611111111111111, "FPR ratio": 0.8863636363636364, "PPR": [0.6060606060606061, 0.5643564356435643], "PPR whole": 0.585, "PPR ratio": 1.0738968633705477}, "0.01-0.5": {"roc": 0.8695083333333333, "flag_rate": [0.096, 0.104], "flag_rate_ratio": 0.9230769230769231, "TPR": [0.59, 0.56], "TPR whole": 0.575, "TPR ratio": 1.0535714285714284, "FPR": [0.04111111111111111, 0.05333333333333334], "FPR whole": 0.04722222222222222, "FPR ratio": 0.7708333333333333, "PPR": [0.6145833333333334, 0.5384615384615384], "PPR whole": 0.575, "PPR ratio": 1.1413690476190477}, "0.01-0.8": {"roc": 0.8758750000000001, "flag_rate": [0.096, 0.104], "flag_rate_ratio": 0.9230769230769231, "TPR": [0.58, 0.59], "TPR whole": 0.585, "TPR ratio": 0.983050847457627, "FPR": [0.042222222222222223, 0.05], "FPR whole": 0.04611111111111111, "FPR ratio": 0.8444444444444444, "PPR": [0.6041666666666666, 0.5673076923076923], "PPR whole": 0.585, "PPR ratio": 1.0649717514124293}, "0.05-0.01": {"roc": 0.8675444444444446, "flag_rate": [0.093, 0.107], "flag_rate_ratio": 0.8691588785046729, "TPR": [0.57, 0.6], "TPR whole": 0.585, "TPR ratio": 0.95, "FPR": [0.04, 0.052222222222222225], "FPR whole": 0.04611111111111111, "FPR ratio": 0.7659574468085106, "PPR": [0.6129032258064516, 0.5607476635514018], "PPR whole": 0.585, "PPR ratio": 1.093010752688172}, "0.05-0.2": {"roc": 0.8754583333333334, "flag_rate": [0.098, 0.102], "flag_rate_ratio": 0.9607843137254903, "TPR": [0.59, 0.59], "TPR whole": 0.59, "TPR ratio": 1.0, "FPR": [0.043333333333333335, 0.04777777777777778], "FPR whole": 0.04555555555555556, "FPR ratio": 0.9069767441860465, "PPR": [0.6020408163265306, 0.5784313725490197], "PPR whole": 0.59, "PPR ratio": 1.040816326530612}, "0.05-0.5": {"roc": 0.8706444444444444, "flag_rate": [0.09, 0.11], "flag_rate_ratio": 0.8181818181818181, "TPR": [0.6, 0.62], "TPR whole": 0.61, "TPR ratio": 0.9677419354838709, "FPR": [0.03333333333333333, 0.05333333333333334], "FPR whole": 0.043333333333333335, "FPR ratio": 0.625, "PPR": [0.6666666666666666, 0.5636363636363636], "PPR whole": 0.61, "PPR ratio": 1.1827956989247312}, "0.05-0.8": {"roc": 0.8748777777777776, "flag_rate": [0.094, 0.106], "flag_rate_ratio": 0.8867924528301887, "TPR": [0.57, 0.56], "TPR whole": 0.565, "TPR ratio": 1.0178571428571426, "FPR": [0.04111111111111111, 0.05555555555555555], "FPR whole": 0.04833333333333333, "FPR ratio": 0.7400000000000001, "PPR": [0.6063829787234043, 0.5283018867924528], "PPR whole": 0.565, "PPR ratio": 1.1477963525835868}, "0.2-0.01": {"roc": 0.8690083333333333, "flag_rate": [0.1, 0.1], "flag_rate_ratio": 1.0, "TPR": [0.59, 0.59], "TPR whole": 0.59, "TPR ratio": 1.0, "FPR": [0.04555555555555556, 0.04555555555555556], "FPR whole": 0.04555555555555556, "FPR ratio": 1.0, "PPR": [0.59, 0.59], "PPR whole": 0.59, "PPR ratio": 1.0}, "0.2-0.2": {"roc": 0.8756055555555556, "flag_rate": [0.099, 0.101], "flag_rate_ratio": 0.9801980198019802, "TPR": [0.59, 0.58], "TPR whole": 0.585, "TPR ratio": 1.0172413793103448, "FPR": [0.044444444444444446, 0.04777777777777778], "FPR whole": 0.04611111111111111, "FPR ratio": 0.9302325581395349, "PPR": [0.5959595959595959, 0.5742574257425742], "PPR whole": 0.585, "PPR ratio": 1.0377917102055032}, "0.2-0.5": {"roc": 0.8733888888888889, "flag_rate": [0.097, 0.103], "flag_rate_ratio": 0.941747572815534, "TPR": [0.61, 0.58], "TPR whole": 0.595, "TPR ratio": 1.0517241379310345, "FPR": [0.04, 0.05], "FPR whole": 0.045, "FPR ratio": 0.7999999999999999, "PPR": [0.6288659793814433, 0.5631067961165048], "PPR whole": 0.595, "PPR ratio": 1.1167792392463562}, "0.2-0.8": {"roc": 0.8709833333333333, "flag_rate": [0.102, 0.098], "flag_rate_ratio": 1.040816326530612, "TPR": [0.6, 0.58], "TPR whole": 0.59, "TPR ratio": 1.0344827586206897, "FPR": [0.04666666666666667, 0.044444444444444446], "FPR whole": 0.04555555555555556, "FPR ratio": 1.05, "PPR": [0.5882352941176471, 0.5918367346938775], "PPR whole": 0.59, "PPR ratio": 0.9939148073022313}, "0.5-0.01": {"roc": 0.8738638888888889, "flag_rate": [0.094, 0.106], "flag_rate_ratio": 0.8867924528301887, "TPR": [0.59, 0.63], "TPR whole": 0.61, "TPR ratio": 0.9365079365079364, "FPR": [0.03888888888888889, 0.04777777777777778], "FPR whole": 0.043333333333333335, "FPR ratio": 0.813953488372093, "PPR": [0.6276595744680851, 0.5943396226415094], "PPR whole": 0.61, "PPR ratio": 1.056062141168524}, "0.5-0.2": {"roc": 0.8758833333333333, "flag_rate": [0.095, 0.105], "flag_rate_ratio": 0.9047619047619048, "TPR": [0.58, 0.6], "TPR whole": 0.59, "TPR ratio": 0.9666666666666667, "FPR": [0.04111111111111111, 0.05], "FPR whole": 0.04555555555555556, "FPR ratio": 0.8222222222222222, "PPR": [0.6105263157894737, 0.5714285714285714], "PPR whole": 0.59, "PPR ratio": 1.068421052631579}, "0.5-0.5": {"roc": 0.8788777777777778, "flag_rate": [0.101, 0.099], "flag_rate_ratio": 1.02020202020202, "TPR": [0.6, 0.58], "TPR whole": 0.59, "TPR ratio": 1.0344827586206897, "FPR": [0.04555555555555556, 0.04555555555555556], "FPR whole": 0.04555555555555556, "FPR ratio": 1.0, "PPR": [0.594059405940594, 0.5858585858585859], "PPR whole": 0.59, "PPR ratio": 1.0139979515192898}, "0.5-0.8": {"roc": 0.8739499999999999, "flag_rate": [0.096, 0.104], "flag_rate_ratio": 0.9230769230769231, "TPR": [0.58, 0.6], "TPR whole": 0.59, "TPR ratio": 0.9666666666666667, "FPR": [0.042222222222222223, 0.04888888888888889], "FPR whole": 0.04555555555555556, "FPR ratio": 0.8636363636363636, "PPR": [0.6041666666666666, 0.5769230769230769], "PPR whole": 0.59, "PPR ratio": 1.0472222222222223}, "0.8-0.01": {"roc": 0.8807666666666667, "flag_rate": [0.097, 0.103], "flag_rate_ratio": 0.941747572815534, "TPR": [0.58, 0.6], "TPR whole": 0.59, "TPR ratio": 0.9666666666666667, "FPR": [0.043333333333333335, 0.04777777777777778], "FPR whole": 0.04555555555555556, "FPR ratio": 0.9069767441860465, "PPR": [0.5979381443298969, 0.5825242718446602], "PPR whole": 0.59, "PPR ratio": 1.0264604810996565}, "0.8-0.2": {"roc": 0.8679944444444445, "flag_rate": [0.1, 0.1], "flag_rate_ratio": 1.0, "TPR": [0.61, 0.57], "TPR whole": 0.59, "TPR ratio": 1.0701754385964912, "FPR": [0.043333333333333335, 0.04777777777777778], "FPR whole": 0.04555555555555556, "FPR ratio": 0.9069767441860465, "PPR": [0.61, 0.57], "PPR whole": 0.59, "PPR ratio": 1.0701754385964912}, "0.8-0.5": {"roc": 0.8637944444444444, "flag_rate": [0.097, 0.103], "flag_rate_ratio": 0.941747572815534, "TPR": [0.58, 0.57], "TPR whole": 0.575, "TPR ratio": 1.0175438596491229, "FPR": [0.043333333333333335, 0.051111111111111114], "FPR whole": 0.04722222222222222, "FPR ratio": 0.8478260869565217, "PPR": [0.5979381443298969, 0.5533980582524272], "PPR whole": 0.575, "PPR ratio": 1.0804847169470067}, "0.8-0.8": {"roc": 0.882273611111111, "flag_rate": [0.093, 0.107], "flag_rate_ratio": 0.8691588785046729, "TPR": [0.6, 0.61], "TPR whole": 0.605, "TPR ratio": 0.9836065573770492, "FPR": [0.03666666666666667, 0.051111111111111114], "FPR whole": 0.04388888888888889, "FPR ratio": 0.717391304347826, "PPR": [0.6451612903225806, 0.5700934579439252], "PPR whole": 0.605, "PPR ratio": 1.1316763617133792}}