{"0.01-0.01": {"roc": 0.9791680911680911, "flag_rate": [0.1, 0.09547738693467336], "flag_rate_ratio": 1.0473684210526317, "TPR": [0.8, 0.7473684210526316], "TPR whole": 0.7743589743589744, "TPR ratio": 1.0704225352112677, "FPR": [0.022222222222222223, 0.02666666666666667], "FPR whole": 0.024444444444444446, "FPR ratio": 0.8333333333333333, "PPR": [0.8, 0.7473684210526316], "PPR whole": 0.7743589743589744, "PPR ratio": 1.0704225352112677}, "0.01-0.2": {"roc": 0.9842136752136752, "flag_rate": [0.101, 0.09447236180904522], "flag_rate_ratio": 1.0690957446808511, "TPR": [0.82, 0.7789473684210526], "TPR whole": 0.8, "TPR ratio": 1.0527027027027027, "FPR": [0.021111111111111112, 0.022222222222222223], "FPR whole": 0.021666666666666667, "FPR ratio": 0.95, "PPR": [0.8118811881188119, 0.7872340425531915], "PPR whole": 0.8, "PPR ratio": 1.0313085362590313}, "0.01-0.5": {"roc": 0.9848490028490029, "flag_rate": [0.099, 0.0964824120603015], "flag_rate_ratio": 1.02609375, "TPR": [0.82, 0.8], "TPR whole": 0.8102564102564103, "TPR ratio": 1.025, "FPR": [0.01888888888888889, 0.022222222222222223], "FPR whole": 0.020555555555555556, "FPR ratio": 0.85, "PPR": [0.8282828282828283, 0.7916666666666666], "PPR whole": 0.8102564102564103, "PPR ratio": 1.0462519936204147}, "0.01-0.8": {"roc": 0.9841680911680912, "flag_rate": [0.102, 0.09346733668341708], "flag_rate_ratio": 1.0912903225806452, "TPR": [0.83, 0.7789473684210526], "TPR whole": 0.8051282051282052, "TPR ratio": 1.0655405405405405, "FPR": [0.021111111111111112, 0.021111111111111112], "FPR whole": 0.021111111111111112, "FPR ratio": 1.0, "PPR": [0.8137254901960784, 0.7956989247311828], "PPR whole": 0.8051282051282052, "PPR ratio": 1.0226550079491257}, "0.05-0.01": {"roc": 0.9856296296296296, "flag_rate": [0.1, 0.09547738693467336], "flag_rate_ratio": 1.0473684210526317, "TPR": [0.83, 0.8], "TPR whole": 0.8153846153846154, "TPR ratio": 1.0374999999999999, "FPR": [0.01888888888888889, 0.021111111111111112], "FPR whole": 0.02, "FPR ratio": 0.8947368421052632, "PPR": [0.83, 0.8], "PPR whole": 0.8153846153846154, "PPR ratio": 1.0374999999999999}, "0.05-0.2": {"roc": 0.9842307692307692, "flag_rate": [0.098, 0.09748743718592964], "flag_rate_ratio": 1.005257731958763, "TPR": [0.81, 0.8], "TPR whole": 0.8051282051282052, "TPR ratio": 1.0125, "FPR": [0.01888888888888889, 0.023333333333333334], "FPR whole": 0.021111111111111112, "FPR ratio": 0.8095238095238095, "PPR": [0.826530612244898, 0.7835051546391752], "PPR whole": 0.8051282051282052, "PPR ratio": 1.0549140708915146}, "0.05-0.5": {"roc": 0.9844558404558406, "flag_rate": [0.1, 0.09547738693467336], "flag_rate_ratio": 1.0473684210526317, "TPR": [0.82, 0.8], "TPR whole": 0.8102564102564103, "TPR ratio": 1.025, "FPR": [0.02, 0.021111111111111112], "FPR whole": 0.020555555555555556, "FPR ratio": 0.9473684210526315, "PPR": [0.82, 0.8], "PPR whole": 0.8102564102564103, "PPR ratio": 1.025}, "0.05-0.8": {"roc": 0.9836524216524217, "flag_rate": [0.1, 0.09547738693467336], "flag_rate_ratio": 1.0473684210526317, "TPR": [0.82, 0.7894736842105263], "TPR whole": 0.8051282051282052, "TPR ratio": 1.0386666666666666, "FPR": [0.02, 0.022222222222222223], "FPR whole": 0.021111111111111112, "FPR ratio": 0.9, "PPR": [0.82, 0.7894736842105263], "PPR whole": 0.8051282051282052, "PPR ratio": 1.0386666666666666}, "0.2-0.01": {"roc": 0.9833760683760684, "flag_rate": [0.098, 0.09748743718592964], "flag_rate_ratio": 1.005257731958763, "TPR": [0.81, 0.8], "TPR whole": 0.8051282051282052, "TPR ratio": 1.0125, "FPR": [0.01888888888888889, 0.023333333333333334], "FPR whole": 0.021111111111111112, "FPR ratio": 0.8095238095238095, "PPR": [0.826530612244898, 0.7835051546391752], "PPR whole": 0.8051282051282052, "PPR ratio": 1.0549140708915146}, "0.2-0.2": {"roc": 0.9836524216524216, "flag_rate": [0.103, 0.09246231155778895], "flag_rate_ratio": 1.1139673913043477, "TPR": [0.84, 0.7684210526315789], "TPR whole": 0.8051282051282052, "TPR ratio": 1.093150684931507, "FPR": [0.021111111111111112, 0.021111111111111112], "FPR whole": 0.021111111111111112, "FPR ratio": 1.0, "PPR": [0.8155339805825242, 0.7934782608695652], "PPR whole": 0.8051282051282052, "PPR ratio": 1.0277962495012634}, "0.2-0.5": {"roc": 0.9838461538461538, "flag_rate": [0.1, 0.09547738693467336], "flag_rate_ratio": 1.0473684210526317, "TPR": [0.83, 0.7894736842105263], "TPR whole": 0.8102564102564103, "TPR ratio": 1.0513333333333332, "FPR": [0.01888888888888889, 0.022222222222222223], "FPR whole": 0.020555555555555556, "FPR ratio": 0.85, "PPR": [0.83, 0.7894736842105263], "PPR whole": 0.8102564102564103, "PPR ratio": 1.0513333333333332}, "0.2-0.8": {"roc": 0.983897435897436, "flag_rate": [0.1, 0.09547738693467336], "flag_rate_ratio": 1.0473684210526317, "TPR": [0.83, 0.8], "TPR whole": 0.8153846153846154, "TPR ratio": 1.0374999999999999, "FPR": [0.01888888888888889, 0.021111111111111112], "FPR whole": 0.02, "FPR ratio": 0.8947368421052632, "PPR": [0.83, 0.8], "PPR whole": 0.8153846153846154, "PPR ratio": 1.0374999999999999}, "0.5-0.01": {"roc": 0.9826524216524217, "flag_rate": [0.101, 0.09447236180904522], "flag_rate_ratio": 1.0690957446808511, "TPR": [0.81, 0.7684210526315789], "TPR whole": 0.7897435897435897, "TPR ratio": 1.054109589041096, "FPR": [0.022222222222222223, 0.023333333333333334], "FPR whole": 0.02277777777777778, "FPR ratio": 0.9523809523809523, "PPR": [0.801980198019802, 0.776595744680851], "PPR whole": 0.7897435897435897, "PPR ratio": 1.0326868303268684}, "0.5-0.2": {"roc": 0.9844672364672366, "flag_rate": [0.101, 0.09447236180904522], "flag_rate_ratio": 1.0690957446808511, "TPR": [0.82, 0.7894736842105263], "TPR whole": 0.8051282051282052, "TPR ratio": 1.0386666666666666, "FPR": [0.021111111111111112, 0.021111111111111112], "FPR whole": 0.021111111111111112, "FPR ratio": 1.0, "PPR": [0.8118811881188119, 0.7978723404255319], "PPR whole": 0.8051282051282052, "PPR ratio": 1.0175577557755777}, "0.5-0.5": {"roc": 0.9829971509971509, "flag_rate": [0.097, 0.09849246231155778], "flag_rate_ratio": 0.9848469387755103, "TPR": [0.81, 0.8], "TPR whole": 0.8051282051282052, "TPR ratio": 1.0125, "FPR": [0.017777777777777778, 0.024444444444444446], "FPR whole": 0.021111111111111112, "FPR ratio": 0.7272727272727272, "PPR": [0.8350515463917526, 0.7755102040816326], "PPR whole": 0.8051282051282052, "PPR ratio": 1.0767769940314704}, "0.5-0.8": {"roc": 0.9849002849002849, "flag_rate": [0.101, 0.09447236180904522], "flag_rate_ratio": 1.0690957446808511, "TPR": [0.83, 0.8], "TPR whole": 0.8153846153846154, "TPR ratio": 1.0374999999999999, "FPR": [0.02, 0.02], "FPR whole": 0.02, "FPR ratio": 1.0, "PPR": [0.8217821782178217, 0.8085106382978723], "PPR whole": 0.8153846153846154, "PPR ratio": 1.0164147993746744}, "0.8-0.01": {"roc": 0.9837863247863248, "flag_rate": [0.099, 0.0964824120603015], "flag_rate_ratio": 1.02609375, "TPR": [0.82, 0.7894736842105263], "TPR whole": 0.8051282051282052, "TPR ratio": 1.0386666666666666, "FPR": [0.01888888888888889, 0.023333333333333334], "FPR whole": 0.021111111111111112, "FPR ratio": 0.8095238095238095, "PPR": [0.8282828282828283, 0.78125], "PPR whole": 0.8051282051282052, "PPR ratio": 1.0602020202020201}, "0.8-0.2": {"roc": 0.9838660968660968, "flag_rate": [0.101, 0.09447236180904522], "flag_rate_ratio": 1.0690957446808511, "TPR": [0.82, 0.7894736842105263], "TPR whole": 0.8051282051282052, "TPR ratio": 1.0386666666666666, "FPR": [0.021111111111111112, 0.021111111111111112], "FPR whole": 0.021111111111111112, "FPR ratio": 1.0, "PPR": [0.8118811881188119, 0.7978723404255319], "PPR whole": 0.8051282051282052, "PPR ratio": 1.0175577557755777}, "0.8-0.5": {"roc": 0.9846923076923076, "flag_rate": [0.102, 0.09346733668341708], "flag_rate_ratio": 1.0912903225806452, "TPR": [0.83, 0.7789473684210526], "TPR whole": 0.8051282051282052, "TPR ratio": 1.0655405405405405, "FPR": [0.021111111111111112, 0.021111111111111112], "FPR whole": 0.021111111111111112, "FPR ratio": 1.0, "PPR": [0.8137254901960784, 0.7956989247311828],