{"0.01-0.01": {"roc": 0.9915308641975309, "flag_rate": [0.101, 0.08061224489795918], "flag_rate_ratio": 1.2529113924050634, "TPR": [0.87, 0.7875], "TPR whole": 0.8333333333333334, "TPR ratio": 1.1047619047619048, "FPR": [0.015555555555555555, 0.017777777777777778], "FPR whole": 0.016666666666666666, "FPR ratio": 0.875, "PPR": [0.8613861386138614, 0.7974683544303798], "PPR whole": 0.8333333333333334, "PPR ratio": 1.08015087223008}, "0.01-0.2": {"roc": 0.9890216049382716, "flag_rate": [0.097, 0.08469387755102041], "flag_rate_ratio": 1.1453012048192772, "TPR": [0.83, 0.7875], "TPR whole": 0.8111111111111111, "TPR ratio": 1.053968253968254, "FPR": [0.015555555555555555, 0.022222222222222223], "FPR whole": 0.01888888888888889, "FPR ratio": 0.7, "PPR": [0.8556701030927835, 0.7590361445783133], "PPR whole": 0.8111111111111111, "PPR ratio": 1.1273114056619211}, "0.01-0.5": {"roc": 0.990712962962963, "flag_rate": [0.1, 0.08163265306122448], "flag_rate_ratio": 1.225, "TPR": [0.87, 0.7875], "TPR whole": 0.8333333333333334, "TPR ratio": 1.1047619047619048, "FPR": [0.014444444444444444, 0.01888888888888889], "FPR whole": 0.016666666666666666, "FPR ratio": 0.7647058823529411, "PPR": [0.87, 0.7875], "PPR whole": 0.8333333333333334, "PPR ratio": 1.1047619047619048}, "0.01-0.8": {"roc": 0.9892530864197531, "flag_rate": [0.098, 0.0836734693877551], "flag_rate_ratio": 1.1712195121951219, "TPR": [0.84, 0.7875], "TPR whole": 0.8166666666666667, "TPR ratio": 1.0666666666666667, "FPR": [0.015555555555555555, 0.021111111111111112], "FPR whole": 0.018333333333333333, "FPR ratio": 0.7368421052631579, "PPR": [0.8571428571428571, 0.7682926829268293], "PPR whole": 0.8166666666666667, "PPR ratio": 1.1156462585034013}, "0.05-0.01": {"roc": 0.9922438271604939, "flag_rate": [0.102, 0.07959183673469387], "flag_rate_ratio": 1.2815384615384615, "TPR": [0.87, 0.7875], "TPR whole": 0.8333333333333334, "TPR ratio": 1.1047619047619048, "FPR": [0.016666666666666666, 0.016666666666666666], "FPR whole": 0.016666666666666666, "FPR ratio": 1.0, "PPR": [0.8529411764705882, 0.8076923076923077], "PPR whole": 0.8333333333333334, "PPR ratio": 1.0560224089635855}, "0.05-0.2": {"roc": 0.989391975308642, "flag_rate": [0.099, 0.0826530612244898], "flag_rate_ratio": 1.1977777777777778, "TPR": [0.85, 0.7875], "TPR whole": 0.8222222222222222, "TPR ratio": 1.0793650793650793, "FPR": [0.015555555555555555, 0.02], "FPR whole": 0.017777777777777778, "FPR ratio": 0.7777777777777778, "PPR": [0.8585858585858586, 0.7777777777777778], "PPR whole": 0.8222222222222222, "PPR ratio": 1.103896103896104}, "0.05-0.5": {"roc": 0.9897067901234569, "flag_rate": [0.099, 0.0826530612244898], "flag_rate_ratio": 1.1977777777777778, "TPR": [0.85, 0.7875], "TPR whole": 0.8222222222222222, "TPR ratio": 1.0793650793650793, "FPR": [0.015555555555555555, 0.02], "FPR whole": 0.017777777777777778, "FPR ratio": 0.7777777777777778, "PPR": [0.8585858585858586, 0.7777777777777778], "PPR whole": 0.8222222222222222, "PPR ratio": 1.103896103896104}, "0.05-0.8": {"roc": 0.9891697530864197, "flag_rate": [0.099, 0.0826530612244898], "flag_rate_ratio": 1.1977777777777778, "TPR": [0.86, 0.7875], "TPR whole": 0.8277777777777777, "TPR ratio": 1.0920634920634922, "FPR": [0.014444444444444444, 0.02], "FPR whole": 0.017222222222222222, "FPR ratio": 0.7222222222222222, "PPR": [0.8686868686868687, 0.7777777777777778], "PPR whole": 0.8277777777777777, "PPR ratio": 1.1168831168831168}, "0.2-0.01": {"roc": 0.9915987654320988, "flag_rate": [0.101, 0.08061224489795918], "flag_rate_ratio": 1.2529113924050634, "TPR": [0.88, 0.7875], "TPR whole": 0.8388888888888889, "TPR ratio": 1.1174603174603175, "FPR": [0.014444444444444444, 0.017777777777777778], "FPR whole": 0.01611111111111111, "FPR ratio": 0.8125, "PPR": [0.8712871287128713, 0.7974683544303798], "PPR whole": 0.8388888888888889, "PPR ratio": 1.0925663994970924}, "0.2-0.2": {"roc": 0.9882993827160493, "flag_rate": [0.098, 0.0836734693877551], "flag_rate_ratio": 1.1712195121951219, "TPR": [0.83, 0.7875], "TPR whole": 0.8111111111111111, "TPR ratio": 1.053968253968254, "FPR": [0.016666666666666666, 0.021111111111111112], "FPR whole": 0.01888888888888889, "FPR ratio": 0.7894736842105263, "PPR": [0.8469387755102041, 0.7682926829268293], "PPR whole": 0.8111111111111111, "PPR ratio": 1.10236475542598}, "0.2-0.5": {"roc": 0.9890401234567902, "flag_rate": [0.097, 0.08469387755102041], "flag_rate_ratio": 1.1453012048192772, "TPR": [0.83, 0.7875], "TPR whole": 0.8111111111111111, "TPR ratio": 1.053968253968254, "FPR": [0.015555555555555555, 0.022222222222222223], "FPR whole": 0.01888888888888889, "FPR ratio": 0.7, "PPR": [0.8556701030927835, 0.7590361445783133], "PPR whole": 0.8111111111111111, "PPR ratio": 1.1273114056619211}, "0.2-0.8": {"roc": 0.989108024691358, "flag_rate": [0.101, 0.08061224489795918], "flag_rate_ratio": 1.2529113924050634, "TPR": [0.86, 0.775], "TPR whole": 0.8222222222222222, "TPR ratio": 1.1096774193548387, "FPR": [0.016666666666666666, 0.01888888888888889], "FPR whole": 0.017777777777777778, "FPR ratio": 0.8823529411764706, "PPR": [0.8514851485148515, 0.7848101265822784], "PPR whole": 0.8222222222222222, "PPR ratio": 1.0849568827850526}, "0.5-0.01": {"roc": 0.9890524691358025, "flag_rate": [0.099, 0.0826530612244898], "flag_rate_ratio": 1.1977777777777778, "TPR": [0.85, 0.7875], "TPR whole": 0.8222222222222222, "TPR ratio": 1.0793650793650793, "FPR": [0.015555555555555555, 0.02], "FPR whole": 0.017777777777777778, "FPR ratio": 0.7777777777777778, "PPR": [0.8585858585858586, 0.7777777777777778], "PPR whole": 0.8222222222222222, "PPR ratio": 1.103896103896104}, "0.5-0.2": {"roc": 0.9883858024691358, "flag_rate": [0.099, 0.0826530612244898], "flag_rate_ratio": 1.1977777777777778, "TPR": [0.84, 0.7875], "TPR whole": 0.8166666666666667, "TPR ratio": 1.0666666666666667, "FPR": [0.016666666666666666, 0.02], "FPR whole": 0.018333333333333333, "FPR ratio": 0.8333333333333333, "PPR": [0.8484848484848485, 0.7777777777777778], "PPR whole": 0.8166666666666667, "PPR ratio": 1.0909090909090908}, "0.5-0.5": {"roc": 0.989462962962963, "flag_rate": [0.1, 0.08163265306122448], "flag_rate_ratio": 1.225, "TPR": [0.86, 0.7875], "TPR whole": 0.8277777777777777, "TPR ratio": 1.0920634920634922, "FPR": [0.015555555555555555, 0.01888888888888889], "FPR whole": 0.017222222222222222, "FPR ratio": 0.8235294117647058, "PPR": [0.86, 0.7875], "PPR whole": 0.8277777777777777, "PPR ratio": 1.0920634920634922}, "0.5-0.8": {"roc": 0.9887746913580246, "flag_rate": [0.099, 0.0826530612244898], "flag_rate_ratio": 1.1977777777777778, "TPR": [0.84, 0.7875], "TPR whole": 0.8166666666666667, "TPR ratio": 1.0666666666666667, "FPR": [0.016666666666666666, 0.02], "FPR whole": 0.018333333333333333, "FPR ratio": 0.8333333333333333, "PPR": [0.8484848484848485, 0.7777777777777778], "PPR whole": 0.8166666666666667, "PPR ratio": 1.0909090909090908}, "0.8-0.01": {"roc": 0.986567901234568, "flag_rate": [0.101, 0.08061224489795918], "flag_rate_ratio": 1.2529113924050634, "TPR": [0.83, 0.775], "TPR whole": 0.8055555555555556, "TPR ratio": 1.0709677419354837, "FPR": [0.02, 0.01888888888888889], "FPR whole": 0.019444444444444445, "FPR ratio": 1.0588235294117647, "PPR": [0.8217821782178217, 0.7848101265822784], "PPR whole": 0.8055555555555556, "PPR ratio": 1.0471095496646439}, "0.8-0.2": {"roc": 0.9893518518518518, "flag_rate": [0.101, 0.08061224489795918], "flag_rate_ratio": 1.2529113924050634, "TPR": [0.86, 0.7875], "TPR whole": 0.8277777777777777, "TPR ratio": 1.0920634920634922, "FPR": [0.016666666666666666, 0.017777777777777778], "FPR whole": 0.017222222222222222, "FPR ratio": 0.9375, "PPR": [0.8514851485148515, 0.7974683544303798], "PPR whole": 0.8277777777777777, "PPR ratio": 1.0677353449630678}, "0.8-0.5": {"roc": 0.989537037037037, "flag_rate": [0.101, 0.08061224489795918], "flag_rate_ratio": 1.2529113924050634, "TPR": [0.86, 0.775], "TPR whole": 0.8222222222222222, "TPR ratio": 1.1096774193548387,