{"0.01-0.01": {"roc": 0.9909074074074073, "flag_rate": [0.082, 0.041304347826086954], "flag_rate_ratio": 1.985263157894737, "TPR": [0.76, 1.0], "TPR whole": 0.8, "TPR ratio": 0.76, "FPR": [0.006666666666666667, 0.02], "FPR whole": 0.013333333333333334, "FPR ratio": 0.33333333333333337, "PPR": [0.926829268292683, 0.5263157894736842], "PPR whole": 0.8, "PPR ratio": 1.7609756097560978}, "0.01-0.2": {"roc": 0.9903240740740741, "flag_rate": [0.082, 0.041304347826086954], "flag_rate_ratio": 1.985263157894737, "TPR": [0.74, 1.0], "TPR whole": 0.7833333333333333, "TPR ratio": 0.74, "FPR": [0.008888888888888889, 0.02], "FPR whole": 0.014444444444444444, "FPR ratio": 0.4444444444444444, "PPR": [0.9024390243902439, 0.5263157894736842], "PPR whole": 0.7833333333333333, "PPR ratio": 1.7146341463414636}, "0.01-0.5": {"roc": 0.9893935185185185, "flag_rate": [0.082, 0.041304347826086954], "flag_rate_ratio": 1.985263157894737, "TPR": [0.71, 1.0], "TPR whole": 0.7583333333333333, "TPR ratio": 0.71, "FPR": [0.012222222222222223, 0.02], "FPR whole": 0.01611111111111111, "FPR ratio": 0.6111111111111112, "PPR": [0.8658536585365854, 0.5263157894736842], "PPR whole": 0.7583333333333333, "PPR ratio": 1.6451219512195123}, "0.01-0.8": {"roc": 0.9907407407407408, "flag_rate": [0.083, 0.04021739130434782], "flag_rate_ratio": 2.063783783783784, "TPR": [0.76, 1.0], "TPR whole": 0.8, "TPR ratio": 0.76, "FPR": [0.0077777777777777776, 0.01888888888888889], "FPR whole": 0.013333333333333334, "FPR ratio": 0.4117647058823529, "PPR": [0.9156626506024096, 0.5405405405405406], "PPR whole": 0.8, "PPR ratio": 1.6939759036144577}, "0.05-0.01": {"roc": 0.9915787037037037, "flag_rate": [0.083, 0.04021739130434782], "flag_rate_ratio": 2.063783783783784, "TPR": [0.75, 0.95], "TPR whole": 0.7833333333333333, "TPR ratio": 0.7894736842105263, "FPR": [0.008888888888888889, 0.02], "FPR whole": 0.014444444444444444, "FPR ratio": 0.4444444444444444, "PPR": [0.9036144578313253, 0.5135135135135135], "PPR whole": 0.7833333333333333, "PPR ratio": 1.7596702599873177}, "0.05-0.2": {"roc": 0.9920092592592592, "flag_rate": [0.085, 0.03804347826086957], "flag_rate_ratio": 2.2342857142857144, "TPR": [0.78, 1.0], "TPR whole": 0.8166666666666667, "TPR ratio": 0.78, "FPR": [0.0077777777777777776, 0.016666666666666666], "FPR whole": 0.012222222222222223, "FPR ratio": 0.4666666666666667, "PPR": [0.9176470588235294, 0.5714285714285714], "PPR whole": 0.8166666666666667, "PPR ratio": 1.6058823529411765}, "0.05-0.5": {"roc": 0.9879027777777778, "flag_rate": [0.08, 0.043478260869565216], "flag_rate_ratio": 1.84, "TPR": [0.7, 1.0], "TPR whole": 0.75, "TPR ratio": 0.7, "FPR": [0.011111111111111112, 0.022222222222222223], "FPR whole": 0.016666666666666666, "FPR ratio": 0.5, "PPR": [0.875, 0.5], "PPR whole": 0.75, "PPR ratio": 1.75}, "0.05-0.8": {"roc": 0.9887685185185185, "flag_rate": [0.081, 0.042391304347826085], "flag_rate_ratio": 1.910769230769231, "TPR": [0.72, 1.0], "TPR whole": 0.7666666666666667, "TPR ratio": 0.72, "FPR": [0.01, 0.021111111111111112], "FPR whole": 0.015555555555555555, "FPR ratio": 0.47368421052631576, "PPR": [0.8888888888888888, 0.5128205128205128], "PPR whole": 0.7666666666666667, "PPR ratio": 1.7333333333333334}, "0.2-0.01": {"roc": 0.9909907407407408, "flag_rate": [0.083, 0.04021739130434782], "flag_rate_ratio": 2.063783783783784, "TPR": [0.75, 1.0], "TPR whole": 0.7916666666666666, "TPR ratio": 0.75, "FPR": [0.008888888888888889, 0.01888888888888889], "FPR whole": 0.013888888888888888, "FPR ratio": 0.47058823529411764, "PPR": [0.9036144578313253, 0.5405405405405406], "PPR whole": 0.7916666666666666, "PPR ratio": 1.6716867469879517}, "0.2-0.2": {"roc": 0.9906712962962962, "flag_rate": [0.083, 0.04021739130434782], "flag_rate_ratio": 2.063783783783784, "TPR": [0.76, 1.0], "TPR whole": 0.8, "TPR ratio": 0.76, "FPR": [0.0077777777777777776, 0.01888888888888889], "FPR whole": 0.013333333333333334, "FPR ratio": 0.4117647058823529, "PPR": [0.9156626506024096, 0.5405405405405406], "PPR whole": 0.8, "PPR ratio": 1.6939759036144577}, "0.2-0.5": {"roc": 0.990462962962963, "flag_rate": [0.084, 0.0391304347826087], "flag_rate_ratio": 2.1466666666666665, "TPR": [0.76, 1.0], "TPR whole": 0.8, "TPR ratio": 0.76, "FPR": [0.008888888888888889, 0.017777777777777778], "FPR whole": 0.013333333333333334, "FPR ratio": 0.5, "PPR": [0.9047619047619048, 0.5555555555555556], "PPR whole": 0.8, "PPR ratio": 1.6285714285714286}, "0.2-0.8": {"roc": 0.9895185185185185, "flag_rate": [0.083, 0.04021739130434782], "flag_rate_ratio": 2.063783783783784, "TPR": [0.73, 1.0], "TPR whole": 0.775, "TPR ratio": 0.73, "FPR": [0.011111111111111112, 0.01888888888888889], "FPR whole": 0.015, "FPR ratio": 0.5882352941176471, "PPR": [0.8795180722891566, 0.5405405405405406], "PPR whole": 0.775, "PPR ratio": 1.6271084337349395}, "0.5-0.01": {"roc": 0.987638888888889, "flag_rate": [0.08, 0.043478260869565216], "flag_rate_ratio": 1.84, "TPR": [0.7, 1.0], "TPR whole": 0.75, "TPR ratio": 0.7, "FPR": [0.011111111111111112, 0.022222222222222223], "FPR whole": 0.016666666666666666, "FPR ratio": 0.5, "PPR": [0.875, 0.5], "PPR whole": 0.75, "PPR ratio": 1.75}, "0.5-0.2": {"roc": 0.9888888888888889, "flag_rate": [0.081, 0.042391304347826085], "flag_rate_ratio": 1.910769230769231, "TPR": [0.72, 1.0], "TPR whole": 0.7666666666666667, "TPR ratio": 0.72, "FPR": [0.01, 0.021111111111111112], "FPR whole": 0.015555555555555555, "FPR ratio": 0.47368421052631576, "PPR": [0.8888888888888888, 0.5128205128205128], "PPR whole": 0.7666666666666667, "PPR ratio": 1.7333333333333334}, "0.5-0.5": {"roc": 0.9904212962962963, "flag_rate": [0.085, 0.03804347826086957], "flag_rate_ratio": 2.2342857142857144, "TPR": [0.77, 1.0], "TPR whole": 0.8083333333333333, "TPR ratio": 0.77, "FPR": [0.008888888888888889, 0.016666666666666666], "FPR whole": 0.012777777777777779, "FPR ratio": 0.5333333333333333, "PPR": [0.9058823529411765, 0.5714285714285714], "PPR whole": 0.8083333333333333, "PPR ratio": 1.585294117647059}, "0.5-0.8": {"roc": 0.9911296296296296, "flag_rate": [0.085, 0.03804347826086957], "flag_rate_ratio": 2.2342857142857144, "TPR": [0.77, 1.0], "TPR whole": 0.8083333333333333, "TPR ratio": 0.77, "FPR": [0.008888888888888889, 0.016666666666666666], "FPR whole": 0.012777777777777779, "FPR ratio": 0.5333333333333333, "PPR": [0.9058823529411765, 0.5714285714285714], "PPR whole": 0.8083333333333333, "PPR ratio": 1.585294117647059}, "0.8-0.01": {"roc": 0.9865231481481481, "flag_rate": [0.078, 0.04565217391304348], "flag_rate_ratio": 1.7085714285714286, "TPR": [0.67, 1.0], "TPR whole": 0.725, "TPR ratio": 0.67, "FPR": [0.012222222222222223, 0.024444444444444446], "FPR whole": 0.018333333333333333, "FPR ratio": 0.5, "PPR": [0.8589743589743589, 0.47619047619047616], "PPR whole": 0.725, "PPR ratio": 1.8038461538461539}, "0.8-0.2": {"roc": 0.9886342592592593, "flag_rate": [0.083, 0.04021739130434782], "flag_rate_ratio": 2.063783783783784, "TPR": [0.73, 1.0], "TPR whole": 0.775, "TPR ratio": 0.73, "FPR": [0.011111111111111112, 0.01888888888888889], "FPR whole": 0.015, "FPR ratio": 0.5882352941176471, "PPR": [0.8795180722891566, 0.5405405405405406], "PPR whole": 0.775, "PPR ratio": 1.6271084337349395}, "0.8-0.5": {"roc": 0.9920555555555555, "flag_rate": [0.086, 0.03695652173913044], "flag_rate_ratio": 2.3270588235294114, "TPR": [0.78, 1.0], "TPR whole": 0.8166666666666667, "TPR ratio": 0.78, "FPR": [0.008888888888888889, 0.015555555555555555], "FPR whole": 0.012222222222222223, "FPR ratio": 0.5714285714285714, "PPR": [0.9069767441860465, 0.5882352941176471], "PPR whole": 0.8166666666666667, "PPR ratio": 1.5418604651162788}, "0.8-0.8": {"roc": 0.992287037037037, "flag_rate": [0.087, 0.035869565217391305], "flag_rate_ratio": 2.4254545454545453, "TPR": [0.78, 1.0], "TPR whole": 0.8166666666666667, "TPR ratio": 0.78, "FPR": [0.01, 0.014444444444444444], "FPR whole": 0.012222222222222223, "FPR ratio": 0.6923076923076924, "PPR": [0.896551724137931, 0.6060606060606061],