{"0.01-0.01": {"roc": 0.9919206349206349, "flag_rate": [0.085, 0.05851063829787234], "flag_rate_ratio": 1.4527272727272729, "TPR": [0.77, 0.975], "TPR whole": 0.8285714285714286, "TPR ratio": 0.7897435897435898, "FPR": [0.008888888888888889, 0.017777777777777778], "FPR whole": 0.013333333333333334, "FPR ratio": 0.5, "PPR": [0.9058823529411765, 0.7090909090909091], "PPR whole": 0.8285714285714286, "PPR ratio": 1.277526395173454}, "0.01-0.2": {"roc": 0.9944007936507936, "flag_rate": [0.088, 0.05531914893617021], "flag_rate_ratio": 1.5907692307692307, "TPR": [0.81, 1.0], "TPR whole": 0.8642857142857143, "TPR ratio": 0.81, "FPR": [0.0077777777777777776, 0.013333333333333334], "FPR whole": 0.010555555555555556, "FPR ratio": 0.5833333333333333, "PPR": [0.9204545454545454, 0.7692307692307693], "PPR whole": 0.8642857142857143, "PPR ratio": 1.196590909090909}, "0.01-0.5": {"roc": 0.9927698412698412, "flag_rate": [0.086, 0.0574468085106383], "flag_rate_ratio": 1.497037037037037, "TPR": [0.77, 1.0], "TPR whole": 0.8357142857142857, "TPR ratio": 0.77, "FPR": [0.01, 0.015555555555555555], "FPR whole": 0.012777777777777779, "FPR ratio": 0.6428571428571429, "PPR": [0.8953488372093024, 0.7407407407407407], "PPR whole": 0.8357142857142857, "PPR ratio": 1.2087209302325583}, "0.01-0.8": {"roc": 0.9923373015873016, "flag_rate": [0.084, 0.059574468085106386], "flag_rate_ratio": 1.41, "TPR": [0.76, 1.0], "TPR whole": 0.8285714285714286, "TPR ratio": 0.76, "FPR": [0.008888888888888889, 0.017777777777777778], "FPR whole": 0.013333333333333334, "FPR ratio": 0.5, "PPR": [0.9047619047619048, 0.7142857142857143], "PPR whole": 0.8285714285714286, "PPR ratio": 1.2666666666666666}, "0.05-0.01": {"roc": 0.993547619047619, "flag_rate": [0.085, 0.05851063829787234], "flag_rate_ratio": 1.4527272727272729, "TPR": [0.78, 1.0], "TPR whole": 0.8428571428571429, "TPR ratio": 0.78, "FPR": [0.0077777777777777776, 0.016666666666666666], "FPR whole": 0.012222222222222223, "FPR ratio": 0.4666666666666667, "PPR": [0.9176470588235294, 0.7272727272727273], "PPR whole": 0.8428571428571429, "PPR ratio": 1.261764705882353}, "0.05-0.2": {"roc": 0.993547619047619, "flag_rate": [0.084, 0.059574468085106386], "flag_rate_ratio": 1.41, "TPR": [0.77, 1.0], "TPR whole": 0.8357142857142857, "TPR ratio": 0.77, "FPR": [0.0077777777777777776, 0.017777777777777778], "FPR whole": 0.012777777777777779, "FPR ratio": 0.4375, "PPR": [0.9166666666666666, 0.7142857142857143], "PPR whole": 0.8357142857142857, "PPR ratio": 1.2833333333333332}, "0.05-0.5": {"roc": 0.9940277777777777, "flag_rate": [0.087, 0.05638297872340425], "flag_rate_ratio": 1.5430188679245282, "TPR": [0.79, 1.0], "TPR whole": 0.85, "TPR ratio": 0.79, "FPR": [0.008888888888888889, 0.014444444444444444], "FPR whole": 0.011666666666666667, "FPR ratio": 0.6153846153846154, "PPR": [0.9080459770114943, 0.7547169811320755], "PPR whole": 0.85, "PPR ratio": 1.2031609195402297}, "0.05-0.8": {"roc": 0.9923095238095239, "flag_rate": [0.087, 0.05638297872340425], "flag_rate_ratio": 1.5430188679245282, "TPR": [0.78, 1.0], "TPR whole": 0.8428571428571429, "TPR ratio": 0.78, "FPR": [0.01, 0.014444444444444444], "FPR whole": 0.012222222222222223, "FPR ratio": 0.6923076923076924, "PPR": [0.896551724137931, 0.7547169811320755], "PPR whole": 0.8428571428571429, "PPR ratio": 1.1879310344827585}, "0.2-0.01": {"roc": 0.9925198412698413, "flag_rate": [0.089, 0.05425531914893617], "flag_rate_ratio": 1.6403921568627449, "TPR": [0.8, 0.9], "TPR whole": 0.8285714285714286, "TPR ratio": 0.888888888888889, "FPR": [0.01, 0.016666666666666666], "FPR whole": 0.013333333333333334, "FPR ratio": 0.6, "PPR": [0.898876404494382, 0.7058823529411765], "PPR whole": 0.8285714285714286, "PPR ratio": 1.2734082397003743}, "0.2-0.2": {"roc": 0.993654761904762, "flag_rate": [0.086, 0.0574468085106383], "flag_rate_ratio": 1.497037037037037, "TPR": [0.78, 1.0], "TPR whole": 0.8428571428571429, "TPR ratio": 0.78, "FPR": [0.008888888888888889, 0.015555555555555555], "FPR whole": 0.012222222222222223, "FPR ratio": 0.5714285714285714, "PPR": [0.9069767441860465, 0.7407407407407407], "PPR whole": 0.8428571428571429, "PPR ratio": 1.2244186046511627}, "0.2-0.5": {"roc": 0.9934722222222222, "flag_rate": [0.087, 0.05638297872340425], "flag_rate_ratio": 1.5430188679245282, "TPR": [0.8, 1.0], "TPR whole": 0.8571428571428571, "TPR ratio": 0.8, "FPR": [0.0077777777777777776, 0.014444444444444444], "FPR whole": 0.011111111111111112, "FPR ratio": 0.5384615384615384, "PPR": [0.9195402298850575, 0.7547169811320755], "PPR whole": 0.8571428571428571, "PPR ratio": 1.218390804597701}, "0.2-0.8": {"roc": 0.9948650793650793, "flag_rate": [0.088, 0.05531914893617021], "flag_rate_ratio": 1.5907692307692307, "TPR": [0.81, 1.0], "TPR whole": 0.8642857142857143, "TPR ratio": 0.81, "FPR": [0.0077777777777777776, 0.013333333333333334], "FPR whole": 0.010555555555555556, "FPR ratio": 0.5833333333333333, "PPR": [0.9204545454545454, 0.7692307692307693], "PPR whole": 0.8642857142857143, "PPR ratio": 1.196590909090909}, "0.5-0.01": {"roc": 0.9938928571428571, "flag_rate": [0.085, 0.05851063829787234], "flag_rate_ratio": 1.4527272727272729, "TPR": [0.79, 1.0], "TPR whole": 0.85, "TPR ratio": 0.79, "FPR": [0.006666666666666667, 0.016666666666666666], "FPR whole": 0.011666666666666667, "FPR ratio": 0.4, "PPR": [0.9294117647058824, 0.7272727272727273], "PPR whole": 0.85, "PPR ratio": 1.2779411764705881}, "0.5-0.2": {"roc": 0.992984126984127, "flag_rate": [0.086, 0.0574468085106383], "flag_rate_ratio": 1.497037037037037, "TPR": [0.79, 1.0], "TPR whole": 0.85, "TPR ratio": 0.79, "FPR": [0.0077777777777777776, 0.015555555555555555], "FPR whole": 0.011666666666666667, "FPR ratio": 0.5, "PPR": [0.9186046511627907, 0.7407407407407407], "PPR whole": 0.85, "PPR ratio": 1.2401162790697675}, "0.5-0.5": {"roc": 0.9925119047619048, "flag_rate": [0.09, 0.05319148936170213], "flag_rate_ratio": 1.692, "TPR": [0.82, 0.95], "TPR whole": 0.8571428571428571, "TPR ratio": 0.8631578947368421, "FPR": [0.008888888888888889, 0.013333333333333334], "FPR whole": 0.011111111111111112, "FPR ratio": 0.6666666666666666, "PPR": [0.9111111111111111, 0.76], "PPR whole": 0.8571428571428571, "PPR ratio": 1.198830409356725}, "0.5-0.8": {"roc": 0.994670634920635, "flag_rate": [0.087, 0.05638297872340425], "flag_rate_ratio": 1.5430188679245282, "TPR": [0.81, 1.0], "TPR whole": 0.8642857142857143, "TPR ratio": 0.81, "FPR": [0.006666666666666667, 0.014444444444444444], "FPR whole": 0.010555555555555556, "FPR ratio": 0.46153846153846156, "PPR": [0.9310344827586207, 0.7547169811320755], "PPR whole": 0.8642857142857143, "PPR ratio": 1.2336206896551722}, "0.8-0.01": {"roc": 0.9942261904761905, "flag_rate": [0.086, 0.0574468085106383], "flag_rate_ratio": 1.497037037037037, "TPR": [0.79, 1.0], "TPR whole": 0.85, "TPR ratio": 0.79, "FPR": [0.0077777777777777776, 0.015555555555555555], "FPR whole": 0.011666666666666667, "FPR ratio": 0.5, "PPR": [0.9186046511627907, 0.7407407407407407], "PPR whole": 0.85, "PPR ratio": 1.2401162790697675}, "0.8-0.2": {"roc": 0.9905119047619048, "flag_rate": [0.086, 0.0574468085106383], "flag_rate_ratio": 1.497037037037037, "TPR": [0.75, 1.0], "TPR whole": 0.8214285714285714, "TPR ratio": 0.75, "FPR": [0.012222222222222223, 0.015555555555555555], "FPR whole": 0.013888888888888888, "FPR ratio": 0.7857142857142858, "PPR": [0.872093023255814, 0.7407407407407407], "PPR whole": 0.8214285714285714, "PPR ratio": 1.177325581395349}, "0.8-0.5": {"roc": 0.9923452380952381, "flag_rate": [0.086, 0.0574468085106383], "flag_rate_ratio": 1.497037037037037, "TPR": [0.77, 1.0], "TPR whole": 0.8357142857142857, "TPR ratio": 0.77, "FPR": [0.01, 0.015555555555555555], "FPR whole": 0.012777777777777779, "FPR ratio": 0.6428571428571429, "PPR": [0.8953488372093024, 0.7407407407407407], "PPR whole": 0.8357142857142857, "PPR ratio": 1.2087209302325583}, "0.8-0.8": {"roc": 0.9935515873015873, "flag_rate": [0.087, 0.05638297872340425], "flag_rate_ratio": 1.5430188679245282,