{"0.01-0.01": {"roc": 0.9918402777777777, "flag_rate": [0.09, 0.07291666666666667], "flag_rate_ratio": 1.2342857142857142, "TPR": [0.79, 0.8833333333333333], "TPR whole": 0.825, "TPR ratio": 0.8943396226415095, "FPR": [0.012222222222222223, 0.01888888888888889], "FPR whole": 0.015555555555555555, "FPR ratio": 0.6470588235294118, "PPR": [0.8777777777777778, 0.7571428571428571], "PPR whole": 0.825, "PPR ratio": 1.159329140461216}, "0.01-0.2": {"roc": 0.9792881944444445, "flag_rate": [0.076, 0.0875], "flag_rate_ratio": 0.8685714285714285, "TPR": [0.57, 0.9833333333333333], "TPR whole": 0.725, "TPR ratio": 0.5796610169491525, "FPR": [0.021111111111111112, 0.027777777777777776], "FPR whole": 0.024444444444444446, "FPR ratio": 0.7600000000000001, "PPR": [0.75, 0.7023809523809523], "PPR whole": 0.725, "PPR ratio": 1.0677966101694916}, "0.01-0.5": {"roc": 0.9839618055555556, "flag_rate": [0.078, 0.08541666666666667], "flag_rate_ratio": 0.9131707317073171, "TPR": [0.61, 0.9833333333333333], "TPR whole": 0.75, "TPR ratio": 0.6203389830508474, "FPR": [0.01888888888888889, 0.025555555555555557], "FPR whole": 0.022222222222222223, "FPR ratio": 0.7391304347826086, "PPR": [0.782051282051282, 0.7195121951219512], "PPR whole": 0.75, "PPR ratio": 1.0869187309865276}, "0.01-0.8": {"roc": 0.9805902777777777, "flag_rate": [0.077, 0.08645833333333333], "flag_rate_ratio": 0.8906024096385542, "TPR": [0.6, 0.9833333333333333], "TPR whole": 0.74375, "TPR ratio": 0.6101694915254238, "FPR": [0.01888888888888889, 0.02666666666666667], "FPR whole": 0.02277777777777778, "FPR ratio": 0.7083333333333333, "PPR": [0.7792207792207793, 0.7108433734939759], "PPR whole": 0.74375, "PPR ratio": 1.0961919436495708}, "0.05-0.01": {"roc": 0.9913819444444444, "flag_rate": [0.083, 0.08020833333333334], "flag_rate_ratio": 1.0348051948051948, "TPR": [0.74, 0.9666666666666667], "TPR whole": 0.825, "TPR ratio": 0.7655172413793103, "FPR": [0.01, 0.021111111111111112], "FPR whole": 0.015555555555555555, "FPR ratio": 0.47368421052631576, "PPR": [0.891566265060241, 0.7532467532467533], "PPR whole": 0.825, "PPR ratio": 1.183631076028251}, "0.05-0.2": {"roc": 0.9808541666666667, "flag_rate": [0.081, 0.08229166666666667], "flag_rate_ratio": 0.9843037974683545, "TPR": [0.62, 0.9], "TPR whole": 0.725, "TPR ratio": 0.6888888888888889, "FPR": [0.021111111111111112, 0.027777777777777776], "FPR whole": 0.024444444444444446, "FPR ratio": 0.7600000000000001, "PPR": [0.7654320987654321, 0.6835443037974683], "PPR whole": 0.725, "PPR ratio": 1.1197988111568358}, "0.05-0.5": {"roc": 0.9814826388888889, "flag_rate": [0.08, 0.08333333333333333], "flag_rate_ratio": 0.9600000000000001, "TPR": [0.59, 0.9666666666666667], "TPR whole": 0.73125, "TPR ratio": 0.6103448275862069, "FPR": [0.023333333333333334, 0.024444444444444446], "FPR whole": 0.02388888888888889, "FPR ratio": 0.9545454545454546, "PPR": [0.7375, 0.725], "PPR whole": 0.73125, "PPR ratio": 1.017241379310345}, "0.05-0.8": {"roc": 0.9800659722222222, "flag_rate": [0.077, 0.08645833333333333], "flag_rate_ratio": 0.8906024096385542, "TPR": [0.61, 0.9666666666666667], "TPR whole": 0.74375, "TPR ratio": 0.6310344827586206, "FPR": [0.017777777777777778, 0.027777777777777776], "FPR whole": 0.02277777777777778, "FPR ratio": 0.64, "PPR": [0.7922077922077922, 0.6987951807228916], "PPR whole": 0.74375, "PPR ratio": 1.1336766681594268}, "0.2-0.01": {"roc": 0.9899652777777779, "flag_rate": [0.089, 0.07395833333333333], "flag_rate_ratio": 1.2033802816901407, "TPR": [0.76, 0.8666666666666667], "TPR whole": 0.8, "TPR ratio": 0.8769230769230769, "FPR": [0.014444444444444444, 0.021111111111111112], "FPR whole": 0.017777777777777778, "FPR ratio": 0.6842105263157894, "PPR": [0.8539325842696629, 0.7323943661971831], "PPR whole": 0.8, "PPR ratio": 1.1659464131374242}, "0.2-0.2": {"roc": 0.9875555555555555, "flag_rate": [0.082, 0.08125], "flag_rate_ratio": 1.0092307692307692, "TPR": [0.7, 0.95], "TPR whole": 0.79375, "TPR ratio": 0.7368421052631579, "FPR": [0.013333333333333334, 0.023333333333333334], "FPR whole": 0.018333333333333333, "FPR ratio": 0.5714285714285714, "PPR": [0.8536585365853658, 0.7307692307692307], "PPR whole": 0.79375, "PPR ratio": 1.1681643132220796}, "0.2-0.5": {"roc": 0.9797361111111111, "flag_rate": [0.077, 0.08645833333333333], "flag_rate_ratio": 0.8906024096385542, "TPR": [0.58, 0.9833333333333333], "TPR whole": 0.73125, "TPR ratio": 0.5898305084745763, "FPR": [0.021111111111111112, 0.02666666666666667], "FPR whole": 0.02388888888888889, "FPR ratio": 0.7916666666666666, "PPR": [0.7532467532467533, 0.7108433734939759], "PPR whole": 0.73125, "PPR ratio": 1.0596522121945853}, "0.2-0.8": {"roc": 0.9797430555555555, "flag_rate": [0.079, 0.084375], "flag_rate_ratio": 0.9362962962962963, "TPR": [0.56, 0.9666666666666667], "TPR whole": 0.7125, "TPR ratio": 0.5793103448275863, "FPR": [0.025555555555555557, 0.025555555555555557], "FPR whole": 0.025555555555555557, "FPR ratio": 1.0, "PPR": [0.7088607594936709, 0.7160493827160493], "PPR whole": 0.7125, "PPR ratio": 0.9899607158446094}, "0.5-0.01": {"roc": 0.9891597222222221, "flag_rate": [0.084, 0.07916666666666666], "flag_rate_ratio": 1.0610526315789475, "TPR": [0.72, 0.9166666666666666], "TPR whole": 0.79375, "TPR ratio": 0.7854545454545454, "FPR": [0.013333333333333334, 0.023333333333333334], "FPR whole": 0.018333333333333333, "FPR ratio": 0.5714285714285714, "PPR": [0.8571428571428571, 0.7236842105263158], "PPR whole": 0.79375, "PPR ratio": 1.1844155844155844}, "0.5-0.2": {"roc": 0.9846875, "flag_rate": [0.082, 0.08125], "flag_rate_ratio": 1.0092307692307692, "TPR": [0.69, 0.95], "TPR whole": 0.7875, "TPR ratio": 0.7263157894736841, "FPR": [0.014444444444444444, 0.023333333333333334], "FPR whole": 0.01888888888888889, "FPR ratio": 0.619047619047619, "PPR": [0.8414634146341463, 0.7307692307692307], "PPR whole": 0.7875, "PPR ratio": 1.1514762516046213}, "0.5-0.5": {"roc": 0.9786770833333333, "flag_rate": [0.075, 0.08854166666666667], "flag_rate_ratio": 0.8470588235294116, "TPR": [0.56, 0.9833333333333333], "TPR whole": 0.71875, "TPR ratio": 0.5694915254237289, "FPR": [0.021111111111111112, 0.028888888888888888], "FPR whole": 0.025, "FPR ratio": 0.7307692307692308, "PPR": [0.7466666666666667, 0.6941176470588235], "PPR whole": 0.71875, "PPR ratio": 1.0757062146892655}, "0.5-0.8": {"roc": 0.9810763888888889, "flag_rate": [0.076, 0.0875], "flag_rate_ratio": 0.8685714285714285, "TPR": [0.58, 0.9833333333333333], "TPR whole": 0.73125, "TPR ratio": 0.5898305084745763, "FPR": [0.02, 0.027777777777777776], "FPR whole": 0.02388888888888889, "FPR ratio": 0.7200000000000001, "PPR": [0.7631578947368421, 0.7023809523809523], "PPR whole": 0.73125, "PPR ratio": 1.0865298840321143}, "0.8-0.01": {"roc": 0.9800034722222222, "flag_rate": [0.08, 0.08333333333333333], "flag_rate_ratio": 0.9600000000000001, "TPR": [0.57, 0.9833333333333333], "TPR whole": 0.725, "TPR ratio": 0.5796610169491525, "FPR": [0.025555555555555557, 0.023333333333333334], "FPR whole": 0.024444444444444446, "FPR ratio": 1.0952380952380953, "PPR": [0.7125, 0.7375], "PPR whole": 0.725, "PPR ratio": 0.9661016949152542}, "0.8-0.2": {"roc": 0.9808958333333333, "flag_rate": [0.076, 0.0875], "flag_rate_ratio": 0.8685714285714285, "TPR": [0.57, 0.9833333333333333], "TPR whole": 0.725, "TPR ratio": 0.5796610169491525, "FPR": [0.021111111111111112, 0.027777777777777776], "FPR whole": 0.024444444444444446, "FPR ratio": 0.7600000000000001, "PPR": [0.75, 0.7023809523809523], "PPR whole": 0.725, "PPR ratio": 1.0677966101694916}, "0.8-0.5": {"roc": 0.9816805555555556, "flag_rate": [0.076, 0.0875], "flag_rate_ratio": 0.8685714285714285, "TPR": [0.58, 0.9833333333333333], "TPR whole": 0.73125, "TPR ratio": 0.5898305084745763, "FPR": [0.02, 0.027777777777777776], "FPR whole": 0.02388888888888889, "FPR ratio": 0.7200000000000001, "PPR": [0.7631578947368421, 0.7023809523809523], "PPR whole": 0.73125, "PPR ratio": 1.0865298840321143}, "0.8-0.8": {"roc": 0.98,