{"Bias Type": "sample_size_bias", "Data Type": "scatter", "Algorithm method": "DeepAE", "Base Rate A": 0.1, "Base Rate B": 0.1, "Base Rate whole": 0.1, "Group A": "Type: Gaussian, Xc mean: 0 variance: 1", "Group B": "Type: Gaussian, Xc mean: 0 variance: 1", "Group A_anomaly": "Type: Gaussian, Xc mean: 3 variance: 1", "Group B_anomaly": "Type: Gaussian, Xc mean: 3 variance: 1", "parameter_0.01": {"parameter": 0.01, "Flag_rate_A": {"e0": 0.097, "e1": 0.094, "e2": 0.097, "e3": 0.098, "e4": 0.099}, "Recall_A": {"e0": 0.83, "e1": 0.83, "e2": 0.91, "e3": 0.86, "e4": 0.82}, "FPR_A": {"e0": 0.015555555555555555, "e1": 0.012222222222222223, "e2": 0.006666666666666667, "e3": 0.013333333333333334, "e4": 0.01888888888888889}, "Precision_A": {"e0": 0.8556701030927835, "e1": 0.8829787234042553, "e2": 0.9381443298969072, "e3": 0.8775510204081632, "e4": 0.8282828282828283}, "Flag_rate_B": {"e0": 0.10404040404040404, "e1": 0.10707070707070707, "e2": 0.10404040404040404, "e3": 0.10303030303030303, "e4": 0.10202020202020202}, "Recall_B": {"e0": 0.88, "e1": 0.91, "e2": 0.86, "e3": 0.88, "e4": 0.84}, "FPR_B": {"e0": 0.016853932584269662, "e1": 0.016853932584269662, "e2": 0.019101123595505618, "e3": 0.015730337078651686, "e4": 0.019101123595505618}, "Precision_B": {"e0": 0.8543689320388349, "e1": 0.8584905660377359, "e2": 0.8349514563106796, "e3": 0.8627450980392157, "e4": 0.8316831683168316}, "Recall_overall": {"e0": 0.855, "e1": 0.87, "e2": 0.885, "e3": 0.87, "e4": 0.83}, "FPR_ovrall": {"e0": 0.016201117318435754, "e1": 0.01452513966480447, "e2": 0.012849162011173185, "e3": 0.01452513966480447, "e4": 0.01899441340782123}, "Precision_overall": {"e0": 0.855, "e1": 0.87, "e2": 0.885, "e3": 0.87, "e4": 0.83}, "Flag_rate_ratio": {"e0": 0.9323300970873787, "e1": 0.8779245283018868, "e2": 0.9323300970873787, "e3": 0.9511764705882354, "e4": 0.9703960396039604}, "TPR_ratio": {"e0": 0.9431818181818181, "e1": 0.9120879120879121, "e2": 1.058139534883721, "e3": 0.9772727272727273, "e4": 0.9761904761904762}, "FPR_ratio": {"e0": 0.922962962962963, "e1": 0.7251851851851853, "e2": 0.3490196078431373, "e3": 0.8476190476190476, "e4": 0.9888888888888889}, "PPR_ratio": {"e0": 1.001522961574508, "e1": 1.0285246668225392, "e2": 1.1235914648765284, "e3": 1.0171614100185529, "e4": 0.995911495911496}, "auroc": {"e0": 0.9644972067039106, "e1": 0.9779106145251397, "e2": 0.9811927374301675, "e3": 0.9763128491620112, "e4": 0.9574273743016759}}, "parameter_0.05": {"parameter": 0.05, "Flag_rate_A": {"e0": 0.097, "e1": 0.099, "e2": 0.093, "e3": 0.102, "e4": 0.103}, "Recall_A": {"e0": 0.81, "e1": 0.75, "e2": 0.83, "e3": 0.83, "e4": 0.8}, "FPR_A": {"e0": 0.017777777777777778, "e1": 0.02666666666666667, "e2": 0.011111111111111112, "e3": 0.021111111111111112, "e4": 0.025555555555555557}, "Precision_A": {"e0": 0.8350515463917526, "e1": 0.7575757575757576, "e2": 0.8924731182795699, "e3": 0.8137254901960784, "e4": 0.7766990291262136}, "Flag_rate_B": {"e0": 0.10526315789473684, "e1": 0.1031578947368421, "e2": 0.10947368421052632, "e3": 0.1, "e4": 0.09894736842105263}, "Recall_B": {"e0": 0.8969072164948454, "e1": 0.8247422680412371, "e2": 0.845360824742268, "e3": 0.7938144329896907, "e4": 0.7731958762886598}, "FPR_B": {"e0": 0.015240328253223915, "e1": 0.021101992966002344, "e2": 0.02579132473622509, "e3": 0.021101992966002344, "e4": 0.022274325908558032}, "Precision_B": {"e0": 0.87, "e1": 0.8163265306122449, "e2": 0.7884615384615384, "e3": 0.8105263157894737, "e4": 0.7978723404255319}, "Recall_overall": {"e0": 0.8527918781725888, "e1": 0.7868020304568528, "e2": 0.8375634517766497, "e3": 0.8121827411167513, "e4": 0.7868020304568528}, "FPR_ovrall": {"e0": 0.01654306902452938, "e1": 0.023958927552766685, "e2": 0.01825442099258414, "e3": 0.021106674272675412, "e4": 0.023958927552766685}, "Precision_overall": {"e0": 0.8527918781725888, "e1": 0.7868020304568528, "e2": 0.8375634517766497, "e3": 0.8121827411167513, "e4": 0.7868020304568528}, "Flag_rate_ratio": {"e0": 0.9215000000000001, "e1": 0.9596938775510205, "e2": 0.8495192307692307, "e3": 1.0199999999999998, "e4": 1.0409574468085105}, "TPR_ratio": {"e0": 0.9031034482758621, "e1": 0.909375, "e2": 0.9818292682926829, "e3": 1.0455844155844156, "e4": 1.0346666666666666}, "FPR_ratio": {"e0": 1.1664957264957265, "e1": 1.2637037037037038, "e2": 0.4308080808080808, "e3": 1.0004320987654323, "e4": 1.1473099415204677}, "PPR_ratio": {"e0": 0.9598293636686812, "e1": 0.928030303030303, "e2": 1.131917125622869, "e3": 1.003947033358798, "e4": 0.973462783171521}, "auroc": {"e0": 0.973290168268465, "e1": 0.9561795442765266, "e2": 0.9717844101916657, "e3": 0.9655326184843386, "e4": 0.9569700672668464}}, "parameter_0.1": {"parameter": 0.1, "Flag_rate_A": {"e0": 0.1, "e1": 0.093, "e2": 0.099, "e3": 0.102, "e4": 0.1}, "Recall_A": {"e0": 0.69, "e1": 0.78, "e2": 0.84, "e3": 0.89, "e4": 0.82}, "FPR_A": {"e0": 0.034444444444444444, "e1": 0.016666666666666666, "e2": 0.016666666666666666, "e3": 0.014444444444444444, "e4": 0.02}, "Precision_A": {"e0": 0.69, "e1": 0.8387096774193549, "e2": 0.8484848484848485, "e3": 0.8725490196078431, "e4": 0.82}, "Flag_rate_B": {"e0": 0.09666666666666666, "e1": 0.10444444444444445, "e2": 0.09777777777777778, "e3": 0.09444444444444444, "e4": 0.09666666666666666}, "Recall_B": {"e0": 0.6781609195402298, "e1": 0.9080459770114943, "e2": 0.8390804597701149, "e3": 0.8275862068965517, "e4": 0.7816091954022989}, "FPR_B": {"e0": 0.03444034440344403, "e1": 0.01845018450184502, "e2": 0.01845018450184502, "e3": 0.015990159901599015, "e4": 0.023370233702337023}, "Precision_B": {"e0": 0.6781609195402298, "e1": 0.8404255319148937, "e2": 0.8295454545454546, "e3": 0.8470588235294118, "e4": 0.7816091954022989}, "Recall_overall": {"e0": 0.6844919786096256, "e1": 0.839572192513369, "e2": 0.839572192513369, "e3": 0.8609625668449198, "e4": 0.8021390374331551}, "FPR_ovrall": {"e0": 0.034442498540572096, "e1": 0.017513134851138354, "e2": 0.017513134851138354, "e3": 0.015178050204319907, "e4": 0.021599532983070636}, "Precision_overall": {"e0": 0.6844919786096256, "e1": 0.839572192513369, "e2": 0.839572192513369, "e3": 0.8609625668449198, "e4": 0.8021390374331551}, "Flag_rate_ratio": {"e0": 1.0344827586206897, "e1": 0.8904255319148936, "e2": 1.0125, "e3": 1.0799999999999998, "e4": 1.0344827586206897}, "TPR_ratio": {"e0": 1.017457627118644, "e1": 0.858987341772152, "e2": 1.0010958904109588, "e3": 1.0754166666666667, "e4": 1.0491176470588235}, "FPR_ratio": {"e0": 1.0001190476190476, "e1": 0.9033333333333333, "e2": 0.9033333333333333, "e3": 0.9033333333333333, "e4": 0.8557894736842105}, "PPR_ratio": {"e0": 1.017457627118644, "e1": 0.9979583503470805, "e2": 1.0228310502283104, "e3": 1.0300925925925926, "e4": 1.0491176470588235}, "auroc": {"e0": 0.9367154599461183, "e1": 0.9729592203064954, "e2": 0.9790716477643437, "e3": 0.9819842600310305, "e4": 0.9557395319216685}}, "parameter_0.2": {"parameter": 0.2, "Flag_rate_A": {"e0": 0.098, "e1": 0.099, "e2": 0.095, "e3": 0.101, "e4": 0.099}, "Recall_A": {"e0": 0.81, "e1": 0.8, "e2": 0.81, "e3": 0.82, "e4": 0.81}, "FPR_A": {"e0": 0.01888888888888889, "e1": 0.021111111111111112, "e2": 0.015555555555555555, "e3": 0.021111111111111112, "e4": 0.02}, "Precision_A": {"e0": 0.826530612244898, "e1": 0.8080808080808081, "e2": 0.8526315789473684, "e3": 0.8118811881188119, "e4": 0.8181818181818182}, "Flag_rate_B": {"e0": 0.1025, "e1": 0.10125, "e2": 0.10625, "e3": 0.09875, "e4": 0.10125}, "Recall_B": {"e0": 0.85, "e1": 0.825, "e2": 0.7875, "e3": 0.7875, "e4": 0.7625}, "FPR_B": {"e0": 0.019444444444444445, "e1": 0.020833333333333332, "e2": 0.030555555555555555, "e3": 0.022222222222222223, "e4": 0.027777777777777776}, "Precision_B": {"e0": 0.8292682926829268, "e1": 0.8148148148148148, "e2": 0.7411764705882353, "e3": 0.7974683544303798, "e4": 0.7530864197530864}, "Recall_overall": {"e0": 0.8277777777777777, "e1": 0.8111111111111111, "e2": 0.8, "e3": 0.8055555555555556, "e4": 0.7888888888888889}, "FPR_ovrall": {"e0": 0.019135802469135803,