{"Bias Type": "sample_size_bias", "Data Type": "scatter", "Algorithm method": "FairOD", "Base Rate A": 0.1, "Base Rate B": 0.1, "Base Rate whole": 0.1, "Group A": "Type: Gaussian, Xc mean: 0 variance: 1", "Group B": "Type: Gaussian, Xc mean: 0 variance: 1", "Group A_anomaly": "Type: Gaussian, Xc mean: 3 variance: 1", "Group B_anomaly": "Type: Gaussian, Xc mean: 3 variance: 1", "parameter_0.01": {"parameter": 0.01, "Flag_rate_A": {"e0": 0.1, "e1": 0.096, "e2": 0.104, "e3": 0.104, "e4": 0.1}, "Recall_A": {"e0": 0.86, "e1": 0.78, "e2": 0.76, "e3": 0.83, "e4": 0.85}, "FPR_A": {"e0": 0.015555555555555555, "e1": 0.02, "e2": 0.03111111111111111, "e3": 0.023333333333333334, "e4": 0.016666666666666666}, "Precision_A": {"e0": 0.86, "e1": 0.8125, "e2": 0.7307692307692307, "e3": 0.7980769230769231, "e4": 0.85}, "Flag_rate_B": {"e0": 0.10101010101010101, "e1": 0.10505050505050505, "e2": 0.09696969696969697, "e3": 0.09696969696969697, "e4": 0.10101010101010101}, "Recall_B": {"e0": 0.81, "e1": 0.89, "e2": 0.72, "e3": 0.87, "e4": 0.8}, "FPR_B": {"e0": 0.021348314606741574, "e1": 0.016853932584269662, "e2": 0.02696629213483146, "e3": 0.010112359550561797, "e4": 0.02247191011235955}, "Precision_B": {"e0": 0.81, "e1": 0.8557692307692307, "e2": 0.75, "e3": 0.90625, "e4": 0.8}, "Recall_overall": {"e0": 0.835, "e1": 0.835, "e2": 0.74, "e3": 0.85, "e4": 0.825}, "FPR_ovrall": {"e0": 0.018435754189944135, "e1": 0.018435754189944135, "e2": 0.02905027932960894, "e3": 0.01675977653631285, "e4": 0.019553072625698324}, "Precision_overall": {"e0": 0.835, "e1": 0.835, "e2": 0.74, "e3": 0.85, "e4": 0.825}, "Flag_rate_ratio": {"e0": 0.9900000000000001, "e1": 0.9138461538461539, "e2": 1.0725, "e3": 1.0725, "e4": 0.9900000000000001}, "TPR_ratio": {"e0": 1.0617283950617282, "e1": 0.8764044943820225, "e2": 1.0555555555555556, "e3": 0.9540229885057471, "e4": 1.0625}, "FPR_ratio": {"e0": 0.7286549707602339, "e1": 1.1866666666666668, "e2": 1.1537037037037037, "e3": 2.307407407407408, "e4": 0.7416666666666667}, "PPR_ratio": {"e0": 1.0617283950617282, "e1": 0.9494382022471911, "e2": 0.9743589743589743, "e3": 0.8806366047745359, "e4": 1.0625}, "auroc": {"e0": 0.9670614525139665, "e1": 0.9659944134078213, "e2": 0.9546396648044693, "e3": 0.9717039106145252, "e4": 0.9517150837988826}}, "parameter_0.05": {"parameter": 0.05, "Flag_rate_A": {"e0": 0.102, "e1": 0.099, "e2": 0.099, "e3": 0.106, "e4": 0.101}, "Recall_A": {"e0": 0.73, "e1": 0.81, "e2": 0.83, "e3": 0.83, "e4": 0.82}, "FPR_A": {"e0": 0.03222222222222222, "e1": 0.02, "e2": 0.017777777777777778, "e3": 0.025555555555555557, "e4": 0.021111111111111112}, "Precision_A": {"e0": 0.7156862745098039, "e1": 0.8181818181818182, "e2": 0.8383838383838383, "e3": 0.7830188679245284, "e4": 0.8118811881188119}, "Flag_rate_B": {"e0": 0.1, "e1": 0.1031578947368421, "e2": 0.1031578947368421, "e3": 0.09578947368421052, "e4": 0.10105263157894737}, "Recall_B": {"e0": 0.6494845360824743, "e1": 0.8865979381443299, "e2": 0.8350515463917526, "e3": 0.845360824742268, "e4": 0.7525773195876289}, "FPR_B": {"e0": 0.03751465416178194, "e1": 0.01406799531066823, "e2": 0.01992966002344666, "e3": 0.010550996483001172, "e4": 0.026963657678780773}, "Precision_B": {"e0": 0.6631578947368421, "e1": 0.8775510204081632, "e2": 0.826530612244898, "e3": 0.9010989010989011, "e4": 0.7604166666666666}, "Recall_overall": {"e0": 0.6903553299492385, "e1": 0.8477157360406091, "e2": 0.8324873096446701, "e3": 0.8375634517766497, "e4": 0.7868020304568528}, "FPR_ovrall": {"e0": 0.03479749001711352, "e1": 0.017113519680547633, "e2": 0.018824871648602397, "e3": 0.01825442099258414, "e4": 0.023958927552766685}, "Precision_overall": {"e0": 0.6903553299492385, "e1": 0.8477157360406091, "e2": 0.8324873096446701, "e3": 0.8375634517766497, "e4": 0.7868020304568528}, "Flag_rate_ratio": {"e0": 1.0199999999999998, "e1": 0.9596938775510205, "e2": 0.9596938775510205, "e3": 1.1065934065934067, "e4": 0.9994791666666668}, "TPR_ratio": {"e0": 1.1239682539682538, "e1": 0.9136046511627908, "e2": 0.9939506172839505, "e3": 0.9818292682926829, "e4": 1.0895890410958904}, "FPR_ratio": {"e0": 0.8589236111111112, "e1": 1.4216666666666666, "e2": 0.8920261437908497, "e3": 2.422098765432099, "e4": 0.7829468599033816}, "PPR_ratio": {"e0": 1.0792094615624028, "e1": 0.9323467230443976, "e2": 1.0143409402668662, "e3": 0.8689599631845375, "e4": 1.0676793706767937}, "auroc": {"e0": 0.9198444436079122, "e1": 0.9680750330832424, "e2": 0.96368516915165, "e3": 0.9682777312858883, "e4": 0.9460388427670042}}, "parameter_0.1": {"parameter": 0.1, "Flag_rate_A": {"e0": 0.099, "e1": 0.103, "e2": 0.094, "e3": 0.096, "e4": 0.099}, "Recall_A": {"e0": 0.83, "e1": 0.82, "e2": 0.81, "e3": 0.78, "e4": 0.83}, "FPR_A": {"e0": 0.017777777777777778, "e1": 0.023333333333333334, "e2": 0.014444444444444444, "e3": 0.02, "e4": 0.017777777777777778}, "Precision_A": {"e0": 0.8383838383838383, "e1": 0.7961165048543689, "e2": 0.8617021276595744, "e3": 0.8125, "e4": 0.8383838383838383}, "Flag_rate_B": {"e0": 0.09777777777777778, "e1": 0.09333333333333334, "e2": 0.10333333333333333, "e3": 0.10111111111111111, "e4": 0.09777777777777778}, "Recall_B": {"e0": 0.7931034482758621, "e1": 0.7701149425287356, "e2": 0.8160919540229885, "e3": 0.8850574712643678, "e4": 0.7701149425287356}, "FPR_B": {"e0": 0.023370233702337023, "e1": 0.020910209102091022, "e2": 0.02706027060270603, "e3": 0.017220172201722016, "e4": 0.025830258302583026}, "Precision_B": {"e0": 0.7840909090909091, "e1": 0.7976190476190477, "e2": 0.7634408602150538, "e3": 0.8461538461538461, "e4": 0.7613636363636364}, "Recall_overall": {"e0": 0.8128342245989305, "e1": 0.7967914438502673, "e2": 0.8128342245989305, "e3": 0.8288770053475936, "e4": 0.8021390374331551}, "FPR_ovrall": {"e0": 0.020431990659661413, "e1": 0.022183304144775248, "e2": 0.020431990659661413, "e3": 0.018680677174547577, "e4": 0.021599532983070636}, "Precision_overall": {"e0": 0.8128342245989305, "e1": 0.7967914438502673, "e2": 0.8128342245989305, "e3": 0.8288770053475936, "e4": 0.8021390374331551}, "Flag_rate_ratio": {"e0": 1.0125, "e1": 1.1035714285714284, "e2": 0.9096774193548387, "e3": 0.9494505494505495, "e4": 1.0125}, "TPR_ratio": {"e0": 1.0465217391304347, "e1": 1.064776119402985, "e2": 0.9925352112676057, "e3": 0.8812987012987012, "e4": 1.0777611940298508}, "FPR_ratio": {"e0": 0.760701754385965, "e1": 1.1158823529411765, "e2": 0.5337878787878787, "e3": 1.1614285714285715, "e4": 0.6882539682539682}, "PPR_ratio": {"e0": 1.069243156199678, "e1": 0.9981162150412982, "e2": 1.1287084207371891, "e3": 0.9602272727272727, "e4": 1.101160862354892}, "auroc": {"e0": 0.9605970074703978, "e1": 0.9628103430514062, "e2": 0.9660382541808317, "e3": 0.9593108378520968, "e4": 0.9593014725393421}}, "parameter_0.2": {"parameter": 0.2, "Flag_rate_A": {"e0": 0.096, "e1": 0.097, "e2": 0.101, "e3": 0.098, "e4": 0.107}, "Recall_A": {"e0": 0.78, "e1": 0.81, "e2": 0.88, "e3": 0.82, "e4": 0.84}, "FPR_A": {"e0": 0.02, "e1": 0.017777777777777778, "e2": 0.014444444444444444, "e3": 0.017777777777777778, "e4": 0.025555555555555557}, "Precision_A": {"e0": 0.8125, "e1": 0.8350515463917526, "e2": 0.8712871287128713, "e3": 0.8367346938775511, "e4": 0.7850467289719626}, "Flag_rate_B": {"e0": 0.105, "e1": 0.10375, "e2": 0.09875, "e3": 0.1025, "e4": 0.09125}, "Recall_B": {"e0": 0.6875, "e1": 0.8375, "e2": 0.825, "e3": 0.85, "e4": 0.7875}, "FPR_B": {"e0": 0.04027777777777778, "e1": 0.022222222222222223, "e2": 0.018055555555555554, "e3": 0.019444444444444445, "e4": 0.013888888888888888}, "Precision_B": {"e0": 0.6547619047619048, "e1": 0.8072289156626506, "e2": 0.8354430379746836, "e3": 0.8292682926829268, "e4": 0.863013698630137}, "Recall_overall": {"e0": 0.7388888888888889, "e1": 0.8222222222222222, "e2": 0.8555555555555555, "e3": 0.8333333333333334, "e4": 0.8166666666666667}, "FPR_ovrall": {"e0": 0.029012345679012345, "e1": 0.019753086419753086, "e2": 0.016049382716049384, "e3": 0.018518518518518517, "e4": 0.020370370370370372},