{"0": {"0.001-0.001": 0.6356952857698841, "0.001-0.2": 0.8132086653762939, "0.001-0.5": 0.9677975511171142, "0.001-0.8": 0.9249767430029521, "0.01-0.001": 0.5806127412359238, "0.01-0.2": 0.8687625376483783, "0.01-0.5": 0.9407413782552954, "0.01-0.8": 0.9217202702005899, "0.05-0.001": 0.49106302234529514, "0.05-0.2": 0.7669708659719742, "0.05-0.5": 0.8593809768873001, "0.05-0.8": 0.9553246304636973, "0.2-0.001": 0.46386461128440243, "0.2-0.2": 0.805676222973222, "0.2-0.5": 0.9797935619953888, "0.2-0.8": 0.9834800584345368, "0.5-0.001": 0.5325152310979061, "0.5-0.2": 0.7830821817337752, "0.5-0.5": 0.8234950283979938, "0.5-0.8": 0.9710949634241989, "0.8-0.001": 0.5135282869278779, "0.8-0.2": 0.7939084486572384, "0.8-0.5": 0.8781327862283232, "0.8-0.8": 0.9192102936576783, "0.99-0.001": 0.780789543984999, "0.99-0.2": 0.8196580899703756, "0.99-0.5": 0.9066186150269587, "0.99-0.8": 0.8685117340052548}, "0.05": {"0.001-0.001": 0.25120471406677913, "0.001-0.2": 0.7029936544673366, "0.001-0.5": 0.8105273911672449, "0.001-0.8": 0.6994299981114693, "0.01-0.001": 0.25078888257040244, "0.01-0.2": 0.6923664829686811, "0.01-0.5": 0.7342863510871952, "0.01-0.8": 0.6448421809966133, "0.05-0.001": 0.20007718001878977, "0.05-0.2": 0.6880693948155163, "0.05-0.5": 0.7379559823571603, "0.05-0.8": 0.6063510904894133, "0.2-0.001": 0.16684908991555655, "0.2-0.2": 0.8083327584232051, "0.2-0.5": 0.6688463463659966, "0.2-0.8": 0.58805817036245, "0.5-0.001": 0.1151616966877122, "0.5-0.2": 0.69458258500191, "0.5-0.5": 0.6142368143952133, "0.5-0.8": 0.6279650004433659, "0.8-0.001": 0.18296111143381572, "0.8-0.2": 0.5678550300916186, "0.8-0.5": 0.7000654960682373, "0.8-0.8": 0.6177367531093291, "0.99-0.001": 0.723003172803591, "0.99-0.2": 0.5373748002023067, "0.99-0.5": 0.6105115788267376, "0.99-0.8": 0.584405763834462}, "0.1": {"0.001-0.001": 0.5808983185723864, "0.001-0.2": 0.5786850356626447, "0.001-0.5": 0.5016971260953005, "0.001-0.8": 0.5210187612462718, "0.01-0.001": 0.47729056236107087, "0.01-0.2": 0.5925820633483396, "0.01-0.5": 0.6654079053668442, "0.01-0.8": 0.5550636832421711, "0.05-0.001": 0.5853220912814829, "0.05-0.2": 0.5905205680358412, "0.05-0.5": 0.5028582758775516, "0.05-0.8": 0.5205719464896491, "0.2-0.001": 0.5151168768938053, "0.2-0.2": 0.4677582744612144, "0.2-0.5": 0.5484043662040936, "0.2-0.8": 0.5043889188608703, "0.5-0.001": 0.5112000714500516, "0.5-0.2": 0.5353689499545611, "0.5-0.5": 0.5673352616749293, "0.5-0.8": 0.5526815312424148, "0.8-0.001": 0.6018414720376771, "0.8-0.2": 0.6301287217803497, "0.8-0.5": 0.6004330178041652, "0.8-0.8": 0.6001984501862142, "0.99-0.001": 0.5682277866863746, "0.99-0.2": 0.49713935752209953, "0.99-0.5": 0.47741872122715023, "0.99-0.8": 0.55117564078784}, "0.2": {"0.001-0.001": 0.0, "0.001-0.2": 0.04402124762977534, "0.001-0.5": 0.049374816961491284, "0.001-0.8": 0.06354603309086813, "0.01-0.001": 0.0, "0.01-0.2": 0.0, "0.01-0.5": 0.056016840120996315, "0.01-0.8": 0.05601680458273018, "0.05-0.001": 0.0, "0.05-0.2": 0.044021246841014806, "0.05-0.5": 0.049374836652137, "0.05-0.8": 0.056017051421694525, "0.2-0.001": 0.0, "0.2-0.2": 0.022183743805030152, "0.2-0.5": 0.049374826103577775, "0.2-0.8": 0.04937491049198853, "0.5-0.001": 0.0, "0.5-0.2": 0.049374799458688494, "0.5-0.5": 0.05601710273155475, "0.5-0.8": 0.08362661407424968, "0.8-0.001": 0.09755637580827033, "0.8-0.2": 0.08362674195741684, "0.8-0.5": 0.056016950661389286, "0.8-0.8": 0.08362671303147948, "0.99-0.001": 0.4348856714680195, "0.99-0.2": 0.10400645536283196, "0.99-0.5": 0.049375019493472276, "0.99-0.8": 0.0560170318619502}, "0.5": {"0.001-0.001": 0.0, "0.001-0.2": 0.0, "0.001-0.5": 0.0, "0.001-0.8": 0.0, "0.01-0.001": 0.0, "0.01-0.2": 0.0, "0.01-0.5": 0.0, "0.01-0.8": 0.0, "0.05-0.001": 0.0, "0.05-0.2": 0.0, "0.05-0.5": 0.0, "0.05-0.8": 0.0, "0.2-0.001": 0.0, "0.2-0.2": 0.0, "0.2-0.5": 0.0, "0.2-0.8": 0.0, "0.5-0.001": 0.0, "0.5-0.2": 0.0, "0.5-0.5": 0.0, "0.5-0.8": 0.0, "0.8-0.001": 0.0, "0.8-0.2": 0.0, "0.8-0.5": 0.0, "0.8-0.8": 0.0, "0.99-0.001": 0.0, "0.99-0.2": 0.0, "0.99-0.5": 0.0, "0.99-0.8": 0.0}, "1": {"0.001-0.001": 0.03383053232485749, "0.001-0.2": 0.6144305341670088, "0.001-0.5": 0.6887216230694881, "0.001-0.8": 0.6382605047899625, "0.01-0.001": 0.08545102636350138, "0.01-0.2": 0.539494780806958, "0.01-0.5": 0.6232226353045476, "0.01-0.8": 0.6183487741725471, "0.05-0.001": 0.07105891196221578, "0.05-0.2": 0.6878760824276918, "0.05-0.5": 0.6658664279322964, "0.05-0.8": 0.6806390285966061, "0.2-0.001": 0.06895131684860023, "0.2-0.2": 0.65817100699065, "0.2-0.5": 0.6787991672303182, "0.2-0.8": 0.6984810247704342, "0.5-0.001": 0.07925619676114931, "0.5-0.2": 0.6794962456062903, "0.5-0.5": 0.6630322519232971, "0.5-0.8": 0.6267272961276703, "0.8-0.001": 0.3826512528960605, "0.8-0.2": 0.4941589851151897, "0.8-0.5": 0.686676363886414, "0.8-0.8": 0.6444321312682625, "0.99-0.001": 0.5462147629948461, "0.99-0.2": 0.6285053467536147, "0.99-0.5": 0.6864450190854844, "0.99-0.8": 0.7009642117468153}, "2": {"0.001-0.001": 0.24747494136784665, "0.001-0.2": 1.0768682781527705, "0.001-0.5": 1.1296691257557308, "0.001-0.8": 1.1039826101783257, "0.01-0.001": 0.26466779375183447, "0.01-0.2": 1.0947455089493308, "0.01-0.5": 1.1321589334503142, "0.01-0.8": 1.063149737204085, "0.05-0.001": 0.2997091984983988, "0.05-0.2": 1.0621237406893025, "0.05-0.5": 1.1132033270760746, "0.05-0.8": 1.1203026679447812, "0.2-0.001": 0.2821113211735636, "0.2-0.2": 1.0977223953140631, "0.2-0.5": 1.1302660327843865, "0.2-0.8": 1.0953527467264825, "0.5-0.001": 0.3338318804507643, "0.5-0.2": 1.041507263894098, "0.5-0.5": 1.0566938421379128, "0.5-0.8": 0.9890843392691481, "0.8-0.001": 0.4359197790497096, "0.8-0.2": 1.0830465067790076, "0.8-0.5": 0.9349036433808762, "0.8-0.8": 0.836419693289978, "0.99-0.001": 0.890423457908733, "0.99-0.2": 0.9184799003878, "0.99-0.5": 1.033160374440433, "0.99-0.8": 1.144421553245655}, "4": {"0.001-0.001": 0.0, "0.001-0.2": 0.0, "0.001-0.5": 0.0, "0.001-0.8": 0.0, "0.01-0.001": 0.0, "0.01-0.2": 0.0, "0.01-0.5": 0.0, "0.01-0.8": 0.0, "0.05-0.001": 0.0, "0.05-0.2": 0.02218374293546891, "0.05-0.5": 0.0, "0.05-0.8": 0.0, "0.2-0.001": 0.0, "0.2-0.2": 0.0, "0.2-0.5": 0.0, "0.2-0.8": 0.0, "0.5-0.001": 0.0, "0.5-0.2": 0.0, "0.5-0.5": 0.0, "0.5-0.8": 0.0, "0.8-0.001": 0.0, "0.8-0.2": 0.0, "0.8-0.5": 0.0, "0.8-0.8": 0.044021246841014806, "0.99-0.001": 0.4021412474508371, "0.99-0.2": 0.0, "0.99-0.5": 0.0, "0.99-0.8": 0.0}, "6": {"0.001-0.001": 0.044021265157783436, "0.001-0.2": 0.0221837465876259, "0.001-0.5": 0.0359460641917009, "0.001-0.8": 0.028144605128677672, "0.01-0.001": 0.0221837465876259, "0.01-0.2": 0.0, "0.01-0.5": 0.028144603346655066, "0.01-0.8": 0.028144601838789696, "0.05-0.001": 0.0, "0.05-0.2": 0.022183753370201575, "0.05-0.5": 0.028144614998339295, "0.05-0.8": 0.028144614998339295, "0.2-0.001": 0.0, "0.2-0.2": 0.0, "0.2-0.5": 0.028144625279233133, "0.2-0.8": 0.0, "0.5-0.001": 0.02814460718485746, "0.5-0.2": 0.028144605128677672, "0.5-0.5": 0.022183750761518867, "0.5-0.8": 0.028144638027536282, "0.8-0.001": 0.035946105513016205, "0.8-0.2": 0.06552366057701889, "0.8-0.5": 0.028144614998339295, "0.8-0.8": 0.02227676025385265, "0.99-0.001": 0.020000019290114173, "0.99-0.2": 0.010102989906988288, "0.99-0.5": 0.02218377632659616, "0.99-0.8": 0.028144609515194374}}