{"0": {"0.001-0.001": 0.46153338741277894, "0.001-0.2": 0.628826587838299, "0.001-0.5": 0.614143328543797, "0.001-0.8": 0.6898310859449062, "0.01-0.001": 0.41786219135387714, "0.01-0.2": 0.5857055277678009, "0.01-0.5": 0.6668442519264497, "0.01-0.8": 0.6598216510708201, "0.05-0.001": 0.4772687659454459, "0.05-0.2": 0.5392785505118561, "0.05-0.5": 0.6519865798527383, "0.05-0.8": 0.6364835538626018, "0.2-0.001": 0.25598384294174154, "0.2-0.2": 0.5600876287782472, "0.2-0.5": 0.7183562405938736, "0.2-0.8": 0.6486963656179244, "0.5-0.001": 0.30070040271578574, "0.5-0.2": 0.6440858025082961, "0.5-0.5": 0.5983126882220378, "0.5-0.8": 0.6847722100121608, "0.8-0.001": 0.19004134733558006, "0.8-0.2": 0.661293303545304, "0.8-0.5": 0.7023319870050029, "0.8-0.8": 0.699139975739945, "0.99-0.001": 0.8051358514460295, "0.99-0.2": 0.5910930855596916, "0.99-0.5": 0.6443434950143676, "0.99-0.8": 0.6409045338892314}, "0.05": {"0.001-0.001": 0.3778540370874027, "0.001-0.2": 0.501142569445898, "0.001-0.5": 0.7363140065003592, "0.001-0.8": 0.7716634967190255, "0.01-0.001": 0.3965204286904128, "0.01-0.2": 0.4362049927277879, "0.01-0.5": 0.7390109647587931, "0.01-0.8": 0.7095271754381688, "0.05-0.001": 0.4540138275155815, "0.05-0.2": 0.5534152479315225, "0.05-0.5": 0.644071132335215, "0.05-0.8": 0.741614646339022, "0.2-0.001": 0.2964809229472481, "0.2-0.2": 0.4527685640593762, "0.2-0.5": 0.7203941843713431, "0.2-0.8": 0.7716987444482926, "0.5-0.001": 0.15549204065868893, "0.5-0.2": 0.605986651655203, "0.5-0.5": 0.6893391384826298, "0.5-0.8": 0.8011381999831966, "0.8-0.001": 0.42026331087934676, "0.8-0.2": 0.6815202489106695, "0.8-0.5": 0.6640529904208776, "0.8-0.8": 0.7705378674423905, "0.99-0.001": 0.8535922094551933, "0.99-0.2": 0.6437695057932227, "0.99-0.5": 0.6017410505165417, "0.99-0.8": 0.6736383626511089}, "0.1": {"0.001-0.001": 0.522681512838484, "0.001-0.2": 0.8110957779004498, "0.001-0.5": 0.7872394171918276, "0.001-0.8": 0.8031678699922797, "0.01-0.001": 0.6544855965936663, "0.01-0.2": 0.8434141147084976, "0.01-0.5": 0.9212321927447313, "0.01-0.8": 0.6625622393806911, "0.05-0.001": 0.6080096563048344, "0.05-0.2": 0.8773912920137262, "0.05-0.5": 0.9000515697639137, "0.05-0.8": 0.7101764787246356, "0.2-0.001": 0.658968236704518, "0.2-0.2": 0.6919686656245531, "0.2-0.5": 0.803482465720787, "0.2-0.8": 0.8523599750468812, "0.5-0.001": 0.7266813515412067, "0.5-0.2": 0.9397757615610042, "0.5-0.5": 0.7604740130819682, "0.5-0.8": 0.7469714805506936, "0.8-0.001": 0.8081585841350618, "0.8-0.2": 0.7305572535344714, "0.8-0.5": 0.7386918528491877, "0.8-0.8": 0.8252334338168625, "0.99-0.001": 0.8010004090512545, "0.99-0.2": 0.6405431009148715, "0.99-0.5": 0.6625472014048057, "0.99-0.8": 0.7422622334552768}, "0.2": {"0.001-0.001": 0.3801919039113348, "0.001-0.2": 0.7190704923809182, "0.001-0.5": 0.6531058152438138, "0.001-0.8": 0.6995712315192955, "0.01-0.001": 0.3425268131674171, "0.01-0.2": 0.7492050422957092, "0.01-0.5": 0.6449654116575289, "0.01-0.8": 0.6781334198894057, "0.05-0.001": 0.3709848056587546, "0.05-0.2": 0.7029019429027876, "0.05-0.5": 0.6055499269976767, "0.05-0.8": 0.6322647037398162, "0.2-0.001": 0.24746132775891477, "0.2-0.2": 0.7030708258509706, "0.2-0.5": 0.6241051993735304, "0.2-0.8": 0.6813098748106721, "0.5-0.001": 0.32572532989596736, "0.5-0.2": 0.5710125239708435, "0.5-0.5": 0.6656848563237865, "0.5-0.8": 0.6463885721138775, "0.8-0.001": 0.5381131550032715, "0.8-0.2": 0.6404723506621768, "0.8-0.5": 0.6565290801462546, "0.8-0.8": 0.6997370270741865, "0.99-0.001": 0.7126475884862782, "0.99-0.2": 0.533143018020472, "0.99-0.5": 0.6005884789842315, "0.99-0.8": 0.6973484702108781}, "0.5": {"0.001-0.001": 0.0, "0.001-0.2": 0.0, "0.001-0.5": 0.0, "0.001-0.8": 0.0, "0.01-0.001": 0.0, "0.01-0.2": 0.0, "0.01-0.5": 0.0, "0.01-0.8": 0.0, "0.05-0.001": 0.0, "0.05-0.2": 0.0, "0.05-0.5": 0.0, "0.05-0.8": 0.0, "0.2-0.001": 0.0, "0.2-0.2": 0.0, "0.2-0.5": 0.0, "0.2-0.8": 0.0, "0.5-0.001": 0.0, "0.5-0.2": 0.0, "0.5-0.5": 0.0, "0.5-0.8": 0.0, "0.8-0.001": 0.0, "0.8-0.2": 0.0, "0.8-0.5": 0.0, "0.8-0.8": 0.0, "0.99-0.001": 0.0, "0.99-0.2": 0.0, "0.99-0.5": 0.0, "0.99-0.8": 0.0}, "1": {"0.001-0.001": 0.0, "0.001-0.2": 0.030001417790571933, "0.001-0.5": 0.7626553312614526, "0.001-0.8": 0.8459436409883266, "0.01-0.001": 0.0, "0.01-0.2": 0.17971914953936638, "0.01-0.5": 0.8109103743888512, "0.01-0.8": 0.8309623238113361, "0.05-0.001": 0.0, "0.05-0.2": 0.19875367741309133, "0.05-0.5": 0.8013959366745574, "0.05-0.8": 0.8411869103513685, "0.2-0.001": 0.0, "0.2-0.2": 0.19875840931362249, "0.2-0.5": 0.7773590098057365, "0.2-0.8": 0.8501739035691376, "0.5-0.001": 0.0, "0.5-0.2": 0.7528037492315454, "0.5-0.5": 0.8017337399694212, "0.5-0.8": 0.8552690677411172, "0.8-0.001": 0.0, "0.8-0.2": 0.8058924014859304, "0.8-0.5": 0.8213479092554995, "0.8-0.8": 0.8553624983400605, "0.99-0.001": 0.4677128915123359, "0.99-0.2": 0.7838738618217764, "0.99-0.5": 0.8043132986477625, "0.99-0.8": 0.7973215024537055}, "2": {"0.001-0.001": 0.0, "0.001-0.2": 0.0, "0.001-0.5": 0.0, "0.001-0.8": 0.0, "0.01-0.001": 0.0, "0.01-0.2": 0.0, "0.01-0.5": 0.0, "0.01-0.8": 0.0, "0.05-0.001": 0.0, "0.05-0.2": 0.0, "0.05-0.5": 0.0, "0.05-0.8": 0.0, "0.2-0.001": 0.0, "0.2-0.2": 0.0, "0.2-0.5": 0.0, "0.2-0.8": 0.0, "0.5-0.001": 0.0, "0.5-0.2": 0.0, "0.5-0.5": 0.0, "0.5-0.8": 0.0, "0.8-0.001": 0.0, "0.8-0.2": 0.0, "0.8-0.5": 0.0, "0.8-0.8": 0.0, "0.99-0.001": 0.4449493239277863, "0.99-0.2": 0.0, "0.99-0.5": 0.0, "0.99-0.8": 0.0}, "4": {"0.001-0.001": 0.0, "0.001-0.2": 0.0, "0.001-0.5": 0.0, "0.001-0.8": 0.0, "0.01-0.001": 0.0, "0.01-0.2": 0.0, "0.01-0.5": 0.0, "0.01-0.8": 0.0, "0.05-0.001": 0.0, "0.05-0.2": 0.0, "0.05-0.5": 0.0, "0.05-0.8": 0.0, "0.2-0.001": 0.0, "0.2-0.2": 0.0, "0.2-0.5": 0.0, "0.2-0.8": 0.0, "0.5-0.001": 0.0, "0.5-0.2": 0.0, "0.5-0.5": 0.0, "0.5-0.8": 0.0, "0.8-0.001": 0.0, "0.8-0.2": 0.0, "0.8-0.5": 0.0, "0.8-0.8": 0.0, "0.99-0.001": 0.0, "0.99-0.2": 0.0, "0.99-0.5": 0.0, "0.99-0.8": 0.0}, "6": {"0.001-0.001": 0.010000013888879253, "0.001-0.2": 0.05377936839082307, "0.001-0.5": 0.09107198276356152, "0.001-0.8": 0.06318495705347274, "0.01-0.001": 0.01000002469132755, "0.01-0.2": 0.07275178454395921, "0.01-0.5": 0.030000237781979498, "0.01-0.8": 0.053781175512588604, "0.05-0.001": 0.01000000617283761, "0.05-0.2": 0.08910065306798404, "0.05-0.5": 0.053779650750876304, "0.05-0.8": 0.040000241125816474, "0.2-0.001": 0.0300001316869538, "0.2-0.2": 0.03000066665925945, "0.2-0.5": 0.05378092823941994, "0.2-0.8": 0.0727493765193922, "0.5-0.001": 0.050001713010779436, "0.5-0.2": 0.0910717467625132, "0.5-0.5": 0.0400015802157001, "0.5-0.8": 0.06318580424457997, "0.8-0.001": 0.07000682859109324, "0.8-0.2": 0.05000095068540646, "0.8-0.5": 0.0500025557988765, "0.8-0.8": 0.09817891042763989, "0.99-0.001": 0.08243027371482539, "0.99-0.2": 0.06000264969715103, "0.99-0.5": 0.06437081450176606, "0.99-0.8": 0.040002027822827614}}