{"0": {"0.001-0.001": 0.4742413420406406, "0.001-0.2": 0.5737893439579281, "0.001-0.5": 0.5590519630183359, "0.001-0.8": 0.5682702597723618, "0.01-0.001": 0.433667106665162, "0.01-0.2": 0.6198270101838428, "0.01-0.5": 0.5773316987528121, "0.01-0.8": 0.5505081077433582, "0.05-0.001": 0.3350997523038978, "0.05-0.2": 0.557913615461619, "0.05-0.5": 0.603300058433631, "0.05-0.8": 0.5102175282027739, "0.2-0.001": 0.4113248004923863, "0.2-0.2": 0.5255062504742503, "0.2-0.5": 0.5244101409198866, "0.2-0.8": 0.6549905700048093, "0.5-0.001": 0.5140907629798245, "0.5-0.2": 0.5287134893604815, "0.5-0.5": 0.5407384922877347, "0.5-0.8": 0.5800711177555652, "0.8-0.001": 0.599261890856752, "0.8-0.2": 0.49878289026164063, "0.8-0.5": 0.509380039480571, "0.8-0.8": 0.5633607209103856, "0.99-0.001": 0.5997102423945159, "0.99-0.2": 0.5153952413028878, "0.99-0.5": 0.466682956518977, "0.99-0.8": 0.6007224250321034}, "0.05": {"0.001-0.001": 0.0, "0.001-0.2": 0.010000018904303128, "0.001-0.5": 0.05601743930929806, "0.001-0.8": 0.2996619741079622, "0.01-0.001": 0.0, "0.01-0.2": 0.010000001543209767, "0.01-0.5": 0.0910703280745027, "0.01-0.8": 0.630168259838759, "0.05-0.001": 0.0, "0.05-0.2": 0.0, "0.05-0.5": 0.10721208113979484, "0.05-0.8": 0.7452349207439684, "0.2-0.001": 0.0, "0.2-0.2": 0.0, "0.2-0.5": 0.11573433430524858, "0.2-0.8": 0.9832453221913192, "0.5-0.001": 0.0, "0.5-0.2": 0.04937505449891565, "0.5-0.5": 0.8969232863819334, "0.5-0.8": 0.13339939923899943, "0.8-0.001": 0.02218374293546891, "0.8-0.2": 0.2646414772655232, "0.8-0.5": 0.9964630854921104, "0.8-0.8": 1.0676595541341614, "0.99-0.001": 0.5375388110091496, "0.99-0.2": 0.8634874535172151, "0.99-0.5": 0.8421542375632626, "0.99-0.8": 0.9604441967218978}, "0.1": {"0.001-0.001": 0.6909979750868702, "0.001-0.2": 0.5756577017917318, "0.001-0.5": 0.5276648581849709, "0.001-0.8": 0.5608098765182274, "0.01-0.001": 0.6286979008028184, "0.01-0.2": 0.5524829737730511, "0.01-0.5": 0.5726007651031184, "0.01-0.8": 0.5177349145140628, "0.05-0.001": 0.5574507156777007, "0.05-0.2": 0.5784692097649222, "0.05-0.5": 0.5111916052101876, "0.05-0.8": 0.5610751290052997, "0.2-0.001": 0.5819805477449429, "0.2-0.2": 0.5720804464377887, "0.2-0.5": 0.4661803854415206, "0.2-0.8": 0.6526460303719157, "0.5-0.001": 0.7253071717927706, "0.5-0.2": 0.6025608283523494, "0.5-0.5": 0.5058103409958702, "0.5-0.8": 0.514016668870782, "0.8-0.001": 0.5913493289584946, "0.8-0.2": 0.563275294337036, "0.8-0.5": 0.5408405917496522, "0.8-0.8": 0.6998652038471862, "0.99-0.001": 0.5609116002692065, "0.99-0.2": 0.6054499607898737, "0.99-0.5": 0.6496078990437232, "0.99-0.8": 0.6224070652822267}, "0.2": {"0.001-0.001": 0.09161912204138377, "0.001-0.2": 0.6540643930400751, "0.001-0.5": 0.5368774663436997, "0.001-0.8": 0.5271450584231799, "0.01-0.001": 0.142550937434005, "0.01-0.2": 0.563746177250442, "0.01-0.5": 0.5509957760770136, "0.01-0.8": 0.6015389595302686, "0.05-0.001": 0.15321230731158966, "0.05-0.2": 0.595179596392832, "0.05-0.5": 0.5873112338254668, "0.05-0.8": 0.6531771724126922, "0.2-0.001": 0.1261703014033605, "0.2-0.2": 0.5642905754674085, "0.2-0.5": 0.6787899181088543, "0.2-0.8": 0.5377244992860651, "0.5-0.001": 0.13707520936125117, "0.5-0.2": 0.6214801924284434, "0.5-0.5": 0.5947722328796611, "0.5-0.8": 0.6602629309523166, "0.8-0.001": 0.13574590382053653, "0.8-0.2": 0.6335328435461757, "0.8-0.5": 0.7260092402954836, "0.8-0.8": 0.6301668777388383, "0.99-0.001": 0.4821972860062597, "0.99-0.2": 0.6300758008942351, "0.99-0.5": 0.6065350104209737, "0.99-0.8": 0.7390656787804301}, "0.5": {"0.001-0.001": 0.0, "0.001-0.2": 0.0, "0.001-0.5": 0.0, "0.001-0.8": 0.0, "0.01-0.001": 0.0, "0.01-0.2": 0.0, "0.01-0.5": 0.0, "0.01-0.8": 0.0, "0.05-0.001": 0.0, "0.05-0.2": 0.0, "0.05-0.5": 0.0, "0.05-0.8": 0.0, "0.2-0.001": 0.0, "0.2-0.2": 0.0, "0.2-0.5": 0.0, "0.2-0.8": 0.0, "0.5-0.001": 0.0, "0.5-0.2": 0.0, "0.5-0.5": 0.0, "0.5-0.8": 0.0, "0.8-0.001": 0.0, "0.8-0.2": 0.0, "0.8-0.5": 0.0, "0.8-0.8": 0.0, "0.99-0.001": 0.0, "0.99-0.2": 0.0, "0.99-0.5": 0.0, "0.99-0.8": 0.0}, "1": {"0.001-0.001": 0.0200000434027307, "0.001-0.2": 0.06354458763641482, "0.001-0.5": 0.8525190382455698, "0.001-0.8": 0.9474178283192988, "0.01-0.001": 0.010000013888879253, "0.01-0.2": 0.06354471786708893, "0.01-0.5": 0.3618954606301737, "0.01-0.8": 0.9131529688979888, "0.05-0.001": 0.020000151233996125, "0.05-0.2": 0.06354475083453193, "0.05-0.5": 0.9364103700883085, "0.05-0.8": 0.9582607633424891, "0.2-0.001": 0.020000069637224463, "0.2-0.2": 0.09896271009289756, "0.2-0.5": 0.9591086046750544, "0.2-0.8": 0.8939275675513804, "0.5-0.001": 0.020000120562908237, "0.5-0.2": 0.7598300672965119, "0.5-0.5": 0.9151144964207331, "0.5-0.8": 0.9659164129137215, "0.8-0.001": 0.03594626607539051, "0.8-0.2": 0.9186824134248521, "0.8-0.5": 0.926391313161473, "0.8-0.8": 0.9708544812225353, "0.99-0.001": 0.7306008832551822, "0.99-0.2": 0.8630890427700473, "0.99-0.5": 0.852382784019748, "0.99-0.8": 0.9274263990678657}, "2": {"0.001-0.001": 0.02218374293546891, "0.001-0.2": 0.0, "0.001-0.5": 0.0, "0.001-0.8": 0.0, "0.01-0.001": 0.02218374293546891, "0.01-0.2": 0.0, "0.01-0.5": 0.0, "0.01-0.8": 0.0, "0.05-0.001": 0.02218374293546891, "0.05-0.2": 0.0, "0.05-0.5": 0.0, "0.05-0.8": 0.0, "0.2-0.001": 0.022183742413732145, "0.2-0.2": 0.0, "0.2-0.5": 0.0, "0.2-0.8": 0.0, "0.5-0.001": 0.02218374293546891, "0.5-0.2": 0.0, "0.5-0.5": 0.0, "0.5-0.8": 0.0, "0.8-0.001": 0.02218374293546891, "0.8-0.2": 0.0, "0.8-0.5": 0.0, "0.8-0.8": 0.0, "0.99-0.001": 0.16586537278008898, "0.99-0.2": 0.0, "0.99-0.5": 0.0, "0.99-0.8": 0.0}, "4": {"0.001-0.001": 0.0, "0.001-0.2": 0.022183842413054003, "0.001-0.5": 0.03594662068386862, "0.001-0.8": 0.056017369404326445, "0.01-0.001": 0.022183759631038816, "0.01-0.2": 0.02218383423921331, "0.01-0.5": 0.022183943281478512, "0.01-0.8": 0.028144888468836816, "0.05-0.001": 0.022183759631038816, "0.05-0.2": 0.02218389876029941, "0.05-0.5": 0.028145328894683932, "0.05-0.8": 0.02814476633271741, "0.2-0.001": 0.022183750761518867, "0.2-0.2": 0.02814583551981445, "0.2-0.5": 0.02814473878005155, "0.2-0.8": 0.022183805022055986, "0.5-0.001": 0.035946317055940896, "0.5-0.2": 0.028144796352755484, "0.5-0.5": 0.02814468408587373, "0.5-0.8": 0.028145108477007557, "0.8-0.001": 0.03594689887305901, "0.8-0.2": 0.03594682417432117, "0.8-0.5": 0.02218381893499284, "0.8-0.8": 0.02814594188800172, "0.99-0.001": 0.03594803382400981, "0.99-0.2": 0.028144691076864792, "0.99-0.5": 0.02814510847700756, "0.99-0.8": 0.02814482884015787}, "6": {"0.001-0.001": 0.07066416336659813, "0.001-0.2": 0.758712170332342, "0.001-0.5": 1.0169497158340526, "0.001-0.8": 0.7288903886691361, "0.01-0.001": 0.09174534276560202, "0.01-0.2": 0.9424267983194821, "0.01-0.5": 0.8427664995201558, "0.01-0.8": 0.7257853672224316, "0.05-0.001": 0.05601698537309385, "0.05-0.2": 0.7142916761282612, "0.05-0.5": 0.6882375962086351, "0.05-0.8": 0.8469747338132174, "0.2-0.001": 0.07066472287057625, "0.2-0.2": 0.6671828777879844, "0.2-0.5": 0.7086165531201312, "0.2-0.8": 0.46152307286753075, "0.5-0.001": 0.07066444590355764, "0.5-0.2": 0.9048528781876933, "0.5-0.5": 0.7797546793164203, "0.5-0.8": 0.5838727554091614, "0.8-0.001": 0.17755464091870538, "0.8-0.2": 0.729395019104369, "0.8-0.5": 0.48611150042662254, "0.8-0.8": 0.6199842535632016, "0.99-0.001": 0.6985314672674707, "0.99-0.2": 1.3464734764926414, "0.99-0.5": 1.392128372904859, "0.99-0.8": 1.4206750042133243}}