{"0": {"0.001-0.001": 0.10395838623462765, "0.001-0.2": 0.6197433775992371, "0.001-0.5": 0.708489740868329, "0.001-0.8": 0.6729282038006696, "0.01-0.001": 0.24480219754557803, "0.01-0.2": 0.7548154673409071, "0.01-0.5": 0.7075212059890178, "0.01-0.8": 0.6722228075764813, "0.05-0.001": 0.16092849258301656, "0.05-0.2": 0.5764699539942449, "0.05-0.5": 0.6782831808669321, "0.05-0.8": 0.6911470704785289, "0.2-0.001": 0.22567810547700629, "0.2-0.2": 0.7306857568395413, "0.2-0.5": 0.6875917120019878, "0.2-0.8": 0.6751206917915209, "0.5-0.001": 0.12001610810031099, "0.5-0.2": 0.6962203528971892, "0.5-0.5": 0.6526623771556823, "0.5-0.8": 0.6538090499832333, "0.8-0.001": 0.502232893795456, "0.8-0.2": 0.6595812366554561, "0.8-0.5": 0.6641430255060393, "0.8-0.8": 0.6674303665167026, "0.99-0.001": 0.5503441557255265, "0.99-0.2": 0.667727213807865, "0.99-0.5": 0.6908980042574041, "0.99-0.8": 0.6889036767894524}, "0.05": {"0.001-0.001": 0.8226633120905774, "0.001-0.2": 0.8144479101016912, "0.001-0.5": 0.6825121667889884, "0.001-0.8": 0.6877837611291973, "0.01-0.001": 0.8824934435445075, "0.01-0.2": 0.859911739191207, "0.01-0.5": 0.6806258270939534, "0.01-0.8": 0.6498132736730973, "0.05-0.001": 0.7112828394695948, "0.05-0.2": 0.7797052493313091, "0.05-0.5": 0.7825694465836761, "0.05-0.8": 0.6187208154494653, "0.2-0.001": 0.8201529915119238, "0.2-0.2": 0.8058284176794035, "0.2-0.5": 0.7042249137060027, "0.2-0.8": 0.8199039756416285, "0.5-0.001": 0.7470220055233388, "0.5-0.2": 0.6396777421267373, "0.5-0.5": 0.6301733837396232, "0.5-0.8": 0.5870958544892789, "0.8-0.001": 0.8621579005103783, "0.8-0.2": 0.6920326836445182, "0.8-0.5": 0.5594193792611829, "0.8-0.8": 0.6096735887758141, "0.99-0.001": 0.606901874428325, "0.99-0.2": 0.4773837448916442, "0.99-0.5": 0.5357664183096533, "0.99-0.8": 0.5771097515619122}, "0.1": {"0.001-0.001": 0.659492402529155, "0.001-0.2": 0.6832643733759843, "0.001-0.5": 0.763243705854392, "0.001-0.8": 0.536481523198486, "0.01-0.001": 0.8346312539448242, "0.01-0.2": 0.6575182455679434, "0.01-0.5": 0.6697273666887369, "0.01-0.8": 0.648380039260981, "0.05-0.001": 0.7631974380135406, "0.05-0.2": 0.5943900517454266, "0.05-0.5": 0.7004880679316635, "0.05-0.8": 0.6961410137264604, "0.2-0.001": 0.5490455387508913, "0.2-0.2": 0.6787982247815202, "0.2-0.5": 0.7717723601053889, "0.2-0.8": 0.648821842036008, "0.5-0.001": 0.7870139786568046, "0.5-0.2": 0.6407180118847592, "0.5-0.5": 0.6182183522496469, "0.5-0.8": 0.6817124172168401, "0.8-0.001": 0.6364394549290697, "0.8-0.2": 0.719484307498675, "0.8-0.5": 0.6051886264602357, "0.8-0.8": 0.7486467978942116, "0.99-0.001": 0.6908566582027498, "0.99-0.2": 0.6546173974230998, "0.99-0.5": 0.49240346835231774, "0.99-0.8": 0.6695172072213244}, "0.2": {"0.001-0.001": 0.0, "0.001-0.2": 0.0, "0.001-0.5": 0.0, "0.001-0.8": 0.0, "0.01-0.001": 0.0, "0.01-0.2": 0.0, "0.01-0.5": 0.0, "0.01-0.8": 0.0, "0.05-0.001": 0.0, "0.05-0.2": 0.0, "0.05-0.5": 0.0, "0.05-0.8": 0.0, "0.2-0.001": 0.0, "0.2-0.2": 0.0, "0.2-0.5": 0.0, "0.2-0.8": 0.0, "0.5-0.001": 0.0, "0.5-0.2": 0.0, "0.5-0.5": 0.0, "0.5-0.8": 0.0, "0.8-0.001": 0.0, "0.8-0.2": 0.0, "0.8-0.5": 0.0, "0.8-0.8": 0.0, "0.99-0.001": 0.044115982838746064, "0.99-0.2": 0.0, "0.99-0.5": 0.0, "0.99-0.8": 0.0}, "0.5": {"0.001-0.001": 0.0, "0.001-0.2": 0.0, "0.001-0.5": 0.0, "0.001-0.8": 0.0, "0.01-0.001": 0.0, "0.01-0.2": 0.0, "0.01-0.5": 0.0, "0.01-0.8": 0.0, "0.05-0.001": 0.0, "0.05-0.2": 0.0, "0.05-0.5": 0.0, "0.05-0.8": 0.0, "0.2-0.001": 0.0, "0.2-0.2": 0.0, "0.2-0.5": 0.0, "0.2-0.8": 0.0, "0.5-0.001": 0.0, "0.5-0.2": 0.0, "0.5-0.5": 0.0, "0.5-0.8": 0.0, "0.8-0.001": 0.0, "0.8-0.2": 0.0, "0.8-0.5": 0.0, "0.8-0.8": 0.0, "0.99-0.001": 0.0, "0.99-0.2": 0.0, "0.99-0.5": 0.0, "0.99-0.8": 0.0}, "1": {"0.001-0.001": 0.0, "0.001-0.2": 0.01000000038580247, "0.001-0.5": 0.010000003472221628, "0.001-0.8": 0.05000159997440086, "0.01-0.001": 0.0, "0.01-0.2": 0.010000001543209767, "0.01-0.5": 0.020000140624505634, "0.01-0.8": 0.07000245371581314, "0.05-0.001": 0.0, "0.05-0.2": 0.01000000038580247, "0.05-0.5": 0.06000150518945342, "0.05-0.8": 0.8540149685880262, "0.2-0.001": 0.0, "0.2-0.2": 0.01000003124995118, "0.2-0.5": 0.05000166733331115, "0.2-0.8": 0.03000028407787313, "0.5-0.001": 0.0, "0.5-0.2": 0.010000009645057087, "0.5-0.5": 0.17754467152892425, "0.5-0.8": 0.8932458897096525, "0.8-0.001": 0.01000000038580247, "0.8-0.2": 0.7823237620967732, "0.8-0.5": 0.8480700726376252, "0.8-0.8": 0.6473870927922892, "0.99-0.001": 0.7472747327459359, "0.99-0.2": 0.7497919167909598, "0.99-0.5": 0.7960128717017333, "0.99-0.8": 0.814215475401972}, "2": {"0.001-0.001": 0.022183753370201575, "0.001-0.2": 0.06552415516606981, "0.001-0.5": 0.8508274771023446, "0.001-0.8": 0.8575079587990855, "0.01-0.001": 0.022183753370201575, "0.01-0.2": 0.0221838598041944, "0.01-0.5": 0.769339950983501, "0.01-0.8": 0.6110622008484198, "0.05-0.001": 0.022183745022415834, "0.05-0.2": 0.044115234331938785, "0.05-0.5": 0.0441150853111917, "0.05-0.8": 0.1446203150399689, "0.2-0.001": 0.0221837465876259, "0.2-0.2": 0.1803040639585881, "0.2-0.5": 0.33874506946432115, "0.2-0.8": 0.8843305944236294, "0.5-0.001": 0.022183750761518867, "0.5-0.2": 0.06552422440823903, "0.5-0.5": 0.9015470376353242, "0.5-0.8": 0.8685632747249661, "0.8-0.001": 0.028144642825283284, "0.8-0.2": 0.840785830736377, "0.8-0.5": 0.870811382258786, "0.8-0.8": 0.8273960568938297, "0.99-0.001": 0.22647913960226163, "0.99-0.2": 0.7987057013321384, "0.99-0.5": 0.8052428150081188, "0.99-0.8": 0.7240902866369555}, "4": {"0.001-0.001": 0.01000000617283761, "0.001-0.2": 0.020000019290114173, "0.001-0.5": 0.020000032600282092, "0.001-0.8": 0.01000002469132755, "0.01-0.001": 0.010000001543209767, "0.01-0.2": 0.010000065200404739, "0.01-0.5": 0.01000002469132755, "0.01-0.8": 0.010000003472221628, "0.05-0.001": 0.01000000617283761, "0.05-0.2": 0.01000003124995118, "0.05-0.5": 0.02000011111080249, "0.05-0.8": 0.010000038580172501, "0.2-0.001": 0.03000034773461022, "0.2-0.2": 0.020000093363979628, "0.2-0.5": 0.01000000617283761, "0.2-0.8": 0.02000006249990236, "0.5-0.001": 0.020000032600282092, "0.5-0.2": 0.03000007407398265, "0.5-0.5": 0.020000222992584037, "0.5-0.8": 0.01000000617283761, "0.8-0.001": 0.030001064924514594, "0.8-0.2": 0.010000013888879253, "0.8-0.5": 0.020000069637224463, "0.8-0.8": 0.0200000434027307, "0.99-0.001": 0.030001185161775072, "0.99-0.2": 0.03000007407398265, "0.99-0.5": 0.02000006249990236, "0.99-0.8": 0.020000019290114173}, "6": {"0.001-0.001": 0.050000611184536185, "0.001-0.2": 0.06000160517400178, "0.001-0.5": 0.07000231615436237, "0.001-0.8": 0.08000233407088894, "0.01-0.001": 0.03000008037540676, "0.01-0.2": 0.08000703692044916, "0.01-0.5": 0.0900056483567065, "0.01-0.8": 0.07000174623042367, "0.05-0.001": 0.020000356671202375, "0.05-0.2": 0.07000184570979376, "0.05-0.5": 0.07000153707527591, "0.05-0.8": 0.09000583661629948, "0.2-0.001": 0.030000334488876054, "0.2-0.2": 0.07000130708656199, "0.2-0.5": 0.07000213891132533, "0.2-0.8": 0.08000454505800446, "0.5-0.001": 0.12001602375012314, "0.5-0.2": 0.08000233407088894, "0.5-0.5": 0.08000287109045552, "0.5-0.8": 0.06000172939894486, "0.8-0.001": 0.13002271955434805, "0.8-0.2": 0.08000454505800446, "0.8-0.5": 0.0800026180609418, "0.8-0.8": 0.08000200691927112, "0.99-0.001": 0.11001910061439331, "0.99-0.2": 0.08000391700480111, "0.99-0.5": 0.08748992509570384, "0.99-0.8": 0.07137692081814834}}