{"0": {"0.001-0.001": 0.08169988926174956, "0.001-0.2": 0.7153196989715386, "0.001-0.5": 0.6028348060557841, "0.001-0.8": 0.6367544290820777, "0.01-0.001": 0.08168563795791779, "0.01-0.2": 0.7561265609424564, "0.01-0.5": 0.6706804072374579, "0.01-0.8": 0.6591924534128282, "0.05-0.001": 0.11405385175828975, "0.05-0.2": 0.7855344819641304, "0.05-0.5": 0.6396913367450594, "0.05-0.8": 0.6306683776963338, "0.2-0.001": 0.16799218197260485, "0.2-0.2": 0.7304034421874676, "0.2-0.5": 0.6744268516051918, "0.2-0.8": 0.696054158831132, "0.5-0.001": 0.13421086571052582, "0.5-0.2": 0.6803705231797939, "0.5-0.5": 0.6991975050894911, "0.5-0.8": 0.6065799771214286, "0.8-0.001": 0.13371693356464684, "0.8-0.2": 0.6921093890031184, "0.8-0.5": 0.6021213399580995, "0.8-0.8": 0.6467416963758503, "0.99-0.001": 0.5516292146094037, "0.99-0.2": 0.6993753711548824, "0.99-0.5": 0.669220622619045, "0.99-0.8": 0.7143318233230371}, "0.05": {"0.001-0.001": 0.39630597566746045, "0.001-0.2": 0.8846897709916528, "0.001-0.5": 0.758621250196237, "0.001-0.8": 0.5369668863186399, "0.01-0.001": 0.4006528156974327, "0.01-0.2": 0.8597097773526013, "0.01-0.5": 0.7105626730229367, "0.01-0.8": 0.5612630758413026, "0.05-0.001": 0.39997166782188576, "0.05-0.2": 0.7990423542480992, "0.05-0.5": 0.6565418718707404, "0.05-0.8": 0.5952918883382067, "0.2-0.001": 0.33184053924802664, "0.2-0.2": 0.8312361210090514, "0.2-0.5": 0.727323070268898, "0.2-0.8": 0.7073064917193644, "0.5-0.001": 0.42165005746100764, "0.5-0.2": 0.7182920869828842, "0.5-0.5": 0.6579073350164373, "0.5-0.8": 0.49970875142016047, "0.8-0.001": 0.5353267048622818, "0.8-0.2": 0.7653924051982232, "0.8-0.5": 0.5459493770497517, "0.8-0.8": 0.5215258850657031, "0.99-0.001": 0.4761901854442788, "0.99-0.2": 0.6975952582217657, "0.99-0.5": 0.7013796359674611, "0.99-0.8": 0.7844551768400396}, "0.1": {"0.001-0.001": 0.5502729808645956, "0.001-0.2": 0.5675666699611619, "0.001-0.5": 0.560340403543402, "0.001-0.8": 0.5963603629464315, "0.01-0.001": 0.6076087281633161, "0.01-0.2": 0.5393017245161807, "0.01-0.5": 0.3573679977100067, "0.01-0.8": 0.31395033818884716, "0.05-0.001": 0.5990611262311184, "0.05-0.2": 0.540673981841303, "0.05-0.5": 0.40796849304255456, "0.05-0.8": 0.7111605634703034, "0.2-0.001": 0.6156566190361216, "0.2-0.2": 0.5650930542288596, "0.2-0.5": 0.45480843529124576, "0.2-0.8": 0.49413115289373644, "0.5-0.001": 0.48618430488107733, "0.5-0.2": 0.49482541545300607, "0.5-0.5": 0.46492230888243113, "0.5-0.8": 0.5122509565026621, "0.8-0.001": 0.6919033467173621, "0.8-0.2": 0.5695221236647132, "0.8-0.5": 0.539083092217031, "0.8-0.8": 0.5897445766073439, "0.99-0.001": 0.48652266841899133, "0.99-0.2": 0.5365937562849201, "0.99-0.5": 0.45018710803347833, "0.99-0.8": 0.6210603861023024}, "0.2": {"0.001-0.001": 0.34753479503083046, "0.001-0.2": 0.6493245345567252, "0.001-0.5": 0.5363533763585564, "0.001-0.8": 0.5121184492296491, "0.01-0.001": 0.34308726696887965, "0.01-0.2": 0.53285237895723, "0.01-0.5": 0.5944016539447629, "0.01-0.8": 0.580072974771566, "0.05-0.001": 0.25907818934299837, "0.05-0.2": 0.49688866424916395, "0.05-0.5": 0.44227824045360625, "0.05-0.8": 0.5391908663234062, "0.2-0.001": 0.3513157187395643, "0.2-0.2": 0.5738806626134185, "0.2-0.5": 0.5580643133357204, "0.2-0.8": 0.49196177576472644, "0.5-0.001": 0.239714656533046, "0.5-0.2": 0.4533718306624918, "0.5-0.5": 0.5398169599409475, "0.5-0.8": 0.4880983196479, "0.8-0.001": 0.3163551584781342, "0.8-0.2": 0.6008016607528249, "0.8-0.5": 0.6126259167274544, "0.8-0.8": 0.5410812355393213, "0.99-0.001": 0.4912089847176012, "0.99-0.2": 0.491613393594398, "0.99-0.5": 0.48038753516331684, "0.99-0.8": 0.4666821529462283}, "0.5": {"0.001-0.001": 0.0, "0.001-0.2": 0.0, "0.001-0.5": 0.0, "0.001-0.8": 0.0, "0.01-0.001": 0.0, "0.01-0.2": 0.0, "0.01-0.5": 0.0, "0.01-0.8": 0.0, "0.05-0.001": 0.0, "0.05-0.2": 0.0, "0.05-0.5": 0.0, "0.05-0.8": 0.0, "0.2-0.001": 0.0, "0.2-0.2": 0.0, "0.2-0.5": 0.0, "0.2-0.8": 0.0, "0.5-0.001": 0.0, "0.5-0.2": 0.0, "0.5-0.5": 0.0, "0.5-0.8": 0.0, "0.8-0.001": 0.0, "0.8-0.2": 0.0, "0.8-0.5": 0.0, "0.8-0.8": 0.0, "0.99-0.001": 0.0, "0.99-0.2": 0.0, "0.99-0.5": 0.0, "0.99-0.8": 0.0}, "1": {"0.001-0.001": 0.06552364974312169, "0.001-0.2": 0.16468314076411322, "0.001-0.5": 0.884433190733881, "0.001-0.8": 0.9241880171229788, "0.01-0.001": 0.06552364732904653, "0.01-0.2": 0.1533616304658859, "0.01-0.5": 0.9130086806908527, "0.01-0.8": 0.8994172140344137, "0.05-0.001": 0.06552363531754929, "0.05-0.2": 0.43049429493987557, "0.05-0.5": 0.9334227898423622, "0.05-0.8": 0.8639687015180298, "0.2-0.001": 0.06552378298815664, "0.2-0.2": 0.17094471077982903, "0.2-0.5": 0.8983217969876345, "0.2-0.8": 0.87981553720588, "0.5-0.001": 0.06552387254421213, "0.5-0.2": 0.8669376139344062, "0.5-0.5": 0.874235483069105, "0.5-0.8": 0.8854313757112607, "0.8-0.001": 0.15336224556349715, "0.8-0.2": 0.8720697498545039, "0.8-0.5": 0.8837942142089664, "0.8-0.8": 0.8792171050625031, "0.99-0.001": 0.6854994272189445, "0.99-0.2": 0.8307248198976677, "0.99-0.5": 0.8705138878414729, "0.99-0.8": 0.8581048039968353}, "2": {"0.001-0.001": 0.02218374293546891, "0.001-0.2": 0.0, "0.001-0.5": 0.0, "0.001-0.8": 0.0, "0.01-0.001": 0.02218374293546891, "0.01-0.2": 0.0, "0.01-0.5": 0.0, "0.01-0.8": 0.0, "0.05-0.001": 0.0, "0.05-0.2": 0.0, "0.05-0.5": 0.0, "0.05-0.8": 0.0, "0.2-0.001": 0.0, "0.2-0.2": 0.022183742413732145, "0.2-0.5": 0.02218374293546891, "0.2-0.8": 0.0, "0.5-0.001": 0.0, "0.5-0.2": 0.0, "0.5-0.5": 0.0, "0.5-0.8": 0.0, "0.8-0.001": 0.0, "0.8-0.2": 0.0, "0.8-0.5": 0.0, "0.8-0.8": 0.0, "0.99-0.001": 0.0, "0.99-0.2": 0.0, "0.99-0.5": 0.0, "0.99-0.8": 0.0}, "4": {"0.001-0.001": 0.0, "0.001-0.2": 0.9514171331560807, "0.001-0.5": 1.0267930940825203, "0.001-0.8": 0.9609491713181668, "0.01-0.001": 0.0, "0.01-0.2": 1.0232760780362131, "0.01-0.5": 0.9401590953647678, "0.01-0.8": 0.9856418855236665, "0.05-0.001": 0.0, "0.05-0.2": 1.0140983731406208, "0.05-0.5": 0.987504965452236, "0.05-0.8": 1.0217986138667994, "0.2-0.001": 1.0586894296387142, "0.2-0.2": 1.0303353761073653, "0.2-0.5": 1.028420624632909, "0.2-0.8": 1.0155678655339275, "0.5-0.001": 0.022183742413732145, "0.5-0.2": 0.9964596029061737, "0.5-0.5": 0.9595306533668373, "0.5-0.8": 0.8582954886030433, "0.8-0.001": 0.0, "0.8-0.2": 1.0540479907484157, "0.8-0.5": 1.0501484716457954, "0.8-0.8": 0.9480372734669855, "0.99-0.001": 1.3000176378717458, "0.99-0.2": 1.2536192026543147, "0.99-0.5": 1.2539879491270274, "0.99-0.8": 1.3043847378374467}, "6": {"0.001-0.001": 0.04937486673505281, "0.001-0.2": 0.09755802346463335, "0.001-0.5": 0.10400988892048614, "0.001-0.8": 0.10400794998421291, "0.01-0.001": 0.06552377692354096, "0.01-0.2": 0.07677062579073633, "0.01-0.5": 0.07676996002395109, "0.01-0.8": 0.09755918883726541, "0.05-0.001": 0.065523691842223, "0.05-0.2": 0.07676930309623449, "0.05-0.5": 0.07677034291091382, "0.05-0.8": 0.07677055900325098, "0.2-0.001": 0.06552377692354096, "0.2-0.2": 0.09755817152455679, "0.2-0.5": 0.09755985541355425, "0.2-0.8": 0.07676930309623449, "0.5-0.001": 0.09755752917855556, "0.5-0.2": 0.08362857991033801, "0.5-0.5": 0.07677040668334356, "0.5-0.8": 0.11098952216443182, "0.8-0.001": 0.1649786760728062, "0.8-0.2": 0.118199841666875, "0.8-0.5": 0.11819861570788172, "0.8-0.8": 0.11820114594794608, "0.99-0.001": 0.17239283485055285, "0.99-0.2": 0.07677340211871242, "0.99-0.5": 0.0767698466500464, "0.99-0.8": 0.08362857991033801}}