{"Bias Type": "base_rate", "Data Type": "scatter", "Algorithm method": "DeepAE", "Base Rate A": [0.05, 0.03333333333333333, 0.025, 0.02], "Base Rate B": [0.05, 0.06666666666666667, 0.075, 0.08], "Base Rate whole": 0.1, "Group A": "Type: Gaussian, Xc mean: 0 variance: 1", "Group B": "Type: Gaussian, Xc mean: 0 variance: 1", "Group A_anomaly": "Type: Gaussian, Xc mean: 3 variance: 1", "Group B_anomaly": "Type: Gaussian, Xc mean: 3 variance: 1", "parameter_1": {"parameter": 1, "Flag_rate_A": {"e0": 0.053, "e1": 0.052, "e2": 0.054, "e3": 0.056, "e4": 0.047}, "Recall_A": {"e0": 0.9, "e1": 0.82, "e2": 0.84, "e3": 0.84, "e4": 0.78}, "FPR_A": {"e0": 0.008421052631578947, "e1": 0.011578947368421053, "e2": 0.01263157894736842, "e3": 0.014736842105263158, "e4": 0.008421052631578947}, "Precision_A": {"e0": 0.8490566037735849, "e1": 0.7884615384615384, "e2": 0.7777777777777778, "e3": 0.75, "e4": 0.8297872340425532}, "Flag_rate_B": {"e0": 0.047, "e1": 0.048, "e2": 0.046, "e3": 0.044, "e4": 0.053}, "Recall_B": {"e0": 0.78, "e1": 0.84, "e2": 0.72, "e3": 0.8, "e4": 0.78}, "FPR_B": {"e0": 0.008421052631578947, "e1": 0.00631578947368421, "e2": 0.010526315789473684, "e3": 0.004210526315789474, "e4": 0.014736842105263158}, "Precision_B": {"e0": 0.8297872340425532, "e1": 0.875, "e2": 0.782608695652174, "e3": 0.9090909090909091, "e4": 0.7358490566037735}, "Recall_overall": {"e0": 0.84, "e1": 0.83, "e2": 0.78, "e3": 0.82, "e4": 0.78}, "FPR_ovrall": {"e0": 0.008421052631578947, "e1": 0.008947368421052631, "e2": 0.011578947368421053, "e3": 0.009473684210526316, "e4": 0.011578947368421053}, "Precision_overall": {"e0": 0.84, "e1": 0.83, "e2": 0.78, "e3": 0.82, "e4": 0.78}, "Flag_rate_ratio": {"e0": 1.127659574468085, "e1": 1.0833333333333333, "e2": 1.173913043478261, "e3": 1.272727272727273, "e4": 0.8867924528301887}, "TPR_ratio": {"e0": 1.1538461538461537, "e1": 0.9761904761904762, "e2": 1.1666666666666667, "e3": 1.0499999999999998, "e4": 1.0}, "FPR_ratio": {"e0": 1.0, "e1": 1.8333333333333335, "e2": 1.2, "e3": 3.5, "e4": 0.5714285714285714}, "PPR_ratio": {"e0": 1.0232220609579101, "e1": 0.9010989010989011, "e2": 0.9938271604938271, "e3": 0.8250000000000001, "e4": 1.127659574468085}, "auroc": {"e0": 0.9687105263157896, "e1": 0.9775684210526315, "e2": 0.9742315789473683, "e3": 0.9841, "e4": 0.9680526315789474}}, "parameter_2": {"parameter": 2, "Flag_rate_A": {"e0": 0.036, "e1": 0.037, "e2": 0.035, "e3": 0.037, "e4": 0.037}, "Recall_A": {"e0": 0.7878787878787878, "e1": 0.8484848484848485, "e2": 0.9090909090909091, "e3": 0.8181818181818182, "e4": 0.8484848484848485}, "FPR_A": {"e0": 0.010341261633919338, "e1": 0.009307135470527405, "e2": 0.005170630816959669, "e3": 0.010341261633919338, "e4": 0.009307135470527405}, "Precision_A": {"e0": 0.7222222222222222, "e1": 0.7567567567567568, "e2": 0.8571428571428571, "e3": 0.7297297297297297, "e4": 0.7567567567567568}, "Flag_rate_B": {"e0": 0.064, "e1": 0.063, "e2": 0.065, "e3": 0.063, "e4": 0.063}, "Recall_B": {"e0": 0.8208955223880597, "e1": 0.8059701492537313, "e2": 0.8059701492537313, "e3": 0.8507462686567164, "e4": 0.7910447761194029}, "FPR_B": {"e0": 0.00964630225080386, "e1": 0.00964630225080386, "e2": 0.011789924973204717, "e3": 0.006430868167202572, "e4": 0.010718113612004287}, "Precision_B": {"e0": 0.859375, "e1": 0.8571428571428571, "e2": 0.8307692307692308, "e3": 0.9047619047619048, "e4": 0.8412698412698413}, "Recall_overall": {"e0": 0.81, "e1": 0.82, "e2": 0.84, "e3": 0.84, "e4": 0.81}, "FPR_ovrall": {"e0": 0.01, "e1": 0.009473684210526316, "e2": 0.008421052631578947, "e3": 0.008421052631578947, "e4": 0.01}, "Precision_overall": {"e0": 0.81, "e1": 0.82, "e2": 0.84, "e3": 0.84, "e4": 0.81}, "Flag_rate_ratio": {"e0": 0.5625, "e1": 0.5873015873015872, "e2": 0.5384615384615385, "e3": 0.5873015873015872, "e4": 0.5873015873015872}, "TPR_ratio": {"e0": 0.9597796143250688, "e1": 1.0527497194163862, "e2": 1.1279461279461278, "e3": 0.9617224880382775, "e4": 1.0726129216695255}, "FPR_ratio": {"e0": 1.0720441227163047, "e1": 0.9648397104446742, "e2": 0.43856350474757916, "e3": 1.608066184074457, "e4": 0.8683557394002068}, "PPR_ratio": {"e0": 0.8404040404040404, "e1": 0.882882882882883, "e2": 1.0317460317460316, "e3": 0.8065433854907539, "e4": 0.8995410504844468}, "auroc": {"e0": 0.9487052631578946, "e1": 0.9701, "e2": 0.9733894736842105, "e3": 0.9830947368421052, "e4": 0.9692368421052632}}, "parameter_3": {"parameter": 3, "Flag_rate_A": {"e0": 0.03, "e1": 0.037, "e2": 0.033, "e3": 0.035, "e4": 0.03}, "Recall_A": {"e0": 0.88, "e1": 0.8, "e2": 0.92, "e3": 0.88, "e4": 0.92}, "FPR_A": {"e0": 0.008205128205128205, "e1": 0.017435897435897435, "e2": 0.010256410256410256, "e3": 0.013333333333333334, "e4": 0.0071794871794871795}, "Precision_A": {"e0": 0.7333333333333333, "e1": 0.5405405405405406, "e2": 0.696969696969697, "e3": 0.6285714285714286, "e4": 0.7666666666666667}, "Flag_rate_B": {"e0": 0.07, "e1": 0.063, "e2": 0.067, "e3": 0.065, "e4": 0.07}, "Recall_B": {"e0": 0.7733333333333333, "e1": 0.7466666666666667, "e2": 0.8266666666666667, "e3": 0.76, "e4": 0.84}, "FPR_B": {"e0": 0.012972972972972972, "e1": 0.0075675675675675675, "e2": 0.005405405405405406, "e3": 0.008648648648648649, "e4": 0.0075675675675675675}, "Precision_B": {"e0": 0.8285714285714286, "e1": 0.8888888888888888, "e2": 0.9253731343283582, "e3": 0.8769230769230769, "e4": 0.9}, "Recall_overall": {"e0": 0.8, "e1": 0.76, "e2": 0.85, "e3": 0.79, "e4": 0.86}, "FPR_ovrall": {"e0": 0.010526315789473684, "e1": 0.01263157894736842, "e2": 0.007894736842105263, "e3": 0.011052631578947368, "e4": 0.007368421052631579}, "Precision_overall": {"e0": 0.8, "e1": 0.76, "e2": 0.85, "e3": 0.79, "e4": 0.86}, "Flag_rate_ratio": {"e0": 0.4285714285714285, "e1": 0.5873015873015872, "e2": 0.4925373134328358, "e3": 0.5384615384615385, "e4": 0.4285714285714285}, "TPR_ratio": {"e0": 1.1379310344827587, "e1": 1.0714285714285714, "e2": 1.1129032258064517, "e3": 1.1578947368421053, "e4": 1.0952380952380953}, "FPR_ratio": {"e0": 0.6324786324786326, "e1": 2.304029304029304, "e2": 1.8974358974358974, "e3": 1.5416666666666667, "e4": 0.9487179487179487}, "PPR_ratio": {"e0": 0.8850574712643677, "e1": 0.6081081081081082, "e2": 0.7531769305962854, "e3": 0.7167919799498746, "e4": 0.8518518518518519}, "auroc": {"e0": 0.967521052631579, "e1": 0.9636157894736842, "e2": 0.9842894736842105, "e3": 0.9774894736842106, "e4": 0.9772736842105263}}, "parameter_4": {"parameter": 4, "Flag_rate_A": {"e0": 0.025, "e1": 0.022, "e2": 0.024, "e3": 0.024, "e4": 0.024}, "Recall_A": {"e0": 0.9, "e1": 0.8, "e2": 0.85, "e3": 0.9, "e4": 0.85}, "FPR_A": {"e0": 0.007142857142857143, "e1": 0.006122448979591836, "e2": 0.007142857142857143, "e3": 0.006122448979591836, "e4": 0.007142857142857143}, "Precision_A": {"e0": 0.72, "e1": 0.7272727272727273, "e2": 0.7083333333333334, "e3": 0.75, "e4": 0.7083333333333334}, "Flag_rate_B": {"e0": 0.075, "e1": 0.078, "e2": 0.076, "e3": 0.076, "e4": 0.076}, "Recall_B": {"e0": 0.8, "e1": 0.875, "e2": 0.825, "e3": 0.8625, "e4": 0.7875}, "FPR_B": {"e0": 0.011956521739130435, "e1": 0.008695652173913044, "e2": 0.010869565217391304, "e3": 0.007608695652173913, "e4": 0.014130434782608696}, "Precision_B": {"e0": 0.8533333333333334, "e1": 0.8974358974358975, "e2": 0.868421052631579, "e3": 0.9078947368421053, "e4": 0.8289473684210527}, "Recall_overall": {"e0": 0.82, "e1": 0.86, "e2": 0.83, "e3": 0.87, "e4": 0.8}, "FPR_ovrall": {"e0": 0.009473684210526316, "e1": 0.007368421052631579, "e2": 0.008947368421052631, "e3": 0.006842105263157895, "e4": 0.010526315789473684}, "Precision_overall": {"e0": 0.82, "e1": 0.86, "e2": 0.83, "e3": 0.87, "e4": 0.8}, "Flag_rate_ratio": {"e0": 0.33333333333333337, "e1": 0.28205128205128205, "e2": 0.31578947368421056, "e3": 0.31578947368421056, "e4": 0.31578947368421056}, "TPR_ratio": {"e0": 1.125, "e1": 0.9142857142857144, "e2": 1.0303030303030303, "e3": 1.0434782608695652, "e4": 1.0793650793650793}, "FPR_ratio": {"e0": 0.5974025974025974, "e1": 0.7040816326530612, "e2": 0.6571428571428571,