{"Bias Type": "base_rate", "Data Type": "scatter", "Algorithm method": "FairOD", "Base Rate A": [0.05, 0.03333333333333333, 0.025, 0.02], "Base Rate B": [0.05, 0.06666666666666667, 0.075, 0.08], "Base Rate whole": 0.1, "Group A": "Type: Gaussian, Xc mean: 0 variance: 1", "Group B": "Type: Gaussian, Xc mean: 0 variance: 1", "Group A_anomaly": "Type: Gaussian, Xc mean: 3 variance: 1", "Group B_anomaly": "Type: Gaussian, Xc mean: 3 variance: 1", "parameter_1": {"parameter": 1, "Flag_rate_A": {"e0": 0.047, "e1": 0.049, "e2": 0.05, "e3": 0.05, "e4": 0.051}, "Recall_A": {"e0": 0.82, "e1": 0.8, "e2": 0.88, "e3": 0.8, "e4": 0.82}, "FPR_A": {"e0": 0.00631578947368421, "e1": 0.009473684210526316, "e2": 0.00631578947368421, "e3": 0.010526315789473684, "e4": 0.010526315789473684}, "Precision_A": {"e0": 0.8723404255319149, "e1": 0.8163265306122449, "e2": 0.88, "e3": 0.8, "e4": 0.803921568627451}, "Flag_rate_B": {"e0": 0.053, "e1": 0.051, "e2": 0.05, "e3": 0.05, "e4": 0.049}, "Recall_B": {"e0": 0.84, "e1": 0.8, "e2": 0.84, "e3": 0.88, "e4": 0.76}, "FPR_B": {"e0": 0.011578947368421053, "e1": 0.011578947368421053, "e2": 0.008421052631578947, "e3": 0.00631578947368421, "e4": 0.011578947368421053}, "Precision_B": {"e0": 0.7924528301886793, "e1": 0.7843137254901961, "e2": 0.84, "e3": 0.88, "e4": 0.7755102040816326}, "Recall_overall": {"e0": 0.83, "e1": 0.8, "e2": 0.86, "e3": 0.84, "e4": 0.79}, "FPR_ovrall": {"e0": 0.008947368421052631, "e1": 0.010526315789473684, "e2": 0.007368421052631579, "e3": 0.008421052631578947, "e4": 0.011052631578947368}, "Precision_overall": {"e0": 0.83, "e1": 0.8, "e2": 0.86, "e3": 0.84, "e4": 0.79}, "Flag_rate_ratio": {"e0": 0.8867924528301887, "e1": 0.9607843137254903, "e2": 1.0, "e3": 1.0, "e4": 1.040816326530612}, "TPR_ratio": {"e0": 0.9761904761904762, "e1": 1.0, "e2": 1.0476190476190477, "e3": 0.9090909090909092, "e4": 1.0789473684210527}, "FPR_ratio": {"e0": 0.5454545454545454, "e1": 0.8181818181818182, "e2": 0.75, "e3": 1.6666666666666667, "e4": 0.9090909090909091}, "PPR_ratio": {"e0": 1.1008105369807497, "e1": 1.0408163265306123, "e2": 1.0476190476190477, "e3": 0.9090909090909092, "e4": 1.0366357069143448}, "auroc": {"e0": 0.9636473684210527, "e1": 0.9495736842105261, "e2": 0.9781368421052632, "e3": 0.9763789473684211, "e4": 0.9346473684210524}}, "parameter_2": {"parameter": 2, "Flag_rate_A": {"e0": 0.045, "e1": 0.043, "e2": 0.05, "e3": 0.047, "e4": 0.042}, "Recall_A": {"e0": 0.7878787878787878, "e1": 0.7272727272727273, "e2": 0.696969696969697, "e3": 0.7272727272727273, "e4": 0.696969696969697}, "FPR_A": {"e0": 0.01964839710444674, "e1": 0.01964839710444674, "e2": 0.027921406411582212, "e3": 0.023784901758014478, "e4": 0.01964839710444674}, "Precision_A": {"e0": 0.5777777777777777, "e1": 0.5581395348837209, "e2": 0.46, "e3": 0.5106382978723404, "e4": 0.5476190476190477}, "Flag_rate_B": {"e0": 0.055, "e1": 0.057, "e2": 0.05, "e3": 0.053, "e4": 0.058}, "Recall_B": {"e0": 0.7164179104477612, "e1": 0.7164179104477612, "e2": 0.6268656716417911, "e3": 0.7313432835820896, "e4": 0.6865671641791045}, "FPR_B": {"e0": 0.007502679528403001, "e1": 0.00964630225080386, "e2": 0.00857449088960343, "e3": 0.004287245444801715, "e4": 0.012861736334405145}, "Precision_B": {"e0": 0.8727272727272727, "e1": 0.8421052631578947, "e2": 0.84, "e3": 0.9245283018867925, "e4": 0.7931034482758621}, "Recall_overall": {"e0": 0.74, "e1": 0.72, "e2": 0.65, "e3": 0.73, "e4": 0.69}, "FPR_ovrall": {"e0": 0.01368421052631579, "e1": 0.014736842105263158, "e2": 0.018421052631578946, "e3": 0.014210526315789474, "e4": 0.01631578947368421}, "Precision_overall": {"e0": 0.74, "e1": 0.72, "e2": 0.65, "e3": 0.73, "e4": 0.69}, "Flag_rate_ratio": {"e0": 0.8181818181818181, "e1": 0.7543859649122806, "e2": 1.0, "e3": 0.8867924528301887, "e4": 0.7241379310344828}, "TPR_ratio": {"e0": 1.0997474747474747, "e1": 1.0151515151515151, "e2": 1.1118326118326118, "e3": 0.9944341372912802, "e4": 1.0151515151515151}, "FPR_ratio": {"e0": 2.618850642635544, "e1": 2.0368838331609784, "e2": 3.2563340227507753, "e3": 5.547828335056877, "e4": 1.5276628748707342}, "PPR_ratio": {"e0": 0.662037037037037, "e1": 0.6627906976744187, "e2": 0.5476190476190477, "e3": 0.5523230568823273, "e4": 0.6904761904761905}, "auroc": {"e0": 0.9238421052631578, "e1": 0.9313210526315789, "e2": 0.9361315789473684, "e3": 0.950657894736842, "e4": 0.9377947368421052}}, "parameter_3": {"parameter": 3, "Flag_rate_A": {"e0": 0.04, "e1": 0.049, "e2": 0.036, "e3": 0.051, "e4": 0.04}, "Recall_A": {"e0": 0.8, "e1": 0.72, "e2": 0.84, "e3": 0.48, "e4": 0.76}, "FPR_A": {"e0": 0.020512820512820513, "e1": 0.031794871794871796, "e2": 0.015384615384615385, "e3": 0.04, "e4": 0.021538461538461538}, "Precision_A": {"e0": 0.5, "e1": 0.3673469387755102, "e2": 0.5833333333333334, "e3": 0.23529411764705882, "e4": 0.475}, "Flag_rate_B": {"e0": 0.06, "e1": 0.051, "e2": 0.064, "e3": 0.049, "e4": 0.06}, "Recall_B": {"e0": 0.64, "e1": 0.64, "e2": 0.7733333333333333, "e3": 0.6266666666666667, "e4": 0.7733333333333333}, "FPR_B": {"e0": 0.012972972972972972, "e1": 0.003243243243243243, "e2": 0.006486486486486486, "e3": 0.002162162162162162, "e4": 0.002162162162162162}, "Precision_B": {"e0": 0.8, "e1": 0.9411764705882353, "e2": 0.90625, "e3": 0.9591836734693877, "e4": 0.9666666666666667}, "Recall_overall": {"e0": 0.68, "e1": 0.66, "e2": 0.79, "e3": 0.59, "e4": 0.77}, "FPR_ovrall": {"e0": 0.016842105263157894, "e1": 0.017894736842105262, "e2": 0.011052631578947368, "e3": 0.02157894736842105, "e4": 0.012105263157894737}, "Precision_overall": {"e0": 0.68, "e1": 0.66, "e2": 0.79, "e3": 0.59, "e4": 0.77}, "Flag_rate_ratio": {"e0": 0.6666666666666667, "e1": 0.9607843137254903, "e2": 0.5625, "e3": 1.040816326530612, "e4": 0.6666666666666667}, "TPR_ratio": {"e0": 1.25, "e1": 1.125, "e2": 1.0862068965517242, "e3": 0.7659574468085105, "e4": 0.9827586206896552}, "FPR_ratio": {"e0": 1.5811965811965814, "e1": 9.803418803418804, "e2": 2.3717948717948723, "e3": 18.5, "e4": 9.961538461538462}, "PPR_ratio": {"e0": 0.625, "e1": 0.3903061224489796, "e2": 0.6436781609195402, "e3": 0.24530663329161453, "e4": 0.49137931034482757}, "auroc": {"e0": 0.9262157894736842, "e1": 0.9191842105263157, "e2": 0.9653421052631579, "e3": 0.8781789473684211, "e4": 0.9648210526315789}}, "parameter_4": {"parameter": 4, "Flag_rate_A": {"e0": 0.048, "e1": 0.045, "e2": 0.046, "e3": 0.041, "e4": 0.04}, "Recall_A": {"e0": 0.8, "e1": 0.75, "e2": 0.75, "e3": 0.55, "e4": 0.65}, "FPR_A": {"e0": 0.0326530612244898, "e1": 0.030612244897959183, "e2": 0.03163265306122449, "e3": 0.030612244897959183, "e4": 0.027551020408163266}, "Precision_A": {"e0": 0.3333333333333333, "e1": 0.3333333333333333, "e2": 0.32608695652173914, "e3": 0.2682926829268293, "e4": 0.325}, "Flag_rate_B": {"e0": 0.052, "e1": 0.055, "e2": 0.054, "e3": 0.059, "e4": 0.06}, "Recall_B": {"e0": 0.5375, "e1": 0.675, "e2": 0.6625, "e3": 0.675, "e4": 0.675}, "FPR_B": {"e0": 0.009782608695652175, "e1": 0.0010869565217391304, "e2": 0.0010869565217391304, "e3": 0.005434782608695652, "e4": 0.006521739130434782}, "Precision_B": {"e0": 0.8269230769230769, "e1": 0.9818181818181818, "e2": 0.9814814814814815, "e3": 0.9152542372881356, "e4": 0.9}, "Recall_overall": {"e0": 0.59, "e1": 0.69, "e2": 0.68, "e3": 0.65, "e4": 0.67}, "FPR_ovrall": {"e0": 0.02157894736842105, "e1": 0.01631578947368421, "e2": 0.016842105263157894, "e3": 0.018421052631578946, "e4": 0.017368421052631578}, "Precision_overall": {"e0": 0.59, "e1": 0.69, "e2": 0.68, "e3": 0.65, "e4": 0.67}, "Flag_rate_ratio": {"e0": 0.9230769230769231, "e1": 0.8181818181818181, "e2": 0.8518518518518519, "e3": 0.6949152542372882, "e4": 0.6666666666666667}, "TPR_ratio": {"e0": 1.488372093023256, "e1": 1.111111111111111, "e2": 1.1320754716981132, "e3": 0.8148148148148149, "e4": 0.9629629629629629}, "FPR_ratio": {"e0": 3.3378684807256236, "e1": 28.163265306122447, "e2": 29.10204081632653, "e3": 5.63265306122449, "e4": 4.224489795918368}, "PPR_ratio": {"e0": 0.40310077519379844, "e1": 0.3395061728395062,