{"Bias Type": "base rate change", "Data Type": "scatter", "Algorithm method": "LOF", "Base Rate A": [0.05, 0.03333333333333333, 0.025, 0.02], "Base Rate B": [0.05, 0.06666666666666667, 0.075, 0.08], "Group A": "Type: Gaussian, Xc mean: 0 variance: 1", "Group B": "Type: Gaussian, Xc mean: 0 variance: 1", "Group A_anomaly": "Type: Gaussian, Xc mean: 3 variance: 1", "Group B_anomaly": "Type: Gaussian, Xc mean: 3 variance: 1", "parameter_1": {"parameter": 1, "Flag_rate_A": {"e0": 0.052, "e1": 0.05, "e2": 0.05, "e3": 0.053, "e4": 0.05, "e5": 0.049, "e6": 0.046, "e7": 0.05, "e8": 0.052, "e9": 0.052}, "Recall_A": {"e0": 0.86, "e1": 0.82, "e2": 0.84, "e3": 0.86, "e4": 0.88, "e5": 0.82, "e6": 0.78, "e7": 0.82, "e8": 0.78, "e9": 0.88}, "FPR_A": {"e0": 0.009473684210526316, "e1": 0.009473684210526316, "e2": 0.008421052631578947, "e3": 0.010526315789473684, "e4": 0.00631578947368421, "e5": 0.008421052631578947, "e6": 0.007368421052631579, "e7": 0.009473684210526316, "e8": 0.01368421052631579, "e9": 0.008421052631578947}, "Precision_A": {"e0": 0.8269230769230769, "e1": 0.82, "e2": 0.84, "e3": 0.8113207547169812, "e4": 0.88, "e5": 0.8367346938775511, "e6": 0.8478260869565217, "e7": 0.82, "e8": 0.75, "e9": 0.8461538461538461}, "Flag_rate_B": {"e0": 0.048, "e1": 0.05, "e2": 0.05, "e3": 0.047, "e4": 0.05, "e5": 0.051, "e6": 0.054, "e7": 0.05, "e8": 0.048, "e9": 0.048}, "Recall_B": {"e0": 0.74, "e1": 0.78, "e2": 0.8, "e3": 0.78, "e4": 0.82, "e5": 0.88, "e6": 0.86, "e7": 0.84, "e8": 0.82, "e9": 0.76}, "FPR_B": {"e0": 0.011578947368421053, "e1": 0.011578947368421053, "e2": 0.010526315789473684, "e3": 0.008421052631578947, "e4": 0.009473684210526316, "e5": 0.007368421052631579, "e6": 0.011578947368421053, "e7": 0.008421052631578947, "e8": 0.007368421052631579, "e9": 0.010526315789473684}, "Precision_B": {"e0": 0.7708333333333334, "e1": 0.78, "e2": 0.8, "e3": 0.8297872340425532, "e4": 0.82, "e5": 0.8627450980392157, "e6": 0.7962962962962963, "e7": 0.84, "e8": 0.8541666666666666, "e9": 0.7916666666666666}, "Flag_rate_overall": {"e0": 0.05, "e1": 0.05, "e2": 0.05, "e3": 0.05, "e4": 0.05, "e5": 0.05, "e6": 0.05, "e7": 0.05, "e8": 0.05, "e9": 0.05}, "Recall_overall": {"e0": 0.8, "e1": 0.8, "e2": 0.82, "e3": 0.82, "e4": 0.85, "e5": 0.85, "e6": 0.82, "e7": 0.83, "e8": 0.8, "e9": 0.82}, "FPR_ovrall": {"e0": 0.010526315789473684, "e1": 0.010526315789473684, "e2": 0.009473684210526316, "e3": 0.009473684210526316, "e4": 0.007894736842105263, "e5": 0.007894736842105263, "e6": 0.009473684210526316, "e7": 0.008947368421052631, "e8": 0.010526315789473684, "e9": 0.009473684210526316}, "Precision_overall": {"e0": 0.8, "e1": 0.8, "e2": 0.82, "e3": 0.82, "e4": 0.85, "e5": 0.85, "e6": 0.82, "e7": 0.83, "e8": 0.8, "e9": 0.82}, "auroc": {"e0": 0.9486631578947369, "e1": 0.9670263157894737, "e2": 0.9776052631578949, "e3": 0.9736736842105264, "e4": 0.9594052631578948, "e5": 0.9803526315789474, "e6": 0.9781315789473685, "e7": 0.9825263157894737, "e8": 0.955221052631579, "e9": 0.9784052631578947}}, "parameter_2": {"parameter": 2, "Flag_rate_A": {"e0": 0.039, "e1": 0.036, "e2": 0.034, "e3": 0.042, "e4": 0.037, "e5": 0.036, "e6": 0.035, "e7": 0.038, "e8": 0.043, "e9": 0.035}, "Recall_A": {"e0": 0.7575757575757576, "e1": 0.7878787878787878, "e2": 0.9090909090909091, "e3": 0.9696969696969697, "e4": 0.8484848484848485, "e5": 0.7575757575757576, "e6": 0.7575757575757576, "e7": 0.8787878787878788, "e8": 0.8181818181818182, "e9": 0.8484848484848485}, "FPR_A": {"e0": 0.014477766287487074, "e1": 0.010341261633919338, "e2": 0.004136504653567736, "e3": 0.010341261633919338, "e4": 0.009307135470527405, "e5": 0.011375387797311272, "e6": 0.010341261633919338, "e7": 0.009307135470527405, "e8": 0.016546018614270942, "e9": 0.007238883143743537}, "Precision_A": {"e0": 0.6410256410256411, "e1": 0.7222222222222222, "e2": 0.8823529411764706, "e3": 0.7619047619047619, "e4": 0.7567567567567568, "e5": 0.6944444444444444, "e6": 0.7142857142857143, "e7": 0.7631578947368421, "e8": 0.627906976744186, "e9": 0.8}, "Flag_rate_B": {"e0": 0.061, "e1": 0.064, "e2": 0.066, "e3": 0.058, "e4": 0.063, "e5": 0.064, "e6": 0.065, "e7": 0.062, "e8": 0.057, "e9": 0.065}, "Recall_B": {"e0": 0.7313432835820896, "e1": 0.8059701492537313, "e2": 0.835820895522388, "e3": 0.8059701492537313, "e4": 0.8059701492537313, "e5": 0.8656716417910447, "e6": 0.8059701492537313, "e7": 0.8059701492537313, "e8": 0.7611940298507462, "e9": 0.8507462686567164}, "FPR_B": {"e0": 0.012861736334405145, "e1": 0.010718113612004287, "e2": 0.010718113612004287, "e3": 0.004287245444801715, "e4": 0.00964630225080386, "e5": 0.006430868167202572, "e6": 0.011789924973204717, "e7": 0.00857449088960343, "e8": 0.006430868167202572, "e9": 0.00857449088960343}, "Precision_B": {"e0": 0.8032786885245902, "e1": 0.84375, "e2": 0.8484848484848485, "e3": 0.9310344827586207, "e4": 0.8571428571428571, "e5": 0.90625, "e6": 0.8307692307692308, "e7": 0.8709677419354839, "e8": 0.8947368421052632, "e9": 0.8769230769230769}, "Flag_rate_overall": {"e0": 0.05, "e1": 0.05, "e2": 0.05, "e3": 0.05, "e4": 0.05, "e5": 0.05, "e6": 0.05, "e7": 0.05, "e8": 0.05, "e9": 0.05}, "Recall_overall": {"e0": 0.74, "e1": 0.8, "e2": 0.86, "e3": 0.86, "e4": 0.82, "e5": 0.83, "e6": 0.79, "e7": 0.83, "e8": 0.78, "e9": 0.85}, "FPR_ovrall": {"e0": 0.01368421052631579, "e1": 0.010526315789473684, "e2": 0.007368421052631579, "e3": 0.007368421052631579, "e4": 0.009473684210526316, "e5": 0.008947368421052631, "e6": 0.011052631578947368, "e7": 0.008947368421052631, "e8": 0.011578947368421053, "e9": 0.007894736842105263}, "Precision_overall": {"e0": 0.74, "e1": 0.8, "e2": 0.86, "e3": 0.86, "e4": 0.82, "e5": 0.83, "e6": 0.79, "e7": 0.83, "e8": 0.78, "e9": 0.85}, "auroc": {"e0": 0.9402052631578947, "e1": 0.9642631578947368, "e2": 0.9758, "e3": 0.9840157894736842, "e4": 0.9697736842105263, "e5": 0.9754473684210526, "e6": 0.9484105263157894, "e7": 0.9764421052631579, "e8": 0.9613684210526315, "e9": 0.9812421052631579}}, "parameter_3": {"parameter": 3, "Flag_rate_A": {"e0": 0.028, "e1": 0.029, "e2": 0.031, "e3": 0.034, "e4": 0.027, "e5": 0.028, "e6": 0.026, "e7": 0.033, "e8": 0.036, "e9": 0.03}, "Recall_A": {"e0": 0.88, "e1": 0.8, "e2": 0.92, "e3": 0.92, "e4": 0.8, "e5": 0.68, "e6": 0.76, "e7": 0.88, "e8": 0.84, "e9": 0.88}, "FPR_A": {"e0": 0.006153846153846154, "e1": 0.009230769230769232, "e2": 0.008205128205128205, "e3": 0.011282051282051283, "e4": 0.0071794871794871795, "e5": 0.011282051282051283, "e6": 0.0071794871794871795, "e7": 0.011282051282051283, "e8": 0.015384615384615385, "e9": 0.008205128205128205}, "Precision_A": {"e0": 0.7857142857142857, "e1": 0.6896551724137931, "e2": 0.7419354838709677, "e3": 0.6764705882352942, "e4": 0.7407407407407407, "e5": 0.6071428571428571, "e6": 0.7307692307692307, "e7": 0.6666666666666666, "e8": 0.5833333333333334, "e9": 0.7333333333333333}, "Flag_rate_B": {"e0": 0.072, "e1": 0.071, "e2": 0.069, "e3": 0.066, "e4": 0.073, "e5": 0.072, "e6": 0.074, "e7": 0.067, "e8": 0.064, "e9": 0.07}, "Recall_B": {"e0": 0.8266666666666667, "e1": 0.8266666666666667, "e2": 0.8133333333333334, "e3": 0.8, "e4": 0.8266666666666667, "e5": 0.8666666666666667, "e6": 0.7733333333333333, "e7": 0.8, "e8": 0.7866666666666666, "e9": 0.8133333333333334}, "FPR_B": {"e0": 0.010810810810810811, "e1": 0.00972972972972973, "e2": 0.008648648648648649, "e3": 0.006486486486486486, "e4": 0.011891891891891892, "e5": 0.0075675675675675675, "e6": 0.017297297297297298, "e7": 0.0075675675675675675, "e8": 0.005405405405405406, "e9": 0.00972972972972973}, "Precision_B": {"e0": 0.8611111111111112, "e1": 0.8732394366197183, "e2": 0.8840579710144928, "e3": 0.9090909090909091, "e4": 0.8493150684931506, "e5": 0.9027777777777778, "e6": 0.7837837837837838, "e7": 0.8955223880597015, "e8": 0.921875, "e9": 0.8714285714285714}, "Flag_rate_overall": {"e0": 0.05, "e1": 0.05, "e2": 0.05, "e3": 0.05, "e4": 0.05, "e5": 0.05, "e6": 0.05, "e7": 0.05, "e8": 0.05, "e9": 0.05}, "Recall_overall": {"e0": 0.84, "e1": 0.82, "e2": 0.84, "e3": 0.83,