{"0.01-0.01": {"roc": 0.9782894736842105, "flag_rate": [0.042, 0.058], "flag_rate_ratio": 0.7241379310344828, "TPR": [0.7272727272727273, 0.8059701492537313], "TPR whole": 0.78, "TPR ratio": 0.9023569023569024, "FPR": [0.01861427094105481, 0.004287245444801715], "FPR whole": 0.011578947368421053, "FPR ratio": 4.341778697001034, "PPR": [0.5714285714285714, 0.9310344827586207], "PPR whole": 0.78, "PPR ratio": 0.6137566137566137}, "0.01-0.2": {"roc": 0.9723684210526317, "flag_rate": [0.045, 0.055], "flag_rate_ratio": 0.8181818181818181, "TPR": [0.7575757575757576, 0.7761194029850746], "TPR whole": 0.77, "TPR ratio": 0.9761072261072261, "FPR": [0.020682523267838676, 0.003215434083601286], "FPR whole": 0.012105263157894737, "FPR ratio": 6.432264736297828, "PPR": [0.5555555555555556, 0.9454545454545454], "PPR whole": 0.77, "PPR ratio": 0.5876068376068376}, "0.01-0.5": {"roc": 0.9693105263157894, "flag_rate": [0.049, 0.051], "flag_rate_ratio": 0.9607843137254903, "TPR": [0.7575757575757576, 0.7611940298507462], "TPR whole": 0.76, "TPR ratio": 0.9952465834818777, "FPR": [0.02481902792140641, 0.0], "FPR whole": 0.01263157894736842, "FPR ratio": 2.481902792140641e-07, "PPR": [0.5102040816326531, 1.0], "PPR whole": 0.76, "PPR ratio": 0.5102040816326531}, "0.01-0.8": {"roc": 0.9299631578947368, "flag_rate": [0.05, 0.05], "flag_rate_ratio": 1.0, "TPR": [0.696969696969697, 0.6716417910447762], "TPR whole": 0.68, "TPR ratio": 1.0377104377104378, "FPR": [0.027921406411582212, 0.0053590568060021436], "FPR whole": 0.016842105263157894, "FPR ratio": 5.2101344364012405, "PPR": [0.46, 0.9], "PPR whole": 0.68, "PPR ratio": 0.5111111111111111}, "0.05-0.01": {"roc": 0.9728526315789473, "flag_rate": [0.042, 0.058], "flag_rate_ratio": 0.7241379310344828, "TPR": [0.8181818181818182, 0.8059701492537313], "TPR whole": 0.81, "TPR ratio": 1.0151515151515151, "FPR": [0.015511892450879007, 0.004287245444801715], "FPR whole": 0.01, "FPR ratio": 3.6181489141675285, "PPR": [0.6428571428571429, 0.9310344827586207], "PPR whole": 0.81, "PPR ratio": 0.6904761904761906}, "0.05-0.2": {"roc": 0.9668263157894736, "flag_rate": [0.04, 0.06], "flag_rate_ratio": 0.6666666666666667, "TPR": [0.7878787878787878, 0.7761194029850746], "TPR whole": 0.78, "TPR ratio": 1.0151515151515151, "FPR": [0.014477766287487074, 0.00857449088960343], "FPR whole": 0.011578947368421053, "FPR ratio": 1.68846949327818, "PPR": [0.65, 0.8666666666666667], "PPR whole": 0.78, "PPR ratio": 0.75}, "0.05-0.5": {"roc": 0.9703052631578948, "flag_rate": [0.045, 0.055], "flag_rate_ratio": 0.8181818181818181, "TPR": [0.7575757575757576, 0.746268656716418], "TPR whole": 0.75, "TPR ratio": 1.0151515151515151, "FPR": [0.020682523267838676, 0.0053590568060021436], "FPR whole": 0.013157894736842105, "FPR ratio": 3.859358841778697, "PPR": [0.5555555555555556, 0.9090909090909091], "PPR whole": 0.75, "PPR ratio": 0.6111111111111112}, "0.05-0.8": {"roc": 0.9627736842105263, "flag_rate": [0.044, 0.056], "flag_rate_ratio": 0.7857142857142857, "TPR": [0.7878787878787878, 0.7313432835820896], "TPR whole": 0.75, "TPR ratio": 1.07730364873222, "FPR": [0.01861427094105481, 0.007502679528403001], "FPR whole": 0.013157894736842105, "FPR ratio": 2.481016398286305, "PPR": [0.5909090909090909, 0.875], "PPR whole": 0.75, "PPR ratio": 0.6753246753246753}, "0.2-0.01": {"roc": 0.9794315789473684, "flag_rate": [0.042, 0.058], "flag_rate_ratio": 0.7241379310344828, "TPR": [0.696969696969697, 0.8208955223880597], "TPR whole": 0.78, "TPR ratio": 0.8490358126721763, "FPR": [0.01964839710444674, 0.003215434083601286], "FPR whole": 0.011578947368421053, "FPR ratio": 6.110651499482937, "PPR": [0.5476190476190477, 0.9482758620689655], "PPR whole": 0.78, "PPR ratio": 0.5774891774891775}, "0.2-0.2": {"roc": 0.9790421052631578, "flag_rate": [0.041, 0.059], "flag_rate_ratio": 0.6949152542372882, "TPR": [0.7575757575757576, 0.8208955223880597], "TPR whole": 0.8, "TPR ratio": 0.9228650137741047, "FPR": [0.016546018614270942, 0.004287245444801715], "FPR whole": 0.010526315789473684, "FPR ratio": 3.8593588417786973, "PPR": [0.6097560975609756, 0.9322033898305084], "PPR whole": 0.8, "PPR ratio": 0.6541019955654103}, "0.2-0.5": {"roc": 0.961657894736842, "flag_rate": [0.047, 0.053], "flag_rate_ratio": 0.8867924528301887, "TPR": [0.7272727272727273, 0.7164179104477612], "TPR whole": 0.72, "TPR ratio": 1.0151515151515151, "FPR": [0.023784901758014478, 0.0053590568060021436], "FPR whole": 0.014736842105263158, "FPR ratio": 4.4382626680455015, "PPR": [0.5106382978723404, 0.9056603773584906], "PPR whole": 0.72, "PPR ratio": 0.5638297872340425}, "0.2-0.8": {"roc": 0.9479473684210526, "flag_rate": [0.045, 0.055], "flag_rate_ratio": 0.8181818181818181, "TPR": [0.6363636363636364, 0.7164179104477612], "TPR whole": 0.69, "TPR ratio": 0.8882575757575758, "FPR": [0.02481902792140641, 0.007502679528403001], "FPR whole": 0.01631578947368421, "FPR ratio": 3.30802186438174, "PPR": [0.4666666666666667, 0.8727272727272727], "PPR whole": 0.69, "PPR ratio": 0.5347222222222222}, "0.5-0.01": {"roc": 0.9794631578947369, "flag_rate": [0.04, 0.06], "flag_rate_ratio": 0.6666666666666667, "TPR": [0.7575757575757576, 0.8208955223880597], "TPR whole": 0.8, "TPR ratio": 0.9228650137741047, "FPR": [0.015511892450879007, 0.0053590568060021436], "FPR whole": 0.010526315789473684, "FPR ratio": 2.8945191313340226, "PPR": [0.625, 0.9166666666666666], "PPR whole": 0.8, "PPR ratio": 0.6818181818181819}, "0.5-0.2": {"roc": 0.9679263157894737, "flag_rate": [0.047, 0.053], "flag_rate_ratio": 0.8867924528301887, "TPR": [0.7272727272727273, 0.7611940298507462], "TPR whole": 0.75, "TPR ratio": 0.9554367201426025, "FPR": [0.023784901758014478, 0.0021436227224008574], "FPR whole": 0.013157894736842105, "FPR ratio": 11.095656670113755, "PPR": [0.5106382978723404, 0.9622641509433962], "PPR whole": 0.75, "PPR ratio": 0.5306633291614518}, "0.5-0.5": {"roc": 0.9603, "flag_rate": [0.048, 0.052], "flag_rate_ratio": 0.9230769230769231, "TPR": [0.7575757575757576, 0.746268656716418], "TPR whole": 0.75, "TPR ratio": 1.0151515151515151, "FPR": [0.023784901758014478, 0.0021436227224008574], "FPR whole": 0.013157894736842105, "FPR ratio": 11.095656670113755, "PPR": [0.5208333333333334, 0.9615384615384616], "PPR whole": 0.75, "PPR ratio": 0.5416666666666667}, "0.5-0.8": {"roc": 0.9358842105263158, "flag_rate": [0.047, 0.053], "flag_rate_ratio": 0.8867924528301887, "TPR": [0.696969696969697, 0.6865671641791045], "TPR whole": 0.69, "TPR ratio": 1.0151515151515151, "FPR": [0.02481902792140641, 0.007502679528403001], "FPR whole": 0.01631578947368421, "FPR ratio": 3.30802186438174, "PPR": [0.48936170212765956, 0.8679245283018868], "PPR whole": 0.69, "PPR ratio": 0.5638297872340425}, "0.8-0.01": {"roc": 0.9795052631578948, "flag_rate": [0.046, 0.054], "flag_rate_ratio": 0.8518518518518519, "TPR": [0.8181818181818182, 0.7611940298507462], "TPR whole": 0.78, "TPR ratio": 1.0748663101604279, "FPR": [0.01964839710444674, 0.003215434083601286], "FPR whole": 0.011578947368421053, "FPR ratio": 6.110651499482937, "PPR": [0.5869565217391305, 0.9444444444444444], "PPR whole": 0.78, "PPR ratio": 0.6214833759590793}, "0.8-0.2": {"roc": 0.9542578947368422, "flag_rate": [0.049, 0.051], "flag_rate_ratio": 0.9607843137254903, "TPR": [0.7272727272727273, 0.7164179104477612], "TPR whole": 0.72, "TPR ratio": 1.0151515151515151, "FPR": [0.025853154084798345, 0.003215434083601286], "FPR whole": 0.014736842105263158, "FPR ratio": 8.040330920372286, "PPR": [0.4897959183673469, 0.9411764705882353], "PPR whole": 0.72, "PPR ratio": 0.5204081632653061}, "0.8-0.5": {"roc": 0.950657894736842, "flag_rate": [0.047, 0.053], "flag_rate_ratio": 0.8867924528301887, "TPR": [0.7272727272727273, 0.7313432835820896], "TPR whole": 0.73, "TPR ratio": 0.9944341372912802, "FPR": [0.023784901758014478, 0.004287245444801715], "FPR whole": 0.014210526315789474, "FPR ratio": 5.547828335056877, "PPR": [0.5106382978723404, 0.9245283018867925], "PPR whole": 0.73,