{"0.01-0.01": {"roc": 0.9634105263157895, "flag_rate": [0.034, 0.066], "flag_rate_ratio": 0.5151515151515151, "TPR": [0.7, 0.8125], "TPR whole": 0.79, "TPR ratio": 0.8615384615384615, "FPR": [0.02040816326530612, 0.0010869565217391304], "FPR whole": 0.011052631578947368, "FPR ratio": 18.77551020408163, "PPR": [0.4117647058823529, 0.9848484848484849], "PPR whole": 0.79, "PPR ratio": 0.4180995475113122}, "0.01-0.2": {"roc": 0.9479473684210525, "flag_rate": [0.038, 0.062], "flag_rate_ratio": 0.6129032258064516, "TPR": [0.7, 0.7625], "TPR whole": 0.75, "TPR ratio": 0.9180327868852459, "FPR": [0.024489795918367346, 0.0010869565217391304], "FPR whole": 0.013157894736842105, "FPR ratio": 22.53061224489796, "PPR": [0.3684210526315789, 0.9838709677419355], "PPR whole": 0.75, "PPR ratio": 0.37446074201898183}, "0.01-0.5": {"roc": 0.9336421052631578, "flag_rate": [0.038, 0.062], "flag_rate_ratio": 0.6129032258064516, "TPR": [0.6, 0.7625], "TPR whole": 0.73, "TPR ratio": 0.7868852459016393, "FPR": [0.026530612244897958, 0.0010869565217391304], "FPR whole": 0.014210526315789474, "FPR ratio": 24.408163265306122, "PPR": [0.3157894736842105, 0.9838709677419355], "PPR whole": 0.73, "PPR ratio": 0.32096635030198445}, "0.01-0.8": {"roc": 0.9376157894736842, "flag_rate": [0.04, 0.06], "flag_rate_ratio": 0.6666666666666667, "TPR": [0.65, 0.6875], "TPR whole": 0.68, "TPR ratio": 0.9454545454545454, "FPR": [0.027551020408163266, 0.005434782608695652], "FPR whole": 0.016842105263157894, "FPR ratio": 5.069387755102041, "PPR": [0.325, 0.9166666666666666], "PPR whole": 0.68, "PPR ratio": 0.35454545454545455}, "0.05-0.01": {"roc": 0.9542684210526315, "flag_rate": [0.033, 0.067], "flag_rate_ratio": 0.4925373134328358, "TPR": [0.7, 0.825], "TPR whole": 0.8, "TPR ratio": 0.8484848484848485, "FPR": [0.019387755102040816, 0.0010869565217391304], "FPR whole": 0.010526315789473684, "FPR ratio": 17.83673469387755, "PPR": [0.42424242424242425, 0.9850746268656716], "PPR whole": 0.8, "PPR ratio": 0.4306703397612489}, "0.05-0.2": {"roc": 0.9493736842105263, "flag_rate": [0.039, 0.061], "flag_rate_ratio": 0.639344262295082, "TPR": [0.65, 0.75], "TPR whole": 0.73, "TPR ratio": 0.8666666666666667, "FPR": [0.026530612244897958, 0.0010869565217391304], "FPR whole": 0.014210526315789474, "FPR ratio": 24.408163265306122, "PPR": [0.3333333333333333, 0.9836065573770492], "PPR whole": 0.73, "PPR ratio": 0.33888888888888885}, "0.05-0.5": {"roc": 0.9352473684210527, "flag_rate": [0.038, 0.062], "flag_rate_ratio": 0.6129032258064516, "TPR": [0.6, 0.75], "TPR whole": 0.72, "TPR ratio": 0.7999999999999999, "FPR": [0.026530612244897958, 0.002173913043478261], "FPR whole": 0.014736842105263158, "FPR ratio": 12.204081632653061, "PPR": [0.3157894736842105, 0.967741935483871], "PPR whole": 0.72, "PPR ratio": 0.32631578947368417}, "0.05-0.8": {"roc": 0.9464947368421052, "flag_rate": [0.042, 0.058], "flag_rate_ratio": 0.7241379310344828, "TPR": [0.65, 0.675], "TPR whole": 0.67, "TPR ratio": 0.9629629629629629, "FPR": [0.02959183673469388, 0.004347826086956522], "FPR whole": 0.017368421052631578, "FPR ratio": 6.806122448979592, "PPR": [0.30952380952380953, 0.9310344827586207], "PPR whole": 0.67, "PPR ratio": 0.3324514991181658}, "0.2-0.01": {"roc": 0.9531315789473686, "flag_rate": [0.035, 0.065], "flag_rate_ratio": 0.5384615384615385, "TPR": [0.7, 0.8], "TPR whole": 0.78, "TPR ratio": 0.8749999999999999, "FPR": [0.02142857142857143, 0.0010869565217391304], "FPR whole": 0.011578947368421053, "FPR ratio": 19.714285714285715, "PPR": [0.4, 0.9846153846153847], "PPR whole": 0.78, "PPR ratio": 0.40625}, "0.2-0.2": {"roc": 0.9490368421052632, "flag_rate": [0.038, 0.062], "flag_rate_ratio": 0.6129032258064516, "TPR": [0.7, 0.7375], "TPR whole": 0.73, "TPR ratio": 0.9491525423728813, "FPR": [0.024489795918367346, 0.003260869565217391], "FPR whole": 0.014210526315789474, "FPR ratio": 7.510204081632653, "PPR": [0.3684210526315789, 0.9516129032258065], "PPR whole": 0.73, "PPR ratio": 0.38715432649420156}, "0.2-0.5": {"roc": 0.9555789473684211, "flag_rate": [0.03, 0.07], "flag_rate_ratio": 0.4285714285714285, "TPR": [0.6, 0.7625], "TPR whole": 0.73, "TPR ratio": 0.7868852459016393, "FPR": [0.018367346938775512, 0.009782608695652175], "FPR whole": 0.014210526315789474, "FPR ratio": 1.8775510204081634, "PPR": [0.4, 0.8714285714285714], "PPR whole": 0.73, "PPR ratio": 0.45901639344262296}, "0.2-0.8": {"roc": 0.9278631578947368, "flag_rate": [0.041, 0.059], "flag_rate_ratio": 0.6949152542372882, "TPR": [0.55, 0.675], "TPR whole": 0.65, "TPR ratio": 0.8148148148148149, "FPR": [0.030612244897959183, 0.005434782608695652], "FPR whole": 0.018421052631578946, "FPR ratio": 5.63265306122449, "PPR": [0.2682926829268293, 0.9152542372881356], "PPR whole": 0.65, "PPR ratio": 0.2931345980126468}, "0.5-0.01": {"roc": 0.9601105263157894, "flag_rate": [0.036, 0.064], "flag_rate_ratio": 0.5625, "TPR": [0.75, 0.7875], "TPR whole": 0.78, "TPR ratio": 0.9523809523809524, "FPR": [0.02142857142857143, 0.0010869565217391304], "FPR whole": 0.011578947368421053, "FPR ratio": 19.714285714285715, "PPR": [0.4166666666666667, 0.984375], "PPR whole": 0.78, "PPR ratio": 0.4232804232804233}, "0.5-0.2": {"roc": 0.9542526315789474, "flag_rate": [0.039, 0.061], "flag_rate_ratio": 0.639344262295082, "TPR": [0.65, 0.7625], "TPR whole": 0.74, "TPR ratio": 0.8524590163934427, "FPR": [0.026530612244897958, 0.0], "FPR whole": 0.01368421052631579, "FPR ratio": 2.653061224489796e-07, "PPR": [0.3333333333333333, 1.0], "PPR whole": 0.74, "PPR ratio": 0.3333333333333333}, "0.5-0.5": {"roc": 0.9165263157894736, "flag_rate": [0.044, 0.056], "flag_rate_ratio": 0.7857142857142857, "TPR": [0.55, 0.6875], "TPR whole": 0.66, "TPR ratio": 0.8, "FPR": [0.0336734693877551, 0.0010869565217391304], "FPR whole": 0.017894736842105262, "FPR ratio": 30.979591836734695, "PPR": [0.25, 0.9821428571428571], "PPR whole": 0.66, "PPR ratio": 0.2545454545454546}, "0.5-0.8": {"roc": 0.9180263157894735, "flag_rate": [0.044, 0.056], "flag_rate_ratio": 0.7857142857142857, "TPR": [0.55, 0.6875], "TPR whole": 0.66, "TPR ratio": 0.8, "FPR": [0.0336734693877551, 0.0010869565217391304], "FPR whole": 0.017894736842105262, "FPR ratio": 30.979591836734695, "PPR": [0.25, 0.9821428571428571], "PPR whole": 0.66, "PPR ratio": 0.2545454545454546}, "0.8-0.01": {"roc": 0.9611368421052632, "flag_rate": [0.035, 0.065], "flag_rate_ratio": 0.5384615384615385, "TPR": [0.7, 0.8], "TPR whole": 0.78, "TPR ratio": 0.8749999999999999, "FPR": [0.02142857142857143, 0.0010869565217391304], "FPR whole": 0.011578947368421053, "FPR ratio": 19.714285714285715, "PPR": [0.4, 0.9846153846153847], "PPR whole": 0.78, "PPR ratio": 0.40625}, "0.8-0.2": {"roc": 0.9371999999999999, "flag_rate": [0.041, 0.059], "flag_rate_ratio": 0.6949152542372882, "TPR": [0.6, 0.7125], "TPR whole": 0.69, "TPR ratio": 0.8421052631578947, "FPR": [0.02959183673469388, 0.002173913043478261], "FPR whole": 0.01631578947368421, "FPR ratio": 13.612244897959185, "PPR": [0.2926829268292683, 0.9661016949152542], "PPR whole": 0.69, "PPR ratio": 0.3029525032092426}, "0.8-0.5": {"roc": 0.921778947368421, "flag_rate": [0.044, 0.056], "flag_rate_ratio": 0.7857142857142857, "TPR": [0.6, 0.7], "TPR whole": 0.68, "TPR ratio": 0.8571428571428572, "FPR": [0.0326530612244898, 0.0], "FPR whole": 0.016842105263157894, "FPR ratio": 3.26530612244898e-07, "PPR": [0.2727272727272727, 1.0], "PPR whole": 0.68, "PPR ratio": 0.2727272727272727}, "0.8-0.8": {"roc": 0.9128421052631579, "flag_rate": [0.049, 0.051], "flag_rate_ratio": 0.9607843137254903, "TPR": [0.55, 0.6375], "TPR whole": 0.62, "TPR ratio": 0.8627450980392158, "FPR": [0.03877551020408163, 0.0], "FPR whole": 0.02, "FPR ratio": 3.8775510204081634e-07, "PPR": [0.22448979591836735, 1.0], "PPR whole": 0.62, "PPR ratio": 0.22448979591836735}}