{"0.01-0.01": {"roc": 0.9647000000000001, "flag_rate": [0.036, 0.064], "flag_rate_ratio": 0.5625, "TPR": [0.72, 0.8266666666666667], "TPR whole": 0.8, "TPR ratio": 0.8709677419354839, "FPR": [0.018461538461538463, 0.002162162162162162], "FPR whole": 0.010526315789473684, "FPR ratio": 8.538461538461538, "PPR": [0.5, 0.96875], "PPR whole": 0.8, "PPR ratio": 0.5161290322580645}, "0.01-0.2": {"roc": 0.9200842105263158, "flag_rate": [0.039, 0.061], "flag_rate_ratio": 0.639344262295082, "TPR": [0.6, 0.72], "TPR whole": 0.69, "TPR ratio": 0.8333333333333334, "FPR": [0.024615384615384615, 0.0075675675675675675], "FPR whole": 0.01631578947368421, "FPR ratio": 3.2527472527472527, "PPR": [0.38461538461538464, 0.8852459016393442], "PPR whole": 0.69, "PPR ratio": 0.4344729344729345}, "0.01-0.5": {"roc": 0.9035526315789474, "flag_rate": [0.042, 0.058], "flag_rate_ratio": 0.7241379310344828, "TPR": [0.52, 0.7066666666666667], "TPR whole": 0.66, "TPR ratio": 0.7358490566037736, "FPR": [0.029743589743589743, 0.005405405405405406], "FPR whole": 0.017894736842105262, "FPR ratio": 5.502564102564102, "PPR": [0.30952380952380953, 0.9137931034482759], "PPR whole": 0.66, "PPR ratio": 0.3387241689128482}, "0.01-0.8": {"roc": 0.8879157894736842, "flag_rate": [0.046, 0.054], "flag_rate_ratio": 0.8518518518518519, "TPR": [0.48, 0.6533333333333333], "TPR whole": 0.61, "TPR ratio": 0.7346938775510204, "FPR": [0.03487179487179487, 0.005405405405405406], "FPR whole": 0.020526315789473684, "FPR ratio": 6.451282051282051, "PPR": [0.2608695652173913, 0.9074074074074074], "PPR whole": 0.61, "PPR ratio": 0.287488908606921}, "0.05-0.01": {"roc": 0.9568105263157896, "flag_rate": [0.034, 0.066], "flag_rate_ratio": 0.5151515151515151, "TPR": [0.64, 0.84], "TPR whole": 0.79, "TPR ratio": 0.761904761904762, "FPR": [0.018461538461538463, 0.003243243243243243], "FPR whole": 0.011052631578947368, "FPR ratio": 5.692307692307693, "PPR": [0.47058823529411764, 0.9545454545454546], "PPR whole": 0.79, "PPR ratio": 0.4929971988795518}, "0.05-0.2": {"roc": 0.9164789473684211, "flag_rate": [0.041, 0.059], "flag_rate_ratio": 0.6949152542372882, "TPR": [0.6, 0.72], "TPR whole": 0.69, "TPR ratio": 0.8333333333333334, "FPR": [0.02666666666666667, 0.005405405405405406], "FPR whole": 0.01631578947368421, "FPR ratio": 4.933333333333334, "PPR": [0.36585365853658536, 0.9152542372881356], "PPR whole": 0.69, "PPR ratio": 0.3997289972899729}, "0.05-0.5": {"roc": 0.9104736842105263, "flag_rate": [0.043, 0.057], "flag_rate_ratio": 0.7543859649122806, "TPR": [0.52, 0.68], "TPR whole": 0.64, "TPR ratio": 0.7647058823529411, "FPR": [0.03076923076923077, 0.006486486486486486], "FPR whole": 0.018947368421052633, "FPR ratio": 4.7435897435897445, "PPR": [0.3023255813953488, 0.8947368421052632], "PPR whole": 0.64, "PPR ratio": 0.3378932968536251}, "0.05-0.8": {"roc": 0.9053, "flag_rate": [0.043, 0.057], "flag_rate_ratio": 0.7543859649122806, "TPR": [0.56, 0.6933333333333334], "TPR whole": 0.66, "TPR ratio": 0.8076923076923077, "FPR": [0.029743589743589743, 0.005405405405405406], "FPR whole": 0.017894736842105262, "FPR ratio": 5.502564102564102, "PPR": [0.32558139534883723, 0.9122807017543859], "PPR whole": 0.66, "PPR ratio": 0.3568872987477639}, "0.2-0.01": {"roc": 0.9675842105263157, "flag_rate": [0.038, 0.062], "flag_rate_ratio": 0.6129032258064516, "TPR": [0.68, 0.8], "TPR whole": 0.77, "TPR ratio": 0.85, "FPR": [0.021538461538461538, 0.002162162162162162], "FPR whole": 0.012105263157894737, "FPR ratio": 9.961538461538462, "PPR": [0.4473684210526316, 0.967741935483871], "PPR whole": 0.77, "PPR ratio": 0.46228070175438596}, "0.2-0.2": {"roc": 0.9399052631578947, "flag_rate": [0.04, 0.06], "flag_rate_ratio": 0.6666666666666667, "TPR": [0.6, 0.76], "TPR whole": 0.72, "TPR ratio": 0.7894736842105263, "FPR": [0.02564102564102564, 0.003243243243243243], "FPR whole": 0.014736842105263158, "FPR ratio": 7.905982905982906, "PPR": [0.375, 0.95], "PPR whole": 0.72, "PPR ratio": 0.39473684210526316}, "0.2-0.5": {"roc": 0.9074368421052632, "flag_rate": [0.048, 0.052], "flag_rate_ratio": 0.9230769230769231, "TPR": [0.56, 0.6666666666666666], "TPR whole": 0.64, "TPR ratio": 0.8400000000000001, "FPR": [0.03487179487179487, 0.002162162162162162], "FPR whole": 0.018947368421052633, "FPR ratio": 16.128205128205128, "PPR": [0.2916666666666667, 0.9615384615384616], "PPR whole": 0.64, "PPR ratio": 0.30333333333333334}, "0.2-0.8": {"roc": 0.8943105263157894, "flag_rate": [0.049, 0.051], "flag_rate_ratio": 0.9607843137254903, "TPR": [0.48, 0.6266666666666667], "TPR whole": 0.59, "TPR ratio": 0.7659574468085105, "FPR": [0.03794871794871795, 0.004324324324324324], "FPR whole": 0.02157894736842105, "FPR ratio": 8.775641025641026, "PPR": [0.24489795918367346, 0.9215686274509803], "PPR whole": 0.59, "PPR ratio": 0.265740338688667}, "0.5-0.01": {"roc": 0.9653421052631579, "flag_rate": [0.038, 0.062], "flag_rate_ratio": 0.6129032258064516, "TPR": [0.72, 0.8133333333333334], "TPR whole": 0.79, "TPR ratio": 0.8852459016393442, "FPR": [0.020512820512820513, 0.001081081081081081], "FPR whole": 0.011052631578947368, "FPR ratio": 18.974358974358974, "PPR": [0.47368421052631576, 0.9838709677419355], "PPR whole": 0.79, "PPR ratio": 0.48144952545297665}, "0.5-0.2": {"roc": 0.9054157894736842, "flag_rate": [0.043, 0.057], "flag_rate_ratio": 0.7543859649122806, "TPR": [0.56, 0.7066666666666667], "TPR whole": 0.67, "TPR ratio": 0.7924528301886793, "FPR": [0.029743589743589743, 0.004324324324324324], "FPR whole": 0.017368421052631578, "FPR ratio": 6.878205128205128, "PPR": [0.32558139534883723, 0.9298245614035088], "PPR whole": 0.67, "PPR ratio": 0.35015357612988157}, "0.5-0.5": {"roc": 0.9057631578947367, "flag_rate": [0.044, 0.056], "flag_rate_ratio": 0.7857142857142857, "TPR": [0.48, 0.7066666666666667], "TPR whole": 0.65, "TPR ratio": 0.6792452830188679, "FPR": [0.03282051282051282, 0.003243243243243243], "FPR whole": 0.018421052631578946, "FPR ratio": 10.119658119658121, "PPR": [0.2727272727272727, 0.9464285714285714], "PPR whole": 0.65, "PPR ratio": 0.28816466552315606}, "0.5-0.8": {"roc": 0.8904631578947368, "flag_rate": [0.049, 0.051], "flag_rate_ratio": 0.9607843137254903, "TPR": [0.52, 0.64], "TPR whole": 0.61, "TPR ratio": 0.8125, "FPR": [0.036923076923076927, 0.003243243243243243], "FPR whole": 0.020526315789473684, "FPR ratio": 11.384615384615387, "PPR": [0.2653061224489796, 0.9411764705882353], "PPR whole": 0.61, "PPR ratio": 0.28188775510204084}, "0.8-0.01": {"roc": 0.9650105263157894, "flag_rate": [0.036, 0.064], "flag_rate_ratio": 0.5625, "TPR": [0.6, 0.8266666666666667], "TPR whole": 0.77, "TPR ratio": 0.7258064516129032, "FPR": [0.021538461538461538, 0.002162162162162162], "FPR whole": 0.012105263157894737, "FPR ratio": 9.961538461538462, "PPR": [0.4166666666666667, 0.96875], "PPR whole": 0.77, "PPR ratio": 0.43010752688172044}, "0.8-0.2": {"roc": 0.8788473684210526, "flag_rate": [0.044, 0.056], "flag_rate_ratio": 0.7857142857142857, "TPR": [0.52, 0.6933333333333334], "TPR whole": 0.65, "TPR ratio": 0.75, "FPR": [0.031794871794871796, 0.004324324324324324], "FPR whole": 0.018421052631578946, "FPR ratio": 7.352564102564103, "PPR": [0.29545454545454547, 0.9285714285714286], "PPR whole": 0.65, "PPR ratio": 0.3181818181818182}, "0.8-0.5": {"roc": 0.8887684210526315, "flag_rate": [0.049, 0.051], "flag_rate_ratio": 0.9607843137254903, "TPR": [0.48, 0.6666666666666666], "TPR whole": 0.62, "TPR ratio": 0.72, "FPR": [0.03794871794871795, 0.001081081081081081], "FPR whole": 0.02, "FPR ratio": 35.1025641025641, "PPR": [0.24489795918367346, 0.9803921568627451], "PPR whole": 0.62, "PPR ratio": 0.24979591836734694}, "0.8-0.8": {"roc": 0.8781789473684211, "flag_rate": [0.051, 0.049], "flag_rate_ratio": 1.040816326530612, "TPR": [0.48, 0.6266666666666667], "TPR whole": 0.59, "TPR ratio": 0.7659574468085105, "FPR": [0.04, 0.002162162162162162], "FPR whole": 0.02157894736842105, "FPR ratio": 18.5, "PPR": [0.23529411764705882, 0.9591836734693877],