{"0.01-0.01": {"roc": 0.8371055555555555, "flag_rate": [0.061, 0.139], "flag_rate_ratio": 0.4388489208633093, "TPR": [0.61, 0.42], "TPR whole": 0.515, "TPR ratio": 1.4523809523809523, "FPR": [0.0, 0.10777777777777778], "FPR whole": 0.05388888888888889, "FPR ratio": 0.0, "PPR": [1.0, 0.302158273381295], "PPR whole": 0.515, "PPR ratio": 3.3095238095238093}, "0.01-0.2": {"roc": 0.8422055555555555, "flag_rate": [0.057, 0.143], "flag_rate_ratio": 0.39860139860139865, "TPR": [0.57, 0.41], "TPR whole": 0.49, "TPR ratio": 1.3902439024390243, "FPR": [0.0, 0.11333333333333333], "FPR whole": 0.056666666666666664, "FPR ratio": 0.0, "PPR": [1.0, 0.2867132867132867], "PPR whole": 0.49, "PPR ratio": 3.4878048780487805}, "0.01-0.5": {"roc": 0.8484944444444444, "flag_rate": [0.061, 0.139], "flag_rate_ratio": 0.4388489208633093, "TPR": [0.59, 0.38], "TPR whole": 0.485, "TPR ratio": 1.5526315789473684, "FPR": [0.0022222222222222222, 0.11222222222222222], "FPR whole": 0.05722222222222222, "FPR ratio": 0.019801980198019802, "PPR": [0.9672131147540983, 0.2733812949640288], "PPR whole": 0.485, "PPR ratio": 3.5379637618636752}, "0.01-0.8": {"roc": 0.8273444444444444, "flag_rate": [0.058, 0.142], "flag_rate_ratio": 0.4084507042253522, "TPR": [0.55, 0.38], "TPR whole": 0.465, "TPR ratio": 1.4473684210526316, "FPR": [0.0033333333333333335, 0.11555555555555555], "FPR whole": 0.059444444444444446, "FPR ratio": 0.028846153846153848, "PPR": [0.9482758620689655, 0.2676056338028169], "PPR whole": 0.465, "PPR ratio": 3.5435571687840293}, "0.05-0.01": {"roc": 0.8444583333333333, "flag_rate": [0.059, 0.141], "flag_rate_ratio": 0.41843971631205673, "TPR": [0.59, 0.43], "TPR whole": 0.51, "TPR ratio": 1.372093023255814, "FPR": [0.0, 0.10888888888888888], "FPR whole": 0.05444444444444444, "FPR ratio": 0.0, "PPR": [1.0, 0.3049645390070922], "PPR whole": 0.51, "PPR ratio": 3.2790697674418605}, "0.05-0.2": {"roc": 0.8482777777777777, "flag_rate": [0.06, 0.14], "flag_rate_ratio": 0.4285714285714285, "TPR": [0.6, 0.42], "TPR whole": 0.51, "TPR ratio": 1.4285714285714286, "FPR": [0.0, 0.10888888888888888], "FPR whole": 0.05444444444444444, "FPR ratio": 0.0, "PPR": [1.0, 0.3], "PPR whole": 0.51, "PPR ratio": 3.3333333333333335}, "0.05-0.5": {"roc": 0.8484916666666666, "flag_rate": [0.058, 0.142], "flag_rate_ratio": 0.4084507042253522, "TPR": [0.57, 0.41], "TPR whole": 0.49, "TPR ratio": 1.3902439024390243, "FPR": [0.0011111111111111111, 0.11222222222222222], "FPR whole": 0.056666666666666664, "FPR ratio": 0.009900990099009901, "PPR": [0.9827586206896551, 0.2887323943661972], "PPR whole": 0.49, "PPR ratio": 3.403700588730025}, "0.05-0.8": {"roc": 0.8322888888888887, "flag_rate": [0.058, 0.142], "flag_rate_ratio": 0.4084507042253522, "TPR": [0.56, 0.4], "TPR whole": 0.48, "TPR ratio": 1.4000000000000001, "FPR": [0.0022222222222222222, 0.11333333333333333], "FPR whole": 0.057777777777777775, "FPR ratio": 0.0196078431372549, "PPR": [0.9655172413793104, 0.28169014084507044], "PPR whole": 0.48, "PPR ratio": 3.4275862068965517}, "0.2-0.01": {"roc": 0.8354527777777778, "flag_rate": [0.061, 0.139], "flag_rate_ratio": 0.4388489208633093, "TPR": [0.61, 0.41], "TPR whole": 0.51, "TPR ratio": 1.4878048780487805, "FPR": [0.0, 0.10888888888888888], "FPR whole": 0.05444444444444444, "FPR ratio": 0.0, "PPR": [1.0, 0.2949640287769784], "PPR whole": 0.51, "PPR ratio": 3.3902439024390243}, "0.2-0.2": {"roc": 0.8571083333333332, "flag_rate": [0.059, 0.141], "flag_rate_ratio": 0.41843971631205673, "TPR": [0.58, 0.43], "TPR whole": 0.505, "TPR ratio": 1.3488372093023255, "FPR": [0.0011111111111111111, 0.10888888888888888], "FPR whole": 0.055, "FPR ratio": 0.010204081632653062, "PPR": [0.9830508474576272, 0.3049645390070922], "PPR whole": 0.505, "PPR ratio": 3.2234923137564055}, "0.2-0.5": {"roc": 0.8497277777777776, "flag_rate": [0.058, 0.142], "flag_rate_ratio": 0.4084507042253522, "TPR": [0.58, 0.42], "TPR whole": 0.5, "TPR ratio": 1.380952380952381, "FPR": [0.0, 0.1111111111111111], "FPR whole": 0.05555555555555555, "FPR ratio": 0.0, "PPR": [1.0, 0.29577464788732394], "PPR whole": 0.5, "PPR ratio": 3.380952380952381}, "0.2-0.8": {"roc": 0.8370222222222222, "flag_rate": [0.058, 0.142], "flag_rate_ratio": 0.4084507042253522, "TPR": [0.55, 0.4], "TPR whole": 0.475, "TPR ratio": 1.375, "FPR": [0.0033333333333333335, 0.11333333333333333], "FPR whole": 0.058333333333333334, "FPR ratio": 0.029411764705882356, "PPR": [0.9482758620689655, 0.28169014084507044], "PPR whole": 0.475, "PPR ratio": 3.3663793103448274}, "0.5-0.01": {"roc": 0.849763888888889, "flag_rate": [0.063, 0.137], "flag_rate_ratio": 0.45985401459854014, "TPR": [0.57, 0.44], "TPR whole": 0.505, "TPR ratio": 1.2954545454545454, "FPR": [0.006666666666666667, 0.10333333333333333], "FPR whole": 0.055, "FPR ratio": 0.06451612903225806, "PPR": [0.9047619047619048, 0.32116788321167883], "PPR whole": 0.505, "PPR ratio": 2.817099567099567}, "0.5-0.2": {"roc": 0.8413416666666667, "flag_rate": [0.058, 0.142], "flag_rate_ratio": 0.4084507042253522, "TPR": [0.58, 0.4], "TPR whole": 0.49, "TPR ratio": 1.4499999999999997, "FPR": [0.0, 0.11333333333333333], "FPR whole": 0.056666666666666664, "FPR ratio": 0.0, "PPR": [1.0, 0.28169014084507044], "PPR whole": 0.49, "PPR ratio": 3.55}, "0.5-0.5": {"roc": 0.8512027777777778, "flag_rate": [0.057, 0.143], "flag_rate_ratio": 0.39860139860139865, "TPR": [0.57, 0.42], "TPR whole": 0.495, "TPR ratio": 1.357142857142857, "FPR": [0.0, 0.11222222222222222], "FPR whole": 0.05611111111111111, "FPR ratio": 0.0, "PPR": [1.0, 0.2937062937062937], "PPR whole": 0.495, "PPR ratio": 3.4047619047619047}, "0.5-0.8": {"roc": 0.8405083333333333, "flag_rate": [0.06, 0.14], "flag_rate_ratio": 0.4285714285714285, "TPR": [0.57, 0.41], "TPR whole": 0.49, "TPR ratio": 1.3902439024390243, "FPR": [0.0033333333333333335, 0.11], "FPR whole": 0.056666666666666664, "FPR ratio": 0.030303030303030304, "PPR": [0.95, 0.29285714285714287], "PPR whole": 0.49, "PPR ratio": 3.24390243902439}, "0.8-0.01": {"roc": 0.8518444444444443, "flag_rate": [0.06, 0.14], "flag_rate_ratio": 0.4285714285714285, "TPR": [0.6, 0.44], "TPR whole": 0.52, "TPR ratio": 1.3636363636363635, "FPR": [0.0, 0.10666666666666667], "FPR whole": 0.05333333333333334, "FPR ratio": 0.0, "PPR": [1.0, 0.3142857142857143], "PPR whole": 0.52, "PPR ratio": 3.181818181818182}, "0.8-0.2": {"roc": 0.8363222222222223, "flag_rate": [0.061, 0.139], "flag_rate_ratio": 0.4388489208633093, "TPR": [0.61, 0.4], "TPR whole": 0.505, "TPR ratio": 1.525, "FPR": [0.0, 0.11], "FPR whole": 0.055, "FPR ratio": 0.0, "PPR": [1.0, 0.28776978417266186], "PPR whole": 0.505, "PPR ratio": 3.475}, "0.8-0.5": {"roc": 0.8247916666666667, "flag_rate": [0.061, 0.139], "flag_rate_ratio": 0.4388489208633093, "TPR": [0.59, 0.37], "TPR whole": 0.48, "TPR ratio": 1.5945945945945945, "FPR": [0.0022222222222222222, 0.11333333333333333], "FPR whole": 0.057777777777777775, "FPR ratio": 0.0196078431372549, "PPR": [0.9672131147540983, 0.26618705035971224], "PPR whole": 0.48, "PPR ratio": 3.633584404076207}, "0.8-0.8": {"roc": 0.8566305555555556, "flag_rate": [0.056, 0.144], "flag_rate_ratio": 0.38888888888888895, "TPR": [0.56, 0.45], "TPR whole": 0.505, "TPR ratio": 1.2444444444444445, "FPR": [0.0, 0.11], "FPR whole": 0.055, "FPR ratio": 0.0, "PPR": [1.0, 0.3125], "PPR whole": 0.505, "PPR ratio": 3.2}}