{"0.01-0.01": {"roc": 0.8421638888888889, "flag_rate": [0.047, 0.153], "flag_rate_ratio": 0.30718954248366015, "TPR": [0.47, 0.45], "TPR whole": 0.46, "TPR ratio": 1.0444444444444443, "FPR": [0.0, 0.12], "FPR whole": 0.06, "FPR ratio": 0.0, "PPR": [1.0, 0.29411764705882354], "PPR whole": 0.46, "PPR ratio": 3.4}, "0.01-0.2": {"roc": 0.8578722222222221, "flag_rate": [0.049, 0.151], "flag_rate_ratio": 0.3245033112582782, "TPR": [0.49, 0.42], "TPR whole": 0.455, "TPR ratio": 1.1666666666666667, "FPR": [0.0, 0.12111111111111111], "FPR whole": 0.06055555555555556, "FPR ratio": 0.0, "PPR": [1.0, 0.2781456953642384], "PPR whole": 0.455, "PPR ratio": 3.5952380952380953}, "0.01-0.5": {"roc": 0.8547416666666667, "flag_rate": [0.049, 0.151], "flag_rate_ratio": 0.3245033112582782, "TPR": [0.49, 0.39], "TPR whole": 0.44, "TPR ratio": 1.2564102564102564, "FPR": [0.0, 0.12444444444444444], "FPR whole": 0.06222222222222222, "FPR ratio": 0.0, "PPR": [1.0, 0.2582781456953642], "PPR whole": 0.44, "PPR ratio": 3.871794871794872}, "0.01-0.8": {"roc": 0.8660972222222223, "flag_rate": [0.048, 0.152], "flag_rate_ratio": 0.31578947368421056, "TPR": [0.48, 0.41], "TPR whole": 0.445, "TPR ratio": 1.170731707317073, "FPR": [0.0, 0.12333333333333334], "FPR whole": 0.06166666666666667, "FPR ratio": 0.0, "PPR": [1.0, 0.26973684210526316], "PPR whole": 0.445, "PPR ratio": 3.7073170731707314}, "0.05-0.01": {"roc": 0.8581444444444444, "flag_rate": [0.05, 0.15], "flag_rate_ratio": 0.33333333333333337, "TPR": [0.5, 0.43], "TPR whole": 0.465, "TPR ratio": 1.1627906976744187, "FPR": [0.0, 0.11888888888888889], "FPR whole": 0.059444444444444446, "FPR ratio": 0.0, "PPR": [1.0, 0.2866666666666667], "PPR whole": 0.465, "PPR ratio": 3.488372093023256}, "0.05-0.2": {"roc": 0.8579111111111112, "flag_rate": [0.046, 0.154], "flag_rate_ratio": 0.2987012987012987, "TPR": [0.46, 0.41], "TPR whole": 0.435, "TPR ratio": 1.1219512195121952, "FPR": [0.0, 0.12555555555555556], "FPR whole": 0.06277777777777778, "FPR ratio": 0.0, "PPR": [1.0, 0.2662337662337662], "PPR whole": 0.435, "PPR ratio": 3.75609756097561}, "0.05-0.5": {"roc": 0.8588166666666666, "flag_rate": [0.048, 0.152], "flag_rate_ratio": 0.31578947368421056, "TPR": [0.48, 0.43], "TPR whole": 0.455, "TPR ratio": 1.1162790697674418, "FPR": [0.0, 0.12111111111111111], "FPR whole": 0.06055555555555556, "FPR ratio": 0.0, "PPR": [1.0, 0.28289473684210525], "PPR whole": 0.455, "PPR ratio": 3.5348837209302326}, "0.05-0.8": {"roc": 0.8587277777777778, "flag_rate": [0.047, 0.153], "flag_rate_ratio": 0.30718954248366015, "TPR": [0.47, 0.4], "TPR whole": 0.435, "TPR ratio": 1.1749999999999998, "FPR": [0.0, 0.12555555555555556], "FPR whole": 0.06277777777777778, "FPR ratio": 0.0, "PPR": [1.0, 0.26143790849673204], "PPR whole": 0.435, "PPR ratio": 3.8249999999999997}, "0.2-0.01": {"roc": 0.8415583333333334, "flag_rate": [0.052, 0.148], "flag_rate_ratio": 0.35135135135135137, "TPR": [0.52, 0.4], "TPR whole": 0.46, "TPR ratio": 1.3, "FPR": [0.0, 0.12], "FPR whole": 0.06, "FPR ratio": 0.0, "PPR": [1.0, 0.2702702702702703], "PPR whole": 0.46, "PPR ratio": 3.6999999999999997}, "0.2-0.2": {"roc": 0.85565, "flag_rate": [0.049, 0.151], "flag_rate_ratio": 0.3245033112582782, "TPR": [0.49, 0.42], "TPR whole": 0.455, "TPR ratio": 1.1666666666666667, "FPR": [0.0, 0.12111111111111111], "FPR whole": 0.06055555555555556, "FPR ratio": 0.0, "PPR": [1.0, 0.2781456953642384], "PPR whole": 0.455, "PPR ratio": 3.5952380952380953}, "0.2-0.5": {"roc": 0.8498972222222221, "flag_rate": [0.05, 0.15], "flag_rate_ratio": 0.33333333333333337, "TPR": [0.5, 0.39], "TPR whole": 0.445, "TPR ratio": 1.282051282051282, "FPR": [0.0, 0.12333333333333334], "FPR whole": 0.06166666666666667, "FPR ratio": 0.0, "PPR": [1.0, 0.26], "PPR whole": 0.445, "PPR ratio": 3.846153846153846}, "0.2-0.8": {"roc": 0.8560277777777778, "flag_rate": [0.051, 0.149], "flag_rate_ratio": 0.3422818791946309, "TPR": [0.51, 0.41], "TPR whole": 0.46, "TPR ratio": 1.2439024390243902, "FPR": [0.0, 0.12], "FPR whole": 0.06, "FPR ratio": 0.0, "PPR": [1.0, 0.2751677852348993], "PPR whole": 0.46, "PPR ratio": 3.6341463414634148}, "0.5-0.01": {"roc": 0.8595333333333334, "flag_rate": [0.052, 0.148], "flag_rate_ratio": 0.35135135135135137, "TPR": [0.52, 0.42], "TPR whole": 0.47, "TPR ratio": 1.2380952380952381, "FPR": [0.0, 0.11777777777777777], "FPR whole": 0.058888888888888886, "FPR ratio": 0.0, "PPR": [1.0, 0.28378378378378377], "PPR whole": 0.47, "PPR ratio": 3.523809523809524}, "0.5-0.2": {"roc": 0.8383722222222222, "flag_rate": [0.05, 0.15], "flag_rate_ratio": 0.33333333333333337, "TPR": [0.5, 0.4], "TPR whole": 0.45, "TPR ratio": 1.25, "FPR": [0.0, 0.12222222222222222], "FPR whole": 0.06111111111111111, "FPR ratio": 0.0, "PPR": [1.0, 0.26666666666666666], "PPR whole": 0.45, "PPR ratio": 3.75}, "0.5-0.5": {"roc": 0.8534472222222221, "flag_rate": [0.047, 0.153], "flag_rate_ratio": 0.30718954248366015, "TPR": [0.47, 0.4], "TPR whole": 0.435, "TPR ratio": 1.1749999999999998, "FPR": [0.0, 0.12555555555555556], "FPR whole": 0.06277777777777778, "FPR ratio": 0.0, "PPR": [1.0, 0.26143790849673204], "PPR whole": 0.435, "PPR ratio": 3.8249999999999997}, "0.5-0.8": {"roc": 0.8633222222222222, "flag_rate": [0.055, 0.145], "flag_rate_ratio": 0.37931034482758624, "TPR": [0.55, 0.41], "TPR whole": 0.48, "TPR ratio": 1.3414634146341464, "FPR": [0.0, 0.11555555555555555], "FPR whole": 0.057777777777777775, "FPR ratio": 0.0, "PPR": [1.0, 0.2827586206896552], "PPR whole": 0.48, "PPR ratio": 3.5365853658536586}, "0.8-0.01": {"roc": 0.8779722222222223, "flag_rate": [0.056, 0.144], "flag_rate_ratio": 0.38888888888888895, "TPR": [0.56, 0.48], "TPR whole": 0.52, "TPR ratio": 1.1666666666666667, "FPR": [0.0, 0.10666666666666667], "FPR whole": 0.05333333333333334, "FPR ratio": 0.0, "PPR": [1.0, 0.3333333333333333], "PPR whole": 0.52, "PPR ratio": 3.0}, "0.8-0.2": {"roc": 0.8668027777777778, "flag_rate": [0.051, 0.149], "flag_rate_ratio": 0.3422818791946309, "TPR": [0.51, 0.44], "TPR whole": 0.475, "TPR ratio": 1.1590909090909092, "FPR": [0.0, 0.11666666666666667], "FPR whole": 0.058333333333333334, "FPR ratio": 0.0, "PPR": [1.0, 0.2953020134228188], "PPR whole": 0.475, "PPR ratio": 3.3863636363636362}, "0.8-0.5": {"roc": 0.8619777777777778, "flag_rate": [0.052, 0.148], "flag_rate_ratio": 0.35135135135135137, "TPR": [0.52, 0.41], "TPR whole": 0.465, "TPR ratio": 1.2682926829268293, "FPR": [0.0, 0.11888888888888889], "FPR whole": 0.059444444444444446, "FPR ratio": 0.0, "PPR": [1.0, 0.27702702702702703], "PPR whole": 0.465, "PPR ratio": 3.6097560975609757}, "0.8-0.8": {"roc": 0.8474666666666666, "flag_rate": [0.049, 0.151], "flag_rate_ratio": 0.3245033112582782, "TPR": [0.49, 0.4], "TPR whole": 0.445, "TPR ratio": 1.2249999999999999, "FPR": [0.0, 0.12333333333333334], "FPR whole": 0.06166666666666667, "FPR ratio": 0.0, "PPR": [1.0, 0.26490066225165565], "PPR whole": 0.445, "PPR ratio": 3.775}}