{"0.01": {"0.01-0.01": 0.05698040862198737, "0.01-0.2": 0.05092810866113229, "0.01-0.5": 0.058054360677876456, "0.01-0.8": 0.09345385688332992, "0.05-0.01": 0.042919600766101365, "0.05-0.2": 0.0502251876682942, "0.05-0.5": 0.05635610653013051, "0.05-0.8": 0.05731695253759444, "0.2-0.01": 0.050870276531662886, "0.2-0.2": 0.06298784216321941, "0.2-0.5": 0.05365938090441592, "0.2-0.8": 0.05764624833649875, "0.5-0.01": 0.03831813563982218, "0.5-0.2": 0.049854208198984194, "0.5-0.5": 0.08974881500359928, "0.5-0.8": 0.06392500662343818, "0.8-0.01": 0.04580733670167996, "0.8-0.2": 0.05221421782389061, "0.8-0.5": 0.08125478732055615, "0.8-0.8": 0.059354129142645415}, "0.05": {"0.01-0.01": 0.049088050386644475, "0.01-0.2": 0.05551074069844654, "0.01-0.5": 0.06660135129528837, "0.01-0.8": 0.06616113668965704, "0.05-0.01": 0.059759341484830295, "0.05-0.2": 0.1178959001412277, "0.05-0.5": 0.05529527425155854, "0.05-0.8": 0.09489773820531744, "0.2-0.01": 0.0579626935104044, "0.2-0.2": 0.05797979218385541, "0.2-0.5": 0.054477804844845705, "0.2-0.8": 0.0598400549034447, "0.5-0.01": 0.0945781954790769, "0.5-0.2": 0.06170567479046126, "0.5-0.5": 0.06750746424338952, "0.5-0.8": 0.060512518862045526, "0.8-0.01": 0.07280570534888248, "0.8-0.2": 0.054510707477648065, "0.8-0.5": 0.09903514511750526, "0.8-0.8": 0.060101309718342495}, "0.1": {"0.01-0.01": 0.03965090617843259, "0.01-0.2": 0.056250427689286044, "0.01-0.5": 0.09067416700835555, "0.01-0.8": 0.07534553579268805, "0.05-0.01": 0.04304045135450312, "0.05-0.2": 0.04880336724522666, "0.05-0.5": 0.06528677881425295, "0.05-0.8": 0.06849709956736233, "0.2-0.01": 0.06118834270597199, "0.2-0.2": 0.051185302929412334, "0.2-0.5": 0.08976409304664239, "0.2-0.8": 0.05511716802537593, "0.5-0.01": 0.04324482944594696, "0.5-0.2": 0.05220610821047599, "0.5-0.5": 0.05123482175212578, "0.5-0.8": 0.08285430504359294, "0.8-0.01": 0.05445904280862733, "0.8-0.2": 0.08607288025764537, "0.8-0.5": 0.07083485244557096, "0.8-0.8": 0.09465020329469574}, "0.2": {"0.01-0.01": 0.05348387548811659, "0.01-0.2": 0.0754981425627313, "0.01-0.5": 0.11901053661204392, "0.01-0.8": 0.08523127937269684, "0.05-0.01": 0.0815568409801379, "0.05-0.2": 0.05606580060524577, "0.05-0.5": 0.07012283973935098, "0.05-0.8": 0.06238181100525247, "0.2-0.01": 0.06280185458659375, "0.2-0.2": 0.054846818375001785, "0.2-0.5": 0.06043606911809874, "0.2-0.8": 0.08708950612690071, "0.5-0.01": 0.055466376488863545, "0.5-0.2": 0.06208026091504392, "0.5-0.5": 0.0635756008851343, "0.5-0.8": 0.09627474079435898, "0.8-0.01": 0.05526411320477015, "0.8-0.2": 0.08834330293661957, "0.8-0.5": 0.06544034822560908, "0.8-0.8": 0.06456409599705676}, "0.4": {"0.01-0.01": 0.06514096900607486, "0.01-0.2": 0.11453378945460534, "0.01-0.5": 0.07655699693361856, "0.01-0.8": 0.061944182506922754, "0.05-0.01": 0.05699588731688352, "0.05-0.2": 0.07145761774699533, "0.05-0.5": 0.07729341680558305, "0.05-0.8": 0.09274344910841857, "0.2-0.01": 0.055224815647528534, "0.2-0.2": 0.06924964984123183, "0.2-0.5": 0.0619299365469649, "0.2-0.8": 0.0770400225781671, "0.5-0.01": 0.05654189325197219, "0.5-0.2": 0.07276597813846856, "0.5-0.5": 0.10120669415072005, "0.5-0.8": 0.08011729616323654, "0.8-0.01": 0.06613199338743136, "0.8-0.2": 0.05988590978345762, "0.8-0.5": 0.06643479460124756, "0.8-0.8": 0.07116216581693889}, "0.6": {"0.01-0.01": 0.0768090978563365, "0.01-0.2": 0.052411335966571264, "0.01-0.5": 0.06944649252179146, "0.01-0.8": 0.12925417641695766, "0.05-0.01": 0.07272573788149209, "0.05-0.2": 0.05223262436369606, "0.05-0.5": 0.06870868621153954, "0.05-0.8": 0.07431232402526558, "0.2-0.01": 0.04049286234844447, "0.2-0.2": 0.0578175048139921, "0.2-0.5": 0.09576173449449746, "0.2-0.8": 0.09898121030231823, "0.5-0.01": 0.05473954374870822, "0.5-0.2": 0.09347226826353917, "0.5-0.5": 0.12968201313402306, "0.5-0.8": 0.13953920758375332, "0.8-0.01": 0.06864383648418138, "0.8-0.2": 0.06498750527785717, "0.8-0.5": 0.05927844669366964, "0.8-0.8": 0.10860983315168193}, "0.8": {"0.01-0.01": 0.20728573388293778, "0.01-0.2": 0.173885259406352, "0.01-0.5": 0.2606917030645113, "0.01-0.8": 0.2404944716659311, "0.05-0.01": 0.1508148541065029, "0.05-0.2": 0.16290421625548593, "0.05-0.5": 0.2148778808870817, "0.05-0.8": 0.22589411179819147, "0.2-0.01": 0.16167005499265436, "0.2-0.2": 0.2221349987508414, "0.2-0.5": 0.20572077628656749, "0.2-0.8": 0.2971591394816585, "0.5-0.01": 0.1545411400152455, "0.5-0.2": 0.20684950595405857, "0.5-0.5": 0.1655842091391113, "0.5-0.8": 0.2779365916135277, "0.8-0.01": 0.15300394424164804, "0.8-0.2": 0.2612961686270636, "0.8-0.5": 0.21105681200216972, "0.8-0.8": 0.24999036320048224}}