{"0.01": {"0.001-0.2": 0.2162975182852042, "0.001-0.5": 0.23682782283196724, "0.001-0.8": 0.156579365310221, "0.01-0.2": 0.08003778291098024, "0.01-0.5": 0.20015064645576938, "0.01-0.8": 0.12254570761216284, "0.05-0.2": 0.1251271984256556, "0.05-0.5": 0.2710006404653153, "0.05-0.8": 0.19825304729632093, "0.2-0.2": 0.3106604410517384, "0.2-0.5": 0.15957774968426125, "0.2-0.8": 0.17444129954146198, "0.5-0.2": 0.16115126129897273, "0.5-0.5": 0.27143175372736006, "0.5-0.8": 0.14821855472431514, "0.8-0.2": 0.19746136535653774, "0.8-0.5": 0.23300127661696646, "0.8-0.8": 0.23875743117181839}, "0.05": {"0.001-0.2": 0.238615391703417, "0.001-0.5": 0.17633301546832522, "0.001-0.8": 0.14492634506297192, "0.01-0.2": 0.09406536264101402, "0.01-0.5": 0.19254983560635644, "0.01-0.8": 0.12816664616397364, "0.05-0.2": 0.28380891877715453, "0.05-0.5": 0.11126863854113962, "0.05-0.8": 0.19312318414020643, "0.2-0.2": 0.2383202281213173, "0.2-0.5": 0.21019341038052292, "0.2-0.8": 0.17736931660457605, "0.5-0.2": 0.1498458691489368, "0.5-0.5": 0.1311745457964151, "0.5-0.8": 0.2625814335578395, "0.8-0.2": 0.12004475640673137, "0.8-0.5": 0.14014697676935814, "0.8-0.8": 0.11324266984266279}, "0.1": {"0.001-0.2": 0.28873018681407014, "0.001-0.5": 0.1557409900356724, "0.001-0.8": 0.14868837607721844, "0.01-0.2": 0.1384636151824543, "0.01-0.5": 0.12420359393066309, "0.01-0.8": 0.1571890295660102, "0.05-0.2": 0.12021640695397476, "0.05-0.5": 0.1298349976689982, "0.05-0.8": 0.16070944917331986, "0.2-0.2": 0.15966830906110424, "0.2-0.5": 0.14717743808045555, "0.2-0.8": 0.12043218710841869, "0.5-0.2": 0.09875315116631668, "0.5-0.5": 0.3047835653642293, "0.5-0.8": 0.2618389937984996, "0.8-0.2": 0.07188870625856851, "0.8-0.5": 0.08180211260815136, "0.8-0.8": 0.20384943899793107}, "0.2": {"0.001-0.2": 1.390102680928587, "0.001-0.5": 1.390102680928587, "0.001-0.8": 1.390102680928587, "0.01-0.2": 1.390102680928587, "0.01-0.5": 1.390102680928587, "0.01-0.8": 1.390102680928587, "0.05-0.2": 1.390102680928587, "0.05-0.5": 1.390102680928587, "0.05-0.8": 1.390102680928587, "0.2-0.2": 1.390102680928587, "0.2-0.5": 1.390102680928587, "0.2-0.8": 1.390102680928587, "0.5-0.2": 0.11987887774309253, "0.5-0.5": 1.390102680928587, "0.5-0.8": 1.390102680928587, "0.8-0.2": 1.390102680928587, "0.8-0.5": 1.390102680928587, "0.8-0.8": 1.390102680928587}, "0.4": {"0.001-0.2": 0.07896522886225693, "0.001-0.5": 0.14352036077184163, "0.001-0.8": 0.21891991712115852, "0.01-0.2": 0.23386880050311742, "0.01-0.5": 0.11350809353298265, "0.01-0.8": 0.290190885654214, "0.05-0.2": 0.0535471445873521, "0.05-0.5": 0.1105537577496381, "0.05-0.8": 0.38850019620190385, "0.2-0.2": 0.26080102411162054, "0.2-0.5": 0.1972189555614643, "0.2-0.8": 0.3924631263958992, "0.5-0.2": 0.05576597027260653, "0.5-0.5": 0.05667362194882903, "0.5-0.8": 0.23202824226251895, "0.8-0.2": 0.19174354091213394, "0.8-0.5": 0.2544364375103182, "0.8-0.8": 0.1468709078451266}, "0.6": {"0.001-0.2": 0.1128267790701202, "0.001-0.5": 0.08786518351448398, "0.001-0.8": 0.09017172296022703, "0.01-0.2": 0.052800346100771126, "0.01-0.5": 0.1674101989170611, "0.01-0.8": 0.13242716133486354, "0.05-0.2": 0.11358768554825383, "0.05-0.5": 0.1961812017880031, "0.05-0.8": 0.16803520918305997, "0.2-0.2": 0.1344992233658464, "0.2-0.5": 0.2073858697857118, "0.2-0.8": 0.08932467581879946, "0.5-0.2": 0.2595883236619974, "0.5-0.5": 0.0906371214599659, "0.5-0.8": 0.20186897059971867, "0.8-0.2": 0.2291436819158927, "0.8-0.5": 0.198435117412939, "0.8-0.8": 0.19403630787251416}, "0.8": {"0.001-0.2": 1.4427835169817034, "0.001-0.5": 0.2572052350873848, "0.001-0.8": 0.2975376573188617, "0.01-0.2": 0.3973816767888215, "0.01-0.5": 0.2868206113110102, "0.01-0.8": 0.23282354499612362, "0.05-0.2": 0.36954548098373247, "0.05-0.5": 0.19722689096761847, "0.05-0.8": 0.22701153166271432, "0.2-0.2": 0.1757830598067005, "0.2-0.5": 0.28723255911731094, "0.2-0.8": 0.31586950142233333, "0.5-0.2": 0.21152589873965516, "0.5-0.5": 0.21903080046918388, "0.5-0.8": 0.31050764030939104, "0.8-0.2": 0.40527931189883243, "0.8-0.5": 0.307725952230577, "0.8-0.8": 0.4212965279207228}}