{"0.01": {"0.001-0.2": 0.23493326122402006, "0.001-0.5": 0.27679645619057525, "0.001-0.8": 0.20986771845384217, "0.01-0.2": 0.21517910798258988, "0.01-0.5": 0.3178964134343309, "0.01-0.8": 0.12944695666020928, "0.05-0.2": 0.19283001577201442, "0.05-0.5": 0.2443386321233365, "0.05-0.8": 0.26765942811153687, "0.2-0.2": 0.30441210883485703, "0.2-0.5": 0.17463628475992649, "0.2-0.8": 0.21972265385284898, "0.5-0.2": 0.2070418131197894, "0.5-0.5": 0.2719489378945312, "0.5-0.8": 0.11922279970227705, "0.8-0.2": 0.18178902374619937, "0.8-0.5": 0.2904932790579498, "0.8-0.8": 0.16816348437918996}, "0.05": {"0.001-0.2": 0.12617633440408035, "0.001-0.5": 0.07797555914120015, "0.001-0.8": 0.09754605137061804, "0.01-0.2": 0.07311120046455609, "0.01-0.5": 0.16553750463863864, "0.01-0.8": 0.07626025587124784, "0.05-0.2": 0.10759770486606797, "0.05-0.5": 0.05735326197160335, "0.05-0.8": 0.07657159067348254, "0.2-0.2": 0.1770476124086988, "0.2-0.5": 0.23913305491097417, "0.2-0.8": 0.21452754395606102, "0.5-0.2": 0.1790842360373783, "0.5-0.5": 0.06940724168400621, "0.5-0.8": 0.1297577756941712, "0.8-0.2": 0.06416915833562971, "0.8-0.5": 0.1608289963077074, "0.8-0.8": 0.1984202005819462}, "0.1": {"0.001-0.2": 0.12727469046857565, "0.001-0.5": 0.08603331025157313, "0.001-0.8": 0.18683707007351028, "0.01-0.2": 0.1373519331739055, "0.01-0.5": 0.11001229467627734, "0.01-0.8": 0.1318285094315296, "0.05-0.2": 0.07619001512246451, "0.05-0.5": 0.08868138261733585, "0.05-0.8": 0.14581250566729528, "0.2-0.2": 0.09717311752621154, "0.2-0.5": 0.06625867315830379, "0.2-0.8": 0.07855900954409138, "0.5-0.2": 0.11685677737006846, "0.5-0.5": 0.0841845661685669, "0.5-0.8": 0.14727338442090512, "0.8-0.2": 0.13922259319906646, "0.8-0.5": 0.1255179112961929, "0.8-0.8": 0.08106514187162302}, "0.2": {"0.001-0.2": 1.3493868374651543, "0.001-0.5": 1.3493868374651543, "0.001-0.8": 1.3493868374651543, "0.01-0.2": 1.3493868374651543, "0.01-0.5": 0.34876442919277717, "0.01-0.8": 0.15247249530327897, "0.05-0.2": 1.3493868374651543, "0.05-0.5": 1.3493868374651543, "0.05-0.8": 1.3493868374651543, "0.2-0.2": 1.3493868374651543, "0.2-0.5": 1.3493868374651543, "0.2-0.8": 1.3493868374651543, "0.5-0.2": 1.3493868374651543, "0.5-0.5": 1.3493868374651543, "0.5-0.8": 1.3493868374651543, "0.8-0.2": 1.3493868374651543, "0.8-0.5": 1.3493868374651543, "0.8-0.8": 1.3493868374651543}, "0.4": {"0.001-0.2": 0.23991315296353433, "0.001-0.5": 0.1741890446254197, "0.001-0.8": 0.15831594978583316, "0.01-0.2": 0.21550649121076948, "0.01-0.5": 0.2774802744251054, "0.01-0.8": 0.2134079246426239, "0.05-0.2": 0.20473959650983478, "0.05-0.5": 0.36945615843449703, "0.05-0.8": 0.23105572307699537, "0.2-0.2": 0.24537404710749441, "0.2-0.5": 0.2976390580974672, "0.2-0.8": 0.25871739699481855, "0.5-0.2": 0.3199873436716261, "0.5-0.5": 0.2791928042435327, "0.5-0.8": 0.21611935414788447, "0.8-0.2": 0.24256465214782036, "0.8-0.5": 0.31041374378113146, "0.8-0.8": 0.13677993813726896}, "0.6": {"0.001-0.2": 0.4278103211088191, "0.001-0.5": 0.448812911372752, "0.001-0.8": 0.4526326620502172, "0.01-0.2": 0.44406298527790594, "0.01-0.5": 0.45390660809633215, "0.01-0.8": 0.4228574603030956, "0.05-0.2": 0.37751012064509687, "0.05-0.5": 0.41994236376348243, "0.05-0.8": 0.4472699606775424, "0.2-0.2": 0.4352990672330793, "0.2-0.5": 0.4159622856950512, "0.2-0.8": 0.38053195934421163, "0.5-0.2": 0.46813840915924254, "0.5-0.5": 0.41744675262081415, "0.5-0.8": 0.3982351611830734, "0.8-0.2": 0.43886549666477453, "0.8-0.5": 0.455603573563724, "0.8-0.8": 0.46921659808324023}, "0.8": {"0.001-0.2": 1.1512816295000605, "0.001-0.5": 0.18860299730864635, "0.001-0.8": 0.1625699204440619, "0.01-0.2": 0.15625303507449495, "0.01-0.5": 0.24345633603339137, "0.01-0.8": 0.23964801606566308, "0.05-0.2": 0.15382468955740566, "0.05-0.5": 0.2521803657675101, "0.05-0.8": 0.21012418452931256, "0.2-0.2": 0.32987847362002565, "0.2-0.5": 0.17137349133343585, "0.2-0.8": 0.20247580196522622, "0.5-0.2": 0.23397099195257107, "0.5-0.5": 0.22062966119291327, "0.5-0.8": 0.3450585981014188, "0.8-0.2": 0.25035197882893057, "0.8-0.5": 0.3310286652742414, "0.8-0.8": 0.19775669679066138}}