{"0.01": {"0.001-0.2": 0.16498055742505646, "0.001-0.5": 0.23630676239155776, "0.001-0.8": 0.17914954094062446, "0.01-0.2": 0.21474924526203865, "0.01-0.5": 0.09149982789588086, "0.01-0.8": 0.15692778392384804, "0.05-0.2": 0.15341129347312002, "0.05-0.5": 0.12132273024721946, "0.05-0.8": 0.21239033789588782, "0.2-0.2": 0.152539638334163, "0.2-0.5": 0.20982347917852037, "0.2-0.8": 0.17902705138733024, "0.5-0.2": 0.15790684343919745, "0.5-0.5": 0.16110890579581774, "0.5-0.8": 0.22917488113419499, "0.8-0.2": 0.25113949848718636, "0.8-0.5": 0.15055341349091003, "0.8-0.8": 0.21759578923537848}, "0.05": {"0.001-0.2": 0.195322071500269, "0.001-0.5": 0.22532656895114037, "0.001-0.8": 0.16732356094276182, "0.01-0.2": 0.24054761817470646, "0.01-0.5": 0.19033734241199374, "0.01-0.8": 0.11386524521466547, "0.05-0.2": 0.22355788881196764, "0.05-0.5": 0.20708193181624035, "0.05-0.8": 0.15615795170984226, "0.2-0.2": 0.246060494823811, "0.2-0.5": 0.16003009410238897, "0.2-0.8": 0.2292041149952191, "0.5-0.2": 0.1727482902576111, "0.5-0.5": 0.2479522225565529, "0.5-0.8": 0.16999062845683563, "0.8-0.2": 0.1628822863399691, "0.8-0.5": 0.20998598797518636, "0.8-0.8": 0.20137496775071387}, "0.1": {"0.001-0.2": 0.2527866447589565, "0.001-0.5": 0.5580836370272453, "0.001-0.8": 0.6497575504181602, "0.01-0.2": 0.511594863826982, "0.01-0.5": 0.5199364845505938, "0.01-0.8": 0.5548964055859106, "0.05-0.2": 0.23225990153470227, "0.05-0.5": 0.6502106694288768, "0.05-0.8": 0.6812966463332788, "0.2-0.2": 0.3304845476782357, "0.2-0.5": 0.450205803159923, "0.2-0.8": 0.5077611847660055, "0.5-0.2": 0.4328275996603274, "0.5-0.5": 0.6029413170023065, "0.5-0.8": 0.46776256102111774, "0.8-0.2": 0.45680022535518744, "0.8-0.5": 0.6216513408858056, "0.8-0.8": 0.35637116559941145}, "0.2": {"0.001-0.2": 1.2417888487073805, "0.001-0.5": 1.2417888487073805, "0.001-0.8": 1.2417888487073805, "0.01-0.2": 1.2417888487073805, "0.01-0.5": 1.2417888487073805, "0.01-0.8": 1.2417888487073805, "0.05-0.2": 1.2417888487073805, "0.05-0.5": 1.2417888487073805, "0.05-0.8": 1.2417888487073805, "0.2-0.2": 0.492726760783572, "0.2-0.5": 1.2417888487073805, "0.2-0.8": 1.2417888487073805, "0.5-0.2": 1.2417888487073805, "0.5-0.5": 1.2417888487073805, "0.5-0.8": 1.2417888487073805, "0.8-0.2": 1.2417888487073805, "0.8-0.5": 1.2417888487073805, "0.8-0.8": 1.2417888487073805}, "0.4": {"0.001-0.2": 0.10008374834524508, "0.001-0.5": 0.04954151683186634, "0.001-0.8": 0.12241799262350257, "0.01-0.2": 0.08565448692417772, "0.01-0.5": 0.10425076565021034, "0.01-0.8": 0.12312705918887097, "0.05-0.2": 0.07833232081695148, "0.05-0.5": 0.20033336505553634, "0.05-0.8": 0.11141642306582189, "0.2-0.2": 0.10718274360965101, "0.2-0.5": 0.20577693348837525, "0.2-0.8": 0.07503972649198593, "0.5-0.2": 0.08774771921879213, "0.5-0.5": 0.06393068369337077, "0.5-0.8": 0.09901023995063668, "0.8-0.2": 0.05613634694776944, "0.8-0.5": 0.1332336581382254, "0.8-0.8": 0.19782867366210335}, "0.6": {"0.001-0.2": 0.2709424849760805, "0.001-0.5": 0.12570238045263366, "0.001-0.8": 0.17647634076131427, "0.01-0.2": 0.22030777412722374, "0.01-0.5": 0.08773010722107924, "0.01-0.8": 0.0726505143149392, "0.05-0.2": 0.11301015519329312, "0.05-0.5": 0.0999034886943525, "0.05-0.8": 0.19839000019120265, "0.2-0.2": 0.07429306358202616, "0.2-0.5": 0.08768381434761942, "0.2-0.8": 0.229902628702686, "0.5-0.2": 0.1027406654617412, "0.5-0.5": 0.11379430713041007, "0.5-0.8": 0.22585469157454777, "0.8-0.2": 0.24937447137798102, "0.8-0.5": 0.09053676217628866, "0.8-0.8": 0.17769181313001162}, "0.8": {"0.001-0.2": 0.5485450380778593, "0.001-0.5": 0.41988786442595416, "0.001-0.8": 0.37293330509417877, "0.01-0.2": 0.4869268928904423, "0.01-0.5": 0.4315834539640351, "0.01-0.8": 0.26815296761093427, "0.05-0.2": 0.7833721469499006, "0.05-0.5": 0.36552405922954856, "0.05-0.8": 0.36247847065254407, "0.2-0.2": 0.5104730667251832, "0.2-0.5": 0.3739174347434654, "0.2-0.8": 1.215787718659814, "0.5-0.2": 0.5212650372254698, "0.5-0.5": 0.45501855133120944, "0.5-0.8": 0.22620804477350465, "0.8-0.2": 0.44949099180887914, "0.8-0.5": 0.385756584237805, "0.8-0.8": 0.37214063157395044}}