{"0.01-0.01": {"roc": 0.8525277777777777, "flag_rate": [0.051, 0.149], "flag_rate_ratio": 0.3422818791946309, "TPR": [0.51, 0.44], "TPR whole": 0.475, "TPR ratio": 1.1590909090909092, "FPR": [0.0, 0.11666666666666667], "FPR whole": 0.058333333333333334, "FPR ratio": 0.0, "PPR": [1.0, 0.2953020134228188], "PPR whole": 0.475, "PPR ratio": 3.3863636363636362}, "0.01-0.2": {"roc": 0.8493333333333334, "flag_rate": [0.054, 0.146], "flag_rate_ratio": 0.36986301369863017, "TPR": [0.54, 0.43], "TPR whole": 0.485, "TPR ratio": 1.255813953488372, "FPR": [0.0, 0.11444444444444445], "FPR whole": 0.05722222222222222, "FPR ratio": 0.0, "PPR": [1.0, 0.2945205479452055], "PPR whole": 0.485, "PPR ratio": 3.395348837209302}, "0.01-0.5": {"roc": 0.8507555555555556, "flag_rate": [0.053, 0.147], "flag_rate_ratio": 0.36054421768707484, "TPR": [0.53, 0.41], "TPR whole": 0.47, "TPR ratio": 1.2926829268292683, "FPR": [0.0, 0.11777777777777777], "FPR whole": 0.058888888888888886, "FPR ratio": 0.0, "PPR": [1.0, 0.2789115646258503], "PPR whole": 0.47, "PPR ratio": 3.585365853658537}, "0.01-0.8": {"roc": 0.8630055555555557, "flag_rate": [0.054, 0.146], "flag_rate_ratio": 0.36986301369863017, "TPR": [0.53, 0.45], "TPR whole": 0.49, "TPR ratio": 1.1777777777777778, "FPR": [0.0011111111111111111, 0.11222222222222222], "FPR whole": 0.056666666666666664, "FPR ratio": 0.009900990099009901, "PPR": [0.9814814814814815, 0.3082191780821918], "PPR whole": 0.49, "PPR ratio": 3.1843621399176953}, "0.05-0.01": {"roc": 0.8286305555555555, "flag_rate": [0.057, 0.143], "flag_rate_ratio": 0.39860139860139865, "TPR": [0.56, 0.41], "TPR whole": 0.485, "TPR ratio": 1.3658536585365855, "FPR": [0.0011111111111111111, 0.11333333333333333], "FPR whole": 0.05722222222222222, "FPR ratio": 0.00980392156862745, "PPR": [0.9824561403508771, 0.2867132867132867], "PPR whole": 0.485, "PPR ratio": 3.4266153187847666}, "0.05-0.2": {"roc": 0.8556638888888888, "flag_rate": [0.053, 0.147], "flag_rate_ratio": 0.36054421768707484, "TPR": [0.53, 0.46], "TPR whole": 0.495, "TPR ratio": 1.1521739130434783, "FPR": [0.0, 0.11222222222222222], "FPR whole": 0.05611111111111111, "FPR ratio": 0.0, "PPR": [1.0, 0.3129251700680272], "PPR whole": 0.495, "PPR ratio": 3.1956521739130435}, "0.05-0.5": {"roc": 0.8516111111111111, "flag_rate": [0.054, 0.146], "flag_rate_ratio": 0.36986301369863017, "TPR": [0.54, 0.46], "TPR whole": 0.5, "TPR ratio": 1.173913043478261, "FPR": [0.0, 0.1111111111111111], "FPR whole": 0.05555555555555555, "FPR ratio": 0.0, "PPR": [1.0, 0.3150684931506849], "PPR whole": 0.5, "PPR ratio": 3.173913043478261}, "0.05-0.8": {"roc": 0.856636111111111, "flag_rate": [0.055, 0.145], "flag_rate_ratio": 0.37931034482758624, "TPR": [0.55, 0.42], "TPR whole": 0.485, "TPR ratio": 1.3095238095238098, "FPR": [0.0, 0.11444444444444445], "FPR whole": 0.05722222222222222, "FPR ratio": 0.0, "PPR": [1.0, 0.2896551724137931], "PPR whole": 0.485, "PPR ratio": 3.452380952380952}, "0.2-0.01": {"roc": 0.8444888888888888, "flag_rate": [0.053, 0.147], "flag_rate_ratio": 0.36054421768707484, "TPR": [0.53, 0.43], "TPR whole": 0.48, "TPR ratio": 1.232558139534884, "FPR": [0.0, 0.11555555555555555], "FPR whole": 0.057777777777777775, "FPR ratio": 0.0, "PPR": [1.0, 0.2925170068027211], "PPR whole": 0.48, "PPR ratio": 3.418604651162791}, "0.2-0.2": {"roc": 0.8587194444444446, "flag_rate": [0.055, 0.145], "flag_rate_ratio": 0.37931034482758624, "TPR": [0.55, 0.42], "TPR whole": 0.485, "TPR ratio": 1.3095238095238098, "FPR": [0.0, 0.11444444444444445], "FPR whole": 0.05722222222222222, "FPR ratio": 0.0, "PPR": [1.0, 0.2896551724137931], "PPR whole": 0.485, "PPR ratio": 3.452380952380952}, "0.2-0.5": {"roc": 0.8520972222222223, "flag_rate": [0.056, 0.144], "flag_rate_ratio": 0.38888888888888895, "TPR": [0.55, 0.42], "TPR whole": 0.485, "TPR ratio": 1.3095238095238098, "FPR": [0.0011111111111111111, 0.11333333333333333], "FPR whole": 0.05722222222222222, "FPR ratio": 0.00980392156862745, "PPR": [0.9821428571428571, 0.2916666666666667], "PPR whole": 0.485, "PPR ratio": 3.3673469387755097}, "0.2-0.8": {"roc": 0.8481944444444445, "flag_rate": [0.055, 0.145], "flag_rate_ratio": 0.37931034482758624, "TPR": [0.55, 0.43], "TPR whole": 0.49, "TPR ratio": 1.2790697674418605, "FPR": [0.0, 0.11333333333333333], "FPR whole": 0.056666666666666664, "FPR ratio": 0.0, "PPR": [1.0, 0.296551724137931], "PPR whole": 0.49, "PPR ratio": 3.372093023255814}, "0.5-0.01": {"roc": 0.8491472222222223, "flag_rate": [0.055, 0.145], "flag_rate_ratio": 0.37931034482758624, "TPR": [0.55, 0.42], "TPR whole": 0.485, "TPR ratio": 1.3095238095238098, "FPR": [0.0, 0.11444444444444445], "FPR whole": 0.05722222222222222, "FPR ratio": 0.0, "PPR": [1.0, 0.2896551724137931], "PPR whole": 0.485, "PPR ratio": 3.452380952380952}, "0.5-0.2": {"roc": 0.852311111111111, "flag_rate": [0.055, 0.145], "flag_rate_ratio": 0.37931034482758624, "TPR": [0.55, 0.42], "TPR whole": 0.485, "TPR ratio": 1.3095238095238098, "FPR": [0.0, 0.11444444444444445], "FPR whole": 0.05722222222222222, "FPR ratio": 0.0, "PPR": [1.0, 0.2896551724137931], "PPR whole": 0.485, "PPR ratio": 3.452380952380952}, "0.5-0.5": {"roc": 0.8438944444444445, "flag_rate": [0.053, 0.147], "flag_rate_ratio": 0.36054421768707484, "TPR": [0.53, 0.42], "TPR whole": 0.475, "TPR ratio": 1.261904761904762, "FPR": [0.0, 0.11666666666666667], "FPR whole": 0.058333333333333334, "FPR ratio": 0.0, "PPR": [1.0, 0.2857142857142857], "PPR whole": 0.475, "PPR ratio": 3.5}, "0.5-0.8": {"roc": 0.856375, "flag_rate": [0.054, 0.146], "flag_rate_ratio": 0.36986301369863017, "TPR": [0.52, 0.43], "TPR whole": 0.475, "TPR ratio": 1.2093023255813955, "FPR": [0.0022222222222222222, 0.11444444444444445], "FPR whole": 0.058333333333333334, "FPR ratio": 0.019417475728155338, "PPR": [0.9629629629629629, 0.2945205479452055], "PPR whole": 0.475, "PPR ratio": 3.2695951765719204}, "0.8-0.01": {"roc": 0.8491777777777778, "flag_rate": [0.055, 0.145], "flag_rate_ratio": 0.37931034482758624, "TPR": [0.55, 0.43], "TPR whole": 0.49, "TPR ratio": 1.2790697674418605, "FPR": [0.0, 0.11333333333333333], "FPR whole": 0.056666666666666664, "FPR ratio": 0.0, "PPR": [1.0, 0.296551724137931], "PPR whole": 0.49, "PPR ratio": 3.372093023255814}, "0.8-0.2": {"roc": 0.8482444444444445, "flag_rate": [0.055, 0.145], "flag_rate_ratio": 0.37931034482758624, "TPR": [0.55, 0.42], "TPR whole": 0.485, "TPR ratio": 1.3095238095238098, "FPR": [0.0, 0.11444444444444445], "FPR whole": 0.05722222222222222, "FPR ratio": 0.0, "PPR": [1.0, 0.2896551724137931], "PPR whole": 0.485, "PPR ratio": 3.452380952380952}, "0.8-0.5": {"roc": 0.8586611111111111, "flag_rate": [0.057, 0.143], "flag_rate_ratio": 0.39860139860139865, "TPR": [0.57, 0.43], "TPR whole": 0.5, "TPR ratio": 1.3255813953488371, "FPR": [0.0, 0.1111111111111111], "FPR whole": 0.05555555555555555, "FPR ratio": 0.0, "PPR": [1.0, 0.3006993006993007], "PPR whole": 0.5, "PPR ratio": 3.3255813953488373}, "0.8-0.8": {"roc": 0.8576, "flag_rate": [0.053, 0.147], "flag_rate_ratio": 0.36054421768707484, "TPR": [0.53, 0.44], "TPR whole": 0.485, "TPR ratio": 1.2045454545454546, "FPR": [0.0, 0.11444444444444445], "FPR whole": 0.05722222222222222, "FPR ratio": 0.0, "PPR": [1.0, 0.29931972789115646], "PPR whole": 0.485, "PPR ratio": 3.340909090909091}}