{"0.01-0.01": {"roc": 0.8528499999999999, "flag_rate": [0.088, 0.112], "flag_rate_ratio": 0.7857142857142857, "TPR": [0.57, 0.41], "TPR whole": 0.49, "TPR ratio": 1.3902439024390243, "FPR": [0.034444444444444444, 0.07888888888888888], "FPR whole": 0.056666666666666664, "FPR ratio": 0.4366197183098592, "PPR": [0.6477272727272727, 0.36607142857142855], "PPR whole": 0.49, "PPR ratio": 1.7694013303769403}, "0.01-0.2": {"roc": 0.863538888888889, "flag_rate": [0.081, 0.119], "flag_rate_ratio": 0.680672268907563, "TPR": [0.66, 0.45], "TPR whole": 0.555, "TPR ratio": 1.4666666666666668, "FPR": [0.016666666666666666, 0.08222222222222222], "FPR whole": 0.049444444444444444, "FPR ratio": 0.2027027027027027, "PPR": [0.8148148148148148, 0.37815126050420167], "PPR whole": 0.555, "PPR ratio": 2.1547325102880657}, "0.01-0.5": {"roc": 0.8479527777777777, "flag_rate": [0.079, 0.121], "flag_rate_ratio": 0.6528925619834711, "TPR": [0.66, 0.43], "TPR whole": 0.545, "TPR ratio": 1.5348837209302326, "FPR": [0.014444444444444444, 0.08666666666666667], "FPR whole": 0.050555555555555555, "FPR ratio": 0.16666666666666666, "PPR": [0.8354430379746836, 0.35537190082644626], "PPR whole": 0.545, "PPR ratio": 2.35089785104504}, "0.01-0.8": {"roc": 0.845425, "flag_rate": [0.079, 0.121], "flag_rate_ratio": 0.6528925619834711, "TPR": [0.63, 0.45], "TPR whole": 0.54, "TPR ratio": 1.4, "FPR": [0.017777777777777778, 0.08444444444444445], "FPR whole": 0.051111111111111114, "FPR ratio": 0.21052631578947367, "PPR": [0.7974683544303798, 0.371900826446281], "PPR whole": 0.54, "PPR ratio": 2.1443037974683548}, "0.05-0.01": {"roc": 0.8442277777777777, "flag_rate": [0.086, 0.114], "flag_rate_ratio": 0.7543859649122806, "TPR": [0.68, 0.42], "TPR whole": 0.55, "TPR ratio": 1.6190476190476193, "FPR": [0.02, 0.08], "FPR whole": 0.05, "FPR ratio": 0.25, "PPR": [0.7906976744186046, 0.3684210526315789], "PPR whole": 0.55, "PPR ratio": 2.1461794019933556}, "0.05-0.2": {"roc": 0.8618277777777777, "flag_rate": [0.082, 0.118], "flag_rate_ratio": 0.6949152542372882, "TPR": [0.68, 0.44], "TPR whole": 0.56, "TPR ratio": 1.5454545454545456, "FPR": [0.015555555555555555, 0.08222222222222222], "FPR whole": 0.04888888888888889, "FPR ratio": 0.18918918918918917, "PPR": [0.8292682926829268, 0.3728813559322034], "PPR whole": 0.56, "PPR ratio": 2.2239467849223944}, "0.05-0.5": {"roc": 0.8348972222222221, "flag_rate": [0.084, 0.116], "flag_rate_ratio": 0.7241379310344828, "TPR": [0.69, 0.41], "TPR whole": 0.55, "TPR ratio": 1.6829268292682926, "FPR": [0.016666666666666666, 0.08333333333333333], "FPR whole": 0.05, "FPR ratio": 0.2, "PPR": [0.8214285714285714, 0.35344827586206895], "PPR whole": 0.55, "PPR ratio": 2.32404181184669}, "0.05-0.8": {"roc": 0.8530277777777778, "flag_rate": [0.084, 0.116], "flag_rate_ratio": 0.7241379310344828, "TPR": [0.68, 0.41], "TPR whole": 0.545, "TPR ratio": 1.6585365853658538, "FPR": [0.017777777777777778, 0.08333333333333333], "FPR whole": 0.050555555555555555, "FPR ratio": 0.21333333333333335, "PPR": [0.8095238095238095, 0.35344827586206895], "PPR whole": 0.545, "PPR ratio": 2.2903600464576077}, "0.2-0.01": {"roc": 0.851411111111111, "flag_rate": [0.086, 0.114], "flag_rate_ratio": 0.7543859649122806, "TPR": [0.62, 0.42], "TPR whole": 0.52, "TPR ratio": 1.4761904761904763, "FPR": [0.02666666666666667, 0.08], "FPR whole": 0.05333333333333334, "FPR ratio": 0.33333333333333337, "PPR": [0.7209302325581395, 0.3684210526315789], "PPR whole": 0.52, "PPR ratio": 1.956810631229236}, "0.2-0.2": {"roc": 0.84695, "flag_rate": [0.085, 0.115], "flag_rate_ratio": 0.7391304347826088, "TPR": [0.7, 0.41], "TPR whole": 0.555, "TPR ratio": 1.7073170731707317, "FPR": [0.016666666666666666, 0.08222222222222222], "FPR whole": 0.049444444444444444, "FPR ratio": 0.2027027027027027, "PPR": [0.8235294117647058, 0.3565217391304348], "PPR whole": 0.555, "PPR ratio": 2.309899569583931}, "0.2-0.5": {"roc": 0.8506361111111111, "flag_rate": [0.084, 0.116], "flag_rate_ratio": 0.7241379310344828, "TPR": [0.69, 0.42], "TPR whole": 0.555, "TPR ratio": 1.6428571428571428, "FPR": [0.016666666666666666, 0.08222222222222222], "FPR whole": 0.049444444444444444, "FPR ratio": 0.2027027027027027, "PPR": [0.8214285714285714, 0.3620689655172414], "PPR whole": 0.555, "PPR ratio": 2.268707482993197}, "0.2-0.8": {"roc": 0.8472638888888889, "flag_rate": [0.088, 0.112], "flag_rate_ratio": 0.7857142857142857, "TPR": [0.68, 0.39], "TPR whole": 0.535, "TPR ratio": 1.7435897435897436, "FPR": [0.022222222222222223, 0.0811111111111111], "FPR whole": 0.051666666666666666, "FPR ratio": 0.27397260273972607, "PPR": [0.7727272727272727, 0.3482142857142857], "PPR whole": 0.535, "PPR ratio": 2.219114219114219}, "0.5-0.01": {"roc": 0.8562277777777778, "flag_rate": [0.085, 0.115], "flag_rate_ratio": 0.7391304347826088, "TPR": [0.62, 0.44], "TPR whole": 0.53, "TPR ratio": 1.4090909090909092, "FPR": [0.025555555555555557, 0.07888888888888888], "FPR whole": 0.052222222222222225, "FPR ratio": 0.32394366197183105, "PPR": [0.7294117647058823, 0.3826086956521739], "PPR whole": 0.53, "PPR ratio": 1.906417112299465}, "0.5-0.2": {"roc": 0.8517444444444444, "flag_rate": [0.081, 0.119], "flag_rate_ratio": 0.680672268907563, "TPR": [0.68, 0.45], "TPR whole": 0.565, "TPR ratio": 1.511111111111111, "FPR": [0.014444444444444444, 0.08222222222222222], "FPR whole": 0.04833333333333333, "FPR ratio": 0.17567567567567566, "PPR": [0.8395061728395061, 0.37815126050420167], "PPR whole": 0.565, "PPR ratio": 2.2200274348422497}, "0.5-0.5": {"roc": 0.8544138888888888, "flag_rate": [0.083, 0.117], "flag_rate_ratio": 0.7094017094017094, "TPR": [0.68, 0.43], "TPR whole": 0.555, "TPR ratio": 1.5813953488372094, "FPR": [0.016666666666666666, 0.08222222222222222], "FPR whole": 0.049444444444444444, "FPR ratio": 0.2027027027027027, "PPR": [0.8192771084337349, 0.36752136752136755], "PPR whole": 0.555, "PPR ratio": 2.2291958531801623}, "0.5-0.8": {"roc": 0.8476472222222222, "flag_rate": [0.082, 0.118], "flag_rate_ratio": 0.6949152542372882, "TPR": [0.69, 0.43], "TPR whole": 0.56, "TPR ratio": 1.6046511627906976, "FPR": [0.014444444444444444, 0.08333333333333333], "FPR whole": 0.04888888888888889, "FPR ratio": 0.17333333333333334, "PPR": [0.8414634146341463, 0.3644067796610169], "PPR whole": 0.56, "PPR ratio": 2.3091321610890527}, "0.8-0.01": {"roc": 0.8548083333333334, "flag_rate": [0.084, 0.116], "flag_rate_ratio": 0.7241379310344828, "TPR": [0.69, 0.44], "TPR whole": 0.565, "TPR ratio": 1.5681818181818181, "FPR": [0.016666666666666666, 0.08], "FPR whole": 0.04833333333333333, "FPR ratio": 0.20833333333333331, "PPR": [0.8214285714285714, 0.3793103448275862], "PPR whole": 0.565, "PPR ratio": 2.1655844155844157}, "0.8-0.2": {"roc": 0.8383638888888888, "flag_rate": [0.086, 0.114], "flag_rate_ratio": 0.7543859649122806, "TPR": [0.68, 0.4], "TPR whole": 0.54, "TPR ratio": 1.7, "FPR": [0.02, 0.08222222222222222], "FPR whole": 0.051111111111111114, "FPR ratio": 0.24324324324324323, "PPR": [0.7906976744186046, 0.3508771929824561], "PPR whole": 0.54, "PPR ratio": 2.2534883720930234}, "0.8-0.5": {"roc": 0.8543083333333333, "flag_rate": [0.084, 0.116], "flag_rate_ratio": 0.7241379310344828, "TPR": [0.67, 0.42], "TPR whole": 0.545, "TPR ratio": 1.5952380952380953, "FPR": [0.01888888888888889, 0.08222222222222222], "FPR whole": 0.050555555555555555, "FPR ratio": 0.22972972972972971, "PPR": [0.7976190476190477, 0.3620689655172414], "PPR whole": 0.545, "PPR ratio": 2.2029478458049887}, "0.8-0.8": {"roc": 0.8507611111111111, "flag_rate": [0.083, 0.117], "flag_rate_ratio": 0.7094017094017094, "TPR": [0.67, 0.42], "TPR whole": 0.545, "TPR ratio": 1.5952380952380953, "FPR": [0.017777777777777778, 0.08333333333333333], "FPR whole": 0.050555555555555555, "FPR ratio": 0.21333333333333335, "PPR": [0.8072289156626506, 0.358974358974359], "PPR whole": 0.545, "PPR ratio": 2.248709122203098}}