{"0.01-0.01": {"roc": 0.865825, "flag_rate": [0.101, 0.099], "flag_rate_ratio": 1.02020202020202, "TPR": [0.65, 0.52], "TPR whole": 0.585, "TPR ratio": 1.25, "FPR": [0.04, 0.052222222222222225], "FPR whole": 0.04611111111111111, "FPR ratio": 0.7659574468085106, "PPR": [0.6435643564356436, 0.5252525252525253], "PPR whole": 0.585, "PPR ratio": 1.2252475247524752}, "0.01-0.2": {"roc": 0.8651055555555555, "flag_rate": [0.096, 0.104], "flag_rate_ratio": 0.9230769230769231, "TPR": [0.7, 0.54], "TPR whole": 0.62, "TPR ratio": 1.296296296296296, "FPR": [0.028888888888888888, 0.05555555555555555], "FPR whole": 0.042222222222222223, "FPR ratio": 0.52, "PPR": [0.7291666666666666, 0.5192307692307693], "PPR whole": 0.62, "PPR ratio": 1.4043209876543208}, "0.01-0.5": {"roc": 0.8645555555555555, "flag_rate": [0.092, 0.108], "flag_rate_ratio": 0.8518518518518519, "TPR": [0.7, 0.57], "TPR whole": 0.635, "TPR ratio": 1.2280701754385965, "FPR": [0.024444444444444446, 0.056666666666666664], "FPR whole": 0.04055555555555555, "FPR ratio": 0.43137254901960786, "PPR": [0.7608695652173914, 0.5277777777777778], "PPR whole": 0.635, "PPR ratio": 1.4416475972540046}, "0.01-0.8": {"roc": 0.8602694444444444, "flag_rate": [0.091, 0.109], "flag_rate_ratio": 0.8348623853211009, "TPR": [0.71, 0.56], "TPR whole": 0.635, "TPR ratio": 1.2678571428571426, "FPR": [0.022222222222222223, 0.058888888888888886], "FPR whole": 0.04055555555555555, "FPR ratio": 0.37735849056603776, "PPR": [0.7802197802197802, 0.5137614678899083], "PPR whole": 0.635, "PPR ratio": 1.5186420722135008}, "0.05-0.01": {"roc": 0.8580805555555555, "flag_rate": [0.1, 0.1], "flag_rate_ratio": 1.0, "TPR": [0.68, 0.5], "TPR whole": 0.59, "TPR ratio": 1.36, "FPR": [0.035555555555555556, 0.05555555555555555], "FPR whole": 0.04555555555555556, "FPR ratio": 0.64, "PPR": [0.68, 0.5], "PPR whole": 0.59, "PPR ratio": 1.36}, "0.05-0.2": {"roc": 0.8666611111111111, "flag_rate": [0.1, 0.1], "flag_rate_ratio": 1.0, "TPR": [0.68, 0.51], "TPR whole": 0.595, "TPR ratio": 1.3333333333333335, "FPR": [0.035555555555555556, 0.05444444444444444], "FPR whole": 0.045, "FPR ratio": 0.653061224489796, "PPR": [0.68, 0.51], "PPR whole": 0.595, "PPR ratio": 1.3333333333333335}, "0.05-0.5": {"roc": 0.8538999999999999, "flag_rate": [0.093, 0.107], "flag_rate_ratio": 0.8691588785046729, "TPR": [0.69, 0.58], "TPR whole": 0.635, "TPR ratio": 1.1896551724137931, "FPR": [0.02666666666666667, 0.05444444444444444], "FPR whole": 0.04055555555555555, "FPR ratio": 0.489795918367347, "PPR": [0.7419354838709677, 0.5420560747663551], "PPR whole": 0.635, "PPR ratio": 1.3687430478309235}, "0.05-0.8": {"roc": 0.8626916666666667, "flag_rate": [0.094, 0.106], "flag_rate_ratio": 0.8867924528301887, "TPR": [0.73, 0.57], "TPR whole": 0.65, "TPR ratio": 1.280701754385965, "FPR": [0.023333333333333334, 0.05444444444444444], "FPR whole": 0.03888888888888889, "FPR ratio": 0.4285714285714286, "PPR": [0.776595744680851, 0.5377358490566038], "PPR whole": 0.65, "PPR ratio": 1.4441955953714072}, "0.2-0.01": {"roc": 0.8702666666666667, "flag_rate": [0.095, 0.105], "flag_rate_ratio": 0.9047619047619048, "TPR": [0.73, 0.59], "TPR whole": 0.66, "TPR ratio": 1.2372881355932204, "FPR": [0.024444444444444446, 0.051111111111111114], "FPR whole": 0.03777777777777778, "FPR ratio": 0.4782608695652174, "PPR": [0.7684210526315789, 0.5619047619047619], "PPR whole": 0.66, "PPR ratio": 1.367528991971454}, "0.2-0.2": {"roc": 0.8635055555555556, "flag_rate": [0.096, 0.104], "flag_rate_ratio": 0.9230769230769231, "TPR": [0.71, 0.55], "TPR whole": 0.63, "TPR ratio": 1.2909090909090908, "FPR": [0.027777777777777776, 0.05444444444444444], "FPR whole": 0.04111111111111111, "FPR ratio": 0.5102040816326531, "PPR": [0.7395833333333334, 0.5288461538461539], "PPR whole": 0.63, "PPR ratio": 1.3984848484848484}, "0.2-0.5": {"roc": 0.8558305555555554, "flag_rate": [0.095, 0.105], "flag_rate_ratio": 0.9047619047619048, "TPR": [0.71, 0.58], "TPR whole": 0.645, "TPR ratio": 1.2241379310344829, "FPR": [0.02666666666666667, 0.052222222222222225], "FPR whole": 0.03944444444444444, "FPR ratio": 0.5106382978723404, "PPR": [0.7473684210526316, 0.5523809523809524], "PPR whole": 0.645, "PPR ratio": 1.3529945553539018}, "0.2-0.8": {"roc": 0.8689138888888889, "flag_rate": [0.094, 0.106], "flag_rate_ratio": 0.8867924528301887, "TPR": [0.7, 0.59], "TPR whole": 0.645, "TPR ratio": 1.1864406779661016, "FPR": [0.02666666666666667, 0.052222222222222225], "FPR whole": 0.03944444444444444, "FPR ratio": 0.5106382978723404, "PPR": [0.7446808510638298, 0.5566037735849056], "PPR whole": 0.645, "PPR ratio": 1.3379011900468807}, "0.5-0.01": {"roc": 0.8668583333333333, "flag_rate": [0.097, 0.103], "flag_rate_ratio": 0.941747572815534, "TPR": [0.72, 0.56], "TPR whole": 0.64, "TPR ratio": 1.2857142857142856, "FPR": [0.027777777777777776, 0.052222222222222225], "FPR whole": 0.04, "FPR ratio": 0.5319148936170213, "PPR": [0.7422680412371134, 0.5436893203883495], "PPR whole": 0.64, "PPR ratio": 1.3652430044182622}, "0.5-0.2": {"roc": 0.8686333333333333, "flag_rate": [0.096, 0.104], "flag_rate_ratio": 0.9230769230769231, "TPR": [0.68, 0.56], "TPR whole": 0.62, "TPR ratio": 1.2142857142857142, "FPR": [0.03111111111111111, 0.05333333333333334], "FPR whole": 0.042222222222222223, "FPR ratio": 0.5833333333333333, "PPR": [0.7083333333333334, 0.5384615384615384], "PPR whole": 0.62, "PPR ratio": 1.3154761904761907}, "0.5-0.5": {"roc": 0.8609111111111111, "flag_rate": [0.088, 0.112], "flag_rate_ratio": 0.7857142857142857, "TPR": [0.68, 0.6], "TPR whole": 0.64, "TPR ratio": 1.1333333333333335, "FPR": [0.022222222222222223, 0.057777777777777775], "FPR whole": 0.04, "FPR ratio": 0.38461538461538464, "PPR": [0.7727272727272727, 0.5357142857142857], "PPR whole": 0.64, "PPR ratio": 1.4424242424242424}, "0.5-0.8": {"roc": 0.8570361111111111, "flag_rate": [0.091, 0.109], "flag_rate_ratio": 0.8348623853211009, "TPR": [0.69, 0.57], "TPR whole": 0.63, "TPR ratio": 1.2105263157894737, "FPR": [0.024444444444444446, 0.057777777777777775], "FPR whole": 0.04111111111111111, "FPR ratio": 0.42307692307692313, "PPR": [0.7582417582417582, 0.5229357798165137], "PPR whole": 0.63, "PPR ratio": 1.4499710815500289}, "0.8-0.01": {"roc": 0.8769916666666668, "flag_rate": [0.096, 0.104], "flag_rate_ratio": 0.9230769230769231, "TPR": [0.71, 0.58], "TPR whole": 0.645, "TPR ratio": 1.2241379310344829, "FPR": [0.027777777777777776, 0.051111111111111114], "FPR whole": 0.03944444444444444, "FPR ratio": 0.5434782608695652, "PPR": [0.7395833333333334, 0.5576923076923077], "PPR whole": 0.645, "PPR ratio": 1.3261494252873562}, "0.8-0.2": {"roc": 0.8585750000000001, "flag_rate": [0.094, 0.106], "flag_rate_ratio": 0.8867924528301887, "TPR": [0.65, 0.54], "TPR whole": 0.595, "TPR ratio": 1.2037037037037037, "FPR": [0.03222222222222222, 0.057777777777777775], "FPR whole": 0.045, "FPR ratio": 0.5576923076923077, "PPR": [0.6914893617021277, 0.5094339622641509], "PPR whole": 0.595, "PPR ratio": 1.3573680063041766}, "0.8-0.5": {"roc": 0.8595027777777778, "flag_rate": [0.093, 0.107], "flag_rate_ratio": 0.8691588785046729, "TPR": [0.71, 0.58], "TPR whole": 0.645, "TPR ratio": 1.2241379310344829, "FPR": [0.024444444444444446, 0.05444444444444444], "FPR whole": 0.03944444444444444, "FPR ratio": 0.44897959183673475, "PPR": [0.7634408602150538, 0.5420560747663551], "PPR whole": 0.645, "PPR ratio": 1.4084167593622545}, "0.8-0.8": {"roc": 0.8572611111111113, "flag_rate": [0.097, 0.103], "flag_rate_ratio": 0.941747572815534, "TPR": [0.74, 0.54], "TPR whole": 0.64, "TPR ratio": 1.3703703703703702, "FPR": [0.025555555555555557, 0.05444444444444444], "FPR whole": 0.04, "FPR ratio": 0.4693877551020409, "PPR": [0.7628865979381443, 0.5242718446601942], "PPR whole": 0.64, "PPR ratio": 1.455135547919053}}