{"0.01-0.01": {"roc": 0.8038888888888888, "flag_rate": [0.044, 0.156], "flag_rate_ratio": 0.28205128205128205, "TPR": [0.43, 0.36], "TPR whole": 0.395, "TPR ratio": 1.1944444444444444, "FPR": [0.0011111111111111111, 0.13333333333333333], "FPR whole": 0.06722222222222222, "FPR ratio": 0.008333333333333333, "PPR": [0.9772727272727273, 0.23076923076923078], "PPR whole": 0.395, "PPR ratio": 4.234848484848484}, "0.01-0.2": {"roc": 0.8086611111111112, "flag_rate": [0.043, 0.157], "flag_rate_ratio": 0.27388535031847133, "TPR": [0.43, 0.36], "TPR whole": 0.395, "TPR ratio": 1.1944444444444444, "FPR": [0.0, 0.13444444444444445], "FPR whole": 0.06722222222222222, "FPR ratio": 0.0, "PPR": [1.0, 0.22929936305732485], "PPR whole": 0.395, "PPR ratio": 4.361111111111111}, "0.01-0.5": {"roc": 0.81445, "flag_rate": [0.043, 0.157], "flag_rate_ratio": 0.27388535031847133, "TPR": [0.43, 0.36], "TPR whole": 0.395, "TPR ratio": 1.1944444444444444, "FPR": [0.0, 0.13444444444444445], "FPR whole": 0.06722222222222222, "FPR ratio": 0.0, "PPR": [1.0, 0.22929936305732485], "PPR whole": 0.395, "PPR ratio": 4.361111111111111}, "0.01-0.8": {"roc": 0.8272972222222224, "flag_rate": [0.04, 0.16], "flag_rate_ratio": 0.25, "TPR": [0.4, 0.37], "TPR whole": 0.385, "TPR ratio": 1.0810810810810811, "FPR": [0.0, 0.13666666666666666], "FPR whole": 0.06833333333333333, "FPR ratio": 0.0, "PPR": [1.0, 0.23125], "PPR whole": 0.385, "PPR ratio": 4.324324324324324}, "0.05-0.01": {"roc": 0.8062472222222222, "flag_rate": [0.041, 0.159], "flag_rate_ratio": 0.2578616352201258, "TPR": [0.41, 0.36], "TPR whole": 0.385, "TPR ratio": 1.1388888888888888, "FPR": [0.0, 0.13666666666666666], "FPR whole": 0.06833333333333333, "FPR ratio": 0.0, "PPR": [1.0, 0.22641509433962265], "PPR whole": 0.385, "PPR ratio": 4.416666666666667}, "0.05-0.2": {"roc": 0.8273583333333334, "flag_rate": [0.037, 0.163], "flag_rate_ratio": 0.22699386503067484, "TPR": [0.37, 0.37], "TPR whole": 0.37, "TPR ratio": 1.0, "FPR": [0.0, 0.14], "FPR whole": 0.07, "FPR ratio": 0.0, "PPR": [1.0, 0.22699386503067484], "PPR whole": 0.37, "PPR ratio": 4.405405405405405}, "0.05-0.5": {"roc": 0.824475, "flag_rate": [0.041, 0.159], "flag_rate_ratio": 0.2578616352201258, "TPR": [0.41, 0.36], "TPR whole": 0.385, "TPR ratio": 1.1388888888888888, "FPR": [0.0, 0.13666666666666666], "FPR whole": 0.06833333333333333, "FPR ratio": 0.0, "PPR": [1.0, 0.22641509433962265], "PPR whole": 0.385, "PPR ratio": 4.416666666666667}, "0.05-0.8": {"roc": 0.8338583333333334, "flag_rate": [0.037, 0.163], "flag_rate_ratio": 0.22699386503067484, "TPR": [0.37, 0.39], "TPR whole": 0.38, "TPR ratio": 0.9487179487179487, "FPR": [0.0, 0.13777777777777778], "FPR whole": 0.06888888888888889, "FPR ratio": 0.0, "PPR": [1.0, 0.2392638036809816], "PPR whole": 0.38, "PPR ratio": 4.17948717948718}, "0.2-0.01": {"roc": 0.8124166666666667, "flag_rate": [0.042, 0.158], "flag_rate_ratio": 0.2658227848101266, "TPR": [0.41, 0.35], "TPR whole": 0.38, "TPR ratio": 1.1714285714285715, "FPR": [0.0011111111111111111, 0.13666666666666666], "FPR whole": 0.06888888888888889, "FPR ratio": 0.008130081300813009, "PPR": [0.9761904761904762, 0.22151898734177214], "PPR whole": 0.38, "PPR ratio": 4.406802721088435}, "0.2-0.2": {"roc": 0.7965888888888889, "flag_rate": [0.041, 0.159], "flag_rate_ratio": 0.2578616352201258, "TPR": [0.41, 0.35], "TPR whole": 0.38, "TPR ratio": 1.1714285714285715, "FPR": [0.0, 0.13777777777777778], "FPR whole": 0.06888888888888889, "FPR ratio": 0.0, "PPR": [1.0, 0.22012578616352202], "PPR whole": 0.38, "PPR ratio": 4.542857142857143}, "0.2-0.5": {"roc": 0.8169083333333333, "flag_rate": [0.04, 0.16], "flag_rate_ratio": 0.25, "TPR": [0.4, 0.35], "TPR whole": 0.375, "TPR ratio": 1.142857142857143, "FPR": [0.0, 0.1388888888888889], "FPR whole": 0.06944444444444445, "FPR ratio": 0.0, "PPR": [1.0, 0.21875], "PPR whole": 0.375, "PPR ratio": 4.571428571428571}, "0.2-0.8": {"roc": 0.8224277777777776, "flag_rate": [0.039, 0.161], "flag_rate_ratio": 0.24223602484472048, "TPR": [0.39, 0.37], "TPR whole": 0.38, "TPR ratio": 1.0540540540540542, "FPR": [0.0, 0.13777777777777778], "FPR whole": 0.06888888888888889, "FPR ratio": 0.0, "PPR": [1.0, 0.22981366459627328], "PPR whole": 0.38, "PPR ratio": 4.351351351351352}, "0.5-0.01": {"roc": 0.8169722222222222, "flag_rate": [0.04, 0.16], "flag_rate_ratio": 0.25, "TPR": [0.4, 0.38], "TPR whole": 0.39, "TPR ratio": 1.0526315789473684, "FPR": [0.0, 0.13555555555555557], "FPR whole": 0.06777777777777778, "FPR ratio": 0.0, "PPR": [1.0, 0.2375], "PPR whole": 0.39, "PPR ratio": 4.2105263157894735}, "0.5-0.2": {"roc": 0.8152333333333335, "flag_rate": [0.038, 0.162], "flag_rate_ratio": 0.2345679012345679, "TPR": [0.38, 0.35], "TPR whole": 0.365, "TPR ratio": 1.0857142857142859, "FPR": [0.0, 0.1411111111111111], "FPR whole": 0.07055555555555555, "FPR ratio": 0.0, "PPR": [1.0, 0.21604938271604937], "PPR whole": 0.365, "PPR ratio": 4.628571428571429}, "0.5-0.5": {"roc": 0.8182472222222221, "flag_rate": [0.041, 0.159], "flag_rate_ratio": 0.2578616352201258, "TPR": [0.41, 0.36], "TPR whole": 0.385, "TPR ratio": 1.1388888888888888, "FPR": [0.0, 0.13666666666666666], "FPR whole": 0.06833333333333333, "FPR ratio": 0.0, "PPR": [1.0, 0.22641509433962265], "PPR whole": 0.385, "PPR ratio": 4.416666666666667}, "0.5-0.8": {"roc": 0.7994416666666667, "flag_rate": [0.037, 0.163], "flag_rate_ratio": 0.22699386503067484, "TPR": [0.37, 0.36], "TPR whole": 0.365, "TPR ratio": 1.027777777777778, "FPR": [0.0, 0.1411111111111111], "FPR whole": 0.07055555555555555, "FPR ratio": 0.0, "PPR": [1.0, 0.22085889570552147], "PPR whole": 0.365, "PPR ratio": 4.527777777777778}, "0.8-0.01": {"roc": 0.8186444444444444, "flag_rate": [0.043, 0.157], "flag_rate_ratio": 0.27388535031847133, "TPR": [0.42, 0.35], "TPR whole": 0.385, "TPR ratio": 1.2, "FPR": [0.0011111111111111111, 0.13555555555555557], "FPR whole": 0.06833333333333333, "FPR ratio": 0.008196721311475409, "PPR": [0.9767441860465116, 0.2229299363057325], "PPR whole": 0.385, "PPR ratio": 4.381395348837209}, "0.8-0.2": {"roc": 0.8119861111111112, "flag_rate": [0.041, 0.159], "flag_rate_ratio": 0.2578616352201258, "TPR": [0.41, 0.37], "TPR whole": 0.39, "TPR ratio": 1.1081081081081081, "FPR": [0.0, 0.13555555555555557], "FPR whole": 0.06777777777777778, "FPR ratio": 0.0, "PPR": [1.0, 0.23270440251572327], "PPR whole": 0.39, "PPR ratio": 4.297297297297297}, "0.8-0.5": {"roc": 0.8234194444444446, "flag_rate": [0.039, 0.161], "flag_rate_ratio": 0.24223602484472048, "TPR": [0.39, 0.37], "TPR whole": 0.38, "TPR ratio": 1.0540540540540542, "FPR": [0.0, 0.13777777777777778], "FPR whole": 0.06888888888888889, "FPR ratio": 0.0, "PPR": [1.0, 0.22981366459627328], "PPR whole": 0.38, "PPR ratio": 4.351351351351352}, "0.8-0.8": {"roc": 0.8201527777777777, "flag_rate": [0.04, 0.16], "flag_rate_ratio": 0.25, "TPR": [0.4, 0.37], "TPR whole": 0.385, "TPR ratio": 1.0810810810810811, "FPR": [0.0, 0.13666666666666666], "FPR whole": 0.06833333333333333, "FPR ratio": 0.0, "PPR": [1.0, 0.23125], "PPR whole": 0.385, "PPR ratio": 4.324324324324324}}