{"flag_ratio": [0.9841269841269841, 0.9157088122605362, 0.9607843137254901, 0.9685039370078741, 0.9083969465648853, 0.923076923076923, 0.9531249999999999, 0.937984496124031, 0.9455252918287937, 0.9455252918287937, 0.9841269841269841, 0.9685039370078741, 0.99203187250996, 0.923076923076923, 0.9607843137254901, 0.9685039370078741, 0.9762845849802372, 0.923076923076923, 0.9841269841269841, 0.9531249999999999], "tpr_ratio": [0.9368932038834951, 0.980392156862745, 0.9712918660287081, 0.9760765550239235, 0.9371980676328503, 0.9855072463768118, 0.9711538461538461, 0.9951219512195123, 0.9949748743718593, 0.995049504950495, 0.9433962264150941, 0.9481132075471697, 0.9521531100478469, 0.9852941176470587, 0.9611650485436891, 0.9808612440191388, 0.9615384615384613, 0.9807692307692307, 0.9436619718309859, 0.9710144927536232], "auroc": [0.9925736842105263, 0.9929642105263158, 0.9943242105263159, 0.9941294736842105, 0.9925526315789475, 0.993621052631579, 0.9938178947368421, 0.9938063157894735, 0.9918789473684211, 0.9930873684210525, 0.9936168421052631, 0.9937642105263158, 0.9932905263157894, 0.9937431578947369, 0.9923536842105264, 0.99428, 0.9933694736842107, 0.9939652631578948, 0.994321052631579, 0.9932431578947369], "key": ["0.01-0.01", "0.01-0.2", "0.01-0.5", "0.01-0.8", "0.05-0.01", "0.05-0.2", "0.05-0.5", "0.05-0.8", "0.2-0.01", "0.2-0.2", "0.2-0.5", "0.2-0.8", "0.5-0.01", "0.5-0.2", "0.5-0.5", "0.5-0.8", "0.8-0.01", "0.8-0.2", "0.8-0.5", "0.8-0.8"]}