{"flag_ratio": [0.5060240963855422, 0.4880952380952381, 0.4970059880239521, 0.4880952380952381, 0.5105740181268882, 0.5015015015015014, 0.4970059880239521, 0.4880952380952381, 0.483679525222552, 0.5060240963855422, 0.4970059880239521, 0.4970059880239521, 0.5105740181268882, 0.5105740181268882, 0.4792899408284023, 0.4792899408284023, 0.5015015015015014, 0.4925373134328358, 0.5015015015015014, 0.4925373134328358], "tpr_ratio": [0.8347826086956522, 0.8492753623188406, 0.8463768115942031, 0.8404558404558404, 0.8404558404558404, 0.8405797101449276, 0.8333333333333334, 0.8461538461538463, 0.8531073446327685, 0.8347578347578348, 0.8390804597701149, 0.8233618233618235, 0.83768115942029, 0.83768115942029, 0.8433048433048432, 0.8518518518518517, 0.8538011695906434, 0.8390804597701149, 0.8319088319088318, 0.8319088319088319], "auroc": [0.9915021052631579, 0.9917052631578948, 0.9920926315789472, 0.9927536842105262, 0.9927536842105262, 0.9918694736842106, 0.9917336842105264, 0.9932505263157895, 0.9933810526315788, 0.9920957894736843, 0.9928836842105262, 0.9917336842105262, 0.9910810526315789, 0.9911989473684211, 0.9925863157894735, 0.9934200000000001, 0.9912736842105264, 0.9923905263157895, 0.9926684210526316, 0.9926915789473684], "key": ["0.01-0.01", "0.01-0.2", "0.01-0.5", "0.01-0.8", "0.05-0.01", "0.05-0.2", "0.05-0.5", "0.05-0.8", "0.2-0.01", "0.2-0.2", "0.2-0.5", "0.2-0.8", "0.5-0.01", "0.5-0.2", "0.5-0.5", "0.5-0.8", "0.8-0.01", "0.8-0.2", "0.8-0.5", "0.8-0.8"]}