{"flag_ratio": [0.6835016835016836, 0.7064846416382253, 0.6447368421052632, 0.639344262295082, 0.7182130584192441, 0.6666666666666667, 0.6778523489932887, 0.6339869281045752, 0.7123287671232879, 0.6447368421052632, 0.6611295681063124, 0.6501650165016503, 0.7241379310344829, 0.6286644951140066, 0.6611295681063124, 0.6501650165016503, 0.6949152542372882, 0.6722408026755853, 0.6339869281045752, 0.6181229773462783], "tpr_ratio": [0.7951419373719636, 0.7848820414058739, 0.8429329860763297, 0.8693779425022538, 0.7606272435291893, 0.8091684434968017, 0.8273339186420835, 0.8619402985074626, 0.7651365812447197, 0.8392576590730558, 0.8405970149253731, 0.8453005244050018, 0.7637445682977517, 0.87374769985688, 0.8307462686567164, 0.8519564340459862, 0.7785267212325468, 0.800770341839191, 0.8771212430995704, 0.9082248332804064], "auroc": [0.9913863157894737, 0.9923031578947368, 0.9926210526315791, 0.9939757894736843, 0.9926757894736843, 0.9933231578947369, 0.9933863157894736, 0.9924084210526315, 0.9922168421052632, 0.9929694736842105, 0.9927505263157894, 0.9916378947368422, 0.9924347368421053, 0.9925842105263157, 0.9927284210526317, 0.9929136842105264, 0.99204, 0.9926273684210527, 0.9925431578947368, 0.9921421052631579], "key": ["0.01-0.01", "0.01-0.2", "0.01-0.5", "0.01-0.8", "0.05-0.01", "0.05-0.2", "0.05-0.5", "0.05-0.8", "0.2-0.01", "0.2-0.2", "0.2-0.5", "0.2-0.8", "0.5-0.01", "0.5-0.2", "0.5-0.5", "0.5-0.8", "0.8-0.01", "0.8-0.2", "0.8-0.5", "0.8-0.8"]}