{"flag_ratio": [0.5243902439024389, 0.515151515151515, 0.5060240963855422, 0.5290519877675842, 0.5243902439024389, 0.5105740181268882, 0.5337423312883436, 0.4925373134328358, 0.5015015015015015, 0.5197568389057751, 0.4925373134328358, 0.5060240963855421, 0.5060240963855422, 0.4836795252225521, 0.5151515151515151, 0.5197568389057751, 0.5337423312883435, 0.5243902439024389, 0.5243902439024389, 0.5105740181268882], "tpr_ratio": [0.7556818181818183, 0.773809523809524, 0.7916666666666666, 0.7558823529411764, 0.7831325301204819, 0.7794117647058824, 0.7831325301204819, 0.7999999999999999, 0.7642045454545455, 0.7386363636363638, 0.7852941176470588, 0.7790697674418606, 0.7557471264367817, 0.7965116279069768, 0.7743902439024389, 0.786144578313253, 0.7383720930232558, 0.7588235294117648, 0.7558823529411766, 0.7674418604651163], "auroc": [0.9730063157894737, 0.9722863157894736, 0.9760936842105263, 0.9745557894736843, 0.9693589473684211, 0.9757221052631578, 0.9709831578947368, 0.9791136842105264, 0.97502, 0.9767052631578947, 0.9776694736842104, 0.9741505263157896, 0.9694178947368421, 0.9780957894736844, 0.9716831578947369, 0.97632, 0.971263157894737, 0.9726484210526317, 0.9708715789473684, 0.97554], "key": ["0.01-0.01", "0.01-0.2", "0.01-0.5", "0.01-0.8", "0.05-0.01", "0.05-0.2", "0.05-0.5", "0.05-0.8", "0.2-0.01", "0.2-0.2", "0.2-0.5", "0.2-0.8", "0.5-0.01", "0.5-0.2", "0.5-0.5", "0.5-0.8", "0.8-0.01", "0.8-0.2", "0.8-0.5", "0.8-0.8"]}