{"0.01-0.01": {"roc": 0.9568277777777777, "flag_rate": [0.094, 0.106], "flag_rate_ratio": 0.8867924528301887, "TPR": [0.92, 0.48], "TPR whole": 0.7, "TPR ratio": 1.9166666666666667, "FPR": [0.0022222222222222222, 0.06444444444444444], "FPR whole": 0.03333333333333333, "FPR ratio": 0.034482758620689655, "PPR": [0.9787234042553191, 0.4528301886792453], "PPR whole": 0.7, "PPR ratio": 2.1613475177304964}, "0.01-0.2": {"roc": 0.9414194444444445, "flag_rate": [0.069, 0.131], "flag_rate_ratio": 0.5267175572519084, "TPR": [0.64, 0.5], "TPR whole": 0.57, "TPR ratio": 1.28, "FPR": [0.005555555555555556, 0.09], "FPR whole": 0.04777777777777778, "FPR ratio": 0.0617283950617284, "PPR": [0.927536231884058, 0.3816793893129771], "PPR whole": 0.57, "PPR ratio": 2.4301449275362317}, "0.01-0.5": {"roc": 0.9259833333333334, "flag_rate": [0.042, 0.158], "flag_rate_ratio": 0.2658227848101266, "TPR": [0.4, 0.5], "TPR whole": 0.45, "TPR ratio": 0.8, "FPR": [0.0022222222222222222, 0.12], "FPR whole": 0.06111111111111111, "FPR ratio": 0.018518518518518517, "PPR": [0.9523809523809523, 0.31645569620253167], "PPR whole": 0.45, "PPR ratio": 3.009523809523809}, "0.01-0.8": {"roc": 0.9145694444444444, "flag_rate": [0.036, 0.164], "flag_rate_ratio": 0.2195121951219512, "TPR": [0.34, 0.47], "TPR whole": 0.405, "TPR ratio": 0.723404255319149, "FPR": [0.0022222222222222222, 0.13], "FPR whole": 0.0661111111111111, "FPR ratio": 0.017094017094017092, "PPR": [0.9444444444444444, 0.2865853658536585], "PPR whole": 0.405, "PPR ratio": 3.2955082742316786}, "0.05-0.01": {"roc": 0.9566611111111111, "flag_rate": [0.095, 0.105], "flag_rate_ratio": 0.9047619047619048, "TPR": [0.92, 0.48], "TPR whole": 0.7, "TPR ratio": 1.9166666666666667, "FPR": [0.0033333333333333335, 0.06333333333333334], "FPR whole": 0.03333333333333333, "FPR ratio": 0.05263157894736842, "PPR": [0.968421052631579, 0.45714285714285713], "PPR whole": 0.7, "PPR ratio": 2.118421052631579}, "0.05-0.2": {"roc": 0.9529833333333334, "flag_rate": [0.084, 0.116], "flag_rate_ratio": 0.7241379310344828, "TPR": [0.8, 0.51], "TPR whole": 0.655, "TPR ratio": 1.5686274509803921, "FPR": [0.0044444444444444444, 0.07222222222222222], "FPR whole": 0.03833333333333333, "FPR ratio": 0.06153846153846154, "PPR": [0.9523809523809523, 0.4396551724137931], "PPR whole": 0.655, "PPR ratio": 2.1661998132586366}, "0.05-0.5": {"roc": 0.9329444444444444, "flag_rate": [0.051, 0.149], "flag_rate_ratio": 0.3422818791946309, "TPR": [0.49, 0.53], "TPR whole": 0.51, "TPR ratio": 0.9245283018867924, "FPR": [0.0022222222222222222, 0.10666666666666667], "FPR whole": 0.05444444444444444, "FPR ratio": 0.020833333333333332, "PPR": [0.9607843137254902, 0.35570469798657717], "PPR whole": 0.51, "PPR ratio": 2.701072881982982}, "0.05-0.8": {"roc": 0.9121861111111111, "flag_rate": [0.031, 0.169], "flag_rate_ratio": 0.1834319526627219, "TPR": [0.29, 0.48], "TPR whole": 0.385, "TPR ratio": 0.6041666666666666, "FPR": [0.0022222222222222222, 0.13444444444444445], "FPR whole": 0.06833333333333333, "FPR ratio": 0.01652892561983471, "PPR": [0.9354838709677419, 0.28402366863905326], "PPR whole": 0.385, "PPR ratio": 3.2936827956989245}, "0.2-0.01": {"roc": 0.9518472222222223, "flag_rate": [0.098, 0.102], "flag_rate_ratio": 0.9607843137254903, "TPR": [0.94, 0.47], "TPR whole": 0.705, "TPR ratio": 2.0, "FPR": [0.0044444444444444444, 0.06111111111111111], "FPR whole": 0.03277777777777778, "FPR ratio": 0.07272727272727272, "PPR": [0.9591836734693877, 0.46078431372549017], "PPR whole": 0.705, "PPR ratio": 2.0816326530612246}, "0.2-0.2": {"roc": 0.9426555555555555, "flag_rate": [0.074, 0.126], "flag_rate_ratio": 0.5873015873015872, "TPR": [0.69, 0.5], "TPR whole": 0.595, "TPR ratio": 1.38, "FPR": [0.005555555555555556, 0.08444444444444445], "FPR whole": 0.045, "FPR ratio": 0.06578947368421052, "PPR": [0.9324324324324325, 0.3968253968253968], "PPR whole": 0.595, "PPR ratio": 2.34972972972973}, "0.2-0.5": {"roc": 0.8903861111111112, "flag_rate": [0.041, 0.159], "flag_rate_ratio": 0.2578616352201258, "TPR": [0.34, 0.36], "TPR whole": 0.35, "TPR ratio": 0.9444444444444445, "FPR": [0.0077777777777777776, 0.13666666666666666], "FPR whole": 0.07222222222222222, "FPR ratio": 0.05691056910569106, "PPR": [0.8292682926829268, 0.22641509433962265], "PPR whole": 0.35, "PPR ratio": 3.6626016260162597}, "0.2-0.8": {"roc": 0.8936749999999999, "flag_rate": [0.029, 0.171], "flag_rate_ratio": 0.1695906432748538, "TPR": [0.24, 0.42], "TPR whole": 0.33, "TPR ratio": 0.5714285714285714, "FPR": [0.005555555555555556, 0.14333333333333334], "FPR whole": 0.07444444444444444, "FPR ratio": 0.03875968992248062, "PPR": [0.8275862068965517, 0.24561403508771928], "PPR whole": 0.33, "PPR ratio": 3.369458128078818}, "0.5-0.01": {"roc": 0.950225, "flag_rate": [0.097, 0.103], "flag_rate_ratio": 0.941747572815534, "TPR": [0.93, 0.47], "TPR whole": 0.7, "TPR ratio": 1.9787234042553195, "FPR": [0.0044444444444444444, 0.06222222222222222], "FPR whole": 0.03333333333333333, "FPR ratio": 0.07142857142857142, "PPR": [0.9587628865979382, 0.4563106796116505], "PPR whole": 0.7, "PPR ratio": 2.1011186663742047}, "0.5-0.2": {"roc": 0.9394722222222222, "flag_rate": [0.072, 0.128], "flag_rate_ratio": 0.5625, "TPR": [0.66, 0.49], "TPR whole": 0.575, "TPR ratio": 1.3469387755102042, "FPR": [0.006666666666666667, 0.08777777777777777], "FPR whole": 0.04722222222222222, "FPR ratio": 0.0759493670886076, "PPR": [0.9166666666666666, 0.3828125], "PPR whole": 0.575, "PPR ratio": 2.3945578231292517}, "0.5-0.5": {"roc": 0.912725, "flag_rate": [0.031, 0.169], "flag_rate_ratio": 0.1834319526627219, "TPR": [0.29, 0.49], "TPR whole": 0.39, "TPR ratio": 0.5918367346938775, "FPR": [0.0022222222222222222, 0.13333333333333333], "FPR whole": 0.06777777777777778, "FPR ratio": 0.016666666666666666, "PPR": [0.9354838709677419, 0.28994082840236685], "PPR whole": 0.39, "PPR ratio": 3.226464779460171}, "0.5-0.8": {"roc": 0.9124166666666665, "flag_rate": [0.031, 0.169], "flag_rate_ratio": 0.1834319526627219, "TPR": [0.29, 0.49], "TPR whole": 0.39, "TPR ratio": 0.5918367346938775, "FPR": [0.0022222222222222222, 0.13333333333333333], "FPR whole": 0.06777777777777778, "FPR ratio": 0.016666666666666666, "PPR": [0.9354838709677419, 0.28994082840236685], "PPR whole": 0.39, "PPR ratio": 3.226464779460171}, "0.8-0.01": {"roc": 0.9104777777777777, "flag_rate": [0.053, 0.147], "flag_rate_ratio": 0.36054421768707484, "TPR": [0.46, 0.42], "TPR whole": 0.44, "TPR ratio": 1.0952380952380953, "FPR": [0.0077777777777777776, 0.11666666666666667], "FPR whole": 0.06222222222222222, "FPR ratio": 0.06666666666666667, "PPR": [0.8679245283018868, 0.2857142857142857], "PPR whole": 0.44, "PPR ratio": 3.037735849056604}, "0.8-0.2": {"roc": 0.9062777777777777, "flag_rate": [0.026, 0.174], "flag_rate_ratio": 0.14942528735632185, "TPR": [0.24, 0.5], "TPR whole": 0.37, "TPR ratio": 0.48, "FPR": [0.0022222222222222222, 0.13777777777777778], "FPR whole": 0.07, "FPR ratio": 0.016129032258064516, "PPR": [0.9230769230769231, 0.28735632183908044], "PPR whole": 0.37, "PPR ratio": 3.2123076923076925}, "0.8-0.5": {"roc": 0.896736111111111, "flag_rate": [0.024, 0.176], "flag_rate_ratio": 0.13636363636363638, "TPR": [0.22, 0.45], "TPR whole": 0.335, "TPR ratio": 0.4888888888888889, "FPR": [0.0022222222222222222, 0.14555555555555555], "FPR whole": 0.07388888888888889, "FPR ratio": 0.015267175572519085, "PPR": [0.9166666666666666, 0.2556818181818182], "PPR whole": 0.335, "PPR ratio": 3.585185185185185}, "0.8-0.8": {"roc": 0.9034527777777779, "flag_rate": [0.028, 0.172], "flag_rate_ratio": 0.16279069767441862, "TPR": [0.26, 0.47], "TPR whole": 0.365, "TPR ratio": 0.5531914893617021, "FPR": [0.0022222222222222222, 0.1388888888888889], "FPR whole": 0.07055555555555555, "FPR ratio": 0.016, "PPR": [0.9285714285714286, 0.27325581395348836], "PPR whole": 0.365, "PPR ratio": 3.3981762917933134}}