{"0.01-0.01": {"roc": 0.9728333333333333, "flag_rate": [0.109, 0.091], "flag_rate_ratio": 1.1978021978021978, "TPR": [0.88, 0.61], "TPR whole": 0.745, "TPR ratio": 1.4426229508196722, "FPR": [0.023333333333333334, 0.03333333333333333], "FPR whole": 0.028333333333333332, "FPR ratio": 0.7000000000000001, "PPR": [0.8073394495412844, 0.6703296703296703], "PPR whole": 0.745, "PPR ratio": 1.2043916378402768}, "0.01-0.2": {"roc": 0.9726888888888889, "flag_rate": [0.108, 0.092], "flag_rate_ratio": 1.173913043478261, "TPR": [0.89, 0.63], "TPR whole": 0.76, "TPR ratio": 1.4126984126984128, "FPR": [0.021111111111111112, 0.03222222222222222], "FPR whole": 0.02666666666666667, "FPR ratio": 0.6551724137931035, "PPR": [0.8240740740740741, 0.6847826086956522], "PPR whole": 0.76, "PPR ratio": 1.2034097589653145}, "0.01-0.5": {"roc": 0.9710083333333334, "flag_rate": [0.107, 0.093], "flag_rate_ratio": 1.1505376344086022, "TPR": [0.88, 0.63], "TPR whole": 0.755, "TPR ratio": 1.3968253968253967, "FPR": [0.021111111111111112, 0.03333333333333333], "FPR whole": 0.02722222222222222, "FPR ratio": 0.6333333333333334, "PPR": [0.822429906542056, 0.6774193548387096], "PPR whole": 0.755, "PPR ratio": 1.2140631953716066}, "0.01-0.8": {"roc": 0.9717166666666667, "flag_rate": [0.101, 0.099], "flag_rate_ratio": 1.02020202020202, "TPR": [0.81, 0.66], "TPR whole": 0.735, "TPR ratio": 1.2272727272727273, "FPR": [0.022222222222222223, 0.03666666666666667], "FPR whole": 0.029444444444444443, "FPR ratio": 0.6060606060606061, "PPR": [0.801980198019802, 0.6666666666666666], "PPR whole": 0.735, "PPR ratio": 1.2029702970297032}, "0.05-0.01": {"roc": 0.9746138888888889, "flag_rate": [0.109, 0.091], "flag_rate_ratio": 1.1978021978021978, "TPR": [0.88, 0.62], "TPR whole": 0.75, "TPR ratio": 1.4193548387096775, "FPR": [0.023333333333333334, 0.03222222222222222], "FPR whole": 0.027777777777777776, "FPR ratio": 0.7241379310344828, "PPR": [0.8073394495412844, 0.6813186813186813], "PPR whole": 0.75, "PPR ratio": 1.1849659662622078}, "0.05-0.2": {"roc": 0.9703555555555555, "flag_rate": [0.11, 0.09], "flag_rate_ratio": 1.2222222222222223, "TPR": [0.88, 0.6], "TPR whole": 0.74, "TPR ratio": 1.4666666666666668, "FPR": [0.024444444444444446, 0.03333333333333333], "FPR whole": 0.028888888888888888, "FPR ratio": 0.7333333333333334, "PPR": [0.8, 0.6666666666666666], "PPR whole": 0.74, "PPR ratio": 1.2000000000000002}, "0.05-0.5": {"roc": 0.9691111111111111, "flag_rate": [0.106, 0.094], "flag_rate_ratio": 1.127659574468085, "TPR": [0.85, 0.64], "TPR whole": 0.745, "TPR ratio": 1.328125, "FPR": [0.023333333333333334, 0.03333333333333333], "FPR whole": 0.028333333333333332, "FPR ratio": 0.7000000000000001, "PPR": [0.8018867924528302, 0.6808510638297872], "PPR whole": 0.745, "PPR ratio": 1.1777712264150944}, "0.05-0.8": {"roc": 0.9746972222222222, "flag_rate": [0.108, 0.092], "flag_rate_ratio": 1.173913043478261, "TPR": [0.88, 0.64], "TPR whole": 0.76, "TPR ratio": 1.375, "FPR": [0.022222222222222223, 0.03111111111111111], "FPR whole": 0.02666666666666667, "FPR ratio": 0.7142857142857143, "PPR": [0.8148148148148148, 0.6956521739130435], "PPR whole": 0.76, "PPR ratio": 1.1712962962962963}, "0.2-0.01": {"roc": 0.9744444444444444, "flag_rate": [0.109, 0.091], "flag_rate_ratio": 1.1978021978021978, "TPR": [0.88, 0.62], "TPR whole": 0.75, "TPR ratio": 1.4193548387096775, "FPR": [0.023333333333333334, 0.03222222222222222], "FPR whole": 0.027777777777777776, "FPR ratio": 0.7241379310344828, "PPR": [0.8073394495412844, 0.6813186813186813], "PPR whole": 0.75, "PPR ratio": 1.1849659662622078}, "0.2-0.2": {"roc": 0.974011111111111, "flag_rate": [0.107, 0.093], "flag_rate_ratio": 1.1505376344086022, "TPR": [0.88, 0.65], "TPR whole": 0.765, "TPR ratio": 1.3538461538461537, "FPR": [0.021111111111111112, 0.03111111111111111], "FPR whole": 0.026111111111111113, "FPR ratio": 0.6785714285714286, "PPR": [0.822429906542056, 0.6989247311827957], "PPR whole": 0.765, "PPR ratio": 1.1767074047447879}, "0.2-0.5": {"roc": 0.9709638888888888, "flag_rate": [0.108, 0.092], "flag_rate_ratio": 1.173913043478261, "TPR": [0.89, 0.63], "TPR whole": 0.76, "TPR ratio": 1.4126984126984128, "FPR": [0.021111111111111112, 0.03222222222222222], "FPR whole": 0.02666666666666667, "FPR ratio": 0.6551724137931035, "PPR": [0.8240740740740741, 0.6847826086956522], "PPR whole": 0.76, "PPR ratio": 1.2034097589653145}, "0.2-0.8": {"roc": 0.9723722222222222, "flag_rate": [0.104, 0.096], "flag_rate_ratio": 1.0833333333333333, "TPR": [0.85, 0.66], "TPR whole": 0.755, "TPR ratio": 1.2878787878787878, "FPR": [0.021111111111111112, 0.03333333333333333], "FPR whole": 0.02722222222222222, "FPR ratio": 0.6333333333333334, "PPR": [0.8173076923076923, 0.6875], "PPR whole": 0.755, "PPR ratio": 1.1888111888111887}, "0.5-0.01": {"roc": 0.9741555555555554, "flag_rate": [0.11, 0.09], "flag_rate_ratio": 1.2222222222222223, "TPR": [0.89, 0.61], "TPR whole": 0.75, "TPR ratio": 1.459016393442623, "FPR": [0.023333333333333334, 0.03222222222222222], "FPR whole": 0.027777777777777776, "FPR ratio": 0.7241379310344828, "PPR": [0.8090909090909091, 0.6777777777777778], "PPR whole": 0.75, "PPR ratio": 1.193740685543964}, "0.5-0.2": {"roc": 0.9735055555555555, "flag_rate": [0.108, 0.092], "flag_rate_ratio": 1.173913043478261, "TPR": [0.88, 0.64], "TPR whole": 0.76, "TPR ratio": 1.375, "FPR": [0.022222222222222223, 0.03111111111111111], "FPR whole": 0.02666666666666667, "FPR ratio": 0.7142857142857143, "PPR": [0.8148148148148148, 0.6956521739130435], "PPR whole": 0.76, "PPR ratio": 1.1712962962962963}, "0.5-0.5": {"roc": 0.9711972222222223, "flag_rate": [0.104, 0.096], "flag_rate_ratio": 1.0833333333333333, "TPR": [0.86, 0.63], "TPR whole": 0.745, "TPR ratio": 1.3650793650793651, "FPR": [0.02, 0.03666666666666667], "FPR whole": 0.028333333333333332, "FPR ratio": 0.5454545454545454, "PPR": [0.8269230769230769, 0.65625], "PPR whole": 0.745, "PPR ratio": 1.26007326007326}, "0.5-0.8": {"roc": 0.9682027777777777, "flag_rate": [0.077, 0.123], "flag_rate_ratio": 0.6260162601626016, "TPR": [0.67, 0.74], "TPR whole": 0.705, "TPR ratio": 0.9054054054054055, "FPR": [0.011111111111111112, 0.05444444444444444], "FPR whole": 0.03277777777777778, "FPR ratio": 0.20408163265306126, "PPR": [0.8701298701298701, 0.6016260162601627], "PPR whole": 0.705, "PPR ratio": 1.4462969462969462}, "0.8-0.01": {"roc": 0.975375, "flag_rate": [0.11, 0.09], "flag_rate_ratio": 1.2222222222222223, "TPR": [0.89, 0.62], "TPR whole": 0.755, "TPR ratio": 1.435483870967742, "FPR": [0.023333333333333334, 0.03111111111111111], "FPR whole": 0.02722222222222222, "FPR ratio": 0.7500000000000001, "PPR": [0.8090909090909091, 0.6888888888888889], "PPR whole": 0.755, "PPR ratio": 1.1744868035190617}, "0.8-0.2": {"roc": 0.9722361111111111, "flag_rate": [0.105, 0.095], "flag_rate_ratio": 1.1052631578947367, "TPR": [0.86, 0.64], "TPR whole": 0.75, "TPR ratio": 1.34375, "FPR": [0.021111111111111112, 0.034444444444444444], "FPR whole": 0.027777777777777776, "FPR ratio": 0.6129032258064516, "PPR": [0.819047619047619, 0.6736842105263158], "PPR whole": 0.75, "PPR ratio": 1.2157738095238095}, "0.8-0.5": {"roc": 0.9377666666666665, "flag_rate": [0.052, 0.148], "flag_rate_ratio": 0.35135135135135137, "TPR": [0.47, 0.76], "TPR whole": 0.615, "TPR ratio": 0.6184210526315789, "FPR": [0.005555555555555556, 0.08], "FPR whole": 0.042777777777777776, "FPR ratio": 0.06944444444444445, "PPR": [0.9038461538461539, 0.5135135135135135], "PPR whole": 0.615, "PPR ratio": 1.7601214574898787}, "0.8-0.8": {"roc": 0.9142527777777777, "flag_rate": [0.037, 0.163], "flag_rate_ratio": 0.22699386503067484, "TPR": [0.32, 0.79], "TPR whole": 0.555, "TPR ratio": 0.4050632911392405, "FPR": [0.005555555555555556, 0.09333333333333334], "FPR whole": 0.049444444444444444, "FPR ratio": 0.05952380952380952, "PPR": [0.8648648648648649, 0.48466257668711654], "PPR whole": 0.555, "PPR ratio": 1.7844680123161138}}