{"0.01-0.01": {"roc": 0.9878250000000001, "flag_rate": [0.099, 0.101], "flag_rate_ratio": 0.9801980198019802, "TPR": [0.82, 0.88], "TPR whole": 0.85, "TPR ratio": 0.9318181818181818, "FPR": [0.01888888888888889, 0.014444444444444444], "FPR whole": 0.016666666666666666, "FPR ratio": 1.3076923076923077, "PPR": [0.8282828282828283, 0.8712871287128713], "PPR whole": 0.85, "PPR ratio": 0.9506427915518825}, "0.01-0.2": {"roc": 0.9818138888888889, "flag_rate": [0.103, 0.097], "flag_rate_ratio": 1.0618556701030928, "TPR": [0.79, 0.8], "TPR whole": 0.795, "TPR ratio": 0.9875, "FPR": [0.02666666666666667, 0.01888888888888889], "FPR whole": 0.02277777777777778, "FPR ratio": 1.411764705882353, "PPR": [0.7669902912621359, 0.8247422680412371], "PPR whole": 0.795, "PPR ratio": 0.9299757281553398}, "0.01-0.5": {"roc": 0.9778555555555555, "flag_rate": [0.099, 0.101], "flag_rate_ratio": 0.9801980198019802, "TPR": [0.76, 0.79], "TPR whole": 0.775, "TPR ratio": 0.9620253164556962, "FPR": [0.025555555555555557, 0.024444444444444446], "FPR whole": 0.025, "FPR ratio": 1.0454545454545454, "PPR": [0.7676767676767676, 0.7821782178217822], "PPR whole": 0.775, "PPR ratio": 0.981460171333589}, "0.01-0.8": {"roc": 0.9773694444444443, "flag_rate": [0.101, 0.099], "flag_rate_ratio": 1.02020202020202, "TPR": [0.76, 0.79], "TPR whole": 0.775, "TPR ratio": 0.9620253164556962, "FPR": [0.027777777777777776, 0.022222222222222223], "FPR whole": 0.025, "FPR ratio": 1.2499999999999998, "PPR": [0.7524752475247525, 0.797979797979798], "PPR whole": 0.775, "PPR ratio": 0.9429753101892467}, "0.05-0.01": {"roc": 0.9853111111111111, "flag_rate": [0.097, 0.103], "flag_rate_ratio": 0.941747572815534, "TPR": [0.79, 0.85], "TPR whole": 0.82, "TPR ratio": 0.9294117647058824, "FPR": [0.02, 0.02], "FPR whole": 0.02, "FPR ratio": 1.0, "PPR": [0.8144329896907216, 0.8252427184466019], "PPR whole": 0.82, "PPR ratio": 0.9869011522134628}, "0.05-0.2": {"roc": 0.9801666666666666, "flag_rate": [0.103, 0.097], "flag_rate_ratio": 1.0618556701030928, "TPR": [0.79, 0.79], "TPR whole": 0.79, "TPR ratio": 1.0, "FPR": [0.02666666666666667, 0.02], "FPR whole": 0.023333333333333334, "FPR ratio": 1.3333333333333335, "PPR": [0.7669902912621359, 0.8144329896907216], "PPR whole": 0.79, "PPR ratio": 0.941747572815534}, "0.05-0.5": {"roc": 0.9806222222222221, "flag_rate": [0.098, 0.102], "flag_rate_ratio": 0.9607843137254903, "TPR": [0.76, 0.82], "TPR whole": 0.79, "TPR ratio": 0.926829268292683, "FPR": [0.024444444444444446, 0.022222222222222223], "FPR whole": 0.023333333333333334, "FPR ratio": 1.1, "PPR": [0.7755102040816326, 0.803921568627451], "PPR whole": 0.79, "PPR ratio": 0.9646590343454454}, "0.05-0.8": {"roc": 0.9804777777777777, "flag_rate": [0.098, 0.102], "flag_rate_ratio": 0.9607843137254903, "TPR": [0.77, 0.81], "TPR whole": 0.79, "TPR ratio": 0.9506172839506173, "FPR": [0.023333333333333334, 0.023333333333333334], "FPR whole": 0.023333333333333334, "FPR ratio": 1.0, "PPR": [0.7857142857142857, 0.7941176470588235], "PPR whole": 0.79, "PPR ratio": 0.9894179894179894}, "0.2-0.01": {"roc": 0.9814583333333333, "flag_rate": [0.101, 0.099], "flag_rate_ratio": 1.02020202020202, "TPR": [0.79, 0.82], "TPR whole": 0.805, "TPR ratio": 0.9634146341463415, "FPR": [0.024444444444444446, 0.01888888888888889], "FPR whole": 0.021666666666666667, "FPR ratio": 1.2941176470588236, "PPR": [0.7821782178217822, 0.8282828282828283], "PPR whole": 0.805, "PPR ratio": 0.9443371166384932}, "0.2-0.2": {"roc": 0.9791777777777777, "flag_rate": [0.101, 0.099], "flag_rate_ratio": 1.02020202020202, "TPR": [0.79, 0.78], "TPR whole": 0.785, "TPR ratio": 1.0128205128205128, "FPR": [0.024444444444444446, 0.023333333333333334], "FPR whole": 0.02388888888888889, "FPR ratio": 1.0476190476190477, "PPR": [0.7821782178217822, 0.7878787878787878], "PPR whole": 0.785, "PPR ratio": 0.9927646610814929}, "0.2-0.5": {"roc": 0.9767361111111111, "flag_rate": [0.099, 0.101], "flag_rate_ratio": 0.9801980198019802, "TPR": [0.76, 0.78], "TPR whole": 0.77, "TPR ratio": 0.9743589743589743, "FPR": [0.025555555555555557, 0.025555555555555557], "FPR whole": 0.025555555555555557, "FPR ratio": 1.0, "PPR": [0.7676767676767676, 0.7722772277227723], "PPR whole": 0.77, "PPR ratio": 0.9940429940429939}, "0.2-0.8": {"roc": 0.9773138888888888, "flag_rate": [0.102, 0.098], "flag_rate_ratio": 1.040816326530612, "TPR": [0.77, 0.76], "TPR whole": 0.765, "TPR ratio": 1.013157894736842, "FPR": [0.027777777777777776, 0.024444444444444446], "FPR whole": 0.026111111111111113, "FPR ratio": 1.1363636363636362, "PPR": [0.7549019607843137, 0.7755102040816326], "PPR whole": 0.765, "PPR ratio": 0.9734262125902993}, "0.5-0.01": {"roc": 0.982061111111111, "flag_rate": [0.098, 0.102], "flag_rate_ratio": 0.9607843137254903, "TPR": [0.78, 0.8], "TPR whole": 0.79, "TPR ratio": 0.975, "FPR": [0.022222222222222223, 0.024444444444444446], "FPR whole": 0.023333333333333334, "FPR ratio": 0.9090909090909091, "PPR": [0.7959183673469388, 0.7843137254901961], "PPR whole": 0.79, "PPR ratio": 1.014795918367347}, "0.5-0.2": {"roc": 0.9776833333333332, "flag_rate": [0.104, 0.096], "flag_rate_ratio": 1.0833333333333333, "TPR": [0.76, 0.76], "TPR whole": 0.76, "TPR ratio": 1.0, "FPR": [0.03111111111111111, 0.022222222222222223], "FPR whole": 0.02666666666666667, "FPR ratio": 1.4, "PPR": [0.7307692307692307, 0.7916666666666666], "PPR whole": 0.76, "PPR ratio": 0.923076923076923}, "0.5-0.5": {"roc": 0.9755138888888889, "flag_rate": [0.1, 0.1], "flag_rate_ratio": 1.0, "TPR": [0.75, 0.78], "TPR whole": 0.765, "TPR ratio": 0.9615384615384615, "FPR": [0.027777777777777776, 0.024444444444444446], "FPR whole": 0.026111111111111113, "FPR ratio": 1.1363636363636362, "PPR": [0.75, 0.78], "PPR whole": 0.765, "PPR ratio": 0.9615384615384615}, "0.5-0.8": {"roc": 0.9819611111111112, "flag_rate": [0.102, 0.098], "flag_rate_ratio": 1.040816326530612, "TPR": [0.8, 0.79], "TPR whole": 0.795, "TPR ratio": 1.0126582278481013, "FPR": [0.024444444444444446, 0.021111111111111112], "FPR whole": 0.02277777777777778, "FPR ratio": 1.1578947368421053, "PPR": [0.7843137254901961, 0.8061224489795918], "PPR whole": 0.795, "PPR ratio": 0.9729461404815091}, "0.8-0.01": {"roc": 0.9806805555555557, "flag_rate": [0.096, 0.104], "flag_rate_ratio": 0.9230769230769231, "TPR": [0.76, 0.81], "TPR whole": 0.785, "TPR ratio": 0.9382716049382716, "FPR": [0.022222222222222223, 0.025555555555555557], "FPR whole": 0.02388888888888889, "FPR ratio": 0.8695652173913043, "PPR": [0.7916666666666666, 0.7788461538461539], "PPR whole": 0.785, "PPR ratio": 1.0164609053497942}, "0.8-0.2": {"roc": 0.9773444444444446, "flag_rate": [0.098, 0.102], "flag_rate_ratio": 0.9607843137254903, "TPR": [0.76, 0.78], "TPR whole": 0.77, "TPR ratio": 0.9743589743589743, "FPR": [0.024444444444444446, 0.02666666666666667], "FPR whole": 0.025555555555555557, "FPR ratio": 0.9166666666666666, "PPR": [0.7755102040816326, 0.7647058823529411], "PPR whole": 0.77, "PPR ratio": 1.0141287284144427}, "0.8-0.5": {"roc": 0.9828166666666667, "flag_rate": [0.099, 0.101], "flag_rate_ratio": 0.9801980198019802, "TPR": [0.78, 0.83], "TPR whole": 0.805, "TPR ratio": 0.9397590361445783, "FPR": [0.023333333333333334, 0.02], "FPR whole": 0.021666666666666667, "FPR ratio": 1.1666666666666667, "PPR": [0.7878787878787878, 0.8217821782178217], "PPR whole": 0.805, "PPR ratio": 0.9587440671778021}, "0.8-0.8": {"roc": 0.9759611111111112, "flag_rate": [0.1, 0.1], "flag_rate_ratio": 1.0, "TPR": [0.75, 0.79], "TPR whole": 0.77, "TPR ratio": 0.9493670886075949, "FPR": [0.027777777777777776, 0.023333333333333334], "FPR whole": 0.025555555555555557, "FPR ratio": 1.1904761904761905, "PPR": [0.75, 0.79], "PPR whole": 0.77, "PPR ratio": 0.9493670886075949}}