{"0.01-0.01": {"roc": 0.953725, "flag_rate": [0.076, 0.124], "flag_rate_ratio": 0.6129032258064516, "TPR": [0.66, 0.55], "TPR whole": 0.605, "TPR ratio": 1.2, "FPR": [0.011111111111111112, 0.07666666666666666], "FPR whole": 0.04388888888888889, "FPR ratio": 0.14492753623188406, "PPR": [0.868421052631579, 0.4435483870967742], "PPR whole": 0.605, "PPR ratio": 1.9578947368421054}, "0.01-0.2": {"roc": 0.9531333333333334, "flag_rate": [0.074, 0.126], "flag_rate_ratio": 0.5873015873015872, "TPR": [0.64, 0.54], "TPR whole": 0.59, "TPR ratio": 1.1851851851851851, "FPR": [0.011111111111111112, 0.08], "FPR whole": 0.04555555555555556, "FPR ratio": 0.1388888888888889, "PPR": [0.8648648648648649, 0.42857142857142855], "PPR whole": 0.59, "PPR ratio": 2.0180180180180183}, "0.01-0.5": {"roc": 0.9544888888888889, "flag_rate": [0.074, 0.126], "flag_rate_ratio": 0.5873015873015872, "TPR": [0.64, 0.54], "TPR whole": 0.59, "TPR ratio": 1.1851851851851851, "FPR": [0.011111111111111112, 0.08], "FPR whole": 0.04555555555555556, "FPR ratio": 0.1388888888888889, "PPR": [0.8648648648648649, 0.42857142857142855], "PPR whole": 0.59, "PPR ratio": 2.0180180180180183}, "0.01-0.8": {"roc": 0.9520944444444445, "flag_rate": [0.076, 0.124], "flag_rate_ratio": 0.6129032258064516, "TPR": [0.65, 0.52], "TPR whole": 0.585, "TPR ratio": 1.25, "FPR": [0.012222222222222223, 0.08], "FPR whole": 0.04611111111111111, "FPR ratio": 0.1527777777777778, "PPR": [0.8552631578947368, 0.41935483870967744], "PPR whole": 0.585, "PPR ratio": 2.039473684210526}, "0.05-0.01": {"roc": 0.9536972222222223, "flag_rate": [0.076, 0.124], "flag_rate_ratio": 0.6129032258064516, "TPR": [0.65, 0.55], "TPR whole": 0.6, "TPR ratio": 1.1818181818181817, "FPR": [0.012222222222222223, 0.07666666666666666], "FPR whole": 0.044444444444444446, "FPR ratio": 0.15942028985507248, "PPR": [0.8552631578947368, 0.4435483870967742], "PPR whole": 0.6, "PPR ratio": 1.9282296650717703}, "0.05-0.2": {"roc": 0.953225, "flag_rate": [0.074, 0.126], "flag_rate_ratio": 0.5873015873015872, "TPR": [0.64, 0.54], "TPR whole": 0.59, "TPR ratio": 1.1851851851851851, "FPR": [0.011111111111111112, 0.08], "FPR whole": 0.04555555555555556, "FPR ratio": 0.1388888888888889, "PPR": [0.8648648648648649, 0.42857142857142855], "PPR whole": 0.59, "PPR ratio": 2.0180180180180183}, "0.05-0.5": {"roc": 0.9533111111111111, "flag_rate": [0.074, 0.126], "flag_rate_ratio": 0.5873015873015872, "TPR": [0.63, 0.54], "TPR whole": 0.585, "TPR ratio": 1.1666666666666665, "FPR": [0.012222222222222223, 0.08], "FPR whole": 0.04611111111111111, "FPR ratio": 0.1527777777777778, "PPR": [0.8513513513513513, 0.42857142857142855], "PPR whole": 0.585, "PPR ratio": 1.9864864864864864}, "0.05-0.8": {"roc": 0.9529333333333333, "flag_rate": [0.076, 0.124], "flag_rate_ratio": 0.6129032258064516, "TPR": [0.64, 0.52], "TPR whole": 0.58, "TPR ratio": 1.2307692307692308, "FPR": [0.013333333333333334, 0.08], "FPR whole": 0.04666666666666667, "FPR ratio": 0.16666666666666669, "PPR": [0.8421052631578947, 0.41935483870967744], "PPR whole": 0.58, "PPR ratio": 2.0080971659919027}, "0.2-0.01": {"roc": 0.9551833333333334, "flag_rate": [0.075, 0.125], "flag_rate_ratio": 0.6, "TPR": [0.65, 0.55], "TPR whole": 0.6, "TPR ratio": 1.1818181818181817, "FPR": [0.011111111111111112, 0.07777777777777778], "FPR whole": 0.044444444444444446, "FPR ratio": 0.14285714285714285, "PPR": [0.8666666666666667, 0.44], "PPR whole": 0.6, "PPR ratio": 1.9696969696969697}, "0.2-0.2": {"roc": 0.9496722222222223, "flag_rate": [0.075, 0.125], "flag_rate_ratio": 0.6, "TPR": [0.64, 0.52], "TPR whole": 0.58, "TPR ratio": 1.2307692307692308, "FPR": [0.012222222222222223, 0.0811111111111111], "FPR whole": 0.04666666666666667, "FPR ratio": 0.15068493150684933, "PPR": [0.8533333333333334, 0.416], "PPR whole": 0.58, "PPR ratio": 2.0512820512820515}, "0.2-0.5": {"roc": 0.953111111111111, "flag_rate": [0.074, 0.126], "flag_rate_ratio": 0.5873015873015872, "TPR": [0.64, 0.53], "TPR whole": 0.585, "TPR ratio": 1.2075471698113207, "FPR": [0.011111111111111112, 0.0811111111111111], "FPR whole": 0.04611111111111111, "FPR ratio": 0.13698630136986303, "PPR": [0.8648648648648649, 0.42063492063492064], "PPR whole": 0.585, "PPR ratio": 2.056093829678735}, "0.2-0.8": {"roc": 0.9521361111111112, "flag_rate": [0.074, 0.126], "flag_rate_ratio": 0.5873015873015872, "TPR": [0.62, 0.52], "TPR whole": 0.57, "TPR ratio": 1.1923076923076923, "FPR": [0.013333333333333334, 0.08222222222222222], "FPR whole": 0.04777777777777778, "FPR ratio": 0.16216216216216217, "PPR": [0.8378378378378378, 0.4126984126984127], "PPR whole": 0.57, "PPR ratio": 2.0301455301455302}, "0.5-0.01": {"roc": 0.9558305555555556, "flag_rate": [0.075, 0.125], "flag_rate_ratio": 0.6, "TPR": [0.65, 0.55], "TPR whole": 0.6, "TPR ratio": 1.1818181818181817, "FPR": [0.011111111111111112, 0.07777777777777778], "FPR whole": 0.044444444444444446, "FPR ratio": 0.14285714285714285, "PPR": [0.8666666666666667, 0.44], "PPR whole": 0.6, "PPR ratio": 1.9696969696969697}, "0.5-0.2": {"roc": 0.9520972222222223, "flag_rate": [0.075, 0.125], "flag_rate_ratio": 0.6, "TPR": [0.65, 0.53], "TPR whole": 0.59, "TPR ratio": 1.2264150943396226, "FPR": [0.011111111111111112, 0.08], "FPR whole": 0.04555555555555556, "FPR ratio": 0.1388888888888889, "PPR": [0.8666666666666667, 0.424], "PPR whole": 0.59, "PPR ratio": 2.0440251572327046}, "0.5-0.5": {"roc": 0.955175, "flag_rate": [0.074, 0.126], "flag_rate_ratio": 0.5873015873015872, "TPR": [0.64, 0.54], "TPR whole": 0.59, "TPR ratio": 1.1851851851851851, "FPR": [0.011111111111111112, 0.08], "FPR whole": 0.04555555555555556, "FPR ratio": 0.1388888888888889, "PPR": [0.8648648648648649, 0.42857142857142855], "PPR whole": 0.59, "PPR ratio": 2.0180180180180183}, "0.5-0.8": {"roc": 0.9524222222222223, "flag_rate": [0.075, 0.125], "flag_rate_ratio": 0.6, "TPR": [0.64, 0.53], "TPR whole": 0.585, "TPR ratio": 1.2075471698113207, "FPR": [0.012222222222222223, 0.08], "FPR whole": 0.04611111111111111, "FPR ratio": 0.1527777777777778, "PPR": [0.8533333333333334, 0.424], "PPR whole": 0.585, "PPR ratio": 2.0125786163522013}, "0.8-0.01": {"roc": 0.9522972222222224, "flag_rate": [0.073, 0.127], "flag_rate_ratio": 0.5748031496062992, "TPR": [0.63, 0.54], "TPR whole": 0.585, "TPR ratio": 1.1666666666666665, "FPR": [0.011111111111111112, 0.0811111111111111], "FPR whole": 0.04611111111111111, "FPR ratio": 0.13698630136986303, "PPR": [0.863013698630137, 0.4251968503937008], "PPR whole": 0.585, "PPR ratio": 2.0296803652968034}, "0.8-0.2": {"roc": 0.9530777777777778, "flag_rate": [0.075, 0.125], "flag_rate_ratio": 0.6, "TPR": [0.64, 0.53], "TPR whole": 0.585, "TPR ratio": 1.2075471698113207, "FPR": [0.012222222222222223, 0.08], "FPR whole": 0.04611111111111111, "FPR ratio": 0.1527777777777778, "PPR": [0.8533333333333334, 0.424], "PPR whole": 0.585, "PPR ratio": 2.0125786163522013}, "0.8-0.5": {"roc": 0.9523805555555556, "flag_rate": [0.077, 0.123], "flag_rate_ratio": 0.6260162601626016, "TPR": [0.66, 0.52], "TPR whole": 0.59, "TPR ratio": 1.2692307692307692, "FPR": [0.012222222222222223, 0.07888888888888888], "FPR whole": 0.04555555555555556, "FPR ratio": 0.15492957746478875, "PPR": [0.8571428571428571, 0.42276422764227645], "PPR whole": 0.59, "PPR ratio": 2.0274725274725274}, "0.8-0.8": {"roc": 0.951811111111111, "flag_rate": [0.078, 0.122], "flag_rate_ratio": 0.639344262295082, "TPR": [0.66, 0.52], "TPR whole": 0.59, "TPR ratio": 1.2692307692307692, "FPR": [0.013333333333333334, 0.07777777777777778], "FPR whole": 0.04555555555555556, "FPR ratio": 0.17142857142857143, "PPR": [0.8461538461538461, 0.4262295081967213], "PPR whole": 0.59, "PPR ratio": 1.985207100591716}}