{"0.01-0.01": {"roc": 0.9305416666666667, "flag_rate": [0.079, 0.121], "flag_rate_ratio": 0.6528925619834711, "TPR": [0.47, 0.8], "TPR whole": 0.635, "TPR ratio": 0.5874999999999999, "FPR": [0.035555555555555556, 0.04555555555555556], "FPR whole": 0.04055555555555555, "FPR ratio": 0.7804878048780487, "PPR": [0.5949367088607594, 0.6611570247933884], "PPR whole": 0.635, "PPR ratio": 0.8998417721518986}, "0.01-0.2": {"roc": 0.9343999999999999, "flag_rate": [0.079, 0.121], "flag_rate_ratio": 0.6528925619834711, "TPR": [0.48, 0.82], "TPR whole": 0.65, "TPR ratio": 0.5853658536585366, "FPR": [0.034444444444444444, 0.043333333333333335], "FPR whole": 0.03888888888888889, "FPR ratio": 0.7948717948717948, "PPR": [0.6075949367088608, 0.6776859504132231], "PPR whole": 0.65, "PPR ratio": 0.8965730163630751}, "0.01-0.5": {"roc": 0.9337472222222223, "flag_rate": [0.079, 0.121], "flag_rate_ratio": 0.6528925619834711, "TPR": [0.48, 0.82], "TPR whole": 0.65, "TPR ratio": 0.5853658536585366, "FPR": [0.034444444444444444, 0.043333333333333335], "FPR whole": 0.03888888888888889, "FPR ratio": 0.7948717948717948, "PPR": [0.6075949367088608, 0.6776859504132231], "PPR whole": 0.65, "PPR ratio": 0.8965730163630751}, "0.01-0.8": {"roc": 0.9326305555555555, "flag_rate": [0.079, 0.121], "flag_rate_ratio": 0.6528925619834711, "TPR": [0.48, 0.82], "TPR whole": 0.65, "TPR ratio": 0.5853658536585366, "FPR": [0.034444444444444444, 0.043333333333333335], "FPR whole": 0.03888888888888889, "FPR ratio": 0.7948717948717948, "PPR": [0.6075949367088608, 0.6776859504132231], "PPR whole": 0.65, "PPR ratio": 0.8965730163630751}, "0.05-0.01": {"roc": 0.9305166666666667, "flag_rate": [0.08, 0.12], "flag_rate_ratio": 0.6666666666666667, "TPR": [0.48, 0.8], "TPR whole": 0.64, "TPR ratio": 0.6, "FPR": [0.035555555555555556, 0.044444444444444446], "FPR whole": 0.04, "FPR ratio": 0.7999999999999999, "PPR": [0.6, 0.6666666666666666], "PPR whole": 0.64, "PPR ratio": 0.9}, "0.05-0.2": {"roc": 0.9305777777777778, "flag_rate": [0.081, 0.119], "flag_rate_ratio": 0.680672268907563, "TPR": [0.47, 0.8], "TPR whole": 0.635, "TPR ratio": 0.5874999999999999, "FPR": [0.03777777777777778, 0.043333333333333335], "FPR whole": 0.04055555555555555, "FPR ratio": 0.8717948717948718, "PPR": [0.5802469135802469, 0.6722689075630253], "PPR whole": 0.635, "PPR ratio": 0.8631172839506173}, "0.05-0.5": {"roc": 0.9335194444444443, "flag_rate": [0.079, 0.121], "flag_rate_ratio": 0.6528925619834711, "TPR": [0.48, 0.82], "TPR whole": 0.65, "TPR ratio": 0.5853658536585366, "FPR": [0.034444444444444444, 0.043333333333333335], "FPR whole": 0.03888888888888889, "FPR ratio": 0.7948717948717948, "PPR": [0.6075949367088608, 0.6776859504132231], "PPR whole": 0.65, "PPR ratio": 0.8965730163630751}, "0.05-0.8": {"roc": 0.93445, "flag_rate": [0.078, 0.122], "flag_rate_ratio": 0.639344262295082, "TPR": [0.48, 0.83], "TPR whole": 0.655, "TPR ratio": 0.5783132530120482, "FPR": [0.03333333333333333, 0.043333333333333335], "FPR whole": 0.03833333333333333, "FPR ratio": 0.7692307692307692, "PPR": [0.6153846153846154, 0.680327868852459], "PPR whole": 0.655, "PPR ratio": 0.9045412418906396}, "0.2-0.01": {"roc": 0.9306805555555555, "flag_rate": [0.08, 0.12], "flag_rate_ratio": 0.6666666666666667, "TPR": [0.48, 0.8], "TPR whole": 0.64, "TPR ratio": 0.6, "FPR": [0.035555555555555556, 0.044444444444444446], "FPR whole": 0.04, "FPR ratio": 0.7999999999999999, "PPR": [0.6, 0.6666666666666666], "PPR whole": 0.64, "PPR ratio": 0.9}, "0.2-0.2": {"roc": 0.9320694444444444, "flag_rate": [0.08, 0.12], "flag_rate_ratio": 0.6666666666666667, "TPR": [0.47, 0.81], "TPR whole": 0.64, "TPR ratio": 0.5802469135802468, "FPR": [0.03666666666666667, 0.043333333333333335], "FPR whole": 0.04, "FPR ratio": 0.8461538461538461, "PPR": [0.5875, 0.675], "PPR whole": 0.64, "PPR ratio": 0.8703703703703703}, "0.2-0.5": {"roc": 0.9326083333333333, "flag_rate": [0.079, 0.121], "flag_rate_ratio": 0.6528925619834711, "TPR": [0.47, 0.83], "TPR whole": 0.65, "TPR ratio": 0.5662650602409639, "FPR": [0.035555555555555556, 0.042222222222222223], "FPR whole": 0.03888888888888889, "FPR ratio": 0.8421052631578947, "PPR": [0.5949367088607594, 0.6859504132231405], "PPR whole": 0.65, "PPR ratio": 0.8673173707488179}, "0.2-0.8": {"roc": 0.9320277777777777, "flag_rate": [0.078, 0.122], "flag_rate_ratio": 0.639344262295082, "TPR": [0.48, 0.82], "TPR whole": 0.65, "TPR ratio": 0.5853658536585366, "FPR": [0.03333333333333333, 0.044444444444444446], "FPR whole": 0.03888888888888889, "FPR ratio": 0.75, "PPR": [0.6153846153846154, 0.6721311475409836], "PPR whole": 0.65, "PPR ratio": 0.9155722326454034}, "0.5-0.01": {"roc": 0.9315777777777778, "flag_rate": [0.08, 0.12], "flag_rate_ratio": 0.6666666666666667, "TPR": [0.49, 0.8], "TPR whole": 0.645, "TPR ratio": 0.6124999999999999, "FPR": [0.034444444444444444, 0.044444444444444446], "FPR whole": 0.03944444444444444, "FPR ratio": 0.7749999999999999, "PPR": [0.6125, 0.6666666666666666], "PPR whole": 0.645, "PPR ratio": 0.9187500000000001}, "0.5-0.2": {"roc": 0.9333833333333332, "flag_rate": [0.079, 0.121], "flag_rate_ratio": 0.6528925619834711, "TPR": [0.47, 0.82], "TPR whole": 0.645, "TPR ratio": 0.573170731707317, "FPR": [0.035555555555555556, 0.043333333333333335], "FPR whole": 0.03944444444444444, "FPR ratio": 0.8205128205128205, "PPR": [0.5949367088607594, 0.6776859504132231], "PPR whole": 0.645, "PPR ratio": 0.877894411855511}, "0.5-0.5": {"roc": 0.9345333333333333, "flag_rate": [0.078, 0.122], "flag_rate_ratio": 0.639344262295082, "TPR": [0.48, 0.83], "TPR whole": 0.655, "TPR ratio": 0.5783132530120482, "FPR": [0.03333333333333333, 0.043333333333333335], "FPR whole": 0.03833333333333333, "FPR ratio": 0.7692307692307692, "PPR": [0.6153846153846154, 0.680327868852459], "PPR whole": 0.655, "PPR ratio": 0.9045412418906396}, "0.5-0.8": {"roc": 0.9337055555555556, "flag_rate": [0.077, 0.123], "flag_rate_ratio": 0.6260162601626016, "TPR": [0.48, 0.84], "TPR whole": 0.66, "TPR ratio": 0.5714285714285714, "FPR": [0.03222222222222222, 0.043333333333333335], "FPR whole": 0.03777777777777778, "FPR ratio": 0.7435897435897435, "PPR": [0.6233766233766234, 0.6829268292682927], "PPR whole": 0.66, "PPR ratio": 0.9128014842300556}, "0.8-0.01": {"roc": 0.9305833333333332, "flag_rate": [0.079, 0.121], "flag_rate_ratio": 0.6528925619834711, "TPR": [0.48, 0.8], "TPR whole": 0.64, "TPR ratio": 0.6, "FPR": [0.034444444444444444, 0.04555555555555556], "FPR whole": 0.04, "FPR ratio": 0.7560975609756098, "PPR": [0.6075949367088608, 0.6611570247933884], "PPR whole": 0.64, "PPR ratio": 0.9189873417721519}, "0.8-0.2": {"roc": 0.9324222222222222, "flag_rate": [0.076, 0.124], "flag_rate_ratio": 0.6129032258064516, "TPR": [0.46, 0.84], "TPR whole": 0.65, "TPR ratio": 0.5476190476190477, "FPR": [0.03333333333333333, 0.044444444444444446], "FPR whole": 0.03888888888888889, "FPR ratio": 0.75, "PPR": [0.6052631578947368, 0.6774193548387096], "PPR whole": 0.65, "PPR ratio": 0.893483709273183}, "0.8-0.5": {"roc": 0.9319083333333334, "flag_rate": [0.073, 0.127], "flag_rate_ratio": 0.5748031496062992, "TPR": [0.45, 0.86], "TPR whole": 0.655, "TPR ratio": 0.5232558139534884, "FPR": [0.03111111111111111, 0.04555555555555556], "FPR whole": 0.03833333333333333, "FPR ratio": 0.6829268292682926, "PPR": [0.6164383561643836, 0.6771653543307087], "PPR whole": 0.655, "PPR ratio": 0.9103217585218223}, "0.8-0.8": {"roc": 0.9287361111111111, "flag_rate": [0.07, 0.13], "flag_rate_ratio": 0.5384615384615385, "TPR": [0.42, 0.86], "TPR whole": 0.64, "TPR ratio": 0.4883720930232558, "FPR": [0.03111111111111111, 0.04888888888888889], "FPR whole": 0.04, "FPR ratio": 0.6363636363636364, "PPR": [0.6, 0.6615384615384615], "PPR whole": 0.64, "PPR ratio": 0.9069767441860465}}