{"0.01": {"0.01-0.01": 0.10496741776522754, "0.01-0.2": 0.08842235663431988, "0.01-0.5": 0.06293568888892313, "0.01-0.8": 0.03810929407613033, "0.05-0.01": 0.06506735655256315, "0.05-0.2": 0.08953110071334872, "0.05-0.5": 0.06417179029781407, "0.05-0.8": 0.09830422927025854, "0.2-0.01": 0.15964425368401694, "0.2-0.2": 0.07280199160966773, "0.2-0.5": 0.1432090073972676, "0.2-0.8": 0.056205901612786865, "0.5-0.01": 0.08516677450705817, "0.5-0.2": 0.11393329725331411, "0.5-0.5": 0.15016239104115353, "0.5-0.8": 0.09489270726386204, "0.8-0.01": 0.04991915671210342, "0.8-0.2": 0.11072442224838212, "0.8-0.5": 0.06740384519068202, "0.8-0.8": 0.1219684210210752}, "0.05": {"0.01-0.01": 0.09901692719431236, "0.01-0.2": 0.07188042331239723, "0.01-0.5": 0.0761516310175891, "0.01-0.8": 0.06907609495252925, "0.05-0.01": 0.19930755722752128, "0.05-0.2": 0.06666862732212984, "0.05-0.5": 0.052680673062352294, "0.05-0.8": 0.08265097961430806, "0.2-0.01": 0.11613720124109979, "0.2-0.2": 0.08400212013675283, "0.2-0.5": 0.06376102359201755, "0.2-0.8": 0.054796898315090055, "0.5-0.01": 0.11691564336981845, "0.5-0.2": 0.06622033762086624, "0.5-0.5": 0.06090391321541183, "0.5-0.8": 0.08587087703311942, "0.8-0.01": 0.07184735329853464, "0.8-0.2": 0.09572270279283195, "0.8-0.5": 0.07074609162818732, "0.8-0.8": 0.08535596912448082}, "0.1": {"0.01-0.01": 0.0883148408975025, "0.01-0.2": 0.08382320361331577, "0.01-0.5": 0.0911030274993053, "0.01-0.8": 0.11693441529714635, "0.05-0.01": 0.07974755531966196, "0.05-0.2": 0.10674446817511336, "0.05-0.5": 0.06860069781671627, "0.05-0.8": 0.0977621968966418, "0.2-0.01": 0.10770708006409567, "0.2-0.2": 0.07667059630893987, "0.2-0.5": 0.07370823115581018, "0.2-0.8": 0.06679761060809306, "0.5-0.01": 0.07507934535128905, "0.5-0.2": 0.06593616166545932, "0.5-0.5": 0.09192045405577447, "0.5-0.8": 0.05012102062971777, "0.8-0.01": 0.07010116004697682, "0.8-0.2": 0.07307702423473372, "0.8-0.5": 0.07857987661021253, "0.8-0.8": 0.062066932030635916}, "0.2": {"0.01-0.01": 0.15706149379706452, "0.01-0.2": 0.03537578254245717, "0.01-0.5": 0.02899196617980698, "0.01-0.8": 0.043101209586125844, "0.05-0.01": 0.219591848899035, "0.05-0.2": 0.06254200353553223, "0.05-0.5": 0.03700048481408343, "0.05-0.8": 0.07195115924897393, "0.2-0.01": 0.13254357225133487, "0.2-0.2": 0.05460230174580521, "0.2-0.5": 0.07735817327818298, "0.2-0.8": 0.06972221124571223, "0.5-0.01": 0.1107321168884846, "0.5-0.2": 0.07715920248231517, "0.5-0.5": 0.0961555992773102, "0.5-0.8": 0.06903083283728983, "0.8-0.01": 0.036993343002832024, "0.8-0.2": 0.09310685948375325, "0.8-0.5": 0.15189791715589954, "0.8-0.8": 0.08007346366429859}, "0.4": {"0.01-0.01": 0.37538259249489625, "0.01-0.2": 0.0317932903004199, "0.01-0.5": 0.05048394663986532, "0.01-0.8": 0.026917693772042495, "0.05-0.01": 0.389749958896148, "0.05-0.2": 0.0703150820571061, "0.05-0.5": 0.02861150100006598, "0.05-0.8": 0.10478247564940425, "0.2-0.01": 0.3666209662155872, "0.2-0.2": 0.0288244394996126, "0.2-0.5": 0.0647126670723074, "0.2-0.8": 0.05632736740147861, "0.5-0.01": 0.27752486566064766, "0.5-0.2": 0.03178153178164861, "0.5-0.5": 0.12855329186554665, "0.5-0.8": 0.029786747251940325, "0.8-0.01": 0.09683273132436294, "0.8-0.2": 0.09449635298377831, "0.8-0.5": 0.08687037651968317, "0.8-0.8": 0.09165033059221511}, "0.6": {"0.01-0.01": 0.50681618672926, "0.01-0.2": 0.386445226724494, "0.01-0.5": 0.2639486257337247, "0.01-0.8": 0.3772260453187011, "0.05-0.01": 0.5430597405355497, "0.05-0.2": 0.3741142467898911, "0.05-0.5": 0.16946173169033732, "0.05-0.8": 0.19819729941557362, "0.2-0.01": 0.5240394691052198, "0.2-0.2": 0.40514136790105504, "0.2-0.5": 0.20544450284850466, "0.2-0.8": 0.5778644726074047, "0.5-0.01": 0.4913124825528937, "0.5-0.2": 0.27752303157195035, "0.5-0.5": 0.5400290649409087, "0.5-0.8": 0.7272219783155064, "0.8-0.01": 0.4464148494633024, "0.8-0.2": 0.6046107932997385, "0.8-0.5": 0.76419850080145, "0.8-0.8": 0.7684811410762108}, "0.8": {"0.01-0.01": 0.3421085670382531, "0.01-0.2": 0.28884846428350713, "0.01-0.5": 0.20524361489616275, "0.01-0.8": 0.11942665966252018, "0.05-0.01": 0.5120102282677128, "0.05-0.2": 0.29719038747051746, "0.05-0.5": 0.25052309198570527, "0.05-0.8": 0.17558262108435882, "0.2-0.01": 0.6253818036642409, "0.2-0.2": 0.28780556442753413, "0.2-0.5": 0.13887720190118605, "0.2-0.8": 0.20361317889481262, "0.5-0.01": 0.410319850221598, "0.5-0.2": 0.13574195612111004, "0.5-0.5": 0.18703901591431604, "0.5-0.8": 0.3712037648008005, "0.8-0.01": 0.2796675258226033, "0.8-0.2": 0.19247462610641988, "0.8-0.5": 0.41159792126061123, "0.8-0.8": 0.5074021788488334}}