{"0.01": {"0.001-0.2": 0.35501617856072115, "0.001-0.5": 0.29637293923208785, "0.001-0.8": 0.3442719691385433, "0.01-0.2": 0.3198697423478764, "0.01-0.5": 0.40954472635433375, "0.01-0.8": 0.4537242177252079, "0.05-0.2": 0.4003779961757755, "0.05-0.5": 0.3629986293953217, "0.05-0.8": 0.43315153182768673, "0.2-0.2": 0.37555770358837476, "0.2-0.5": 0.405956221347966, "0.2-0.8": 0.4353630299450271, "0.5-0.2": 0.3562980200709904, "0.5-0.5": 0.3923561341735001, "0.5-0.8": 0.37083582209571225, "0.8-0.2": 0.30169602574188886, "0.8-0.5": 0.34531994228786655, "0.8-0.8": 0.3339828154314452}, "0.05": {"0.001-0.2": 0.16766904479435404, "0.001-0.5": 0.2730380732729613, "0.001-0.8": 0.3569530942066186, "0.01-0.2": 0.27283631406736064, "0.01-0.5": 0.3879399369295039, "0.01-0.8": 0.22497811423411976, "0.05-0.2": 0.21873501490692185, "0.05-0.5": 0.30689901467115005, "0.05-0.8": 0.30278709569784445, "0.2-0.2": 0.31909036179363726, "0.2-0.5": 0.21333497469191337, "0.2-0.8": 0.2764224925704228, "0.5-0.2": 0.2900354880025209, "0.5-0.5": 0.2787647217543528, "0.5-0.8": 0.1804362809436122, "0.8-0.2": 0.13268846482566987, "0.8-0.5": 0.37528996602377185, "0.8-0.8": 0.22327607175291259}, "0.1": {"0.001-0.2": 0.4179255048615918, "0.001-0.5": 0.3308812768617327, "0.001-0.8": 0.37323287144728107, "0.01-0.2": 0.34103308900777146, "0.01-0.5": 0.6100693262501323, "0.01-0.8": 0.39245606492538665, "0.05-0.2": 0.3207113189043002, "0.05-0.5": 0.42100758302832747, "0.05-0.8": 0.41477608072303546, "0.2-0.2": 0.2864949674336228, "0.2-0.5": 0.37661407006549436, "0.2-0.8": 0.3748939117573238, "0.5-0.2": 0.45774517574291945, "0.5-0.5": 0.4035191014497595, "0.5-0.8": 0.5699334403210154, "0.8-0.2": 0.4577775823428321, "0.8-0.5": 0.41759140539841477, "0.8-0.8": 0.3545214394871117}, "0.2": {"0.001-0.2": 0.5189819917166905, "0.001-0.5": 0.4532228558345472, "0.001-0.8": 0.5189819917166905, "0.01-0.2": 0.5189819917166905, "0.01-0.5": 0.2745837666789136, "0.01-0.8": 0.29080610337409496, "0.05-0.2": 0.5189819917166905, "0.05-0.5": 0.5189819917166905, "0.05-0.8": 0.4824660645435699, "0.2-0.2": 0.5189819917166905, "0.2-0.5": 0.261154607999575, "0.2-0.8": 0.5189819917166905, "0.5-0.2": 0.5189819917166905, "0.5-0.5": 0.5189819917166905, "0.5-0.8": 0.16156420743448624, "0.8-0.2": 0.5189819917166905, "0.8-0.5": 0.25392149899565203, "0.8-0.8": 0.5189819917166905}, "0.4": {"0.001-0.2": 0.15485048359933068, "0.001-0.5": 0.12828378490511688, "0.001-0.8": 0.14717896774606334, "0.01-0.2": 0.19552020880969023, "0.01-0.5": 0.12801542886864078, "0.01-0.8": 0.07586859486290184, "0.05-0.2": 0.23486748707718533, "0.05-0.5": 0.09610315735711691, "0.05-0.8": 0.20672733674078803, "0.2-0.2": 0.117689874960499, "0.2-0.5": 0.07908041212893897, "0.2-0.8": 0.15820996809771348, "0.5-0.2": 0.13153448968354228, "0.5-0.5": 0.16627804174779282, "0.5-0.8": 0.14725690987552778, "0.8-0.2": 0.12946742893256272, "0.8-0.5": 0.10008382726164206, "0.8-0.8": 0.23159898877786797}, "0.6": {"0.001-0.2": 0.3448568944246679, "0.001-0.5": 0.44531456554038035, "0.001-0.8": 0.3597810177162033, "0.01-0.2": 0.38936940608225223, "0.01-0.5": 0.35014198925127654, "0.01-0.8": 0.2819032466123268, "0.05-0.2": 0.25122664910555964, "0.05-0.5": 0.38777165416373305, "0.05-0.8": 0.30998574619403185, "0.2-0.2": 0.4690351004813909, "0.2-0.5": 0.382358530523927, "0.2-0.8": 0.4809461566172078, "0.5-0.2": 0.3918348462936876, "0.5-0.5": 0.377420177614932, "0.5-0.8": 0.26194004476420457, "0.8-0.2": 0.17995907741516956, "0.8-0.5": 0.34685396771164806, "0.8-0.8": 0.40599288893871954}, "0.8": {"0.001-0.2": 0.4949773401847312, "0.001-0.5": 0.6361983171680105, "0.001-0.8": 0.3296488448611852, "0.01-0.2": 0.5701452748505873, "0.01-0.5": 0.6172205083292145, "0.01-0.8": 0.5421249905240056, "0.05-0.2": 0.5389023238820602, "0.05-0.5": 0.5493388339661417, "0.05-0.8": 0.39391762335497893, "0.2-0.2": 0.5554040127609682, "0.2-0.5": 0.7281439166682078, "0.2-0.8": 0.6234342265829244, "0.5-0.2": 0.31136310593300254, "0.5-0.5": 0.4433612655516936, "0.5-0.8": 0.6088016328321469, "0.8-0.2": 0.6928172565982762, "0.8-0.5": 0.6340959863567455, "0.8-0.8": 0.5495134725302273}}