{"0.01": {"0.001-0.2": 0.11442006533099437, "0.001-0.5": 0.18619769847354262, "0.001-0.8": 0.07281895486627316, "0.01-0.2": 0.17251119983187232, "0.01-0.5": 0.19143126188761658, "0.01-0.8": 0.03991802704568081, "0.05-0.2": 0.06975084191623461, "0.05-0.5": 0.1510461550883723, "0.05-0.8": 0.0719842807943621, "0.2-0.2": 0.1783234444201422, "0.2-0.5": 0.09455602038172543, "0.2-0.8": 0.12289338026520928, "0.5-0.2": 0.15898073862472492, "0.5-0.5": 0.09712684103831129, "0.5-0.8": 0.09079784169770092, "0.8-0.2": 0.10549067790568716, "0.8-0.5": 0.15971797911371954, "0.8-0.8": 0.11652045210691984}, "0.05": {"0.001-0.2": 0.37278700750979243, "0.001-0.5": 0.3018847464534891, "0.001-0.8": 0.34784994260906116, "0.01-0.2": 0.3895366867460309, "0.01-0.5": 0.2825452263251625, "0.01-0.8": 0.38706665364384624, "0.05-0.2": 0.3198785564357964, "0.05-0.5": 0.3524557603625999, "0.05-0.8": 0.48569983372583964, "0.2-0.2": 0.3326388500438829, "0.2-0.5": 0.5142445558404424, "0.2-0.8": 0.3768516530503328, "0.5-0.2": 0.4257479172482209, "0.5-0.5": 0.4307574918082376, "0.5-0.8": 0.35059620564995925, "0.8-0.2": 0.32743155732116336, "0.8-0.5": 0.31009534491934265, "0.8-0.8": 0.29229671870140694}, "0.1": {"0.001-0.2": 0.09102276208781124, "0.001-0.5": 0.05423606657164978, "0.001-0.8": 0.15291589648787213, "0.01-0.2": 0.11392400629802056, "0.01-0.5": 0.051646080026796055, "0.01-0.8": 0.11405629841050134, "0.05-0.2": 0.019045161643913483, "0.05-0.5": 0.19676728889076295, "0.05-0.8": 0.05510402816418645, "0.2-0.2": 0.06726768165674296, "0.2-0.5": 0.15952930486130726, "0.2-0.8": 0.13679232556170312, "0.5-0.2": 0.04572477148508143, "0.5-0.5": 0.11297306267286747, "0.5-0.8": 0.14418056784780214, "0.8-0.2": 0.05220082118115219, "0.8-0.5": 0.16813556304110597, "0.8-0.8": 0.07285408552271717}, "0.2": {"0.001-0.2": 0.7392009499024037, "0.001-0.5": 0.12638445860650116, "0.001-0.8": 0.7392009499024037, "0.01-0.2": 0.2260771140083337, "0.01-0.5": 0.10834169421378796, "0.01-0.8": 0.7392009499024037, "0.05-0.2": 0.7392009499024037, "0.05-0.5": 0.7392009499024037, "0.05-0.8": 0.7392009499024037, "0.2-0.2": 0.7392009499024037, "0.2-0.5": 0.7392009499024037, "0.2-0.8": 0.10425249404242543, "0.5-0.2": 0.7392009499024037, "0.5-0.5": 0.7392009499024037, "0.5-0.8": 0.1278686074704744, "0.8-0.2": 0.7392009499024037, "0.8-0.5": 0.13850103999339208, "0.8-0.8": 0.7392009499024037}, "0.4": {"0.001-0.2": 0.5740406187558507, "0.001-0.5": 0.48415614453943434, "0.001-0.8": 0.5774576089291878, "0.01-0.2": 0.5543132730789092, "0.01-0.5": 0.6829467682194621, "0.01-0.8": 0.4722294604095943, "0.05-0.2": 0.48602545009294384, "0.05-0.5": 0.35162061309972625, "0.05-0.8": 0.5570847264095343, "0.2-0.2": 0.4452976852665781, "0.2-0.5": 0.6166777024582268, "0.2-0.8": 0.35759796550954187, "0.5-0.2": 0.6748315168427991, "0.5-0.5": 0.5484408323790686, "0.5-0.8": 0.4226247021990182, "0.8-0.2": 0.4523350598473446, "0.8-0.5": 0.6698786630304876, "0.8-0.8": 0.601111542081263}, "0.6": {"0.001-0.2": 0.4578045288789869, "0.001-0.5": 0.588592500348004, "0.001-0.8": 0.7159784858257463, "0.01-0.2": 0.38796579991896896, "0.01-0.5": 0.5304161281673394, "0.01-0.8": 0.5168732548405116, "0.05-0.2": 0.5566792806759859, "0.05-0.5": 0.4671537526873377, "0.05-0.8": 0.6126626483792342, "0.2-0.2": 0.55573426706723, "0.2-0.5": 0.651604108583422, "0.2-0.8": 0.4394073918146313, "0.5-0.2": 0.5656538977169282, "0.5-0.5": 0.5830692855174175, "0.5-0.8": 0.6696705911412778, "0.8-0.2": 0.6085626277932427, "0.8-0.5": 0.4083851830105386, "0.8-0.8": 0.5203928204796203}, "0.8": {"0.001-0.2": 0.470996288705432, "0.001-0.5": 0.772190252036592, "0.001-0.8": 0.6372421915319579, "0.01-0.2": 0.791786246472098, "0.01-0.5": 0.778282740376822, "0.01-0.8": 0.33084095632945226, "0.05-0.2": 0.660957200694771, "0.05-0.5": 0.47245876749369725, "0.05-0.8": 0.39428015538226635, "0.2-0.2": 0.791705558837985, "0.2-0.5": 0.8197665841310062, "0.2-0.8": 0.7920730996498137, "0.5-0.2": 0.3362769753960374, "0.5-0.5": 0.765541103994773, "0.5-0.8": 0.7967281270172264, "0.8-0.2": 0.6674316235263354, "0.8-0.5": 0.6236840404216063, "0.8-0.8": 0.8097700297108358}}