{"0.01": {"0.001-0.2": 0.7392586088123607, "0.001-0.5": 0.7479389319967601, "0.001-0.8": 0.7317338528711516, "0.01-0.2": 0.713197332691187, "0.01-0.5": 0.5033235788513197, "0.01-0.8": 0.7706351860230156, "0.05-0.2": 0.6459957181700816, "0.05-0.5": 0.7333667088057516, "0.05-0.8": 0.7531746329319832, "0.2-0.2": 0.5800084560336833, "0.2-0.5": 0.8377274134346997, "0.2-0.8": 0.7800473901327932, "0.5-0.2": 0.6768352220391535, "0.5-0.5": 0.6569873931877196, "0.5-0.8": 0.7367660752250347, "0.8-0.2": 0.7281091366076984, "0.8-0.5": 0.8045989939009133, "0.8-0.8": 0.7699563785309264}, "0.05": {"0.001-0.2": 0.5487141713959662, "0.001-0.5": 0.5651678152624781, "0.001-0.8": 0.5573967741398389, "0.01-0.2": 0.47042581360862795, "0.01-0.5": 0.540905989845664, "0.01-0.8": 0.5845081340076137, "0.05-0.2": 0.4747325986250367, "0.05-0.5": 0.5490217876442726, "0.05-0.8": 0.6236124928297766, "0.2-0.2": 0.591344659652224, "0.2-0.5": 0.6072575529002439, "0.2-0.8": 0.5800293896036425, "0.5-0.2": 0.546566400826998, "0.5-0.5": 0.5681915317512684, "0.5-0.8": 0.6033178795822879, "0.8-0.2": 0.5866855370926621, "0.8-0.5": 0.6217015748604754, "0.8-0.8": 0.6264561326352296}, "0.1": {"0.001-0.2": 0.07399094248056383, "0.001-0.5": 0.034897781977993744, "0.001-0.8": 0.06097365445008496, "0.01-0.2": 0.04488187521923581, "0.01-0.5": 0.09571442268100148, "0.01-0.8": 0.0716009223345661, "0.05-0.2": 0.14866805993553125, "0.05-0.5": 0.11194492996071555, "0.05-0.8": 0.06915081819716724, "0.2-0.2": 0.08144449228701107, "0.2-0.5": 0.06504000772718262, "0.2-0.8": 0.07176696624937809, "0.5-0.2": 0.11309600478826937, "0.5-0.5": 0.1112757150913482, "0.5-0.8": 0.07686018492488796, "0.8-0.2": 0.037290412497769786, "0.8-0.5": 0.15080143667463547, "0.8-0.8": 0.06892978067462006}, "0.2": {"0.001-0.2": 0.11938878159078145, "0.001-0.5": 0.7279865567100524, "0.001-0.8": 0.09390348328714411, "0.01-0.2": 0.7279865567100524, "0.01-0.5": 0.7279865567100524, "0.01-0.8": 0.7279865567100524, "0.05-0.2": 0.7279865567100524, "0.05-0.5": 0.7279865567100524, "0.05-0.8": 0.7279865567100524, "0.2-0.2": 0.7279865567100524, "0.2-0.5": 0.7279865567100524, "0.2-0.8": 0.7279865567100524, "0.5-0.2": 0.10292843924250335, "0.5-0.5": 0.15340880003634627, "0.5-0.8": 0.08228251951895287, "0.8-0.2": 0.7279865567100524, "0.8-0.5": 0.7279865567100524, "0.8-0.8": 0.7279865567100524}, "0.4": {"0.001-0.2": 0.42075332648035996, "0.001-0.5": 0.3175679336262757, "0.001-0.8": 0.5507916242450596, "0.01-0.2": 0.5013428713278124, "0.01-0.5": 0.43059240203811233, "0.01-0.8": 0.2728843540412515, "0.05-0.2": 0.37812181784111293, "0.05-0.5": 0.33782207768717154, "0.05-0.8": 0.44982282179091126, "0.2-0.2": 0.27297809299694853, "0.2-0.5": 0.35151743159514987, "0.2-0.8": 0.3405449017447553, "0.5-0.2": 0.282591542055105, "0.5-0.5": 0.49237593908311583, "0.5-0.8": 0.26090278234092135, "0.8-0.2": 0.3109350456634158, "0.8-0.5": 0.5407218300919172, "0.8-0.8": 0.4253845105234872}, "0.6": {"0.001-0.2": 0.9240627579440045, "0.001-0.5": 0.8213542861344912, "0.001-0.8": 0.9337886526370907, "0.01-0.2": 0.9295954398759801, "0.01-0.5": 0.9784620315760586, "0.01-0.8": 0.7706501705331623, "0.05-0.2": 0.9035382770479277, "0.05-0.5": 0.8164550215916693, "0.05-0.8": 0.7763483982046889, "0.2-0.2": 0.7947272869973762, "0.2-0.5": 0.8424586548974167, "0.2-0.8": 0.8049268307684588, "0.5-0.2": 0.6833093164597269, "0.5-0.5": 0.8019199528376767, "0.5-0.8": 0.7593064837780867, "0.8-0.2": 0.7099500405625435, "0.8-0.5": 0.7747278104892215, "0.8-0.8": 0.5373638730062377}, "0.8": {"0.001-0.2": 0.5732053650930792, "0.001-0.5": 0.5165514547831507, "0.001-0.8": 0.6437632330181157, "0.01-0.2": 0.5779636475164478, "0.01-0.5": 0.7828655979948186, "0.01-0.8": 0.6318043708962302, "0.05-0.2": 0.3892599783591746, "0.05-0.5": 0.5848177413877848, "0.05-0.8": 0.6343146815096152, "0.2-0.2": 0.5934810298567355, "0.2-0.5": 0.8025997026236571, "0.2-0.8": 0.7138373326890395, "0.5-0.2": 0.4957382397755581, "0.5-0.5": 0.5991369361332535, "0.5-0.8": 0.8617236546600312, "0.8-0.2": 0.7670957335254585, "0.8-0.5": 0.809083329225352, "0.8-0.8": 0.6755861604108598}}